
/Users/cgtolley/Desktop/elsie/pico-sdk/eeprom_api/build/program_paths/program_paths.elf:     file format elf32-littlearm

Sections:
Idx Name          Size      VMA       LMA       File off  Algn
  0 .text         00006f18  10000000  10000000  00001000  2**3
                  CONTENTS, ALLOC, LOAD, READONLY, CODE
  1 .rodata       000007c4  10006f18  10006f18  00007f18  2**3
                  CONTENTS, ALLOC, LOAD, READONLY, DATA
  2 .ARM.exidx    00000008  100076dc  100076dc  000086dc  2**2
                  CONTENTS, ALLOC, LOAD, READONLY, DATA
  3 .binary_info  00000020  100076e4  100076e4  000086e4  2**2
                  CONTENTS, ALLOC, LOAD, READONLY, DATA
  4 .ram_vector_table 00000110  20000000  20000000  0000b000  2**2
                  ALLOC
  5 .uninitialized_data 00000000  20000110  20000110  0000a868  2**0
                  CONTENTS
  6 .data         00001150  20000110  10007704  00009110  2**3
                  CONTENTS, ALLOC, LOAD, READONLY, CODE
  7 .tdata        00000000  20001260  20001260  0000a868  2**0
                  CONTENTS, ALLOC, LOAD, DATA, THREAD_LOCAL
  8 .tbss         00000000  20001260  20001260  00000000  2**0
                  ALLOC, THREAD_LOCAL
  9 .bss          00000c28  20001260  10008854  0000b260  2**3
                  ALLOC
 10 .heap         00000800  20001e88  20001e88  0000a868  2**2
                  CONTENTS, READONLY
 11 .scratch_x    00000000  20080000  20080000  0000b068  2**0
                  CONTENTS
 12 .scratch_y    00000000  20081000  20081000  0000b068  2**0
                  CONTENTS
 13 .stack_dummy  00000800  20081000  20081000  0000b080  2**5
                  CONTENTS, READONLY
 14 .flash_end    00000014  10008854  10008854  0000a854  2**2
                  CONTENTS, ALLOC, LOAD, READONLY, DATA
 15 .ARM.attributes 00000034  00000000  00000000  0000b880  2**0
                  CONTENTS, READONLY
 16 .comment      00000045  00000000  00000000  0000b8b4  2**0
                  CONTENTS, READONLY
 17 .debug_info   00037b1a  00000000  00000000  0000b8f9  2**0
                  CONTENTS, READONLY, DEBUGGING, OCTETS
 18 .debug_abbrev 0000908d  00000000  00000000  00043413  2**0
                  CONTENTS, READONLY, DEBUGGING, OCTETS
 19 .debug_loclists 00023ffe  00000000  00000000  0004c4a0  2**0
                  CONTENTS, READONLY, DEBUGGING, OCTETS
 20 .debug_aranges 000012f0  00000000  00000000  000704a0  2**3
                  CONTENTS, READONLY, DEBUGGING, OCTETS
 21 .debug_rnglists 00004d12  00000000  00000000  00071790  2**0
                  CONTENTS, READONLY, DEBUGGING, OCTETS
 22 .debug_line   0002581a  00000000  00000000  000764a2  2**0
                  CONTENTS, READONLY, DEBUGGING, OCTETS
 23 .debug_str    0000916f  00000000  00000000  0009bcbc  2**0
                  CONTENTS, READONLY, DEBUGGING, OCTETS
 24 .debug_frame  00003274  00000000  00000000  000a4e2c  2**2
                  CONTENTS, READONLY, DEBUGGING, OCTETS
 25 .debug_line_str 000002b8  00000000  00000000  000a80a0  2**0
                  CONTENTS, READONLY, DEBUGGING, OCTETS

/Users/cgtolley/Desktop/elsie/pico-sdk/eeprom_api/build/program_paths/program_paths.elf:     file format elf32-littlearm


Disassembly of section .text:

10000000 <__VECTOR_TABLE>:
10000000:	20082000 	.word	0x20082000
10000004:	1000015d 	.word	0x1000015d
10000008:	10000113 	.word	0x10000113
1000000c:	10000115 	.word	0x10000115
10000010:	10000111 	.word	0x10000111
10000014:	10000111 	.word	0x10000111
10000018:	10000111 	.word	0x10000111
1000001c:	10000111 	.word	0x10000111
10000020:	10000111 	.word	0x10000111
10000024:	10000111 	.word	0x10000111
10000028:	10000111 	.word	0x10000111
1000002c:	10000117 	.word	0x10000117
10000030:	10000111 	.word	0x10000111
10000034:	10000111 	.word	0x10000111
10000038:	10000119 	.word	0x10000119
1000003c:	1000011b 	.word	0x1000011b
10000040:	1000011d 	.word	0x1000011d
10000044:	1000011d 	.word	0x1000011d
10000048:	1000011d 	.word	0x1000011d
1000004c:	1000011d 	.word	0x1000011d
10000050:	1000011d 	.word	0x1000011d
10000054:	1000011d 	.word	0x1000011d
10000058:	1000011d 	.word	0x1000011d
1000005c:	1000011d 	.word	0x1000011d
10000060:	1000011d 	.word	0x1000011d
10000064:	1000011d 	.word	0x1000011d
10000068:	1000011d 	.word	0x1000011d
1000006c:	1000011d 	.word	0x1000011d
10000070:	1000011d 	.word	0x1000011d
10000074:	1000011d 	.word	0x1000011d
10000078:	1000011d 	.word	0x1000011d
1000007c:	1000011d 	.word	0x1000011d
10000080:	1000011d 	.word	0x1000011d
10000084:	1000011d 	.word	0x1000011d
10000088:	1000011d 	.word	0x1000011d
1000008c:	1000011d 	.word	0x1000011d
10000090:	1000011d 	.word	0x1000011d
10000094:	1000011d 	.word	0x1000011d
10000098:	1000011d 	.word	0x1000011d
1000009c:	1000011d 	.word	0x1000011d
100000a0:	1000011d 	.word	0x1000011d
100000a4:	1000011d 	.word	0x1000011d
100000a8:	1000011d 	.word	0x1000011d
100000ac:	1000011d 	.word	0x1000011d
100000b0:	1000011d 	.word	0x1000011d
100000b4:	1000011d 	.word	0x1000011d
100000b8:	1000011d 	.word	0x1000011d
100000bc:	1000011d 	.word	0x1000011d
100000c0:	1000011d 	.word	0x1000011d
100000c4:	1000011d 	.word	0x1000011d
100000c8:	1000011d 	.word	0x1000011d
100000cc:	1000011d 	.word	0x1000011d
100000d0:	1000011d 	.word	0x1000011d
100000d4:	1000011d 	.word	0x1000011d
100000d8:	1000011d 	.word	0x1000011d
100000dc:	1000011d 	.word	0x1000011d
100000e0:	1000011d 	.word	0x1000011d
100000e4:	1000011d 	.word	0x1000011d
100000e8:	1000011d 	.word	0x1000011d
100000ec:	1000011d 	.word	0x1000011d
100000f0:	1000011d 	.word	0x1000011d
100000f4:	1000011d 	.word	0x1000011d
100000f8:	1000011d 	.word	0x1000011d
100000fc:	1000011d 	.word	0x1000011d
10000100:	1000011d 	.word	0x1000011d
10000104:	1000011d 	.word	0x1000011d
10000108:	1000011d 	.word	0x1000011d
1000010c:	1000011d 	.word	0x1000011d

10000110 <isr_invalid>:
10000110:	be00      	bkpt	0x0000

10000112 <isr_nmi>:
10000112:	be00      	bkpt	0x0000

10000114 <isr_hardfault>:
10000114:	be00      	bkpt	0x0000

10000116 <isr_svcall>:
10000116:	be00      	bkpt	0x0000

10000118 <isr_pendsv>:
10000118:	be00      	bkpt	0x0000

1000011a <isr_systick>:
1000011a:	be00      	bkpt	0x0000

1000011c <__unhandled_user_irq>:
1000011c:	f3ef 8005 	mrs	r0, IPSR
10000120:	3810      	subs	r0, #16

10000122 <unhandled_user_irq_num_in_r0>:
10000122:	be00      	bkpt	0x0000

10000124 <binary_info_header>:
10000124:	7188ebf2 	.word	0x7188ebf2
10000128:	100076e4 	.word	0x100076e4
1000012c:	10007704 	.word	0x10007704
10000130:	100001a8 	.word	0x100001a8
10000134:	e71aa390 	.word	0xe71aa390

10000138 <__binary_info_header_end>:
10000138:	ffffded3 	.word	0xffffded3
1000013c:	10210142 	.word	0x10210142
10000140:	000001ff 	.word	0x000001ff
10000144:	0000871c 	.word	0x0000871c
10000148:	ab123579 	.word	0xab123579

1000014c <_entry_point>:
1000014c:	f04f 0000 	mov.w	r0, #0

10000150 <_enter_vtable_in_r0>:
10000150:	4920      	ldr	r1, [pc, #128]	@ (100001d4 <data_cpy_table+0x2c>)
10000152:	6008      	str	r0, [r1, #0]
10000154:	c806      	ldmia	r0!, {r1, r2}
10000156:	f381 8808 	msr	MSP, r1
1000015a:	4710      	bx	r2

1000015c <_reset_handler>:
1000015c:	f04f 4050 	mov.w	r0, #3489660928	@ 0xd0000000
10000160:	6800      	ldr	r0, [r0, #0]
10000162:	b110      	cbz	r0, 1000016a <hold_non_core0_in_bootrom+0x6>

10000164 <hold_non_core0_in_bootrom>:
10000164:	f04f 0000 	mov.w	r0, #0
10000168:	e7f2      	b.n	10000150 <_enter_vtable_in_r0>
1000016a:	a40f      	add	r4, pc, #60	@ (adr r4, 100001a8 <data_cpy_table>)
1000016c:	cc0e      	ldmia	r4!, {r1, r2, r3}
1000016e:	2900      	cmp	r1, #0
10000170:	d002      	beq.n	10000178 <hold_non_core0_in_bootrom+0x14>
10000172:	f000 f815 	bl	100001a0 <data_cpy>
10000176:	e7f9      	b.n	1000016c <hold_non_core0_in_bootrom+0x8>
10000178:	4917      	ldr	r1, [pc, #92]	@ (100001d8 <data_cpy_table+0x30>)
1000017a:	4a18      	ldr	r2, [pc, #96]	@ (100001dc <data_cpy_table+0x34>)
1000017c:	2000      	movs	r0, #0
1000017e:	e000      	b.n	10000182 <bss_fill_test>

10000180 <bss_fill_loop>:
10000180:	c101      	stmia	r1!, {r0}

10000182 <bss_fill_test>:
10000182:	4291      	cmp	r1, r2
10000184:	d1fc      	bne.n	10000180 <bss_fill_loop>

10000186 <platform_entry>:
10000186:	2000      	movs	r0, #0
10000188:	f380 880a 	msr	MSPLIM, r0
1000018c:	4914      	ldr	r1, [pc, #80]	@ (100001e0 <data_cpy_table+0x38>)
1000018e:	4788      	blx	r1
10000190:	4914      	ldr	r1, [pc, #80]	@ (100001e4 <data_cpy_table+0x3c>)
10000192:	4788      	blx	r1
10000194:	4914      	ldr	r1, [pc, #80]	@ (100001e8 <data_cpy_table+0x40>)
10000196:	4788      	blx	r1
10000198:	be00      	bkpt	0x0000
1000019a:	e7fd      	b.n	10000198 <platform_entry+0x12>

1000019c <data_cpy_loop>:
1000019c:	c901      	ldmia	r1!, {r0}
1000019e:	c201      	stmia	r2!, {r0}

100001a0 <data_cpy>:
100001a0:	429a      	cmp	r2, r3
100001a2:	d3fb      	bcc.n	1000019c <data_cpy_loop>
100001a4:	4770      	bx	lr
100001a6:	bf00      	nop

100001a8 <data_cpy_table>:
100001a8:	10007704 	.word	0x10007704
100001ac:	20000110 	.word	0x20000110
100001b0:	20001260 	.word	0x20001260
100001b4:	10008854 	.word	0x10008854
100001b8:	20080000 	.word	0x20080000
100001bc:	20080000 	.word	0x20080000
100001c0:	10008854 	.word	0x10008854
100001c4:	20081000 	.word	0x20081000
100001c8:	20081000 	.word	0x20081000
100001cc:	00000000 	.word	0x00000000
100001d0:	4770      	bx	lr
100001d2:	0000      	.short	0x0000
100001d4:	e000ed08 	.word	0xe000ed08
100001d8:	20001260 	.word	0x20001260
100001dc:	20001e88 	.word	0x20001e88
100001e0:	10003465 	.word	0x10003465
100001e4:	10000249 	.word	0x10000249
100001e8:	1000345d 	.word	0x1000345d

100001ec <_init>:
100001ec:	b5f8      	push	{r3, r4, r5, r6, r7, lr}
100001ee:	bf00      	nop

100001f0 <register_tm_clones>:
100001f0:	4b06      	ldr	r3, [pc, #24]	@ (1000020c <register_tm_clones+0x1c>)
100001f2:	4907      	ldr	r1, [pc, #28]	@ (10000210 <register_tm_clones+0x20>)
100001f4:	1ac9      	subs	r1, r1, r3
100001f6:	1089      	asrs	r1, r1, #2
100001f8:	bf48      	it	mi
100001fa:	3101      	addmi	r1, #1
100001fc:	1049      	asrs	r1, r1, #1
100001fe:	d003      	beq.n	10000208 <register_tm_clones+0x18>
10000200:	4b04      	ldr	r3, [pc, #16]	@ (10000214 <register_tm_clones+0x24>)
10000202:	b10b      	cbz	r3, 10000208 <register_tm_clones+0x18>
10000204:	4801      	ldr	r0, [pc, #4]	@ (1000020c <register_tm_clones+0x1c>)
10000206:	4718      	bx	r3
10000208:	4770      	bx	lr
1000020a:	bf00      	nop
1000020c:	20001260 	.word	0x20001260
10000210:	20001260 	.word	0x20001260
10000214:	00000000 	.word	0x00000000

10000218 <frame_dummy>:
10000218:	b508      	push	{r3, lr}
1000021a:	4b05      	ldr	r3, [pc, #20]	@ (10000230 <frame_dummy+0x18>)
1000021c:	b11b      	cbz	r3, 10000226 <frame_dummy+0xe>
1000021e:	4905      	ldr	r1, [pc, #20]	@ (10000234 <frame_dummy+0x1c>)
10000220:	4805      	ldr	r0, [pc, #20]	@ (10000238 <frame_dummy+0x20>)
10000222:	f3af 8000 	nop.w
10000226:	e8bd 4008 	ldmia.w	sp!, {r3, lr}
1000022a:	f7ff bfe1 	b.w	100001f0 <register_tm_clones>
1000022e:	bf00      	nop
10000230:	00000000 	.word	0x00000000
10000234:	20001e18 	.word	0x20001e18
10000238:	10006f18 	.word	0x10006f18

1000023c <led_cb>:
1000023c:	f04f 7300 	mov.w	r3, #33554432	@ 0x2000000
10000240:	ee20 3010 			gpioc_lo_out_xor r3
10000244:	2001      	movs	r0, #1
10000246:	4770      	bx	lr

10000248 <main>:
10000248:	e92d 4ff0 	stmdb	sp!, {r4, r5, r6, r7, r8, r9, sl, fp, lr}
1000024c:	b09b      	sub	sp, #108	@ 0x6c
1000024e:	f003 fa37 	bl	100036c0 <stdio_init_all>
10000252:	2019      	movs	r0, #25
10000254:	f000 f92a 	bl	100004ac <gpio_init>
10000258:	2319      	movs	r3, #25
1000025a:	f04f 0201 	mov.w	r2, #1
1000025e:	ec42 3044 	gpioc_bit_oe_put r3, r2
10000262:	2400      	movs	r4, #0
10000264:	f000 fe78 	bl	10000f58 <alarm_pool_get_default>
10000268:	496d      	ldr	r1, [pc, #436]	@ (10000420 <main+0x1d8>)
1000026a:	ad04      	add	r5, sp, #16
1000026c:	2300      	movs	r3, #0
1000026e:	e9cd 4501 	strd	r4, r5, [sp, #4]
10000272:	4a6c      	ldr	r2, [pc, #432]	@ (10000424 <main+0x1dc>)
10000274:	9100      	str	r1, [sp, #0]
10000276:	f001 f879 	bl	1000136c <alarm_pool_add_repeating_timer_us>
1000027a:	e002      	b.n	10000282 <main+0x3a>
1000027c:	2064      	movs	r0, #100	@ 0x64
1000027e:	f000 ff8b 	bl	10001198 <sleep_ms>
10000282:	f003 fdbf 	bl	10003e04 <stdio_usb_connected>
10000286:	2800      	cmp	r0, #0
10000288:	d0f8      	beq.n	1000027c <main+0x34>
1000028a:	4867      	ldr	r0, [pc, #412]	@ (10000428 <main+0x1e0>)
1000028c:	f006 f894 	bl	100063b8 <at28bv64b_init>
10000290:	b918      	cbnz	r0, 1000029a <main+0x52>
10000292:	4866      	ldr	r0, [pc, #408]	@ (1000042c <main+0x1e4>)
10000294:	f003 fa9e 	bl	100037d4 <__wrap_puts>
10000298:	e7fe      	b.n	10000298 <main+0x50>
1000029a:	4865      	ldr	r0, [pc, #404]	@ (10000430 <main+0x1e8>)
1000029c:	f003 fa9a 	bl	100037d4 <__wrap_puts>
100002a0:	4864      	ldr	r0, [pc, #400]	@ (10000434 <main+0x1ec>)
100002a2:	f003 fa97 	bl	100037d4 <__wrap_puts>
100002a6:	4864      	ldr	r0, [pc, #400]	@ (10000438 <main+0x1f0>)
100002a8:	f003 fa94 	bl	100037d4 <__wrap_puts>
100002ac:	4f63      	ldr	r7, [pc, #396]	@ (1000043c <main+0x1f4>)
100002ae:	f8df a1cc 	ldr.w	sl, [pc, #460]	@ 1000047c <main+0x234>
100002b2:	f8df 91cc 	ldr.w	r9, [pc, #460]	@ 10000480 <main+0x238>
100002b6:	f8df 81cc 	ldr.w	r8, [pc, #460]	@ 10000484 <main+0x23c>
100002ba:	f10d 0667 	add.w	r6, sp, #103	@ 0x67
100002be:	4860      	ldr	r0, [pc, #384]	@ (10000440 <main+0x1f8>)
100002c0:	f003 fb06 	bl	100038d0 <__wrap_printf>
100002c4:	485f      	ldr	r0, [pc, #380]	@ (10000444 <main+0x1fc>)
100002c6:	f003 f9fd 	bl	100036c4 <stdio_getchar_timeout_us>
100002ca:	2831      	cmp	r0, #49	@ 0x31
100002cc:	d00b      	beq.n	100002e6 <main+0x9e>
100002ce:	2832      	cmp	r0, #50	@ 0x32
100002d0:	d057      	beq.n	10000382 <main+0x13a>
100002d2:	f020 0320 	bic.w	r3, r0, #32
100002d6:	2b52      	cmp	r3, #82	@ 0x52
100002d8:	d0f1      	beq.n	100002be <main+0x76>
100002da:	3002      	adds	r0, #2
100002dc:	d0ef      	beq.n	100002be <main+0x76>
100002de:	485a      	ldr	r0, [pc, #360]	@ (10000448 <main+0x200>)
100002e0:	f003 fa78 	bl	100037d4 <__wrap_puts>
100002e4:	e7eb      	b.n	100002be <main+0x76>
100002e6:	f04f 33ff 	mov.w	r3, #4294967295	@ 0xffffffff
100002ea:	4958      	ldr	r1, [pc, #352]	@ (1000044c <main+0x204>)
100002ec:	4a58      	ldr	r2, [pc, #352]	@ (10000450 <main+0x208>)
100002ee:	4859      	ldr	r0, [pc, #356]	@ (10000454 <main+0x20c>)
100002f0:	e9cd 120a 	strd	r1, r2, [sp, #40]	@ 0x28
100002f4:	4a58      	ldr	r2, [pc, #352]	@ (10000458 <main+0x210>)
100002f6:	2101      	movs	r1, #1
100002f8:	f10d 0527 	add.w	r5, sp, #39	@ 0x27
100002fc:	e9cd 330e 	strd	r3, r3, [sp, #56]	@ 0x38
10000300:	e9cd 3310 	strd	r3, r3, [sp, #64]	@ 0x40
10000304:	f8cd 8034 	str.w	r8, [sp, #52]	@ 0x34
10000308:	920c      	str	r2, [sp, #48]	@ 0x30
1000030a:	2400      	movs	r4, #0
1000030c:	f003 fae0 	bl	100038d0 <__wrap_printf>
10000310:	46ab      	mov	fp, r5
10000312:	4621      	mov	r1, r4
10000314:	f857 3034 	ldr.w	r3, [r7, r4, lsl #3]
10000318:	4850      	ldr	r0, [pc, #320]	@ (1000045c <main+0x214>)
1000031a:	f81b 2f01 	ldrb.w	r2, [fp, #1]!
1000031e:	3401      	adds	r4, #1
10000320:	f003 fad6 	bl	100038d0 <__wrap_printf>
10000324:	2c10      	cmp	r4, #16
10000326:	d1f4      	bne.n	10000312 <main+0xca>
10000328:	2320      	movs	r3, #32
1000032a:	2100      	movs	r1, #0
1000032c:	483e      	ldr	r0, [pc, #248]	@ (10000428 <main+0x1e0>)
1000032e:	aa0a      	add	r2, sp, #40	@ 0x28
10000330:	f006 fc92 	bl	10006c58 <at28bv64b_write_buf>
10000334:	b308      	cbz	r0, 1000037a <main+0x132>
10000336:	2320      	movs	r3, #32
10000338:	2100      	movs	r1, #0
1000033a:	483b      	ldr	r0, [pc, #236]	@ (10000428 <main+0x1e0>)
1000033c:	aa12      	add	r2, sp, #72	@ 0x48
1000033e:	f006 f993 	bl	10006668 <at28bv64b_read_buf>
10000342:	2800      	cmp	r0, #0
10000344:	d066      	beq.n	10000414 <main+0x1cc>
10000346:	ab12      	add	r3, sp, #72	@ 0x48
10000348:	f10d 0447 	add.w	r4, sp, #71	@ 0x47
1000034c:	f1c3 0b01 	rsb	fp, r3, #1
10000350:	4621      	mov	r1, r4
10000352:	f815 2f01 	ldrb.w	r2, [r5, #1]!
10000356:	f814 3f01 	ldrb.w	r3, [r4, #1]!
1000035a:	4293      	cmp	r3, r2
1000035c:	d004      	beq.n	10000368 <main+0x120>
1000035e:	4840      	ldr	r0, [pc, #256]	@ (10000460 <main+0x218>)
10000360:	4459      	add	r1, fp
10000362:	f003 fab5 	bl	100038d0 <__wrap_printf>
10000366:	2000      	movs	r0, #0
10000368:	42a6      	cmp	r6, r4
1000036a:	d1f1      	bne.n	10000350 <main+0x108>
1000036c:	2800      	cmp	r0, #0
1000036e:	d04f      	beq.n	10000410 <main+0x1c8>
10000370:	483c      	ldr	r0, [pc, #240]	@ (10000464 <main+0x21c>)
10000372:	2101      	movs	r1, #1
10000374:	f003 faac 	bl	100038d0 <__wrap_printf>
10000378:	e7a1      	b.n	100002be <main+0x76>
1000037a:	483b      	ldr	r0, [pc, #236]	@ (10000468 <main+0x220>)
1000037c:	f003 fa2a 	bl	100037d4 <__wrap_puts>
10000380:	e79d      	b.n	100002be <main+0x76>
10000382:	4a3a      	ldr	r2, [pc, #232]	@ (1000046c <main+0x224>)
10000384:	4b3a      	ldr	r3, [pc, #232]	@ (10000470 <main+0x228>)
10000386:	2102      	movs	r1, #2
10000388:	e9cd 230c 	strd	r2, r3, [sp, #48]	@ 0x30
1000038c:	f04f 33ff 	mov.w	r3, #4294967295	@ 0xffffffff
10000390:	4830      	ldr	r0, [pc, #192]	@ (10000454 <main+0x20c>)
10000392:	f10d 0527 	add.w	r5, sp, #39	@ 0x27
10000396:	e9cd a90a 	strd	sl, r9, [sp, #40]	@ 0x28
1000039a:	e9cd 330e 	strd	r3, r3, [sp, #56]	@ 0x38
1000039e:	e9cd 3310 	strd	r3, r3, [sp, #64]	@ 0x40
100003a2:	2400      	movs	r4, #0
100003a4:	f003 fa94 	bl	100038d0 <__wrap_printf>
100003a8:	46ab      	mov	fp, r5
100003aa:	4621      	mov	r1, r4
100003ac:	f857 3034 	ldr.w	r3, [r7, r4, lsl #3]
100003b0:	482a      	ldr	r0, [pc, #168]	@ (1000045c <main+0x214>)
100003b2:	f81b 2f01 	ldrb.w	r2, [fp, #1]!
100003b6:	3401      	adds	r4, #1
100003b8:	f003 fa8a 	bl	100038d0 <__wrap_printf>
100003bc:	2c10      	cmp	r4, #16
100003be:	d1f4      	bne.n	100003aa <main+0x162>
100003c0:	2320      	movs	r3, #32
100003c2:	2100      	movs	r1, #0
100003c4:	4818      	ldr	r0, [pc, #96]	@ (10000428 <main+0x1e0>)
100003c6:	aa0a      	add	r2, sp, #40	@ 0x28
100003c8:	f006 fc46 	bl	10006c58 <at28bv64b_write_buf>
100003cc:	2800      	cmp	r0, #0
100003ce:	d0d4      	beq.n	1000037a <main+0x132>
100003d0:	2320      	movs	r3, #32
100003d2:	2100      	movs	r1, #0
100003d4:	4814      	ldr	r0, [pc, #80]	@ (10000428 <main+0x1e0>)
100003d6:	aa12      	add	r2, sp, #72	@ 0x48
100003d8:	f006 f946 	bl	10006668 <at28bv64b_read_buf>
100003dc:	b1d0      	cbz	r0, 10000414 <main+0x1cc>
100003de:	ab12      	add	r3, sp, #72	@ 0x48
100003e0:	f10d 0447 	add.w	r4, sp, #71	@ 0x47
100003e4:	f1c3 0b01 	rsb	fp, r3, #1
100003e8:	4621      	mov	r1, r4
100003ea:	f815 2f01 	ldrb.w	r2, [r5, #1]!
100003ee:	f814 3f01 	ldrb.w	r3, [r4, #1]!
100003f2:	4293      	cmp	r3, r2
100003f4:	d004      	beq.n	10000400 <main+0x1b8>
100003f6:	481a      	ldr	r0, [pc, #104]	@ (10000460 <main+0x218>)
100003f8:	4459      	add	r1, fp
100003fa:	f003 fa69 	bl	100038d0 <__wrap_printf>
100003fe:	2000      	movs	r0, #0
10000400:	42a6      	cmp	r6, r4
10000402:	d1f1      	bne.n	100003e8 <main+0x1a0>
10000404:	b150      	cbz	r0, 1000041c <main+0x1d4>
10000406:	4817      	ldr	r0, [pc, #92]	@ (10000464 <main+0x21c>)
10000408:	2102      	movs	r1, #2
1000040a:	f003 fa61 	bl	100038d0 <__wrap_printf>
1000040e:	e756      	b.n	100002be <main+0x76>
10000410:	4818      	ldr	r0, [pc, #96]	@ (10000474 <main+0x22c>)
10000412:	e7ae      	b.n	10000372 <main+0x12a>
10000414:	4818      	ldr	r0, [pc, #96]	@ (10000478 <main+0x230>)
10000416:	f003 f9dd 	bl	100037d4 <__wrap_puts>
1000041a:	e750      	b.n	100002be <main+0x76>
1000041c:	4815      	ldr	r0, [pc, #84]	@ (10000474 <main+0x22c>)
1000041e:	e7f3      	b.n	10000408 <main+0x1c0>
10000420:	1000023d 	.word	0x1000023d
10000424:	0007a120 	.word	0x0007a120
10000428:	20001158 	.word	0x20001158
1000042c:	10006f84 	.word	0x10006f84
10000430:	10006f9c 	.word	0x10006f9c
10000434:	10006fc0 	.word	0x10006fc0
10000438:	10006ff8 	.word	0x10006ff8
1000043c:	100073fc 	.word	0x100073fc
10000440:	10007020 	.word	0x10007020
10000444:	03938700 	.word	0x03938700
10000448:	10007140 	.word	0x10007140
1000044c:	80401008 	.word	0x80401008
10000450:	00020208 	.word	0x00020208
10000454:	10007078 	.word	0x10007078
10000458:	02200104 	.word	0x02200104
1000045c:	100070a0 	.word	0x100070a0
10000460:	1000710c 	.word	0x1000710c
10000464:	10006f18 	.word	0x10006f18
10000468:	100070b8 	.word	0x100070b8
1000046c:	150a0303 	.word	0x150a0303
10000470:	0c050505 	.word	0x0c050505
10000474:	10006f48 	.word	0x10006f48
10000478:	100070ec 	.word	0x100070ec
1000047c:	0a0a0a05 	.word	0x0a0a0a05
10000480:	06031303 	.word	0x06031303
10000484:	20010402 	.word	0x20010402

10000488 <gpio_set_pulls>:
10000488:	f8df c01c 	ldr.w	ip, [pc, #28]	@ 100004a8 <gpio_set_pulls+0x20>
1000048c:	00c9      	lsls	r1, r1, #3
1000048e:	ea41 0182 	orr.w	r1, r1, r2, lsl #2
10000492:	f85c 2020 	ldr.w	r2, [ip, r0, lsl #2]
10000496:	eb0c 0380 	add.w	r3, ip, r0, lsl #2
1000049a:	4051      	eors	r1, r2
1000049c:	f503 5380 	add.w	r3, r3, #4096	@ 0x1000
100004a0:	f001 010c 	and.w	r1, r1, #12
100004a4:	6019      	str	r1, [r3, #0]
100004a6:	4770      	bx	lr
100004a8:	40038004 	.word	0x40038004

100004ac <gpio_init>:
100004ac:	f04f 0300 	mov.w	r3, #0
100004b0:	b500      	push	{lr}
100004b2:	ec43 0044 	gpioc_bit_oe_put r0, r3
100004b6:	ec43 0040 	gpioc_bit_out_put r0, r3
100004ba:	f04f 0e05 	mov.w	lr, #5
100004be:	f44f 7c80 	mov.w	ip, #256	@ 0x100
100004c2:	4b0c      	ldr	r3, [pc, #48]	@ (100004f4 <gpio_init+0x48>)
100004c4:	00c2      	lsls	r2, r0, #3
100004c6:	f853 1020 	ldr.w	r1, [r3, r0, lsl #2]
100004ca:	eb03 0080 	add.w	r0, r3, r0, lsl #2
100004ce:	f081 0140 	eor.w	r1, r1, #64	@ 0x40
100004d2:	f102 4380 	add.w	r3, r2, #1073741824	@ 0x40000000
100004d6:	f503 3320 	add.w	r3, r3, #163840	@ 0x28000
100004da:	f001 02c0 	and.w	r2, r1, #192	@ 0xc0
100004de:	f500 5180 	add.w	r1, r0, #4096	@ 0x1000
100004e2:	f500 5040 	add.w	r0, r0, #12288	@ 0x3000
100004e6:	600a      	str	r2, [r1, #0]
100004e8:	f8c3 e004 	str.w	lr, [r3, #4]
100004ec:	f8c0 c000 	str.w	ip, [r0]
100004f0:	bd00      	pop	{pc}
100004f2:	bf00      	nop
100004f4:	40038004 	.word	0x40038004

100004f8 <panic>:
100004f8:	b40f      	push	{r0, r1, r2, r3}
100004fa:	b500      	push	{lr}
100004fc:	4808      	ldr	r0, [pc, #32]	@ (10000520 <panic+0x28>)
100004fe:	b083      	sub	sp, #12
10000500:	f003 f968 	bl	100037d4 <__wrap_puts>
10000504:	9b04      	ldr	r3, [sp, #16]
10000506:	b13b      	cbz	r3, 10000518 <panic+0x20>
10000508:	a905      	add	r1, sp, #20
1000050a:	4618      	mov	r0, r3
1000050c:	9101      	str	r1, [sp, #4]
1000050e:	f002 ff8b 	bl	10003428 <weak_raw_vprintf>
10000512:	4804      	ldr	r0, [pc, #16]	@ (10000524 <panic+0x2c>)
10000514:	f003 f95e 	bl	100037d4 <__wrap_puts>
10000518:	2001      	movs	r0, #1
1000051a:	f002 ff9d 	bl	10003458 <_exit>
1000051e:	bf00      	nop
10000520:	1000728c 	.word	0x1000728c
10000524:	10006f44 	.word	0x10006f44

10000528 <hw_claim_or_assert>:
10000528:	b570      	push	{r4, r5, r6, lr}
1000052a:	4616      	mov	r6, r2
1000052c:	f3ef 8410 	mrs	r4, PRIMASK
10000530:	b672      	cpsid	i
10000532:	f8df e048 	ldr.w	lr, [pc, #72]	@ 1000057c <hw_claim_or_assert+0x54>
10000536:	e8de 2fcf 	ldaexb	r2, [lr]
1000053a:	2301      	movs	r3, #1
1000053c:	2a00      	cmp	r2, #0
1000053e:	d1fa      	bne.n	10000536 <hw_claim_or_assert+0xe>
10000540:	e8ce 3f42 	strexb	r2, r3, [lr]
10000544:	2a00      	cmp	r2, #0
10000546:	d1f6      	bne.n	10000536 <hw_claim_or_assert+0xe>
10000548:	f3bf 8f5f 	dmb	sy
1000054c:	2301      	movs	r3, #1
1000054e:	f001 0c07 	and.w	ip, r1, #7
10000552:	08ca      	lsrs	r2, r1, #3
10000554:	fa03 f30c 	lsl.w	r3, r3, ip
10000558:	f810 c002 	ldrb.w	ip, [r0, r2]
1000055c:	ea1c 0503 	ands.w	r5, ip, r3
10000560:	d108      	bne.n	10000574 <hw_claim_or_assert+0x4c>
10000562:	ea4c 0c03 	orr.w	ip, ip, r3
10000566:	f800 c002 	strb.w	ip, [r0, r2]
1000056a:	e8ce 5f8f 	stlb	r5, [lr]
1000056e:	f384 8810 	msr	PRIMASK, r4
10000572:	bd70      	pop	{r4, r5, r6, pc}
10000574:	4630      	mov	r0, r6
10000576:	f7ff ffbf 	bl	100004f8 <panic>
1000057a:	bf00      	nop
1000057c:	20001597 	.word	0x20001597

10000580 <hw_claim_unused_from_range>:
10000580:	b5f8      	push	{r3, r4, r5, r6, r7, lr}
10000582:	460f      	mov	r7, r1
10000584:	4619      	mov	r1, r3
10000586:	f3ef 8610 	mrs	r6, PRIMASK
1000058a:	b672      	cpsid	i
1000058c:	4d1c      	ldr	r5, [pc, #112]	@ (10000600 <hw_claim_unused_from_range+0x80>)
1000058e:	e8d5 4fcf 	ldaexb	r4, [r5]
10000592:	2301      	movs	r3, #1
10000594:	2c00      	cmp	r4, #0
10000596:	d1fa      	bne.n	1000058e <hw_claim_unused_from_range+0xe>
10000598:	e8c5 3f44 	strexb	r4, r3, [r5]
1000059c:	2c00      	cmp	r4, #0
1000059e:	d1f6      	bne.n	1000058e <hw_claim_unused_from_range+0xe>
100005a0:	f3bf 8f5f 	dmb	sy
100005a4:	428a      	cmp	r2, r1
100005a6:	d81b      	bhi.n	100005e0 <hw_claim_unused_from_range+0x60>
100005a8:	2401      	movs	r4, #1
100005aa:	e002      	b.n	100005b2 <hw_claim_unused_from_range+0x32>
100005ac:	3201      	adds	r2, #1
100005ae:	4291      	cmp	r1, r2
100005b0:	d322      	bcc.n	100005f8 <hw_claim_unused_from_range+0x78>
100005b2:	08d3      	lsrs	r3, r2, #3
100005b4:	f810 e003 	ldrb.w	lr, [r0, r3]
100005b8:	f002 0c07 	and.w	ip, r2, #7
100005bc:	fa04 fc0c 	lsl.w	ip, r4, ip
100005c0:	ea1e 0f0c 	tst.w	lr, ip
100005c4:	d1f2      	bne.n	100005ac <hw_claim_unused_from_range+0x2c>
100005c6:	ea4e 0e0c 	orr.w	lr, lr, ip
100005ca:	f800 e003 	strb.w	lr, [r0, r3]
100005ce:	4610      	mov	r0, r2
100005d0:	2300      	movs	r3, #0
100005d2:	e8c5 3f8f 	stlb	r3, [r5]
100005d6:	f386 8810 	msr	PRIMASK, r6
100005da:	4298      	cmp	r0, r3
100005dc:	db07      	blt.n	100005ee <hw_claim_unused_from_range+0x6e>
100005de:	bdf8      	pop	{r3, r4, r5, r6, r7, pc}
100005e0:	2300      	movs	r3, #0
100005e2:	e8c5 3f8f 	stlb	r3, [r5]
100005e6:	f386 8810 	msr	PRIMASK, r6
100005ea:	f04f 30ff 	mov.w	r0, #4294967295	@ 0xffffffff
100005ee:	2f00      	cmp	r7, #0
100005f0:	d0f5      	beq.n	100005de <hw_claim_unused_from_range+0x5e>
100005f2:	9806      	ldr	r0, [sp, #24]
100005f4:	f7ff ff80 	bl	100004f8 <panic>
100005f8:	f04f 30ff 	mov.w	r0, #4294967295	@ 0xffffffff
100005fc:	e7e8      	b.n	100005d0 <hw_claim_unused_from_range+0x50>
100005fe:	bf00      	nop
10000600:	20001597 	.word	0x20001597

10000604 <next_striped_spin_lock_num>:
10000604:	4a04      	ldr	r2, [pc, #16]	@ (10000618 <next_striped_spin_lock_num+0x14>)
10000606:	7810      	ldrb	r0, [r2, #0]
10000608:	1c43      	adds	r3, r0, #1
1000060a:	b2db      	uxtb	r3, r3
1000060c:	2b18      	cmp	r3, #24
1000060e:	bf28      	it	cs
10000610:	2310      	movcs	r3, #16
10000612:	7013      	strb	r3, [r2, #0]
10000614:	4770      	bx	lr
10000616:	bf00      	nop
10000618:	200011bc 	.word	0x200011bc

1000061c <spin_lock_claim_unused>:
1000061c:	b500      	push	{lr}
1000061e:	f8df c01c 	ldr.w	ip, [pc, #28]	@ 1000063c <spin_lock_claim_unused+0x20>
10000622:	b083      	sub	sp, #12
10000624:	4601      	mov	r1, r0
10000626:	231f      	movs	r3, #31
10000628:	2218      	movs	r2, #24
1000062a:	f8cd c000 	str.w	ip, [sp]
1000062e:	4802      	ldr	r0, [pc, #8]	@ (10000638 <spin_lock_claim_unused+0x1c>)
10000630:	f7ff ffa6 	bl	10000580 <hw_claim_unused_from_range>
10000634:	b003      	add	sp, #12
10000636:	bd00      	pop	{pc}
10000638:	200019a8 	.word	0x200019a8
1000063c:	1000729c 	.word	0x1000729c

10000640 <spinlock_set_extexclall>:
10000640:	f04f 22e0 	mov.w	r2, #3758153728	@ 0xe000e000
10000644:	6893      	ldr	r3, [r2, #8]
10000646:	f043 5300 	orr.w	r3, r3, #536870912	@ 0x20000000
1000064a:	6093      	str	r3, [r2, #8]
1000064c:	4770      	bx	lr
1000064e:	bf00      	nop

10000650 <spin_locks_reset>:
10000650:	2100      	movs	r1, #0
10000652:	4b04      	ldr	r3, [pc, #16]	@ (10000664 <spin_locks_reset+0x14>)
10000654:	f103 0220 	add.w	r2, r3, #32
10000658:	e8c3 1f8f 	stlb	r1, [r3]
1000065c:	3301      	adds	r3, #1
1000065e:	4293      	cmp	r3, r2
10000660:	d1fa      	bne.n	10000658 <spin_locks_reset+0x8>
10000662:	4770      	bx	lr
10000664:	2000158c 	.word	0x2000158c

10000668 <runtime_init_per_core_irq_priorities>:
10000668:	f04f 23e0 	mov.w	r3, #3758153728	@ 0xe000e000
1000066c:	f04f 3280 	mov.w	r2, #2155905152	@ 0x80808080
10000670:	f8c3 2400 	str.w	r2, [r3, #1024]	@ 0x400
10000674:	f8c3 2404 	str.w	r2, [r3, #1028]	@ 0x404
10000678:	f8c3 2408 	str.w	r2, [r3, #1032]	@ 0x408
1000067c:	f8c3 240c 	str.w	r2, [r3, #1036]	@ 0x40c
10000680:	f8c3 2410 	str.w	r2, [r3, #1040]	@ 0x410
10000684:	f8c3 2414 	str.w	r2, [r3, #1044]	@ 0x414
10000688:	f8c3 2418 	str.w	r2, [r3, #1048]	@ 0x418
1000068c:	f8c3 241c 	str.w	r2, [r3, #1052]	@ 0x41c
10000690:	f8c3 2420 	str.w	r2, [r3, #1056]	@ 0x420
10000694:	f8c3 2424 	str.w	r2, [r3, #1060]	@ 0x424
10000698:	f8c3 2428 	str.w	r2, [r3, #1064]	@ 0x428
1000069c:	f8c3 242c 	str.w	r2, [r3, #1068]	@ 0x42c
100006a0:	f8c3 2430 	str.w	r2, [r3, #1072]	@ 0x430
100006a4:	4770      	bx	lr
100006a6:	bf00      	nop

100006a8 <irq_set_enabled>:
100006a8:	2301      	movs	r3, #1
100006aa:	f000 021f 	and.w	r2, r0, #31
100006ae:	4093      	lsls	r3, r2
100006b0:	0940      	lsrs	r0, r0, #5
100006b2:	b141      	cbz	r1, 100006c6 <irq_set_enabled+0x1e>
100006b4:	0080      	lsls	r0, r0, #2
100006b6:	f100 4060 	add.w	r0, r0, #3758096384	@ 0xe0000000
100006ba:	f500 4061 	add.w	r0, r0, #57600	@ 0xe100
100006be:	f8c0 3180 	str.w	r3, [r0, #384]	@ 0x180
100006c2:	6003      	str	r3, [r0, #0]
100006c4:	4770      	bx	lr
100006c6:	4a02      	ldr	r2, [pc, #8]	@ (100006d0 <irq_set_enabled+0x28>)
100006c8:	3020      	adds	r0, #32
100006ca:	f842 3020 	str.w	r3, [r2, r0, lsl #2]
100006ce:	4770      	bx	lr
100006d0:	e000e100 	.word	0xe000e100

100006d4 <irq_is_enabled>:
100006d4:	2301      	movs	r3, #1
100006d6:	4a06      	ldr	r2, [pc, #24]	@ (100006f0 <irq_is_enabled+0x1c>)
100006d8:	0941      	lsrs	r1, r0, #5
100006da:	f852 2021 	ldr.w	r2, [r2, r1, lsl #2]
100006de:	f000 001f 	and.w	r0, r0, #31
100006e2:	4083      	lsls	r3, r0
100006e4:	4213      	tst	r3, r2
100006e6:	bf14      	ite	ne
100006e8:	2001      	movne	r0, #1
100006ea:	2000      	moveq	r0, #0
100006ec:	4770      	bx	lr
100006ee:	bf00      	nop
100006f0:	e000e100 	.word	0xe000e100

100006f4 <irq_set_pending>:
100006f4:	2201      	movs	r2, #1
100006f6:	0943      	lsrs	r3, r0, #5
100006f8:	4903      	ldr	r1, [pc, #12]	@ (10000708 <irq_set_pending+0x14>)
100006fa:	f000 001f 	and.w	r0, r0, #31
100006fe:	4082      	lsls	r2, r0
10000700:	3340      	adds	r3, #64	@ 0x40
10000702:	f841 2023 	str.w	r2, [r1, r3, lsl #2]
10000706:	4770      	bx	lr
10000708:	e000e100 	.word	0xe000e100

1000070c <irq_has_shared_handler>:
1000070c:	4a05      	ldr	r2, [pc, #20]	@ (10000724 <irq_has_shared_handler+0x18>)
1000070e:	3010      	adds	r0, #16
10000710:	6892      	ldr	r2, [r2, #8]
10000712:	4b05      	ldr	r3, [pc, #20]	@ (10000728 <irq_has_shared_handler+0x1c>)
10000714:	f852 0020 	ldr.w	r0, [r2, r0, lsl #2]
10000718:	1ac0      	subs	r0, r0, r3
1000071a:	282f      	cmp	r0, #47	@ 0x2f
1000071c:	bf8c      	ite	hi
1000071e:	2000      	movhi	r0, #0
10000720:	2001      	movls	r0, #1
10000722:	4770      	bx	lr
10000724:	e000ed00 	.word	0xe000ed00
10000728:	200011c0 	.word	0x200011c0

1000072c <irq_set_exclusive_handler>:
1000072c:	b510      	push	{r4, lr}
1000072e:	b082      	sub	sp, #8
10000730:	f3ef 8410 	mrs	r4, PRIMASK
10000734:	b672      	cpsid	i
10000736:	4b16      	ldr	r3, [pc, #88]	@ (10000790 <irq_set_exclusive_handler+0x64>)
10000738:	e8d3 cfcf 	ldaexb	ip, [r3]
1000073c:	2201      	movs	r2, #1
1000073e:	f1bc 0f00 	cmp.w	ip, #0
10000742:	d1f9      	bne.n	10000738 <irq_set_exclusive_handler+0xc>
10000744:	e8c3 2f4c 	strexb	ip, r2, [r3]
10000748:	f1bc 0f00 	cmp.w	ip, #0
1000074c:	d1f4      	bne.n	10000738 <irq_set_exclusive_handler+0xc>
1000074e:	f3bf 8f5f 	dmb	sy
10000752:	4a10      	ldr	r2, [pc, #64]	@ (10000794 <irq_set_exclusive_handler+0x68>)
10000754:	3010      	adds	r0, #16
10000756:	6892      	ldr	r2, [r2, #8]
10000758:	f8df c03c 	ldr.w	ip, [pc, #60]	@ 10000798 <irq_set_exclusive_handler+0x6c>
1000075c:	f852 2020 	ldr.w	r2, [r2, r0, lsl #2]
10000760:	4562      	cmp	r2, ip
10000762:	d008      	beq.n	10000776 <irq_set_exclusive_handler+0x4a>
10000764:	4291      	cmp	r1, r2
10000766:	d006      	beq.n	10000776 <irq_set_exclusive_handler+0x4a>
10000768:	e9cd 0100 	strd	r0, r1, [sp]
1000076c:	f001 f8b0 	bl	100018d0 <hard_assertion_failure>
10000770:	9901      	ldr	r1, [sp, #4]
10000772:	4b07      	ldr	r3, [pc, #28]	@ (10000790 <irq_set_exclusive_handler+0x64>)
10000774:	9800      	ldr	r0, [sp, #0]
10000776:	4a07      	ldr	r2, [pc, #28]	@ (10000794 <irq_set_exclusive_handler+0x68>)
10000778:	6892      	ldr	r2, [r2, #8]
1000077a:	f842 1020 	str.w	r1, [r2, r0, lsl #2]
1000077e:	f3bf 8f5f 	dmb	sy
10000782:	2200      	movs	r2, #0
10000784:	e8c3 2f8f 	stlb	r2, [r3]
10000788:	f384 8810 	msr	PRIMASK, r4
1000078c:	b002      	add	sp, #8
1000078e:	bd10      	pop	{r4, pc}
10000790:	20001595 	.word	0x20001595
10000794:	e000ed00 	.word	0xe000ed00
10000798:	1000011d 	.word	0x1000011d

1000079c <irq_add_shared_handler>:
1000079c:	e92d 4ff0 	stmdb	sp!, {r4, r5, r6, r7, r8, r9, sl, fp, lr}
100007a0:	4606      	mov	r6, r0
100007a2:	468a      	mov	sl, r1
100007a4:	4615      	mov	r5, r2
100007a6:	b083      	sub	sp, #12
100007a8:	f3ef 8810 	mrs	r8, PRIMASK
100007ac:	b672      	cpsid	i
100007ae:	4f71      	ldr	r7, [pc, #452]	@ (10000974 <irq_add_shared_handler+0x1d8>)
100007b0:	e8d7 2fcf 	ldaexb	r2, [r7]
100007b4:	2301      	movs	r3, #1
100007b6:	2a00      	cmp	r2, #0
100007b8:	d1fa      	bne.n	100007b0 <irq_add_shared_handler+0x14>
100007ba:	e8c7 3f42 	strexb	r2, r3, [r7]
100007be:	2a00      	cmp	r2, #0
100007c0:	d1f6      	bne.n	100007b0 <irq_add_shared_handler+0x14>
100007c2:	f3bf 8f5f 	dmb	sy
100007c6:	496c      	ldr	r1, [pc, #432]	@ (10000978 <irq_add_shared_handler+0x1dc>)
100007c8:	f991 2000 	ldrsb.w	r2, [r1]
100007cc:	2a00      	cmp	r2, #0
100007ce:	db7b      	blt.n	100008c8 <irq_add_shared_handler+0x12c>
100007d0:	486a      	ldr	r0, [pc, #424]	@ (1000097c <irq_add_shared_handler+0x1e0>)
100007d2:	eb02 0442 	add.w	r4, r2, r2, lsl #1
100007d6:	eb00 0384 	add.w	r3, r0, r4, lsl #2
100007da:	f893 c006 	ldrb.w	ip, [r3, #6]
100007de:	3610      	adds	r6, #16
100007e0:	f881 c000 	strb.w	ip, [r1]
100007e4:	4966      	ldr	r1, [pc, #408]	@ (10000980 <irq_add_shared_handler+0x1e4>)
100007e6:	00a4      	lsls	r4, r4, #2
100007e8:	6889      	ldr	r1, [r1, #8]
100007ea:	ea4f 0b42 	mov.w	fp, r2, lsl #1
100007ee:	f851 e026 	ldr.w	lr, [r1, r6, lsl #2]
100007f2:	ebae 0100 	sub.w	r1, lr, r0
100007f6:	292f      	cmp	r1, #47	@ 0x2f
100007f8:	d92e      	bls.n	10000858 <irq_add_shared_handler+0xbc>
100007fa:	4962      	ldr	r1, [pc, #392]	@ (10000984 <irq_add_shared_handler+0x1e8>)
100007fc:	458e      	cmp	lr, r1
100007fe:	f040 8084 	bne.w	1000090a <irq_add_shared_handler+0x16e>
10000802:	f043 0e01 	orr.w	lr, r3, #1
10000806:	4b60      	ldr	r3, [pc, #384]	@ (10000988 <irq_add_shared_handler+0x1ec>)
10000808:	3402      	adds	r4, #2
1000080a:	4404      	add	r4, r0
1000080c:	3b04      	subs	r3, #4
1000080e:	1b1b      	subs	r3, r3, r4
10000810:	f3c3 034a 	ubfx	r3, r3, #1, #11
10000814:	ea6f 43c3 	mvn.w	r3, r3, lsl #19
10000818:	f44f 4121 	mov.w	r1, #41216	@ 0xa100
1000081c:	ea6f 43d3 	mvn.w	r3, r3, lsr #19
10000820:	445a      	add	r2, fp
10000822:	f820 1022 	strh.w	r1, [r0, r2, lsl #2]
10000826:	eb00 0282 	add.w	r2, r0, r2, lsl #2
1000082a:	8053      	strh	r3, [r2, #2]
1000082c:	f64b 5301 	movw	r3, #48385	@ 0xbd01
10000830:	8093      	strh	r3, [r2, #4]
10000832:	23ff      	movs	r3, #255	@ 0xff
10000834:	71d5      	strb	r5, [r2, #7]
10000836:	f8c2 a008 	str.w	sl, [r2, #8]
1000083a:	7193      	strb	r3, [r2, #6]
1000083c:	4b50      	ldr	r3, [pc, #320]	@ (10000980 <irq_add_shared_handler+0x1e4>)
1000083e:	689b      	ldr	r3, [r3, #8]
10000840:	f843 e026 	str.w	lr, [r3, r6, lsl #2]
10000844:	f3bf 8f5f 	dmb	sy
10000848:	2300      	movs	r3, #0
1000084a:	e8c7 3f8f 	stlb	r3, [r7]
1000084e:	f388 8810 	msr	PRIMASK, r8
10000852:	b003      	add	sp, #12
10000854:	e8bd 8ff0 	ldmia.w	sp!, {r4, r5, r6, r7, r8, r9, sl, fp, pc}
10000858:	f02e 0c01 	bic.w	ip, lr, #1
1000085c:	f89c 1007 	ldrb.w	r1, [ip, #7]
10000860:	42a9      	cmp	r1, r5
10000862:	d95a      	bls.n	1000091a <irq_add_shared_handler+0x17e>
10000864:	46b1      	mov	r9, r6
10000866:	9401      	str	r4, [sp, #4]
10000868:	461e      	mov	r6, r3
1000086a:	e003      	b.n	10000874 <irq_add_shared_handler+0xd8>
1000086c:	79cb      	ldrb	r3, [r1, #7]
1000086e:	42ab      	cmp	r3, r5
10000870:	d930      	bls.n	100008d4 <irq_add_shared_handler+0x138>
10000872:	468c      	mov	ip, r1
10000874:	f99c 4006 	ldrsb.w	r4, [ip, #6]
10000878:	eb04 0144 	add.w	r1, r4, r4, lsl #1
1000087c:	2c00      	cmp	r4, #0
1000087e:	eb00 0181 	add.w	r1, r0, r1, lsl #2
10000882:	daf3      	bge.n	1000086c <irq_add_shared_handler+0xd0>
10000884:	9400      	str	r4, [sp, #0]
10000886:	f64b 5401 	movw	r4, #48385	@ 0xbd01
1000088a:	4633      	mov	r3, r6
1000088c:	464e      	mov	r6, r9
1000088e:	f10c 0904 	add.w	r9, ip, #4
10000892:	3b04      	subs	r3, #4
10000894:	eba3 0309 	sub.w	r3, r3, r9
10000898:	f3c3 034a 	ubfx	r3, r3, #1, #11
1000089c:	ea6f 43c3 	mvn.w	r3, r3, lsl #19
100008a0:	ea6f 43d3 	mvn.w	r3, r3, lsr #19
100008a4:	f8ac 3004 	strh.w	r3, [ip, #4]
100008a8:	4b38      	ldr	r3, [pc, #224]	@ (1000098c <irq_add_shared_handler+0x1f0>)
100008aa:	eb0b 0102 	add.w	r1, fp, r2
100008ae:	f88c 2006 	strb.w	r2, [ip, #6]
100008b2:	f840 3021 	str.w	r3, [r0, r1, lsl #2]
100008b6:	9b00      	ldr	r3, [sp, #0]
100008b8:	eb00 0281 	add.w	r2, r0, r1, lsl #2
100008bc:	8094      	strh	r4, [r2, #4]
100008be:	7193      	strb	r3, [r2, #6]
100008c0:	71d5      	strb	r5, [r2, #7]
100008c2:	f8c2 a008 	str.w	sl, [r2, #8]
100008c6:	e7b9      	b.n	1000083c <irq_add_shared_handler+0xa0>
100008c8:	f001 f802 	bl	100018d0 <hard_assertion_failure>
100008cc:	492a      	ldr	r1, [pc, #168]	@ (10000978 <irq_add_shared_handler+0x1dc>)
100008ce:	f991 2000 	ldrsb.w	r2, [r1]
100008d2:	e77d      	b.n	100007d0 <irq_add_shared_handler+0x34>
100008d4:	f06f 0107 	mvn.w	r1, #7
100008d8:	9400      	str	r4, [sp, #0]
100008da:	9c01      	ldr	r4, [sp, #4]
100008dc:	4633      	mov	r3, r6
100008de:	1b0c      	subs	r4, r1, r4
100008e0:	4661      	mov	r1, ip
100008e2:	1a24      	subs	r4, r4, r0
100008e4:	9401      	str	r4, [sp, #4]
100008e6:	f831 4f04 	ldrh.w	r4, [r1, #4]!
100008ea:	464e      	mov	r6, r9
100008ec:	f344 040a 	sbfx	r4, r4, #0, #11
100008f0:	3402      	adds	r4, #2
100008f2:	eb01 0444 	add.w	r4, r1, r4, lsl #1
100008f6:	4689      	mov	r9, r1
100008f8:	9901      	ldr	r1, [sp, #4]
100008fa:	440c      	add	r4, r1
100008fc:	f3c4 044a 	ubfx	r4, r4, #1, #11
10000900:	ea6f 44c4 	mvn.w	r4, r4, lsl #19
10000904:	ea6f 44d4 	mvn.w	r4, r4, lsr #19
10000908:	e7c3      	b.n	10000892 <irq_add_shared_handler+0xf6>
1000090a:	e9cd 2300 	strd	r2, r3, [sp]
1000090e:	f000 ffdf 	bl	100018d0 <hard_assertion_failure>
10000912:	e9dd 2300 	ldrd	r2, r3, [sp]
10000916:	4819      	ldr	r0, [pc, #100]	@ (1000097c <irq_add_shared_handler+0x1e0>)
10000918:	e773      	b.n	10000802 <irq_add_shared_handler+0x66>
1000091a:	4a1b      	ldr	r2, [pc, #108]	@ (10000988 <irq_add_shared_handler+0x1ec>)
1000091c:	1ca1      	adds	r1, r4, #2
1000091e:	71dd      	strb	r5, [r3, #7]
10000920:	4401      	add	r1, r0
10000922:	3a04      	subs	r2, #4
10000924:	1d25      	adds	r5, r4, #4
10000926:	1a52      	subs	r2, r2, r1
10000928:	4405      	add	r5, r0
1000092a:	f1ac 0104 	sub.w	r1, ip, #4
1000092e:	1b49      	subs	r1, r1, r5
10000930:	f3c1 014a 	ubfx	r1, r1, #1, #11
10000934:	ea6f 41c1 	mvn.w	r1, r1, lsl #19
10000938:	f3c2 024a 	ubfx	r2, r2, #1, #11
1000093c:	ea6f 42c2 	mvn.w	r2, r2, lsl #19
10000940:	ea6f 41d1 	mvn.w	r1, r1, lsr #19
10000944:	f44f 4e21 	mov.w	lr, #41216	@ 0xa100
10000948:	ea6f 42d2 	mvn.w	r2, r2, lsr #19
1000094c:	8099      	strh	r1, [r3, #4]
1000094e:	490f      	ldr	r1, [pc, #60]	@ (1000098c <irq_add_shared_handler+0x1f0>)
10000950:	f820 e004 	strh.w	lr, [r0, r4]
10000954:	805a      	strh	r2, [r3, #2]
10000956:	f64a 25aa 	movw	r5, #43690	@ 0xaaaa
1000095a:	4662      	mov	r2, ip
1000095c:	1a12      	subs	r2, r2, r0
1000095e:	4152      	adcs	r2, r2
10000960:	4355      	muls	r5, r2
10000962:	0d2d      	lsrs	r5, r5, #20
10000964:	f8c3 a008 	str.w	sl, [r3, #8]
10000968:	719d      	strb	r5, [r3, #6]
1000096a:	f043 0e01 	orr.w	lr, r3, #1
1000096e:	f8cc 1000 	str.w	r1, [ip]
10000972:	e763      	b.n	1000083c <irq_add_shared_handler+0xa0>
10000974:	20001595 	.word	0x20001595
10000978:	20001e80 	.word	0x20001e80
1000097c:	200011c0 	.word	0x200011c0
10000980:	e000ed00 	.word	0xe000ed00
10000984:	1000011d 	.word	0x1000011d
10000988:	200011f0 	.word	0x200011f0
1000098c:	47804801 	.word	0x47804801

10000990 <irq_add_tail_to_free_list>:
10000990:	e92d 41f0 	stmdb	sp!, {r4, r5, r6, r7, r8, lr}
10000994:	f3ef 8305 	mrs	r3, IPSR
10000998:	b2db      	uxtb	r3, r3
1000099a:	469e      	mov	lr, r3
1000099c:	f3ef 8510 	mrs	r5, PRIMASK
100009a0:	b672      	cpsid	i
100009a2:	4929      	ldr	r1, [pc, #164]	@ (10000a48 <irq_add_tail_to_free_list+0xb8>)
100009a4:	e8d1 2fcf 	ldaexb	r2, [r1]
100009a8:	2301      	movs	r3, #1
100009aa:	2a00      	cmp	r2, #0
100009ac:	d1fa      	bne.n	100009a4 <irq_add_tail_to_free_list+0x14>
100009ae:	e8c1 3f42 	strexb	r2, r3, [r1]
100009b2:	2a00      	cmp	r2, #0
100009b4:	d1f6      	bne.n	100009a4 <irq_add_tail_to_free_list+0x14>
100009b6:	f3bf 8f5f 	dmb	sy
100009ba:	f8df 809c 	ldr.w	r8, [pc, #156]	@ 10000a58 <irq_add_tail_to_free_list+0xc8>
100009be:	f040 0601 	orr.w	r6, r0, #1
100009c2:	f8d8 7008 	ldr.w	r7, [r8, #8]
100009c6:	f64a 23aa 	movw	r3, #43690	@ 0xaaaa
100009ca:	f857 702e 	ldr.w	r7, [r7, lr, lsl #2]
100009ce:	4604      	mov	r4, r0
100009d0:	4a1e      	ldr	r2, [pc, #120]	@ (10000a4c <irq_add_tail_to_free_list+0xbc>)
100009d2:	1aa4      	subs	r4, r4, r2
100009d4:	4164      	adcs	r4, r4
100009d6:	4363      	muls	r3, r4
100009d8:	0d1b      	lsrs	r3, r3, #20
100009da:	42b7      	cmp	r7, r6
100009dc:	b25b      	sxtb	r3, r3
100009de:	d01e      	beq.n	10000a1e <irq_add_tail_to_free_list+0x8e>
100009e0:	f992 4006 	ldrsb.w	r4, [r2, #6]
100009e4:	429c      	cmp	r4, r3
100009e6:	d020      	beq.n	10000a2a <irq_add_tail_to_free_list+0x9a>
100009e8:	f992 4012 	ldrsb.w	r4, [r2, #18]
100009ec:	429c      	cmp	r4, r3
100009ee:	d027      	beq.n	10000a40 <irq_add_tail_to_free_list+0xb0>
100009f0:	f992 401e 	ldrsb.w	r4, [r2, #30]
100009f4:	429c      	cmp	r4, r3
100009f6:	d025      	beq.n	10000a44 <irq_add_tail_to_free_list+0xb4>
100009f8:	f992 402a 	ldrsb.w	r4, [r2, #42]	@ 0x2a
100009fc:	429c      	cmp	r4, r3
100009fe:	bf08      	it	eq
10000a00:	2403      	moveq	r4, #3
10000a02:	d013      	beq.n	10000a2c <irq_add_tail_to_free_list+0x9c>
10000a04:	4a12      	ldr	r2, [pc, #72]	@ (10000a50 <irq_add_tail_to_free_list+0xc0>)
10000a06:	2400      	movs	r4, #0
10000a08:	f892 c000 	ldrb.w	ip, [r2]
10000a0c:	7013      	strb	r3, [r2, #0]
10000a0e:	f880 c006 	strb.w	ip, [r0, #6]
10000a12:	e8c1 4f8f 	stlb	r4, [r1]
10000a16:	f385 8810 	msr	PRIMASK, r5
10000a1a:	e8bd 81f0 	ldmia.w	sp!, {r4, r5, r6, r7, r8, pc}
10000a1e:	f8d8 2008 	ldr.w	r2, [r8, #8]
10000a22:	4c0c      	ldr	r4, [pc, #48]	@ (10000a54 <irq_add_tail_to_free_list+0xc4>)
10000a24:	f842 402e 	str.w	r4, [r2, lr, lsl #2]
10000a28:	e7ec      	b.n	10000a04 <irq_add_tail_to_free_list+0x74>
10000a2a:	2400      	movs	r4, #0
10000a2c:	eb04 0444 	add.w	r4, r4, r4, lsl #1
10000a30:	eb02 0284 	add.w	r2, r2, r4, lsl #2
10000a34:	24ff      	movs	r4, #255	@ 0xff
10000a36:	7194      	strb	r4, [r2, #6]
10000a38:	f64b 5401 	movw	r4, #48385	@ 0xbd01
10000a3c:	8094      	strh	r4, [r2, #4]
10000a3e:	e7e1      	b.n	10000a04 <irq_add_tail_to_free_list+0x74>
10000a40:	2401      	movs	r4, #1
10000a42:	e7f3      	b.n	10000a2c <irq_add_tail_to_free_list+0x9c>
10000a44:	2402      	movs	r4, #2
10000a46:	e7f1      	b.n	10000a2c <irq_add_tail_to_free_list+0x9c>
10000a48:	20001595 	.word	0x20001595
10000a4c:	200011c0 	.word	0x200011c0
10000a50:	20001e80 	.word	0x20001e80
10000a54:	1000011d 	.word	0x1000011d
10000a58:	e000ed00 	.word	0xe000ed00

10000a5c <user_irq_claim_unused>:
10000a5c:	b500      	push	{lr}
10000a5e:	f8df c024 	ldr.w	ip, [pc, #36]	@ 10000a84 <user_irq_claim_unused+0x28>
10000a62:	b083      	sub	sp, #12
10000a64:	4601      	mov	r1, r0
10000a66:	2305      	movs	r3, #5
10000a68:	2200      	movs	r2, #0
10000a6a:	f8cd c000 	str.w	ip, [sp]
10000a6e:	4804      	ldr	r0, [pc, #16]	@ (10000a80 <user_irq_claim_unused+0x24>)
10000a70:	f7ff fd86 	bl	10000580 <hw_claim_unused_from_range>
10000a74:	2800      	cmp	r0, #0
10000a76:	bfa8      	it	ge
10000a78:	f1c0 0033 	rsbge	r0, r0, #51	@ 0x33
10000a7c:	b003      	add	sp, #12
10000a7e:	bd00      	pop	{pc}
10000a80:	20001e84 	.word	0x20001e84
10000a84:	100072b8 	.word	0x100072b8

10000a88 <lock_init>:
10000a88:	4b01      	ldr	r3, [pc, #4]	@ (10000a90 <lock_init+0x8>)
10000a8a:	440b      	add	r3, r1
10000a8c:	6003      	str	r3, [r0, #0]
10000a8e:	4770      	bx	lr
10000a90:	2000158c 	.word	0x2000158c

10000a94 <runtime_init_mutex>:
10000a94:	b570      	push	{r4, r5, r6, lr}
10000a96:	4c10      	ldr	r4, [pc, #64]	@ (10000ad8 <runtime_init_mutex+0x44>)
10000a98:	4d10      	ldr	r5, [pc, #64]	@ (10000adc <runtime_init_mutex+0x48>)
10000a9a:	42ac      	cmp	r4, r5
10000a9c:	d20e      	bcs.n	10000abc <runtime_init_mutex+0x28>
10000a9e:	26ff      	movs	r6, #255	@ 0xff
10000aa0:	6823      	ldr	r3, [r4, #0]
10000aa2:	b163      	cbz	r3, 10000abe <runtime_init_mutex+0x2a>
10000aa4:	f7ff fdae 	bl	10000604 <next_striped_spin_lock_num>
10000aa8:	4601      	mov	r1, r0
10000aaa:	4620      	mov	r0, r4
10000aac:	f7ff ffec 	bl	10000a88 <lock_init>
10000ab0:	80a6      	strh	r6, [r4, #4]
10000ab2:	f3bf 8f5f 	dmb	sy
10000ab6:	3408      	adds	r4, #8
10000ab8:	42ac      	cmp	r4, r5
10000aba:	d3f1      	bcc.n	10000aa0 <runtime_init_mutex+0xc>
10000abc:	bd70      	pop	{r4, r5, r6, pc}
10000abe:	f7ff fda1 	bl	10000604 <next_striped_spin_lock_num>
10000ac2:	4601      	mov	r1, r0
10000ac4:	4620      	mov	r0, r4
10000ac6:	f7ff ffdf 	bl	10000a88 <lock_init>
10000aca:	7126      	strb	r6, [r4, #4]
10000acc:	f3bf 8f5f 	dmb	sy
10000ad0:	3408      	adds	r4, #8
10000ad2:	42ac      	cmp	r4, r5
10000ad4:	d3e4      	bcc.n	10000aa0 <runtime_init_mutex+0xc>
10000ad6:	bd70      	pop	{r4, r5, r6, pc}
10000ad8:	20001258 	.word	0x20001258
10000adc:	20001260 	.word	0x20001260

10000ae0 <mutex_init>:
10000ae0:	b510      	push	{r4, lr}
10000ae2:	4604      	mov	r4, r0
10000ae4:	f7ff fd8e 	bl	10000604 <next_striped_spin_lock_num>
10000ae8:	4601      	mov	r1, r0
10000aea:	4620      	mov	r0, r4
10000aec:	f7ff ffcc 	bl	10000a88 <lock_init>
10000af0:	23ff      	movs	r3, #255	@ 0xff
10000af2:	7123      	strb	r3, [r4, #4]
10000af4:	f3bf 8f5f 	dmb	sy
10000af8:	bd10      	pop	{r4, pc}
10000afa:	bf00      	nop

10000afc <critical_section_init>:
10000afc:	b510      	push	{r4, lr}
10000afe:	4604      	mov	r4, r0
10000b00:	2001      	movs	r0, #1
10000b02:	f7ff fd8b 	bl	1000061c <spin_lock_claim_unused>
10000b06:	4b03      	ldr	r3, [pc, #12]	@ (10000b14 <critical_section_init+0x18>)
10000b08:	4403      	add	r3, r0
10000b0a:	6023      	str	r3, [r4, #0]
10000b0c:	f3bf 8f5f 	dmb	sy
10000b10:	bd10      	pop	{r4, pc}
10000b12:	bf00      	nop
10000b14:	2000158c 	.word	0x2000158c

10000b18 <critical_section_init_with_lock_num>:
10000b18:	4b02      	ldr	r3, [pc, #8]	@ (10000b24 <critical_section_init_with_lock_num+0xc>)
10000b1a:	440b      	add	r3, r1
10000b1c:	6003      	str	r3, [r0, #0]
10000b1e:	f3bf 8f5f 	dmb	sy
10000b22:	4770      	bx	lr
10000b24:	2000158c 	.word	0x2000158c

10000b28 <sleep_until_callback>:
10000b28:	4b0d      	ldr	r3, [pc, #52]	@ (10000b60 <sleep_until_callback+0x38>)
10000b2a:	681a      	ldr	r2, [r3, #0]
10000b2c:	f3ef 8110 	mrs	r1, PRIMASK
10000b30:	b672      	cpsid	i
10000b32:	e8d2 cfcf 	ldaexb	ip, [r2]
10000b36:	2001      	movs	r0, #1
10000b38:	f1bc 0f00 	cmp.w	ip, #0
10000b3c:	d1f9      	bne.n	10000b32 <sleep_until_callback+0xa>
10000b3e:	e8c2 0f4c 	strexb	ip, r0, [r2]
10000b42:	f1bc 0f00 	cmp.w	ip, #0
10000b46:	d1f4      	bne.n	10000b32 <sleep_until_callback+0xa>
10000b48:	f3bf 8f5f 	dmb	sy
10000b4c:	2200      	movs	r2, #0
10000b4e:	681b      	ldr	r3, [r3, #0]
10000b50:	e8c3 2f8f 	stlb	r2, [r3]
10000b54:	f381 8810 	msr	PRIMASK, r1
10000b58:	bf40      	sev
10000b5a:	2000      	movs	r0, #0
10000b5c:	2100      	movs	r1, #0
10000b5e:	4770      	bx	lr
10000b60:	20001e60 	.word	0x20001e60
10000b64:	00000000 	.word	0x00000000

10000b68 <alarm_pool_irq_handler>:
10000b68:	e92d 4ff0 	stmdb	sp!, {r4, r5, r6, r7, r8, r9, sl, fp, lr}
10000b6c:	ed2d 8b02 	vpush	{d8}
10000b70:	b085      	sub	sp, #20
10000b72:	f3ef 8305 	mrs	r3, IPSR
10000b76:	b2db      	uxtb	r3, r3
10000b78:	3b10      	subs	r3, #16
10000b7a:	089a      	lsrs	r2, r3, #2
10000b7c:	bf18      	it	ne
10000b7e:	2201      	movne	r2, #1
10000b80:	f04f 0101 	mov.w	r1, #1
10000b84:	f003 0b03 	and.w	fp, r3, #3
10000b88:	bf18      	it	ne
10000b8a:	4ca9      	ldrne	r4, [pc, #676]	@ (10000e30 <alarm_pool_irq_handler+0x2c8>)
10000b8c:	4ba9      	ldr	r3, [pc, #676]	@ (10000e34 <alarm_pool_irq_handler+0x2cc>)
10000b8e:	bf08      	it	eq
10000b90:	4ca9      	ldreq	r4, [pc, #676]	@ (10000e38 <alarm_pool_irq_handler+0x2d0>)
10000b92:	eb0b 0282 	add.w	r2, fp, r2, lsl #2
10000b96:	f853 5022 	ldr.w	r5, [r3, r2, lsl #2]
10000b9a:	fa01 f20b 	lsl.w	r2, r1, fp
10000b9e:	f504 5341 	add.w	r3, r4, #12352	@ 0x3040
10000ba2:	ed9f 8ba1 	vldr	d8, [pc, #644]	@ 10000e28 <alarm_pool_irq_handler+0x2c0>
10000ba6:	9202      	str	r2, [sp, #8]
10000ba8:	605a      	str	r2, [r3, #4]
10000baa:	e02f      	b.n	10000c0c <alarm_pool_irq_handler+0xa4>
10000bac:	88ab      	ldrh	r3, [r5, #4]
10000bae:	0419      	lsls	r1, r3, #16
10000bb0:	f140 8094 	bpl.w	10000cdc <alarm_pool_irq_handler+0x174>
10000bb4:	79ab      	ldrb	r3, [r5, #6]
10000bb6:	2b00      	cmp	r3, #0
10000bb8:	f040 80de 	bne.w	10000d78 <alarm_pool_irq_handler+0x210>
10000bbc:	f9b5 6008 	ldrsh.w	r6, [r5, #8]
10000bc0:	2e00      	cmp	r6, #0
10000bc2:	f2c0 811c 	blt.w	10000dfe <alarm_pool_irq_handler+0x296>
10000bc6:	696b      	ldr	r3, [r5, #20]
10000bc8:	eb06 0646 	add.w	r6, r6, r6, lsl #1
10000bcc:	eb03 03c6 	add.w	r3, r3, r6, lsl #3
10000bd0:	e9d3 6702 	ldrd	r6, r7, [r3, #8]
10000bd4:	f1b7 3fff 	cmp.w	r7, #4294967295	@ 0xffffffff
10000bd8:	bf08      	it	eq
10000bda:	f1b6 3fff 	cmpeq.w	r6, #4294967295	@ 0xffffffff
10000bde:	d00e      	beq.n	10000bfe <alarm_pool_irq_handler+0x96>
10000be0:	eb04 018b 	add.w	r1, r4, fp, lsl #2
10000be4:	6aa3      	ldr	r3, [r4, #40]	@ 0x28
10000be6:	690a      	ldr	r2, [r1, #16]
10000be8:	1ad2      	subs	r2, r2, r3
10000bea:	1af3      	subs	r3, r6, r3
10000bec:	4293      	cmp	r3, r2
10000bee:	d305      	bcc.n	10000bfc <alarm_pool_irq_handler+0x94>
10000bf0:	2301      	movs	r3, #1
10000bf2:	6a22      	ldr	r2, [r4, #32]
10000bf4:	fa03 f30b 	lsl.w	r3, r3, fp
10000bf8:	4213      	tst	r3, r2
10000bfa:	d100      	bne.n	10000bfe <alarm_pool_irq_handler+0x96>
10000bfc:	610e      	str	r6, [r1, #16]
10000bfe:	4620      	mov	r0, r4
10000c00:	f000 fc56 	bl	100014b0 <timer_time_us_64>
10000c04:	42b0      	cmp	r0, r6
10000c06:	41b9      	sbcs	r1, r7
10000c08:	f2c0 80f9 	blt.w	10000dfe <alarm_pool_irq_handler+0x296>
10000c0c:	f9b5 6008 	ldrsh.w	r6, [r5, #8]
10000c10:	9b02      	ldr	r3, [sp, #8]
10000c12:	2e00      	cmp	r6, #0
10000c14:	63e3      	str	r3, [r4, #60]	@ 0x3c
10000c16:	dbc9      	blt.n	10000bac <alarm_pool_irq_handler+0x44>
10000c18:	f8d5 9014 	ldr.w	r9, [r5, #20]
10000c1c:	eb06 0a46 	add.w	sl, r6, r6, lsl #1
10000c20:	eb09 07ca 	add.w	r7, r9, sl, lsl #3
10000c24:	68bb      	ldr	r3, [r7, #8]
10000c26:	4620      	mov	r0, r4
10000c28:	f8d7 800c 	ldr.w	r8, [r7, #12]
10000c2c:	9301      	str	r3, [sp, #4]
10000c2e:	f000 fc3f 	bl	100014b0 <timer_time_us_64>
10000c32:	9b01      	ldr	r3, [sp, #4]
10000c34:	4298      	cmp	r0, r3
10000c36:	eb71 0108 	sbcs.w	r1, r1, r8
10000c3a:	dbb7      	blt.n	10000bac <alarm_pool_irq_handler+0x44>
10000c3c:	f1b8 0f00 	cmp.w	r8, #0
10000c40:	f2c0 80c0 	blt.w	10000dc4 <alarm_pool_irq_handler+0x25c>
10000c44:	e9d7 3104 	ldrd	r3, r1, [r7, #16]
10000c48:	4a7c      	ldr	r2, [pc, #496]	@ (10000e3c <alarm_pool_irq_handler+0x2d4>)
10000c4a:	4293      	cmp	r3, r2
10000c4c:	f000 80f8 	beq.w	10000e40 <alarm_pool_irq_handler+0x2d8>
10000c50:	887a      	ldrh	r2, [r7, #2]
10000c52:	f9b5 0008 	ldrsh.w	r0, [r5, #8]
10000c56:	b292      	uxth	r2, r2
10000c58:	ea42 4000 	orr.w	r0, r2, r0, lsl #16
10000c5c:	4798      	blx	r3
10000c5e:	4602      	mov	r2, r0
10000c60:	460b      	mov	r3, r1
10000c62:	ea52 0103 	orrs.w	r1, r2, r3
10000c66:	f000 80ad 	beq.w	10000dc4 <alarm_pool_irq_handler+0x25c>
10000c6a:	2b00      	cmp	r3, #0
10000c6c:	f280 80cd 	bge.w	10000e0a <alarm_pool_irq_handler+0x2a2>
10000c70:	9901      	ldr	r1, [sp, #4]
10000c72:	ebb1 0e02 	subs.w	lr, r1, r2
10000c76:	eb68 0803 	sbc.w	r8, r8, r3
10000c7a:	f939 303a 	ldrsh.w	r3, [r9, sl, lsl #3]
10000c7e:	e9c7 e802 	strd	lr, r8, [r7, #8]
10000c82:	2b00      	cmp	r3, #0
10000c84:	db92      	blt.n	10000bac <alarm_pool_irq_handler+0x44>
10000c86:	6968      	ldr	r0, [r5, #20]
10000c88:	eb03 0243 	add.w	r2, r3, r3, lsl #1
10000c8c:	eb00 02c2 	add.w	r2, r0, r2, lsl #3
10000c90:	e9d2 7102 	ldrd	r7, r1, [r2, #8]
10000c94:	45be      	cmp	lr, r7
10000c96:	eb78 0c01 	sbcs.w	ip, r8, r1
10000c9a:	ea4f 0243 	mov.w	r2, r3, lsl #1
10000c9e:	db85      	blt.n	10000bac <alarm_pool_irq_handler+0x44>
10000ca0:	46ac      	mov	ip, r5
10000ca2:	f82c 3f08 	strh.w	r3, [ip, #8]!
10000ca6:	e006      	b.n	10000cb6 <alarm_pool_irq_handler+0x14e>
10000ca8:	eb03 0143 	add.w	r1, r3, r3, lsl #1
10000cac:	eb00 01c1 	add.w	r1, r0, r1, lsl #3
10000cb0:	005a      	lsls	r2, r3, #1
10000cb2:	e9d1 7102 	ldrd	r7, r1, [r1, #8]
10000cb6:	45be      	cmp	lr, r7
10000cb8:	eb78 0101 	sbcs.w	r1, r8, r1
10000cbc:	441a      	add	r2, r3
10000cbe:	db05      	blt.n	10000ccc <alarm_pool_irq_handler+0x164>
10000cc0:	f930 3032 	ldrsh.w	r3, [r0, r2, lsl #3]
10000cc4:	eb00 0cc2 	add.w	ip, r0, r2, lsl #3
10000cc8:	2b00      	cmp	r3, #0
10000cca:	daed      	bge.n	10000ca8 <alarm_pool_irq_handler+0x140>
10000ccc:	f829 303a 	strh.w	r3, [r9, sl, lsl #3]
10000cd0:	f8ac 6000 	strh.w	r6, [ip]
10000cd4:	88ab      	ldrh	r3, [r5, #4]
10000cd6:	0419      	lsls	r1, r3, #16
10000cd8:	f53f af6c 	bmi.w	10000bb4 <alarm_pool_irq_handler+0x4c>
10000cdc:	692b      	ldr	r3, [r5, #16]
10000cde:	f3ef 8210 	mrs	r2, PRIMASK
10000ce2:	b672      	cpsid	i
10000ce4:	e8d3 0fcf 	ldaexb	r0, [r3]
10000ce8:	2101      	movs	r1, #1
10000cea:	2800      	cmp	r0, #0
10000cec:	d1fa      	bne.n	10000ce4 <alarm_pool_irq_handler+0x17c>
10000cee:	e8c3 1f40 	strexb	r0, r1, [r3]
10000cf2:	2800      	cmp	r0, #0
10000cf4:	d1f6      	bne.n	10000ce4 <alarm_pool_irq_handler+0x17c>
10000cf6:	f3bf 8f5f 	dmb	sy
10000cfa:	f64f 76ff 	movw	r6, #65535	@ 0xffff
10000cfe:	88a8      	ldrh	r0, [r5, #4]
10000d00:	2300      	movs	r3, #0
10000d02:	6929      	ldr	r1, [r5, #16]
10000d04:	b200      	sxth	r0, r0
10000d06:	80ae      	strh	r6, [r5, #4]
10000d08:	e8c1 3f8f 	stlb	r3, [r1]
10000d0c:	f382 8810 	msr	PRIMASK, r2
10000d10:	4298      	cmp	r0, r3
10000d12:	f6ff af4f 	blt.w	10000bb4 <alarm_pool_irq_handler+0x4c>
10000d16:	4607      	mov	r7, r0
10000d18:	46a1      	mov	r9, r4
10000d1a:	696e      	ldr	r6, [r5, #20]
10000d1c:	f105 0808 	add.w	r8, r5, #8
10000d20:	f9b5 3008 	ldrsh.w	r3, [r5, #8]
10000d24:	eb07 0e47 	add.w	lr, r7, r7, lsl #1
10000d28:	2b00      	cmp	r3, #0
10000d2a:	46c4      	mov	ip, r8
10000d2c:	eb06 02ce 	add.w	r2, r6, lr, lsl #3
10000d30:	db15      	blt.n	10000d5e <alarm_pool_irq_handler+0x1f6>
10000d32:	e9d2 4002 	ldrd	r4, r0, [r2, #8]
10000d36:	46aa      	mov	sl, r5
10000d38:	9701      	str	r7, [sp, #4]
10000d3a:	e004      	b.n	10000d46 <alarm_pool_irq_handler+0x1de>
10000d3c:	f936 3035 	ldrsh.w	r3, [r6, r5, lsl #3]
10000d40:	4694      	mov	ip, r2
10000d42:	2b00      	cmp	r3, #0
10000d44:	db09      	blt.n	10000d5a <alarm_pool_irq_handler+0x1f2>
10000d46:	eb03 0543 	add.w	r5, r3, r3, lsl #1
10000d4a:	eb06 02c5 	add.w	r2, r6, r5, lsl #3
10000d4e:	e9d2 7102 	ldrd	r7, r1, [r2, #8]
10000d52:	42bc      	cmp	r4, r7
10000d54:	eb70 0101 	sbcs.w	r1, r0, r1
10000d58:	daf0      	bge.n	10000d3c <alarm_pool_irq_handler+0x1d4>
10000d5a:	4655      	mov	r5, sl
10000d5c:	9f01      	ldr	r7, [sp, #4]
10000d5e:	f8ac 7000 	strh.w	r7, [ip]
10000d62:	f936 703e 	ldrsh.w	r7, [r6, lr, lsl #3]
10000d66:	f826 303e 	strh.w	r3, [r6, lr, lsl #3]
10000d6a:	2f00      	cmp	r7, #0
10000d6c:	dad8      	bge.n	10000d20 <alarm_pool_irq_handler+0x1b8>
10000d6e:	79ab      	ldrb	r3, [r5, #6]
10000d70:	464c      	mov	r4, r9
10000d72:	2b00      	cmp	r3, #0
10000d74:	f43f af22 	beq.w	10000bbc <alarm_pool_irq_handler+0x54>
10000d78:	2300      	movs	r3, #0
10000d7a:	71ab      	strb	r3, [r5, #6]
10000d7c:	f9b5 6008 	ldrsh.w	r6, [r5, #8]
10000d80:	1c72      	adds	r2, r6, #1
10000d82:	4633      	mov	r3, r6
10000d84:	d03b      	beq.n	10000dfe <alarm_pool_irq_handler+0x296>
10000d86:	6968      	ldr	r0, [r5, #20]
10000d88:	f105 0e08 	add.w	lr, r5, #8
10000d8c:	e003      	b.n	10000d96 <alarm_pool_irq_handler+0x22e>
10000d8e:	468e      	mov	lr, r1
10000d90:	1c5a      	adds	r2, r3, #1
10000d92:	f43f af15 	beq.w	10000bc0 <alarm_pool_irq_handler+0x58>
10000d96:	eb03 0243 	add.w	r2, r3, r3, lsl #1
10000d9a:	eb00 01c2 	add.w	r1, r0, r2, lsl #3
10000d9e:	884f      	ldrh	r7, [r1, #2]
10000da0:	469c      	mov	ip, r3
10000da2:	043f      	lsls	r7, r7, #16
10000da4:	f930 3032 	ldrsh.w	r3, [r0, r2, lsl #3]
10000da8:	d5f1      	bpl.n	10000d8e <alarm_pool_irq_handler+0x226>
10000daa:	4566      	cmp	r6, ip
10000dac:	ed81 8b02 	vstr	d8, [r1, #8]
10000db0:	d0ee      	beq.n	10000d90 <alarm_pool_irq_handler+0x228>
10000db2:	f8ae 3000 	strh.w	r3, [lr]
10000db6:	8929      	ldrh	r1, [r5, #8]
10000db8:	4666      	mov	r6, ip
10000dba:	f820 1032 	strh.w	r1, [r0, r2, lsl #3]
10000dbe:	f8a5 c008 	strh.w	ip, [r5, #8]
10000dc2:	e7e5      	b.n	10000d90 <alarm_pool_irq_handler+0x228>
10000dc4:	f839 303a 	ldrh.w	r3, [r9, sl, lsl #3]
10000dc8:	812b      	strh	r3, [r5, #8]
10000dca:	692b      	ldr	r3, [r5, #16]
10000dcc:	f3ef 8210 	mrs	r2, PRIMASK
10000dd0:	b672      	cpsid	i
10000dd2:	e8d3 0fcf 	ldaexb	r0, [r3]
10000dd6:	2101      	movs	r1, #1
10000dd8:	2800      	cmp	r0, #0
10000dda:	d1fa      	bne.n	10000dd2 <alarm_pool_irq_handler+0x26a>
10000ddc:	e8c3 1f40 	strexb	r0, r1, [r3]
10000de0:	2800      	cmp	r0, #0
10000de2:	d1f6      	bne.n	10000dd2 <alarm_pool_irq_handler+0x26a>
10000de4:	f3bf 8f5f 	dmb	sy
10000de8:	886b      	ldrh	r3, [r5, #2]
10000dea:	6929      	ldr	r1, [r5, #16]
10000dec:	f829 303a 	strh.w	r3, [r9, sl, lsl #3]
10000df0:	2300      	movs	r3, #0
10000df2:	806e      	strh	r6, [r5, #2]
10000df4:	e8c1 3f8f 	stlb	r3, [r1]
10000df8:	f382 8810 	msr	PRIMASK, r2
10000dfc:	e6d6      	b.n	10000bac <alarm_pool_irq_handler+0x44>
10000dfe:	bf40      	sev
10000e00:	b005      	add	sp, #20
10000e02:	ecbd 8b02 	vpop	{d8}
10000e06:	e8bd 8ff0 	ldmia.w	sp!, {r4, r5, r6, r7, r8, r9, sl, fp, pc}
10000e0a:	4620      	mov	r0, r4
10000e0c:	9303      	str	r3, [sp, #12]
10000e0e:	9201      	str	r2, [sp, #4]
10000e10:	f000 fb4e 	bl	100014b0 <timer_time_us_64>
10000e14:	9a01      	ldr	r2, [sp, #4]
10000e16:	9b03      	ldr	r3, [sp, #12]
10000e18:	eb10 0e02 	adds.w	lr, r0, r2
10000e1c:	eb43 0801 	adc.w	r8, r3, r1
10000e20:	e72b      	b.n	10000c7a <alarm_pool_irq_handler+0x112>
10000e22:	bf00      	nop
10000e24:	f3af 8000 	nop.w
10000e28:	ffffffff 	.word	0xffffffff
10000e2c:	ffffffff 	.word	0xffffffff
10000e30:	400b8000 	.word	0x400b8000
10000e34:	20001e38 	.word	0x20001e38
10000e38:	400b0000 	.word	0x400b0000
10000e3c:	10000b69 	.word	0x10000b69
10000e40:	4608      	mov	r0, r1
10000e42:	690b      	ldr	r3, [r1, #16]
10000e44:	9103      	str	r1, [sp, #12]
10000e46:	4798      	blx	r3
10000e48:	2800      	cmp	r0, #0
10000e4a:	d0bb      	beq.n	10000dc4 <alarm_pool_irq_handler+0x25c>
10000e4c:	9903      	ldr	r1, [sp, #12]
10000e4e:	e9d1 2300 	ldrd	r2, r3, [r1]
10000e52:	e706      	b.n	10000c62 <alarm_pool_irq_handler+0xfa>

10000e54 <runtime_init_default_alarm_pool>:
10000e54:	b538      	push	{r3, r4, r5, lr}
10000e56:	4b38      	ldr	r3, [pc, #224]	@ (10000f38 <runtime_init_default_alarm_pool+0xe4>)
10000e58:	691c      	ldr	r4, [r3, #16]
10000e5a:	b12c      	cbz	r4, 10000e68 <runtime_init_default_alarm_pool+0x14>
10000e5c:	e8bd 4038 	ldmia.w	sp!, {r3, r4, r5, lr}
10000e60:	210a      	movs	r1, #10
10000e62:	4836      	ldr	r0, [pc, #216]	@ (10000f3c <runtime_init_default_alarm_pool+0xe8>)
10000e64:	f7ff be10 	b.w	10000a88 <lock_init>
10000e68:	2103      	movs	r1, #3
10000e6a:	4835      	ldr	r0, [pc, #212]	@ (10000f40 <runtime_init_default_alarm_pool+0xec>)
10000e6c:	f000 fb0e 	bl	1000148c <timer_hardware_alarm_claim>
10000e70:	4d33      	ldr	r5, [pc, #204]	@ (10000f40 <runtime_init_default_alarm_pool+0xec>)
10000e72:	4b31      	ldr	r3, [pc, #196]	@ (10000f38 <runtime_init_default_alarm_pool+0xe4>)
10000e74:	60dd      	str	r5, [r3, #12]
10000e76:	f7ff fbc5 	bl	10000604 <next_striped_spin_lock_num>
10000e7a:	4a32      	ldr	r2, [pc, #200]	@ (10000f44 <runtime_init_default_alarm_pool+0xf0>)
10000e7c:	f04f 4e50 	mov.w	lr, #3489660928	@ 0xd0000000
10000e80:	4402      	add	r2, r0
10000e82:	2003      	movs	r0, #3
10000e84:	4b2c      	ldr	r3, [pc, #176]	@ (10000f38 <runtime_init_default_alarm_pool+0xe4>)
10000e86:	f04f 0c0f 	mov.w	ip, #15
10000e8a:	7018      	strb	r0, [r3, #0]
10000e8c:	611a      	str	r2, [r3, #16]
10000e8e:	f8de 2000 	ldr.w	r2, [lr]
10000e92:	f64f 71ff 	movw	r1, #65535	@ 0xffff
10000e96:	705a      	strb	r2, [r3, #1]
10000e98:	695a      	ldr	r2, [r3, #20]
10000e9a:	f8a3 c002 	strh.w	ip, [r3, #2]
10000e9e:	8314      	strh	r4, [r2, #24]
10000ea0:	f04f 0402 	mov.w	r4, #2
10000ea4:	f8a2 4048 	strh.w	r4, [r2, #72]	@ 0x48
10000ea8:	f04f 0404 	mov.w	r4, #4
10000eac:	f8a2 4078 	strh.w	r4, [r2, #120]	@ 0x78
10000eb0:	f04f 0405 	mov.w	r4, #5
10000eb4:	f8a2 4090 	strh.w	r4, [r2, #144]	@ 0x90
10000eb8:	f04f 0406 	mov.w	r4, #6
10000ebc:	f8a2 40a8 	strh.w	r4, [r2, #168]	@ 0xa8
10000ec0:	f04f 0407 	mov.w	r4, #7
10000ec4:	f8a2 40c0 	strh.w	r4, [r2, #192]	@ 0xc0
10000ec8:	f04f 0409 	mov.w	r4, #9
10000ecc:	f8a2 40f0 	strh.w	r4, [r2, #240]	@ 0xf0
10000ed0:	f04f 040a 	mov.w	r4, #10
10000ed4:	f8a2 4108 	strh.w	r4, [r2, #264]	@ 0x108
10000ed8:	f04f 040b 	mov.w	r4, #11
10000edc:	f8a2 4120 	strh.w	r4, [r2, #288]	@ 0x120
10000ee0:	f04f 040c 	mov.w	r4, #12
10000ee4:	f8a2 4138 	strh.w	r4, [r2, #312]	@ 0x138
10000ee8:	f04f 0401 	mov.w	r4, #1
10000eec:	8614      	strh	r4, [r2, #48]	@ 0x30
10000eee:	f04f 0408 	mov.w	r4, #8
10000ef2:	f8a2 40d8 	strh.w	r4, [r2, #216]	@ 0xd8
10000ef6:	4c14      	ldr	r4, [pc, #80]	@ (10000f48 <runtime_init_default_alarm_pool+0xf4>)
10000ef8:	f04f 0e0d 	mov.w	lr, #13
10000efc:	f04f 0c0e 	mov.w	ip, #14
10000f00:	609c      	str	r4, [r3, #8]
10000f02:	2408      	movs	r4, #8
10000f04:	8099      	strh	r1, [r3, #4]
10000f06:	f8a2 e150 	strh.w	lr, [r2, #336]	@ 0x150
10000f0a:	f8a2 c168 	strh.w	ip, [r2, #360]	@ 0x168
10000f0e:	f8a2 0060 	strh.w	r0, [r2, #96]	@ 0x60
10000f12:	8011      	strh	r1, [r2, #0]
10000f14:	4a0d      	ldr	r2, [pc, #52]	@ (10000f4c <runtime_init_default_alarm_pool+0xf8>)
10000f16:	622c      	str	r4, [r5, #32]
10000f18:	490d      	ldr	r1, [pc, #52]	@ (10000f50 <runtime_init_default_alarm_pool+0xfc>)
10000f1a:	60d3      	str	r3, [r2, #12]
10000f1c:	f7ff fc06 	bl	1000072c <irq_set_exclusive_handler>
10000f20:	2101      	movs	r1, #1
10000f22:	2003      	movs	r0, #3
10000f24:	f7ff fbc0 	bl	100006a8 <irq_set_enabled>
10000f28:	4b0a      	ldr	r3, [pc, #40]	@ (10000f54 <runtime_init_default_alarm_pool+0x100>)
10000f2a:	210a      	movs	r1, #10
10000f2c:	641c      	str	r4, [r3, #64]	@ 0x40
10000f2e:	4803      	ldr	r0, [pc, #12]	@ (10000f3c <runtime_init_default_alarm_pool+0xe8>)
10000f30:	e8bd 4038 	ldmia.w	sp!, {r3, r4, r5, lr}
10000f34:	f7ff bda8 	b.w	10000a88 <lock_init>
10000f38:	20001208 	.word	0x20001208
10000f3c:	20001e60 	.word	0x20001e60
10000f40:	400b0000 	.word	0x400b0000
10000f44:	2000158c 	.word	0x2000158c
10000f48:	0010ffff 	.word	0x0010ffff
10000f4c:	20001e38 	.word	0x20001e38
10000f50:	10000b69 	.word	0x10000b69
10000f54:	400b2000 	.word	0x400b2000

10000f58 <alarm_pool_get_default>:
10000f58:	4800      	ldr	r0, [pc, #0]	@ (10000f5c <alarm_pool_get_default+0x4>)
10000f5a:	4770      	bx	lr
10000f5c:	20001208 	.word	0x20001208

10000f60 <alarm_pool_add_alarm_at>:
10000f60:	b5f0      	push	{r4, r5, r6, r7, lr}
10000f62:	b083      	sub	sp, #12
10000f64:	f89d 4028 	ldrb.w	r4, [sp, #40]	@ 0x28
10000f68:	461d      	mov	r5, r3
10000f6a:	4603      	mov	r3, r0
10000f6c:	b954      	cbnz	r4, 10000f84 <alarm_pool_add_alarm_at+0x24>
10000f6e:	e9cd 0200 	strd	r0, r2, [sp]
10000f72:	f000 faa5 	bl	100014c0 <time_us_64>
10000f76:	9a01      	ldr	r2, [sp, #4]
10000f78:	9b00      	ldr	r3, [sp, #0]
10000f7a:	4282      	cmp	r2, r0
10000f7c:	eb65 0101 	sbc.w	r1, r5, r1
10000f80:	42a1      	cmp	r1, r4
10000f82:	db5b      	blt.n	1000103c <alarm_pool_add_alarm_at+0xdc>
10000f84:	6919      	ldr	r1, [r3, #16]
10000f86:	f3ef 8010 	mrs	r0, PRIMASK
10000f8a:	b672      	cpsid	i
10000f8c:	e8d1 6fcf 	ldaexb	r6, [r1]
10000f90:	2401      	movs	r4, #1
10000f92:	2e00      	cmp	r6, #0
10000f94:	d1fa      	bne.n	10000f8c <alarm_pool_add_alarm_at+0x2c>
10000f96:	e8c1 4f46 	strexb	r6, r4, [r1]
10000f9a:	2e00      	cmp	r6, #0
10000f9c:	d1f6      	bne.n	10000f8c <alarm_pool_add_alarm_at+0x2c>
10000f9e:	f3bf 8f5f 	dmb	sy
10000fa2:	f9b3 4002 	ldrsh.w	r4, [r3, #2]
10000fa6:	691f      	ldr	r7, [r3, #16]
10000fa8:	2c00      	cmp	r4, #0
10000faa:	db3e      	blt.n	1000102a <alarm_pool_add_alarm_at+0xca>
10000fac:	f8d3 c014 	ldr.w	ip, [r3, #20]
10000fb0:	eb04 0e44 	add.w	lr, r4, r4, lsl #1
10000fb4:	f83c 103e 	ldrh.w	r1, [ip, lr, lsl #3]
10000fb8:	2600      	movs	r6, #0
10000fba:	8059      	strh	r1, [r3, #2]
10000fbc:	eb0c 01ce 	add.w	r1, ip, lr, lsl #3
10000fc0:	e8c7 6f8f 	stlb	r6, [r7]
10000fc4:	f380 8810 	msr	PRIMASK, r0
10000fc8:	8848      	ldrh	r0, [r1, #2]
10000fca:	e9c1 2502 	strd	r2, r5, [r1, #8]
10000fce:	3001      	adds	r0, #1
10000fd0:	f3c0 000e 	ubfx	r0, r0, #0, #15
10000fd4:	2801      	cmp	r0, #1
10000fd6:	bf38      	it	cc
10000fd8:	2001      	movcc	r0, #1
10000fda:	9a08      	ldr	r2, [sp, #32]
10000fdc:	8048      	strh	r0, [r1, #2]
10000fde:	610a      	str	r2, [r1, #16]
10000fe0:	9a09      	ldr	r2, [sp, #36]	@ 0x24
10000fe2:	ea40 4004 	orr.w	r0, r0, r4, lsl #16
10000fe6:	614a      	str	r2, [r1, #20]
10000fe8:	691a      	ldr	r2, [r3, #16]
10000fea:	f3ef 8110 	mrs	r1, PRIMASK
10000fee:	b672      	cpsid	i
10000ff0:	e8d2 7fcf 	ldaexb	r7, [r2]
10000ff4:	2501      	movs	r5, #1
10000ff6:	2f00      	cmp	r7, #0
10000ff8:	d1fa      	bne.n	10000ff0 <alarm_pool_add_alarm_at+0x90>
10000ffa:	e8c2 5f47 	strexb	r7, r5, [r2]
10000ffe:	2f00      	cmp	r7, #0
10001000:	d1f6      	bne.n	10000ff0 <alarm_pool_add_alarm_at+0x90>
10001002:	f3bf 8f5f 	dmb	sy
10001006:	889a      	ldrh	r2, [r3, #4]
10001008:	f82c 203e 	strh.w	r2, [ip, lr, lsl #3]
1000100c:	691a      	ldr	r2, [r3, #16]
1000100e:	809c      	strh	r4, [r3, #4]
10001010:	e8c2 6f8f 	stlb	r6, [r2]
10001014:	f381 8810 	msr	PRIMASK, r1
10001018:	2101      	movs	r1, #1
1000101a:	781c      	ldrb	r4, [r3, #0]
1000101c:	68da      	ldr	r2, [r3, #12]
1000101e:	40a1      	lsls	r1, r4
10001020:	f502 5301 	add.w	r3, r2, #8256	@ 0x2040
10001024:	6059      	str	r1, [r3, #4]
10001026:	b003      	add	sp, #12
10001028:	bdf0      	pop	{r4, r5, r6, r7, pc}
1000102a:	2300      	movs	r3, #0
1000102c:	e8c7 3f8f 	stlb	r3, [r7]
10001030:	f380 8810 	msr	PRIMASK, r0
10001034:	f04f 30ff 	mov.w	r0, #4294967295	@ 0xffffffff
10001038:	b003      	add	sp, #12
1000103a:	bdf0      	pop	{r4, r5, r6, r7, pc}
1000103c:	4620      	mov	r0, r4
1000103e:	b003      	add	sp, #12
10001040:	bdf0      	pop	{r4, r5, r6, r7, pc}
10001042:	bf00      	nop

10001044 <alarm_pool_add_alarm_at_force_in_context>:
10001044:	b5f0      	push	{r4, r5, r6, r7, lr}
10001046:	4616      	mov	r6, r2
10001048:	461f      	mov	r7, r3
1000104a:	6902      	ldr	r2, [r0, #16]
1000104c:	4603      	mov	r3, r0
1000104e:	f3ef 8010 	mrs	r0, PRIMASK
10001052:	b672      	cpsid	i
10001054:	e8d2 4fcf 	ldaexb	r4, [r2]
10001058:	2101      	movs	r1, #1
1000105a:	2c00      	cmp	r4, #0
1000105c:	d1fa      	bne.n	10001054 <alarm_pool_add_alarm_at_force_in_context+0x10>
1000105e:	e8c2 1f44 	strexb	r4, r1, [r2]
10001062:	2c00      	cmp	r4, #0
10001064:	d1f6      	bne.n	10001054 <alarm_pool_add_alarm_at_force_in_context+0x10>
10001066:	f3bf 8f5f 	dmb	sy
1000106a:	f9b3 1002 	ldrsh.w	r1, [r3, #2]
1000106e:	691d      	ldr	r5, [r3, #16]
10001070:	2900      	cmp	r1, #0
10001072:	db45      	blt.n	10001100 <alarm_pool_add_alarm_at_force_in_context+0xbc>
10001074:	f8d3 e014 	ldr.w	lr, [r3, #20]
10001078:	eb01 0241 	add.w	r2, r1, r1, lsl #1
1000107c:	f83e 4032 	ldrh.w	r4, [lr, r2, lsl #3]
10001080:	eb0e 0cc2 	add.w	ip, lr, r2, lsl #3
10001084:	805c      	strh	r4, [r3, #2]
10001086:	2400      	movs	r4, #0
10001088:	e8c5 4f8f 	stlb	r4, [r5]
1000108c:	f380 8810 	msr	PRIMASK, r0
10001090:	9805      	ldr	r0, [sp, #20]
10001092:	4635      	mov	r5, r6
10001094:	f8cc 0010 	str.w	r0, [ip, #16]
10001098:	9806      	ldr	r0, [sp, #24]
1000109a:	463e      	mov	r6, r7
1000109c:	f8cc 0014 	str.w	r0, [ip, #20]
100010a0:	f8bc 0002 	ldrh.w	r0, [ip, #2]
100010a4:	e9cc 5602 	strd	r5, r6, [ip, #8]
100010a8:	3001      	adds	r0, #1
100010aa:	f3c0 000e 	ubfx	r0, r0, #0, #15
100010ae:	2801      	cmp	r0, #1
100010b0:	bf38      	it	cc
100010b2:	2001      	movcc	r0, #1
100010b4:	f8ac 0002 	strh.w	r0, [ip, #2]
100010b8:	ea40 4001 	orr.w	r0, r0, r1, lsl #16
100010bc:	f8d3 c010 	ldr.w	ip, [r3, #16]
100010c0:	f3ef 8510 	mrs	r5, PRIMASK
100010c4:	b672      	cpsid	i
100010c6:	e8dc 7fcf 	ldaexb	r7, [ip]
100010ca:	2601      	movs	r6, #1
100010cc:	2f00      	cmp	r7, #0
100010ce:	d1fa      	bne.n	100010c6 <alarm_pool_add_alarm_at_force_in_context+0x82>
100010d0:	e8cc 6f47 	strexb	r7, r6, [ip]
100010d4:	2f00      	cmp	r7, #0
100010d6:	d1f6      	bne.n	100010c6 <alarm_pool_add_alarm_at_force_in_context+0x82>
100010d8:	f3bf 8f5f 	dmb	sy
100010dc:	f8b3 c004 	ldrh.w	ip, [r3, #4]
100010e0:	f82e c032 	strh.w	ip, [lr, r2, lsl #3]
100010e4:	8099      	strh	r1, [r3, #4]
100010e6:	691a      	ldr	r2, [r3, #16]
100010e8:	e8c2 4f8f 	stlb	r4, [r2]
100010ec:	f385 8810 	msr	PRIMASK, r5
100010f0:	2101      	movs	r1, #1
100010f2:	781c      	ldrb	r4, [r3, #0]
100010f4:	68da      	ldr	r2, [r3, #12]
100010f6:	40a1      	lsls	r1, r4
100010f8:	f502 5301 	add.w	r3, r2, #8256	@ 0x2040
100010fc:	6059      	str	r1, [r3, #4]
100010fe:	bdf0      	pop	{r4, r5, r6, r7, pc}
10001100:	2300      	movs	r3, #0
10001102:	e8c5 3f8f 	stlb	r3, [r5]
10001106:	f380 8810 	msr	PRIMASK, r0
1000110a:	f04f 30ff 	mov.w	r0, #4294967295	@ 0xffffffff
1000110e:	bdf0      	pop	{r4, r5, r6, r7, pc}

10001110 <alarm_pool_cancel_alarm>:
10001110:	4603      	mov	r3, r0
10001112:	8940      	ldrh	r0, [r0, #10]
10001114:	ebb0 4f21 	cmp.w	r0, r1, asr #16
10001118:	dd3a      	ble.n	10001190 <alarm_pool_cancel_alarm+0x80>
1000111a:	6958      	ldr	r0, [r3, #20]
1000111c:	140a      	asrs	r2, r1, #16
1000111e:	eb02 0242 	add.w	r2, r2, r2, lsl #1
10001122:	b510      	push	{r4, lr}
10001124:	f8d3 c010 	ldr.w	ip, [r3, #16]
10001128:	eb00 00c2 	add.w	r0, r0, r2, lsl #3
1000112c:	f3ef 8e10 	mrs	lr, PRIMASK
10001130:	b672      	cpsid	i
10001132:	e8dc 4fcf 	ldaexb	r4, [ip]
10001136:	2201      	movs	r2, #1
10001138:	2c00      	cmp	r4, #0
1000113a:	d1fa      	bne.n	10001132 <alarm_pool_cancel_alarm+0x22>
1000113c:	e8cc 2f44 	strexb	r4, r2, [ip]
10001140:	2c00      	cmp	r4, #0
10001142:	d1f6      	bne.n	10001132 <alarm_pool_cancel_alarm+0x22>
10001144:	f3bf 8f5f 	dmb	sy
10001148:	8842      	ldrh	r2, [r0, #2]
1000114a:	b289      	uxth	r1, r1
1000114c:	b292      	uxth	r2, r2
1000114e:	428a      	cmp	r2, r1
10001150:	d007      	beq.n	10001162 <alarm_pool_cancel_alarm+0x52>
10001152:	2200      	movs	r2, #0
10001154:	691b      	ldr	r3, [r3, #16]
10001156:	e8c3 2f8f 	stlb	r2, [r3]
1000115a:	f38e 8810 	msr	PRIMASK, lr
1000115e:	2000      	movs	r0, #0
10001160:	bd10      	pop	{r4, pc}
10001162:	ea6f 4242 	mvn.w	r2, r2, lsl #17
10001166:	ea6f 4252 	mvn.w	r2, r2, lsr #17
1000116a:	8042      	strh	r2, [r0, #2]
1000116c:	2101      	movs	r1, #1
1000116e:	2200      	movs	r2, #0
10001170:	6918      	ldr	r0, [r3, #16]
10001172:	7199      	strb	r1, [r3, #6]
10001174:	e8c0 2f8f 	stlb	r2, [r0]
10001178:	f38e 8810 	msr	PRIMASK, lr
1000117c:	f893 c000 	ldrb.w	ip, [r3]
10001180:	68da      	ldr	r2, [r3, #12]
10001182:	4608      	mov	r0, r1
10001184:	f502 5301 	add.w	r3, r2, #8256	@ 0x2040
10001188:	fa01 f10c 	lsl.w	r1, r1, ip
1000118c:	6059      	str	r1, [r3, #4]
1000118e:	bd10      	pop	{r4, pc}
10001190:	2000      	movs	r0, #0
10001192:	4770      	bx	lr

10001194 <alarm_pool_core_num>:
10001194:	7840      	ldrb	r0, [r0, #1]
10001196:	4770      	bx	lr

10001198 <sleep_ms>:
10001198:	e92d 41f0 	stmdb	sp!, {r4, r5, r6, r7, r8, lr}
1000119c:	b082      	sub	sp, #8
1000119e:	4606      	mov	r6, r0
100011a0:	f000 f98e 	bl	100014c0 <time_us_64>
100011a4:	f44f 737a 	mov.w	r3, #1000	@ 0x3e8
100011a8:	4604      	mov	r4, r0
100011aa:	f04f 30ff 	mov.w	r0, #4294967295	@ 0xffffffff
100011ae:	f06f 4200 	mvn.w	r2, #2147483648	@ 0x80000000
100011b2:	fbe6 4103 	umlal	r4, r1, r6, r3
100011b6:	42a0      	cmp	r0, r4
100011b8:	eb72 0301 	sbcs.w	r3, r2, r1
100011bc:	bf3a      	itte	cc
100011be:	4604      	movcc	r4, r0
100011c0:	4615      	movcc	r5, r2
100011c2:	460d      	movcs	r5, r1
100011c4:	1fa6      	subs	r6, r4, #6
100011c6:	f145 37ff 	adc.w	r7, r5, #4294967295	@ 0xffffffff
100011ca:	42b4      	cmp	r4, r6
100011cc:	eb75 0307 	sbcs.w	r3, r5, r7
100011d0:	bf3c      	itt	cc
100011d2:	2600      	movcc	r6, #0
100011d4:	4637      	movcc	r7, r6
100011d6:	f000 f973 	bl	100014c0 <time_us_64>
100011da:	1a30      	subs	r0, r6, r0
100011dc:	eb67 0101 	sbc.w	r1, r7, r1
100011e0:	2801      	cmp	r0, #1
100011e2:	f171 0100 	sbcs.w	r1, r1, #0
100011e6:	da06      	bge.n	100011f6 <sleep_ms+0x5e>
100011e8:	4620      	mov	r0, r4
100011ea:	4629      	mov	r1, r5
100011ec:	b002      	add	sp, #8
100011ee:	e8bd 41f0 	ldmia.w	sp!, {r4, r5, r6, r7, r8, lr}
100011f2:	f000 b9d7 	b.w	100015a4 <busy_wait_until>
100011f6:	f000 f963 	bl	100014c0 <time_us_64>
100011fa:	4286      	cmp	r6, r0
100011fc:	eb67 0101 	sbc.w	r1, r7, r1
10001200:	2900      	cmp	r1, #0
10001202:	db0a      	blt.n	1000121a <sleep_ms+0x82>
10001204:	2100      	movs	r1, #0
10001206:	4b17      	ldr	r3, [pc, #92]	@ (10001264 <sleep_ms+0xcc>)
10001208:	4632      	mov	r2, r6
1000120a:	9300      	str	r3, [sp, #0]
1000120c:	4816      	ldr	r0, [pc, #88]	@ (10001268 <sleep_ms+0xd0>)
1000120e:	463b      	mov	r3, r7
10001210:	9101      	str	r1, [sp, #4]
10001212:	f7ff ff17 	bl	10001044 <alarm_pool_add_alarm_at_force_in_context>
10001216:	3001      	adds	r0, #1
10001218:	d0e6      	beq.n	100011e8 <sleep_ms+0x50>
1000121a:	f04f 0c00 	mov.w	ip, #0
1000121e:	4a13      	ldr	r2, [pc, #76]	@ (1000126c <sleep_ms+0xd4>)
10001220:	4913      	ldr	r1, [pc, #76]	@ (10001270 <sleep_ms+0xd8>)
10001222:	6a53      	ldr	r3, [r2, #36]	@ 0x24
10001224:	429f      	cmp	r7, r3
10001226:	d804      	bhi.n	10001232 <sleep_ms+0x9a>
10001228:	6a90      	ldr	r0, [r2, #40]	@ 0x28
1000122a:	42b0      	cmp	r0, r6
1000122c:	d2dc      	bcs.n	100011e8 <sleep_ms+0x50>
1000122e:	429f      	cmp	r7, r3
10001230:	d1da      	bne.n	100011e8 <sleep_ms+0x50>
10001232:	680b      	ldr	r3, [r1, #0]
10001234:	f3ef 8010 	mrs	r0, PRIMASK
10001238:	b672      	cpsid	i
1000123a:	e8d3 8fcf 	ldaexb	r8, [r3]
1000123e:	f05f 0e01 	movs.w	lr, #1
10001242:	f1b8 0f00 	cmp.w	r8, #0
10001246:	d1f8      	bne.n	1000123a <sleep_ms+0xa2>
10001248:	e8c3 ef48 	strexb	r8, lr, [r3]
1000124c:	f1b8 0f00 	cmp.w	r8, #0
10001250:	d1f3      	bne.n	1000123a <sleep_ms+0xa2>
10001252:	f3bf 8f5f 	dmb	sy
10001256:	680b      	ldr	r3, [r1, #0]
10001258:	e8c3 cf8f 	stlb	ip, [r3]
1000125c:	f380 8810 	msr	PRIMASK, r0
10001260:	bf20      	wfe
10001262:	e7de      	b.n	10001222 <sleep_ms+0x8a>
10001264:	10000b29 	.word	0x10000b29
10001268:	20001208 	.word	0x20001208
1000126c:	400b0000 	.word	0x400b0000
10001270:	20001e60 	.word	0x20001e60

10001274 <best_effort_wfe_or_timeout>:
10001274:	f3ef 8205 	mrs	r2, IPSR
10001278:	b2d2      	uxtb	r2, r2
1000127a:	b182      	cbz	r2, 1000129e <best_effort_wfe_or_timeout+0x2a>
1000127c:	4b38      	ldr	r3, [pc, #224]	@ (10001360 <best_effort_wfe_or_timeout+0xec>)
1000127e:	6a5a      	ldr	r2, [r3, #36]	@ 0x24
10001280:	428a      	cmp	r2, r1
10001282:	d202      	bcs.n	1000128a <best_effort_wfe_or_timeout+0x16>
10001284:	2200      	movs	r2, #0
10001286:	4610      	mov	r0, r2
10001288:	4770      	bx	lr
1000128a:	bf14      	ite	ne
1000128c:	2201      	movne	r2, #1
1000128e:	2200      	moveq	r2, #0
10001290:	6a9b      	ldr	r3, [r3, #40]	@ 0x28
10001292:	4283      	cmp	r3, r0
10001294:	bf28      	it	cs
10001296:	f042 0201 	orrcs.w	r2, r2, #1
1000129a:	4610      	mov	r0, r2
1000129c:	4770      	bx	lr
1000129e:	b570      	push	{r4, r5, r6, lr}
100012a0:	b084      	sub	sp, #16
100012a2:	9203      	str	r2, [sp, #12]
100012a4:	4a2f      	ldr	r2, [pc, #188]	@ (10001364 <best_effort_wfe_or_timeout+0xf0>)
100012a6:	4606      	mov	r6, r0
100012a8:	68d3      	ldr	r3, [r2, #12]
100012aa:	7815      	ldrb	r5, [r2, #0]
100012ac:	4618      	mov	r0, r3
100012ae:	460c      	mov	r4, r1
100012b0:	9302      	str	r3, [sp, #8]
100012b2:	f000 f8fd 	bl	100014b0 <timer_time_us_64>
100012b6:	9b02      	ldr	r3, [sp, #8]
100012b8:	f105 0c04 	add.w	ip, r5, #4
100012bc:	f853 c02c 	ldr.w	ip, [r3, ip, lsl #2]
100012c0:	9a03      	ldr	r2, [sp, #12]
100012c2:	ebac 0c00 	sub.w	ip, ip, r0
100012c6:	1a30      	subs	r0, r6, r0
100012c8:	eb64 0101 	sbc.w	r1, r4, r1
100012cc:	4560      	cmp	r0, ip
100012ce:	f171 0100 	sbcs.w	r1, r1, #0
100012d2:	db0f      	blt.n	100012f4 <best_effort_wfe_or_timeout+0x80>
100012d4:	bf20      	wfe
100012d6:	4b22      	ldr	r3, [pc, #136]	@ (10001360 <best_effort_wfe_or_timeout+0xec>)
100012d8:	6a59      	ldr	r1, [r3, #36]	@ 0x24
100012da:	42a1      	cmp	r1, r4
100012dc:	d307      	bcc.n	100012ee <best_effort_wfe_or_timeout+0x7a>
100012de:	bf14      	ite	ne
100012e0:	2201      	movne	r2, #1
100012e2:	2200      	moveq	r2, #0
100012e4:	6a9b      	ldr	r3, [r3, #40]	@ 0x28
100012e6:	42b3      	cmp	r3, r6
100012e8:	bf28      	it	cs
100012ea:	f042 0201 	orrcs.w	r2, r2, #1
100012ee:	4610      	mov	r0, r2
100012f0:	b004      	add	sp, #16
100012f2:	bd70      	pop	{r4, r5, r6, pc}
100012f4:	9202      	str	r2, [sp, #8]
100012f6:	f000 f8e3 	bl	100014c0 <time_us_64>
100012fa:	4286      	cmp	r6, r0
100012fc:	eb64 0101 	sbc.w	r1, r4, r1
10001300:	2900      	cmp	r1, #0
10001302:	9a02      	ldr	r2, [sp, #8]
10001304:	db1b      	blt.n	1000133e <best_effort_wfe_or_timeout+0xca>
10001306:	4918      	ldr	r1, [pc, #96]	@ (10001368 <best_effort_wfe_or_timeout+0xf4>)
10001308:	4623      	mov	r3, r4
1000130a:	e9cd 1200 	strd	r1, r2, [sp]
1000130e:	4815      	ldr	r0, [pc, #84]	@ (10001364 <best_effort_wfe_or_timeout+0xf0>)
10001310:	4632      	mov	r2, r6
10001312:	f7ff fe97 	bl	10001044 <alarm_pool_add_alarm_at_force_in_context>
10001316:	1e01      	subs	r1, r0, #0
10001318:	dd11      	ble.n	1000133e <best_effort_wfe_or_timeout+0xca>
1000131a:	4b11      	ldr	r3, [pc, #68]	@ (10001360 <best_effort_wfe_or_timeout+0xec>)
1000131c:	6a5a      	ldr	r2, [r3, #36]	@ 0x24
1000131e:	42a2      	cmp	r2, r4
10001320:	d31c      	bcc.n	1000135c <best_effort_wfe_or_timeout+0xe8>
10001322:	6a9b      	ldr	r3, [r3, #40]	@ 0x28
10001324:	42b3      	cmp	r3, r6
10001326:	d317      	bcc.n	10001358 <best_effort_wfe_or_timeout+0xe4>
10001328:	480e      	ldr	r0, [pc, #56]	@ (10001364 <best_effort_wfe_or_timeout+0xf0>)
1000132a:	f7ff fef1 	bl	10001110 <alarm_pool_cancel_alarm>
1000132e:	4b0c      	ldr	r3, [pc, #48]	@ (10001360 <best_effort_wfe_or_timeout+0xec>)
10001330:	6a5a      	ldr	r2, [r3, #36]	@ 0x24
10001332:	42a2      	cmp	r2, r4
10001334:	d2d3      	bcs.n	100012de <best_effort_wfe_or_timeout+0x6a>
10001336:	2200      	movs	r2, #0
10001338:	4610      	mov	r0, r2
1000133a:	b004      	add	sp, #16
1000133c:	bd70      	pop	{r4, r5, r6, pc}
1000133e:	4b08      	ldr	r3, [pc, #32]	@ (10001360 <best_effort_wfe_or_timeout+0xec>)
10001340:	6a5a      	ldr	r2, [r3, #36]	@ 0x24
10001342:	42a2      	cmp	r2, r4
10001344:	d3f7      	bcc.n	10001336 <best_effort_wfe_or_timeout+0xc2>
10001346:	1b12      	subs	r2, r2, r4
10001348:	bf18      	it	ne
1000134a:	2201      	movne	r2, #1
1000134c:	6a9b      	ldr	r3, [r3, #40]	@ 0x28
1000134e:	42b3      	cmp	r3, r6
10001350:	bf28      	it	cs
10001352:	f042 0201 	orrcs.w	r2, r2, #1
10001356:	e7ca      	b.n	100012ee <best_effort_wfe_or_timeout+0x7a>
10001358:	42a2      	cmp	r2, r4
1000135a:	d1e5      	bne.n	10001328 <best_effort_wfe_or_timeout+0xb4>
1000135c:	bf20      	wfe
1000135e:	e7e3      	b.n	10001328 <best_effort_wfe_or_timeout+0xb4>
10001360:	400b0000 	.word	0x400b0000
10001364:	20001208 	.word	0x20001208
10001368:	10000b29 	.word	0x10000b29

1000136c <alarm_pool_add_repeating_timer_us>:
1000136c:	e92d 47f0 	stmdb	sp!, {r4, r5, r6, r7, r8, r9, sl, lr}
10001370:	4604      	mov	r4, r0
10001372:	e9dd 1509 	ldrd	r1, r5, [sp, #36]	@ 0x24
10001376:	ea52 0003 	orrs.w	r0, r2, r3
1000137a:	d072      	beq.n	10001462 <alarm_pool_add_repeating_timer_us+0xf6>
1000137c:	2b00      	cmp	r3, #0
1000137e:	4617      	mov	r7, r2
10001380:	461e      	mov	r6, r3
10001382:	db73      	blt.n	1000146c <alarm_pool_add_repeating_timer_us+0x100>
10001384:	9808      	ldr	r0, [sp, #32]
10001386:	e9c5 2300 	strd	r2, r3, [r5]
1000138a:	6128      	str	r0, [r5, #16]
1000138c:	60ac      	str	r4, [r5, #8]
1000138e:	6169      	str	r1, [r5, #20]
10001390:	f000 f896 	bl	100014c0 <time_us_64>
10001394:	6923      	ldr	r3, [r4, #16]
10001396:	468a      	mov	sl, r1
10001398:	f3ef 8810 	mrs	r8, PRIMASK
1000139c:	b672      	cpsid	i
1000139e:	e8d3 1fcf 	ldaexb	r1, [r3]
100013a2:	2201      	movs	r2, #1
100013a4:	2900      	cmp	r1, #0
100013a6:	d1fa      	bne.n	1000139e <alarm_pool_add_repeating_timer_us+0x32>
100013a8:	e8c3 2f41 	strexb	r1, r2, [r3]
100013ac:	2900      	cmp	r1, #0
100013ae:	d1f6      	bne.n	1000139e <alarm_pool_add_repeating_timer_us+0x32>
100013b0:	f3bf 8f5f 	dmb	sy
100013b4:	f9b4 2002 	ldrsh.w	r2, [r4, #2]
100013b8:	6923      	ldr	r3, [r4, #16]
100013ba:	2a00      	cmp	r2, #0
100013bc:	db5a      	blt.n	10001474 <alarm_pool_add_repeating_timer_us+0x108>
100013be:	f8d4 c014 	ldr.w	ip, [r4, #20]
100013c2:	eb02 0e42 	add.w	lr, r2, r2, lsl #1
100013c6:	f83c 103e 	ldrh.w	r1, [ip, lr, lsl #3]
100013ca:	f04f 0900 	mov.w	r9, #0
100013ce:	8061      	strh	r1, [r4, #2]
100013d0:	eb0c 01ce 	add.w	r1, ip, lr, lsl #3
100013d4:	e8c3 9f8f 	stlb	r9, [r3]
100013d8:	f388 8810 	msr	PRIMASK, r8
100013dc:	19c0      	adds	r0, r0, r7
100013de:	f04f 37ff 	mov.w	r7, #4294967295	@ 0xffffffff
100013e2:	f06f 4300 	mvn.w	r3, #2147483648	@ 0x80000000
100013e6:	f8df 80a0 	ldr.w	r8, [pc, #160]	@ 10001488 <alarm_pool_add_repeating_timer_us+0x11c>
100013ea:	eb46 060a 	adc.w	r6, r6, sl
100013ee:	4287      	cmp	r7, r0
100013f0:	f8c1 8010 	str.w	r8, [r1, #16]
100013f4:	eb73 0806 	sbcs.w	r8, r3, r6
100013f8:	bf38      	it	cc
100013fa:	461e      	movcc	r6, r3
100013fc:	884b      	ldrh	r3, [r1, #2]
100013fe:	bf38      	it	cc
10001400:	4638      	movcc	r0, r7
10001402:	3301      	adds	r3, #1
10001404:	f3c3 030e 	ubfx	r3, r3, #0, #15
10001408:	2b01      	cmp	r3, #1
1000140a:	bf38      	it	cc
1000140c:	2301      	movcc	r3, #1
1000140e:	e9c1 0602 	strd	r0, r6, [r1, #8]
10001412:	804b      	strh	r3, [r1, #2]
10001414:	614d      	str	r5, [r1, #20]
10001416:	ea43 4302 	orr.w	r3, r3, r2, lsl #16
1000141a:	6921      	ldr	r1, [r4, #16]
1000141c:	f3ef 8010 	mrs	r0, PRIMASK
10001420:	b672      	cpsid	i
10001422:	e8d1 7fcf 	ldaexb	r7, [r1]
10001426:	2601      	movs	r6, #1
10001428:	2f00      	cmp	r7, #0
1000142a:	d1fa      	bne.n	10001422 <alarm_pool_add_repeating_timer_us+0xb6>
1000142c:	e8c1 6f47 	strexb	r7, r6, [r1]
10001430:	2f00      	cmp	r7, #0
10001432:	d1f6      	bne.n	10001422 <alarm_pool_add_repeating_timer_us+0xb6>
10001434:	f3bf 8f5f 	dmb	sy
10001438:	88a1      	ldrh	r1, [r4, #4]
1000143a:	f82c 103e 	strh.w	r1, [ip, lr, lsl #3]
1000143e:	80a2      	strh	r2, [r4, #4]
10001440:	6921      	ldr	r1, [r4, #16]
10001442:	2200      	movs	r2, #0
10001444:	e8c1 2f8f 	stlb	r2, [r1]
10001448:	f380 8810 	msr	PRIMASK, r0
1000144c:	2001      	movs	r0, #1
1000144e:	7821      	ldrb	r1, [r4, #0]
10001450:	68e2      	ldr	r2, [r4, #12]
10001452:	fa00 f101 	lsl.w	r1, r0, r1
10001456:	f502 5201 	add.w	r2, r2, #8256	@ 0x2040
1000145a:	6051      	str	r1, [r2, #4]
1000145c:	60eb      	str	r3, [r5, #12]
1000145e:	e8bd 87f0 	ldmia.w	sp!, {r4, r5, r6, r7, r8, r9, sl, pc}
10001462:	2701      	movs	r7, #1
10001464:	2600      	movs	r6, #0
10001466:	463a      	mov	r2, r7
10001468:	4633      	mov	r3, r6
1000146a:	e78b      	b.n	10001384 <alarm_pool_add_repeating_timer_us+0x18>
1000146c:	4257      	negs	r7, r2
1000146e:	eb63 0643 	sbc.w	r6, r3, r3, lsl #1
10001472:	e787      	b.n	10001384 <alarm_pool_add_repeating_timer_us+0x18>
10001474:	2000      	movs	r0, #0
10001476:	e8c3 0f8f 	stlb	r0, [r3]
1000147a:	f388 8810 	msr	PRIMASK, r8
1000147e:	f04f 33ff 	mov.w	r3, #4294967295	@ 0xffffffff
10001482:	60eb      	str	r3, [r5, #12]
10001484:	e8bd 87f0 	ldmia.w	sp!, {r4, r5, r6, r7, r8, r9, sl, pc}
10001488:	10000b69 	.word	0x10000b69

1000148c <timer_hardware_alarm_claim>:
1000148c:	b410      	push	{r4}
1000148e:	4b05      	ldr	r3, [pc, #20]	@ (100014a4 <timer_hardware_alarm_claim+0x18>)
10001490:	4c05      	ldr	r4, [pc, #20]	@ (100014a8 <timer_hardware_alarm_claim+0x1c>)
10001492:	4a06      	ldr	r2, [pc, #24]	@ (100014ac <timer_hardware_alarm_claim+0x20>)
10001494:	42a0      	cmp	r0, r4
10001496:	bf14      	ite	ne
10001498:	4618      	movne	r0, r3
1000149a:	1c58      	addeq	r0, r3, #1
1000149c:	bc10      	pop	{r4}
1000149e:	f7ff b843 	b.w	10000528 <hw_claim_or_assert>
100014a2:	bf00      	nop
100014a4:	200019ac 	.word	0x200019ac
100014a8:	400b8000 	.word	0x400b8000
100014ac:	100072d4 	.word	0x100072d4

100014b0 <timer_time_us_64>:
100014b0:	4603      	mov	r3, r0
100014b2:	6a41      	ldr	r1, [r0, #36]	@ 0x24
100014b4:	460a      	mov	r2, r1
100014b6:	6a98      	ldr	r0, [r3, #40]	@ 0x28
100014b8:	6a59      	ldr	r1, [r3, #36]	@ 0x24
100014ba:	428a      	cmp	r2, r1
100014bc:	d1fa      	bne.n	100014b4 <timer_time_us_64+0x4>
100014be:	4770      	bx	lr

100014c0 <time_us_64>:
100014c0:	4b03      	ldr	r3, [pc, #12]	@ (100014d0 <time_us_64+0x10>)
100014c2:	6a59      	ldr	r1, [r3, #36]	@ 0x24
100014c4:	460a      	mov	r2, r1
100014c6:	6a98      	ldr	r0, [r3, #40]	@ 0x28
100014c8:	6a59      	ldr	r1, [r3, #36]	@ 0x24
100014ca:	4291      	cmp	r1, r2
100014cc:	d1fa      	bne.n	100014c4 <time_us_64+0x4>
100014ce:	4770      	bx	lr
100014d0:	400b0000 	.word	0x400b0000

100014d4 <busy_wait_us_32>:
100014d4:	2800      	cmp	r0, #0
100014d6:	4a1a      	ldr	r2, [pc, #104]	@ (10001540 <busy_wait_us_32+0x6c>)
100014d8:	db05      	blt.n	100014e6 <busy_wait_us_32+0x12>
100014da:	6a91      	ldr	r1, [r2, #40]	@ 0x28
100014dc:	6a93      	ldr	r3, [r2, #40]	@ 0x28
100014de:	1a5b      	subs	r3, r3, r1
100014e0:	4298      	cmp	r0, r3
100014e2:	d8fb      	bhi.n	100014dc <busy_wait_us_32+0x8>
100014e4:	4770      	bx	lr
100014e6:	6a53      	ldr	r3, [r2, #36]	@ 0x24
100014e8:	4619      	mov	r1, r3
100014ea:	f8d2 c028 	ldr.w	ip, [r2, #40]	@ 0x28
100014ee:	6a53      	ldr	r3, [r2, #36]	@ 0x24
100014f0:	428b      	cmp	r3, r1
100014f2:	d1f9      	bne.n	100014e8 <busy_wait_us_32+0x14>
100014f4:	eb10 000c 	adds.w	r0, r0, ip
100014f8:	f153 0300 	adcs.w	r3, r3, #0
100014fc:	f04f 0200 	mov.w	r2, #0
10001500:	bf28      	it	cs
10001502:	2201      	movcs	r2, #1
10001504:	b992      	cbnz	r2, 1000152c <busy_wait_us_32+0x58>
10001506:	4a0e      	ldr	r2, [pc, #56]	@ (10001540 <busy_wait_us_32+0x6c>)
10001508:	6a52      	ldr	r2, [r2, #36]	@ 0x24
1000150a:	4293      	cmp	r3, r2
1000150c:	d903      	bls.n	10001516 <busy_wait_us_32+0x42>
1000150e:	490c      	ldr	r1, [pc, #48]	@ (10001540 <busy_wait_us_32+0x6c>)
10001510:	6a4a      	ldr	r2, [r1, #36]	@ 0x24
10001512:	429a      	cmp	r2, r3
10001514:	d3fc      	bcc.n	10001510 <busy_wait_us_32+0x3c>
10001516:	429a      	cmp	r2, r3
10001518:	d107      	bne.n	1000152a <busy_wait_us_32+0x56>
1000151a:	4a09      	ldr	r2, [pc, #36]	@ (10001540 <busy_wait_us_32+0x6c>)
1000151c:	e002      	b.n	10001524 <busy_wait_us_32+0x50>
1000151e:	6a51      	ldr	r1, [r2, #36]	@ 0x24
10001520:	4299      	cmp	r1, r3
10001522:	d102      	bne.n	1000152a <busy_wait_us_32+0x56>
10001524:	6a91      	ldr	r1, [r2, #40]	@ 0x28
10001526:	4281      	cmp	r1, r0
10001528:	d3f9      	bcc.n	1000151e <busy_wait_us_32+0x4a>
1000152a:	4770      	bx	lr
1000152c:	4b04      	ldr	r3, [pc, #16]	@ (10001540 <busy_wait_us_32+0x6c>)
1000152e:	6a5b      	ldr	r3, [r3, #36]	@ 0x24
10001530:	1c5a      	adds	r2, r3, #1
10001532:	bf08      	it	eq
10001534:	4618      	moveq	r0, r3
10001536:	d0f0      	beq.n	1000151a <busy_wait_us_32+0x46>
10001538:	f04f 33ff 	mov.w	r3, #4294967295	@ 0xffffffff
1000153c:	4618      	mov	r0, r3
1000153e:	e7e6      	b.n	1000150e <busy_wait_us_32+0x3a>
10001540:	400b0000 	.word	0x400b0000

10001544 <busy_wait_us>:
10001544:	b500      	push	{lr}
10001546:	468e      	mov	lr, r1
10001548:	4a15      	ldr	r2, [pc, #84]	@ (100015a0 <busy_wait_us+0x5c>)
1000154a:	6a53      	ldr	r3, [r2, #36]	@ 0x24
1000154c:	469c      	mov	ip, r3
1000154e:	6a91      	ldr	r1, [r2, #40]	@ 0x28
10001550:	6a53      	ldr	r3, [r2, #36]	@ 0x24
10001552:	4563      	cmp	r3, ip
10001554:	d1fa      	bne.n	1000154c <busy_wait_us+0x8>
10001556:	1840      	adds	r0, r0, r1
10001558:	eb53 030e 	adcs.w	r3, r3, lr
1000155c:	f04f 0200 	mov.w	r2, #0
10001560:	bf28      	it	cs
10001562:	2201      	movcs	r2, #1
10001564:	b1ba      	cbz	r2, 10001596 <busy_wait_us+0x52>
10001566:	4b0e      	ldr	r3, [pc, #56]	@ (100015a0 <busy_wait_us+0x5c>)
10001568:	6a5a      	ldr	r2, [r3, #36]	@ 0x24
1000156a:	1c53      	adds	r3, r2, #1
1000156c:	bf08      	it	eq
1000156e:	4610      	moveq	r0, r2
10001570:	d008      	beq.n	10001584 <busy_wait_us+0x40>
10001572:	f04f 33ff 	mov.w	r3, #4294967295	@ 0xffffffff
10001576:	4618      	mov	r0, r3
10001578:	4909      	ldr	r1, [pc, #36]	@ (100015a0 <busy_wait_us+0x5c>)
1000157a:	6a4a      	ldr	r2, [r1, #36]	@ 0x24
1000157c:	429a      	cmp	r2, r3
1000157e:	d3fc      	bcc.n	1000157a <busy_wait_us+0x36>
10001580:	429a      	cmp	r2, r3
10001582:	d107      	bne.n	10001594 <busy_wait_us+0x50>
10001584:	4b06      	ldr	r3, [pc, #24]	@ (100015a0 <busy_wait_us+0x5c>)
10001586:	e002      	b.n	1000158e <busy_wait_us+0x4a>
10001588:	6a59      	ldr	r1, [r3, #36]	@ 0x24
1000158a:	4291      	cmp	r1, r2
1000158c:	d102      	bne.n	10001594 <busy_wait_us+0x50>
1000158e:	6a99      	ldr	r1, [r3, #40]	@ 0x28
10001590:	4281      	cmp	r1, r0
10001592:	d3f9      	bcc.n	10001588 <busy_wait_us+0x44>
10001594:	bd00      	pop	{pc}
10001596:	4a02      	ldr	r2, [pc, #8]	@ (100015a0 <busy_wait_us+0x5c>)
10001598:	6a52      	ldr	r2, [r2, #36]	@ 0x24
1000159a:	4293      	cmp	r3, r2
1000159c:	d8ec      	bhi.n	10001578 <busy_wait_us+0x34>
1000159e:	e7ef      	b.n	10001580 <busy_wait_us+0x3c>
100015a0:	400b0000 	.word	0x400b0000

100015a4 <busy_wait_until>:
100015a4:	4a07      	ldr	r2, [pc, #28]	@ (100015c4 <busy_wait_until+0x20>)
100015a6:	6a53      	ldr	r3, [r2, #36]	@ 0x24
100015a8:	4299      	cmp	r1, r3
100015aa:	d8fc      	bhi.n	100015a6 <busy_wait_until+0x2>
100015ac:	4299      	cmp	r1, r3
100015ae:	d107      	bne.n	100015c0 <busy_wait_until+0x1c>
100015b0:	4b04      	ldr	r3, [pc, #16]	@ (100015c4 <busy_wait_until+0x20>)
100015b2:	e002      	b.n	100015ba <busy_wait_until+0x16>
100015b4:	6a5a      	ldr	r2, [r3, #36]	@ 0x24
100015b6:	4291      	cmp	r1, r2
100015b8:	d102      	bne.n	100015c0 <busy_wait_until+0x1c>
100015ba:	6a9a      	ldr	r2, [r3, #40]	@ 0x28
100015bc:	4290      	cmp	r0, r2
100015be:	d8f9      	bhi.n	100015b4 <busy_wait_until+0x10>
100015c0:	4770      	bx	lr
100015c2:	bf00      	nop
100015c4:	400b0000 	.word	0x400b0000

100015c8 <clock_configure_undivided>:
100015c8:	eb00 0c40 	add.w	ip, r0, r0, lsl #1
100015cc:	ea4f 0c8c 	mov.w	ip, ip, lsl #2
100015d0:	f10c 4c80 	add.w	ip, ip, #1073741824	@ 0x40000000
100015d4:	f50c 3c80 	add.w	ip, ip, #65536	@ 0x10000
100015d8:	b570      	push	{r4, r5, r6, lr}
100015da:	461e      	mov	r6, r3
100015dc:	f8dc 3004 	ldr.w	r3, [ip, #4]
100015e0:	1f04      	subs	r4, r0, #4
100015e2:	f5b3 3f80 	cmp.w	r3, #65536	@ 0x10000
100015e6:	bf38      	it	cc
100015e8:	f44f 3380 	movcc.w	r3, #65536	@ 0x10000
100015ec:	b2e4      	uxtb	r4, r4
100015ee:	bf38      	it	cc
100015f0:	f8cc 3004 	strcc.w	r3, [ip, #4]
100015f4:	2c01      	cmp	r4, #1
100015f6:	d92e      	bls.n	10001656 <clock_configure_undivided+0x8e>
100015f8:	f44f 6500 	mov.w	r5, #2048	@ 0x800
100015fc:	4b28      	ldr	r3, [pc, #160]	@ (100016a0 <clock_configure_undivided+0xd8>)
100015fe:	f50c 5e40 	add.w	lr, ip, #12288	@ 0x3000
10001602:	f8ce 5000 	str.w	r5, [lr]
10001606:	f853 e020 	ldr.w	lr, [r3, r0, lsl #2]
1000160a:	f1be 0f00 	cmp.w	lr, #0
1000160e:	d117      	bne.n	10001640 <clock_configure_undivided+0x78>
10001610:	f8dc e000 	ldr.w	lr, [ip]
10001614:	2c01      	cmp	r4, #1
10001616:	ea8e 1242 	eor.w	r2, lr, r2, lsl #5
1000161a:	f002 02e0 	and.w	r2, r2, #224	@ 0xe0
1000161e:	f50c 5e80 	add.w	lr, ip, #4096	@ 0x1000
10001622:	f8ce 2000 	str.w	r2, [lr]
10001626:	d92b      	bls.n	10001680 <clock_configure_undivided+0xb8>
10001628:	f44f 6100 	mov.w	r1, #2048	@ 0x800
1000162c:	f843 6020 	str.w	r6, [r3, r0, lsl #2]
10001630:	f44f 3380 	mov.w	r3, #65536	@ 0x10000
10001634:	f50c 5200 	add.w	r2, ip, #8192	@ 0x2000
10001638:	6011      	str	r1, [r2, #0]
1000163a:	f8cc 3004 	str.w	r3, [ip, #4]
1000163e:	bd70      	pop	{r4, r5, r6, pc}
10001640:	695d      	ldr	r5, [r3, #20]
10001642:	fbb5 fefe 	udiv	lr, r5, lr
10001646:	f10e 0e01 	add.w	lr, lr, #1
1000164a:	eb0e 0e4e 	add.w	lr, lr, lr, lsl #1
1000164e:	f1be 0e03 	subs.w	lr, lr, #3
10001652:	d2fc      	bcs.n	1000164e <clock_configure_undivided+0x86>
10001654:	e7dc      	b.n	10001610 <clock_configure_undivided+0x48>
10001656:	2901      	cmp	r1, #1
10001658:	d1ce      	bne.n	100015f8 <clock_configure_undivided+0x30>
1000165a:	2403      	movs	r4, #3
1000165c:	f50c 5340 	add.w	r3, ip, #12288	@ 0x3000
10001660:	601c      	str	r4, [r3, #0]
10001662:	f8dc 3008 	ldr.w	r3, [ip, #8]
10001666:	07db      	lsls	r3, r3, #31
10001668:	d5fb      	bpl.n	10001662 <clock_configure_undivided+0x9a>
1000166a:	f8dc 3000 	ldr.w	r3, [ip]
1000166e:	f50c 5e80 	add.w	lr, ip, #4096	@ 0x1000
10001672:	ea83 1342 	eor.w	r3, r3, r2, lsl #5
10001676:	f003 03e0 	and.w	r3, r3, #224	@ 0xe0
1000167a:	f8ce 3000 	str.w	r3, [lr]
1000167e:	4b08      	ldr	r3, [pc, #32]	@ (100016a0 <clock_configure_undivided+0xd8>)
10001680:	2201      	movs	r2, #1
10001682:	f8dc 4000 	ldr.w	r4, [ip]
10001686:	404c      	eors	r4, r1
10001688:	f004 0403 	and.w	r4, r4, #3
1000168c:	f8ce 4000 	str.w	r4, [lr]
10001690:	fa02 f101 	lsl.w	r1, r2, r1
10001694:	f8dc 2008 	ldr.w	r2, [ip, #8]
10001698:	420a      	tst	r2, r1
1000169a:	d0fb      	beq.n	10001694 <clock_configure_undivided+0xcc>
1000169c:	e7c4      	b.n	10001628 <clock_configure_undivided+0x60>
1000169e:	bf00      	nop
100016a0:	200019b0 	.word	0x200019b0

100016a4 <clock_get_hz>:
100016a4:	4b01      	ldr	r3, [pc, #4]	@ (100016ac <clock_get_hz+0x8>)
100016a6:	f853 0020 	ldr.w	r0, [r3, r0, lsl #2]
100016aa:	4770      	bx	lr
100016ac:	200019b0 	.word	0x200019b0

100016b0 <pll_init>:
100016b0:	b510      	push	{r4, lr}
100016b2:	9c02      	ldr	r4, [sp, #8]
100016b4:	468e      	mov	lr, r1
100016b6:	ea4f 3c04 	mov.w	ip, r4, lsl #12
100016ba:	ea4c 4c03 	orr.w	ip, ip, r3, lsl #16
100016be:	4b1c      	ldr	r3, [pc, #112]	@ (10001730 <pll_init+0x80>)
100016c0:	fbb3 f3f1 	udiv	r3, r3, r1
100016c4:	6801      	ldr	r1, [r0, #0]
100016c6:	fbb2 f4f3 	udiv	r4, r2, r3
100016ca:	2900      	cmp	r1, #0
100016cc:	db20      	blt.n	10001710 <pll_init+0x60>
100016ce:	4a19      	ldr	r2, [pc, #100]	@ (10001734 <pll_init+0x84>)
100016d0:	4b19      	ldr	r3, [pc, #100]	@ (10001738 <pll_init+0x88>)
100016d2:	4290      	cmp	r0, r2
100016d4:	bf14      	ite	ne
100016d6:	f44f 4280 	movne.w	r2, #16384	@ 0x4000
100016da:	f44f 4200 	moveq.w	r2, #32768	@ 0x8000
100016de:	4917      	ldr	r1, [pc, #92]	@ (1000173c <pll_init+0x8c>)
100016e0:	601a      	str	r2, [r3, #0]
100016e2:	f503 5380 	add.w	r3, r3, #4096	@ 0x1000
100016e6:	601a      	str	r2, [r3, #0]
100016e8:	688b      	ldr	r3, [r1, #8]
100016ea:	ea32 0303 	bics.w	r3, r2, r3
100016ee:	d1fb      	bne.n	100016e8 <pll_init+0x38>
100016f0:	2221      	movs	r2, #33	@ 0x21
100016f2:	f500 5340 	add.w	r3, r0, #12288	@ 0x3000
100016f6:	3304      	adds	r3, #4
100016f8:	f8c0 e000 	str.w	lr, [r0]
100016fc:	6084      	str	r4, [r0, #8]
100016fe:	601a      	str	r2, [r3, #0]
10001700:	6802      	ldr	r2, [r0, #0]
10001702:	2a00      	cmp	r2, #0
10001704:	dafc      	bge.n	10001700 <pll_init+0x50>
10001706:	2208      	movs	r2, #8
10001708:	f8c0 c00c 	str.w	ip, [r0, #12]
1000170c:	601a      	str	r2, [r3, #0]
1000170e:	bd10      	pop	{r4, pc}
10001710:	6803      	ldr	r3, [r0, #0]
10001712:	f003 033f 	and.w	r3, r3, #63	@ 0x3f
10001716:	4573      	cmp	r3, lr
10001718:	d1d9      	bne.n	100016ce <pll_init+0x1e>
1000171a:	6883      	ldr	r3, [r0, #8]
1000171c:	f3c3 030b 	ubfx	r3, r3, #0, #12
10001720:	42a3      	cmp	r3, r4
10001722:	d1d4      	bne.n	100016ce <pll_init+0x1e>
10001724:	68c3      	ldr	r3, [r0, #12]
10001726:	f403 23ee 	and.w	r3, r3, #487424	@ 0x77000
1000172a:	4563      	cmp	r3, ip
1000172c:	d1cf      	bne.n	100016ce <pll_init+0x1e>
1000172e:	bd10      	pop	{r4, pc}
10001730:	00b71b00 	.word	0x00b71b00
10001734:	40058000 	.word	0x40058000
10001738:	40022000 	.word	0x40022000
1000173c:	40020000 	.word	0x40020000

10001740 <watchdog_reboot>:
10001740:	f04f 4c80 	mov.w	ip, #1073741824	@ 0x40000000
10001744:	4b21      	ldr	r3, [pc, #132]	@ (100017cc <watchdog_reboot+0x8c>)
10001746:	b500      	push	{lr}
10001748:	f8c3 c000 	str.w	ip, [r3]
1000174c:	2800      	cmp	r0, #0
1000174e:	d039      	beq.n	100017c4 <watchdog_reboot+0x84>
10001750:	f8df c088 	ldr.w	ip, [pc, #136]	@ 100017dc <watchdog_reboot+0x9c>
10001754:	f5a3 5340 	sub.w	r3, r3, #12288	@ 0x3000
10001758:	f8c3 c01c 	str.w	ip, [r3, #28]
1000175c:	f8df c080 	ldr.w	ip, [pc, #128]	@ 100017e0 <watchdog_reboot+0xa0>
10001760:	f040 0001 	orr.w	r0, r0, #1
10001764:	ea80 0c0c 	eor.w	ip, r0, ip
10001768:	f8c3 c020 	str.w	ip, [r3, #32]
1000176c:	6259      	str	r1, [r3, #36]	@ 0x24
1000176e:	6298      	str	r0, [r3, #40]	@ 0x28
10001770:	f04f 4e80 	mov.w	lr, #1073741824	@ 0x40000000
10001774:	f04f 61e0 	mov.w	r1, #117440512	@ 0x7000000
10001778:	4b14      	ldr	r3, [pc, #80]	@ (100017cc <watchdog_reboot+0x8c>)
1000177a:	4815      	ldr	r0, [pc, #84]	@ (100017d0 <watchdog_reboot+0x90>)
1000177c:	f8df c064 	ldr.w	ip, [pc, #100]	@ 100017e4 <watchdog_reboot+0xa4>
10001780:	f8c3 e000 	str.w	lr, [r3]
10001784:	f8c0 c008 	str.w	ip, [r0, #8]
10001788:	6019      	str	r1, [r3, #0]
1000178a:	b92a      	cbnz	r2, 10001798 <watchdog_reboot+0x58>
1000178c:	f04f 4200 	mov.w	r2, #2147483648	@ 0x80000000
10001790:	f5a3 5380 	sub.w	r3, r3, #4096	@ 0x1000
10001794:	601a      	str	r2, [r3, #0]
10001796:	bd00      	pop	{pc}
10001798:	f44f 737a 	mov.w	r3, #1000	@ 0x3e8
1000179c:	fb03 f202 	mul.w	r2, r3, r2
100017a0:	f1b2 7f80 	cmp.w	r2, #16777216	@ 0x1000000
100017a4:	bf2a      	itet	cs
100017a6:	f06f 437f 	mvncs.w	r3, #4278190080	@ 0xff000000
100017aa:	4613      	movcc	r3, r2
100017ac:	461a      	movcs	r2, r3
100017ae:	f04f 4180 	mov.w	r1, #1073741824	@ 0x40000000
100017b2:	f8df c034 	ldr.w	ip, [pc, #52]	@ 100017e8 <watchdog_reboot+0xa8>
100017b6:	4807      	ldr	r0, [pc, #28]	@ (100017d4 <watchdog_reboot+0x94>)
100017b8:	f8cc 3000 	str.w	r3, [ip]
100017bc:	4b06      	ldr	r3, [pc, #24]	@ (100017d8 <watchdog_reboot+0x98>)
100017be:	6042      	str	r2, [r0, #4]
100017c0:	6019      	str	r1, [r3, #0]
100017c2:	bd00      	pop	{pc}
100017c4:	4b03      	ldr	r3, [pc, #12]	@ (100017d4 <watchdog_reboot+0x94>)
100017c6:	61d8      	str	r0, [r3, #28]
100017c8:	e7d2      	b.n	10001770 <watchdog_reboot+0x30>
100017ca:	bf00      	nop
100017cc:	400db000 	.word	0x400db000
100017d0:	4001a000 	.word	0x4001a000
100017d4:	400d8000 	.word	0x400d8000
100017d8:	400da000 	.word	0x400da000
100017dc:	b007c0d3 	.word	0xb007c0d3
100017e0:	4ff83f2d 	.word	0x4ff83f2d
100017e4:	01fffff3 	.word	0x01fffff3
100017e8:	20001e10 	.word	0x20001e10

100017ec <tick_start>:
100017ec:	2301      	movs	r3, #1
100017ee:	eb00 0040 	add.w	r0, r0, r0, lsl #1
100017f2:	0080      	lsls	r0, r0, #2
100017f4:	f100 4080 	add.w	r0, r0, #1073741824	@ 0x40000000
100017f8:	f500 1084 	add.w	r0, r0, #1081344	@ 0x108000
100017fc:	6041      	str	r1, [r0, #4]
100017fe:	6003      	str	r3, [r0, #0]
10001800:	4770      	bx	lr
10001802:	bf00      	nop

10001804 <rom_reboot.constprop.0.isra.0>:
10001804:	b510      	push	{r4, lr}
10001806:	2400      	movs	r4, #0
10001808:	b082      	sub	sp, #8
1000180a:	460b      	mov	r3, r1
1000180c:	8ae4      	ldrh	r4, [r4, #22]
1000180e:	2100      	movs	r1, #0
10001810:	e841 f100 	tt	r1, r1
10001814:	e9cd 0300 	strd	r0, r3, [sp]
10001818:	024b      	lsls	r3, r1, #9
1000181a:	bf54      	ite	pl
1000181c:	2110      	movpl	r1, #16
1000181e:	2104      	movmi	r1, #4
10001820:	f244 2052 	movw	r0, #16978	@ 0x4252
10001824:	47a0      	blx	r4
10001826:	e9dd 2300 	ldrd	r2, r3, [sp]
1000182a:	4686      	mov	lr, r0
1000182c:	210a      	movs	r1, #10
1000182e:	f44f 7081 	mov.w	r0, #258	@ 0x102
10001832:	46f4      	mov	ip, lr
10001834:	b002      	add	sp, #8
10001836:	e8bd 4010 	ldmia.w	sp!, {r4, lr}
1000183a:	4760      	bx	ip

1000183c <rom_func_lookup>:
1000183c:	2300      	movs	r3, #0
1000183e:	8adb      	ldrh	r3, [r3, #22]
10001840:	2200      	movs	r2, #0
10001842:	e842 f200 	tt	r2, r2
10001846:	0252      	lsls	r2, r2, #9
10001848:	d401      	bmi.n	1000184e <rom_func_lookup+0x12>
1000184a:	2110      	movs	r1, #16
1000184c:	4718      	bx	r3
1000184e:	2104      	movs	r1, #4
10001850:	4718      	bx	r3
10001852:	bf00      	nop

10001854 <rom_reset_usb_boot_extra>:
10001854:	b508      	push	{r3, lr}
10001856:	4603      	mov	r3, r0
10001858:	4608      	mov	r0, r1
1000185a:	1e19      	subs	r1, r3, #0
1000185c:	db02      	blt.n	10001864 <rom_reset_usb_boot_extra+0x10>
1000185e:	b11a      	cbz	r2, 10001868 <rom_reset_usb_boot_extra+0x14>
10001860:	f040 0030 	orr.w	r0, r0, #48	@ 0x30
10001864:	f7ff ffce 	bl	10001804 <rom_reboot.constprop.0.isra.0>
10001868:	f040 0020 	orr.w	r0, r0, #32
1000186c:	e7fa      	b.n	10001864 <rom_reset_usb_boot_extra+0x10>
1000186e:	bf00      	nop

10001870 <runtime_init_bootrom_locking_enable>:
10001870:	4a03      	ldr	r2, [pc, #12]	@ (10001880 <runtime_init_bootrom_locking_enable+0x10>)
10001872:	f8d2 3828 	ldr.w	r3, [r2, #2088]	@ 0x828
10001876:	2b00      	cmp	r3, #0
10001878:	d0fb      	beq.n	10001872 <runtime_init_bootrom_locking_enable+0x2>
1000187a:	f3bf 8f5f 	dmb	sy
1000187e:	4770      	bx	lr
10001880:	400e0000 	.word	0x400e0000

10001884 <runtime_init_boot_locks_reset>:
10001884:	2100      	movs	r1, #0
10001886:	4b04      	ldr	r3, [pc, #16]	@ (10001898 <runtime_init_boot_locks_reset+0x14>)
10001888:	4a04      	ldr	r2, [pc, #16]	@ (1000189c <runtime_init_boot_locks_reset+0x18>)
1000188a:	f3bf 8f5f 	dmb	sy
1000188e:	f843 1b04 	str.w	r1, [r3], #4
10001892:	4293      	cmp	r3, r2
10001894:	d1f9      	bne.n	1000188a <runtime_init_boot_locks_reset+0x6>
10001896:	4770      	bx	lr
10001898:	400e080c 	.word	0x400e080c
1000189c:	400e082c 	.word	0x400e082c

100018a0 <xosc_init>:
100018a0:	f44f 6c2a 	mov.w	ip, #2720	@ 0xaa0
100018a4:	f44f 708d 	mov.w	r0, #282	@ 0x11a
100018a8:	4a05      	ldr	r2, [pc, #20]	@ (100018c0 <xosc_init+0x20>)
100018aa:	4b06      	ldr	r3, [pc, #24]	@ (100018c4 <xosc_init+0x24>)
100018ac:	4906      	ldr	r1, [pc, #24]	@ (100018c8 <xosc_init+0x28>)
100018ae:	f8c2 c000 	str.w	ip, [r2]
100018b2:	60d0      	str	r0, [r2, #12]
100018b4:	6019      	str	r1, [r3, #0]
100018b6:	6853      	ldr	r3, [r2, #4]
100018b8:	2b00      	cmp	r3, #0
100018ba:	dafc      	bge.n	100018b6 <xosc_init+0x16>
100018bc:	4770      	bx	lr
100018be:	bf00      	nop
100018c0:	40048000 	.word	0x40048000
100018c4:	4004a000 	.word	0x4004a000
100018c8:	00fab000 	.word	0x00fab000

100018cc <first_per_core_initializer>:
100018cc:	4770      	bx	lr
100018ce:	bf00      	nop

100018d0 <hard_assertion_failure>:
100018d0:	b508      	push	{r3, lr}
100018d2:	4801      	ldr	r0, [pc, #4]	@ (100018d8 <hard_assertion_failure+0x8>)
100018d4:	f7fe fe10 	bl	100004f8 <panic>
100018d8:	100072f8 	.word	0x100072f8

100018dc <runtime_run_initializers>:
100018dc:	b538      	push	{r3, r4, r5, lr}
100018de:	4c05      	ldr	r4, [pc, #20]	@ (100018f4 <runtime_run_initializers+0x18>)
100018e0:	4d05      	ldr	r5, [pc, #20]	@ (100018f8 <runtime_run_initializers+0x1c>)
100018e2:	42ac      	cmp	r4, r5
100018e4:	d204      	bcs.n	100018f0 <runtime_run_initializers+0x14>
100018e6:	f854 3b04 	ldr.w	r3, [r4], #4
100018ea:	4798      	blx	r3
100018ec:	42ac      	cmp	r4, r5
100018ee:	d3fa      	bcc.n	100018e6 <runtime_run_initializers+0xa>
100018f0:	bd38      	pop	{r3, r4, r5, pc}
100018f2:	bf00      	nop
100018f4:	10006ed0 	.word	0x10006ed0
100018f8:	10006f10 	.word	0x10006f10

100018fc <runtime_init_early_resets>:
100018fc:	4806      	ldr	r0, [pc, #24]	@ (10001918 <runtime_init_early_resets+0x1c>)
100018fe:	f8df c028 	ldr.w	ip, [pc, #40]	@ 10001928 <runtime_init_early_resets+0x2c>
10001902:	4b06      	ldr	r3, [pc, #24]	@ (1000191c <runtime_init_early_resets+0x20>)
10001904:	4a06      	ldr	r2, [pc, #24]	@ (10001920 <runtime_init_early_resets+0x24>)
10001906:	4907      	ldr	r1, [pc, #28]	@ (10001924 <runtime_init_early_resets+0x28>)
10001908:	f8c0 c000 	str.w	ip, [r0]
1000190c:	601a      	str	r2, [r3, #0]
1000190e:	688b      	ldr	r3, [r1, #8]
10001910:	ea32 0303 	bics.w	r3, r2, r3
10001914:	d1fb      	bne.n	1000190e <runtime_init_early_resets+0x12>
10001916:	4770      	bx	lr
10001918:	40022000 	.word	0x40022000
1000191c:	40023000 	.word	0x40023000
10001920:	03f3fff6 	.word	0x03f3fff6
10001924:	40020000 	.word	0x40020000
10001928:	efef3b7f 	.word	0xefef3b7f

1000192c <runtime_init_usb_power_down>:
1000192c:	4b04      	ldr	r3, [pc, #16]	@ (10001940 <runtime_init_usb_power_down+0x14>)
1000192e:	6cdb      	ldr	r3, [r3, #76]	@ 0x4c
10001930:	f5b3 4f00 	cmp.w	r3, #32768	@ 0x8000
10001934:	d103      	bne.n	1000193e <runtime_init_usb_power_down+0x12>
10001936:	f44f 2280 	mov.w	r2, #262144	@ 0x40000
1000193a:	4b02      	ldr	r3, [pc, #8]	@ (10001944 <runtime_init_usb_power_down+0x18>)
1000193c:	64da      	str	r2, [r3, #76]	@ 0x4c
1000193e:	4770      	bx	lr
10001940:	50110000 	.word	0x50110000
10001944:	50112000 	.word	0x50112000

10001948 <runtime_init_per_core_enable_coprocessors>:
10001948:	f04f 22e0 	mov.w	r2, #3758153728	@ 0xe000e000
1000194c:	4b04      	ldr	r3, [pc, #16]	@ (10001960 <runtime_init_per_core_enable_coprocessors+0x18>)
1000194e:	f8d2 1d88 	ldr.w	r1, [r2, #3464]	@ 0xd88
10001952:	430b      	orrs	r3, r1
10001954:	f8c2 3d88 	str.w	r3, [r2, #3464]	@ 0xd88
10001958:	ee10 0430 			dcp_rcmp r0
1000195c:	4770      	bx	lr
1000195e:	bf00      	nop
10001960:	00300303 	.word	0x00300303

10001964 <runtime_init_post_clock_resets>:
10001964:	f06f 4160 	mvn.w	r1, #3758096384	@ 0xe0000000
10001968:	4b04      	ldr	r3, [pc, #16]	@ (1000197c <runtime_init_post_clock_resets+0x18>)
1000196a:	4a05      	ldr	r2, [pc, #20]	@ (10001980 <runtime_init_post_clock_resets+0x1c>)
1000196c:	6019      	str	r1, [r3, #0]
1000196e:	6893      	ldr	r3, [r2, #8]
10001970:	43db      	mvns	r3, r3
10001972:	f033 4360 	bics.w	r3, r3, #3758096384	@ 0xe0000000
10001976:	d1fa      	bne.n	1000196e <runtime_init_post_clock_resets+0xa>
10001978:	4770      	bx	lr
1000197a:	bf00      	nop
1000197c:	40023000 	.word	0x40023000
10001980:	40020000 	.word	0x40020000

10001984 <runtime_init_bootrom_reset>:
10001984:	b510      	push	{r4, lr}
10001986:	f245 2053 	movw	r0, #21075	@ 0x5253
1000198a:	f7ff ff57 	bl	1000183c <rom_func_lookup>
1000198e:	e8bd 4010 	ldmia.w	sp!, {r4, lr}
10001992:	4603      	mov	r3, r0
10001994:	2004      	movs	r0, #4
10001996:	4718      	bx	r3

10001998 <runtime_init_per_core_bootrom_reset>:
10001998:	b510      	push	{r4, lr}
1000199a:	f245 2053 	movw	r0, #21075	@ 0x5253
1000199e:	f7ff ff4d 	bl	1000183c <rom_func_lookup>
100019a2:	e8bd 4010 	ldmia.w	sp!, {r4, lr}
100019a6:	4603      	mov	r3, r0
100019a8:	2001      	movs	r0, #1
100019aa:	4718      	bx	r3

100019ac <runtime_init_spin_locks_reset>:
100019ac:	f7fe be50 	b.w	10000650 <spin_locks_reset>

100019b0 <runtime_init_install_ram_vector_table>:
100019b0:	b510      	push	{r4, lr}
100019b2:	4c04      	ldr	r4, [pc, #16]	@ (100019c4 <runtime_init_install_ram_vector_table+0x14>)
100019b4:	f44f 7288 	mov.w	r2, #272	@ 0x110
100019b8:	68a1      	ldr	r1, [r4, #8]
100019ba:	4803      	ldr	r0, [pc, #12]	@ (100019c8 <runtime_init_install_ram_vector_table+0x18>)
100019bc:	f005 f9ba 	bl	10006d34 <memcpy>
100019c0:	60a0      	str	r0, [r4, #8]
100019c2:	bd10      	pop	{r4, pc}
100019c4:	e000ed00 	.word	0xe000ed00
100019c8:	20000000 	.word	0x20000000

100019cc <runtime_init_clocks>:
100019cc:	2300      	movs	r3, #0
100019ce:	b570      	push	{r4, r5, r6, lr}
100019d0:	4c2b      	ldr	r4, [pc, #172]	@ (10001a80 <runtime_init_clocks+0xb4>)
100019d2:	b082      	sub	sp, #8
100019d4:	f8c4 3084 	str.w	r3, [r4, #132]	@ 0x84
100019d8:	f7ff ff62 	bl	100018a0 <xosc_init>
100019dc:	2201      	movs	r2, #1
100019de:	4b29      	ldr	r3, [pc, #164]	@ (10001a84 <runtime_init_clocks+0xb8>)
100019e0:	63da      	str	r2, [r3, #60]	@ 0x3c
100019e2:	6c63      	ldr	r3, [r4, #68]	@ 0x44
100019e4:	2b01      	cmp	r3, #1
100019e6:	d1fc      	bne.n	100019e2 <runtime_init_clocks+0x16>
100019e8:	2103      	movs	r1, #3
100019ea:	4a26      	ldr	r2, [pc, #152]	@ (10001a84 <runtime_init_clocks+0xb8>)
100019ec:	4b24      	ldr	r3, [pc, #144]	@ (10001a80 <runtime_init_clocks+0xb4>)
100019ee:	6311      	str	r1, [r2, #48]	@ 0x30
100019f0:	6b9c      	ldr	r4, [r3, #56]	@ 0x38
100019f2:	2c01      	cmp	r4, #1
100019f4:	d1fc      	bne.n	100019f0 <runtime_init_clocks+0x24>
100019f6:	2602      	movs	r6, #2
100019f8:	2505      	movs	r5, #5
100019fa:	4621      	mov	r1, r4
100019fc:	2305      	movs	r3, #5
100019fe:	4a22      	ldr	r2, [pc, #136]	@ (10001a88 <runtime_init_clocks+0xbc>)
10001a00:	4822      	ldr	r0, [pc, #136]	@ (10001a8c <runtime_init_clocks+0xc0>)
10001a02:	9600      	str	r6, [sp, #0]
10001a04:	f7ff fe54 	bl	100016b0 <pll_init>
10001a08:	4621      	mov	r1, r4
10001a0a:	462b      	mov	r3, r5
10001a0c:	4a20      	ldr	r2, [pc, #128]	@ (10001a90 <runtime_init_clocks+0xc4>)
10001a0e:	4821      	ldr	r0, [pc, #132]	@ (10001a94 <runtime_init_clocks+0xc8>)
10001a10:	9500      	str	r5, [sp, #0]
10001a12:	f7ff fe4d 	bl	100016b0 <pll_init>
10001a16:	2200      	movs	r2, #0
10001a18:	2004      	movs	r0, #4
10001a1a:	4631      	mov	r1, r6
10001a1c:	4b1e      	ldr	r3, [pc, #120]	@ (10001a98 <runtime_init_clocks+0xcc>)
10001a1e:	f7ff fdd3 	bl	100015c8 <clock_configure_undivided>
10001a22:	4621      	mov	r1, r4
10001a24:	4628      	mov	r0, r5
10001a26:	2200      	movs	r2, #0
10001a28:	4b1c      	ldr	r3, [pc, #112]	@ (10001a9c <runtime_init_clocks+0xd0>)
10001a2a:	f7ff fdcd 	bl	100015c8 <clock_configure_undivided>
10001a2e:	2200      	movs	r2, #0
10001a30:	2008      	movs	r0, #8
10001a32:	4611      	mov	r1, r2
10001a34:	4b1a      	ldr	r3, [pc, #104]	@ (10001aa0 <runtime_init_clocks+0xd4>)
10001a36:	f7ff fdc7 	bl	100015c8 <clock_configure_undivided>
10001a3a:	2200      	movs	r2, #0
10001a3c:	2009      	movs	r0, #9
10001a3e:	4611      	mov	r1, r2
10001a40:	4b17      	ldr	r3, [pc, #92]	@ (10001aa0 <runtime_init_clocks+0xd4>)
10001a42:	f7ff fdc1 	bl	100015c8 <clock_configure_undivided>
10001a46:	2200      	movs	r2, #0
10001a48:	2006      	movs	r0, #6
10001a4a:	4611      	mov	r1, r2
10001a4c:	4b13      	ldr	r3, [pc, #76]	@ (10001a9c <runtime_init_clocks+0xd0>)
10001a4e:	f7ff fdbb 	bl	100015c8 <clock_configure_undivided>
10001a52:	2200      	movs	r2, #0
10001a54:	4b11      	ldr	r3, [pc, #68]	@ (10001a9c <runtime_init_clocks+0xd0>)
10001a56:	2007      	movs	r0, #7
10001a58:	4611      	mov	r1, r2
10001a5a:	f7ff fdb5 	bl	100015c8 <clock_configure_undivided>
10001a5e:	2004      	movs	r0, #4
10001a60:	f7ff fe20 	bl	100016a4 <clock_get_hz>
10001a64:	2400      	movs	r4, #0
10001a66:	4b0f      	ldr	r3, [pc, #60]	@ (10001aa4 <runtime_init_clocks+0xd8>)
10001a68:	fba3 3500 	umull	r3, r5, r3, r0
10001a6c:	0cad      	lsrs	r5, r5, #18
10001a6e:	b2e0      	uxtb	r0, r4
10001a70:	4629      	mov	r1, r5
10001a72:	3401      	adds	r4, #1
10001a74:	f7ff feba 	bl	100017ec <tick_start>
10001a78:	2c06      	cmp	r4, #6
10001a7a:	d1f8      	bne.n	10001a6e <runtime_init_clocks+0xa2>
10001a7c:	b002      	add	sp, #8
10001a7e:	bd70      	pop	{r4, r5, r6, pc}
10001a80:	40010000 	.word	0x40010000
10001a84:	40013000 	.word	0x40013000
10001a88:	59682f00 	.word	0x59682f00
10001a8c:	40050000 	.word	0x40050000
10001a90:	47868c00 	.word	0x47868c00
10001a94:	40058000 	.word	0x40058000
10001a98:	00b71b00 	.word	0x00b71b00
10001a9c:	08f0d180 	.word	0x08f0d180
10001aa0:	02dc6c00 	.word	0x02dc6c00
10001aa4:	431bde83 	.word	0x431bde83

10001aa8 <generic_save_state>:
10001aa8:	b086      	sub	sp, #24
10001aaa:	b403      	push	{r0, r1}
10001aac:	fc51 0408 	dcp_pxmd r0, r1
10001ab0:	e9cd 0102 	strd	r0, r1, [sp, #8]
10001ab4:	fc51 0409 	dcp_pymd r0, r1
10001ab8:	e9cd 0104 	strd	r0, r1, [sp, #16]
10001abc:	ec51 040a 	dcp_refd r0, r1
10001ac0:	e9cd 0106 	strd	r0, r1, [sp, #24]
10001ac4:	bc03      	pop	{r0, r1}
10001ac6:	47f0      	blx	lr

10001ac8 <generic_restore_state>:
10001ac8:	e8bd 5000 	ldmia.w	sp!, {ip, lr}
10001acc:	ec4e c400 	dcp_wxmd ip, lr
10001ad0:	e8bd 5000 	ldmia.w	sp!, {ip, lr}
10001ad4:	ec4e c401 	dcp_wymd ip, lr
10001ad8:	e8bd 5000 	ldmia.w	sp!, {ip, lr}
10001adc:	ec4e c402 	dcp_wefd ip, lr
10001ae0:	bd00      	pop	{pc}
10001ae2:	0000      	movs	r0, r0
10001ae4:	b500      	push	{lr}
10001ae6:	f7ff ffdf 	bl	10001aa8 <generic_save_state>
10001aea:	e002      	b.n	10001af2 <__wrap___aeabi_dadd+0x6>

10001aec <__wrap___aeabi_dadd>:
10001aec:	fe10 f430 	dcp_pcmp APSR_nzcv
10001af0:	d4f8      	bmi.n	10001ae4 <generic_restore_state+0x1c>
10001af2:	ec41 0410 	dcp_wxup r0, r1
10001af6:	ec43 2411 	dcp_wyup r2, r3
10001afa:	ee00 0401 			dcp_add0
10001afe:	ee10 0401 			dcp_add1
10001b02:	ee80 0420 			dcp_nrdd
10001b06:	ec51 0410 	dcp_rdda r0, r1
10001b0a:	4770      	bx	lr
10001b0c:	b500      	push	{lr}
10001b0e:	f7ff ffcb 	bl	10001aa8 <generic_save_state>
10001b12:	e002      	b.n	10001b1a <__wrap___aeabi_dsub+0x6>

10001b14 <__wrap___aeabi_dsub>:
10001b14:	fe10 f430 	dcp_pcmp APSR_nzcv
10001b18:	d4f8      	bmi.n	10001b0c <__wrap___aeabi_dadd+0x20>
10001b1a:	ec41 0410 	dcp_wxup r0, r1
10001b1e:	ec43 2411 	dcp_wyup r2, r3
10001b22:	ee00 0401 			dcp_add0
10001b26:	ee10 0421 			dcp_sub1
10001b2a:	ee80 0420 			dcp_nrdd
10001b2e:	ec51 0430 	dcp_rdds r0, r1
10001b32:	4770      	bx	lr
10001b34:	b500      	push	{lr}
10001b36:	f7ff ffb7 	bl	10001aa8 <generic_save_state>
10001b3a:	e002      	b.n	10001b42 <__wrap___aeabi_dmul+0x6>

10001b3c <__wrap___aeabi_dmul>:
10001b3c:	fe10 f430 	dcp_pcmp APSR_nzcv
10001b40:	d4f8      	bmi.n	10001b34 <__wrap___aeabi_dsub+0x20>
10001b42:	b510      	push	{r4, lr}
10001b44:	ec41 0410 	dcp_wxup r0, r1
10001b48:	ec43 2411 	dcp_wyup r2, r3
10001b4c:	ec51 0404 	dcp_rxms r0, r1, #0x0
10001b50:	ec53 2405 	dcp_ryms r2, r3, #0x0
10001b54:	fba0 4c02 	umull	r4, ip, r0, r2
10001b58:	f05f 0e00 	movs.w	lr, #0
10001b5c:	fbe0 ce03 	umlal	ip, lr, r0, r3
10001b60:	fbe1 ce02 	umlal	ip, lr, r1, r2
10001b64:	ec4c 4420 	dcp_wxms r4, ip
10001b68:	2400      	movs	r4, #0
10001b6a:	fbe1 e403 	umlal	lr, r4, r1, r3
10001b6e:	ec44 e430 	dcp_wxmo lr, r4
10001b72:	ee80 0420 			dcp_nrdd
10001b76:	ec51 0450 	dcp_rddm r0, r1
10001b7a:	e8bd 4010 	ldmia.w	sp!, {r4, lr}
10001b7e:	4770      	bx	lr
10001b80:	b500      	push	{lr}
10001b82:	f7ff ff91 	bl	10001aa8 <generic_save_state>
10001b86:	e002      	b.n	10001b8e <__wrap___aeabi_ddiv+0x6>

10001b88 <__wrap___aeabi_ddiv>:
10001b88:	fe10 f430 	dcp_pcmp APSR_nzcv
10001b8c:	d4f8      	bmi.n	10001b80 <__wrap___aeabi_dmul+0x44>
10001b8e:	ec41 0410 	dcp_wxup r0, r1
10001b92:	ec43 2411 	dcp_wyup r2, r3
10001b96:	ec51 0421 	dcp_rymr r0, r1
10001b9a:	fba0 1201 	umull	r1, r2, r0, r1
10001b9e:	ea6f 0282 	mvn.w	r2, r2, lsl #2
10001ba2:	fb52 0010 	smmlar	r0, r2, r0, r0
10001ba6:	fb52 f212 	smmulr	r2, r2, r2
10001baa:	fb52 0010 	smmlar	r0, r2, r0, r0
10001bae:	eba0 7cd0 	sub.w	ip, r0, r0, lsr #31
10001bb2:	ec53 2404 	dcp_rxms r2, r3, #0x0
10001bb6:	fb5c f113 	smmulr	r1, ip, r3
10001bba:	ec53 2415 	dcp_ryms r2, r3, #0x1
10001bbe:	fba1 2002 	umull	r2, r0, r1, r2
10001bc2:	fb01 0003 	mla	r0, r1, r3, r0
10001bc6:	ec53 2444 	dcp_rxms r2, r3, #0x4
10001bca:	eba2 0000 	sub.w	r0, r2, r0
10001bce:	fb50 f21c 	smmulr	r2, r0, ip
10001bd2:	ea4f 1311 	mov.w	r3, r1, lsr #4
10001bd6:	eb12 7001 	adds.w	r0, r2, r1, lsl #28
10001bda:	eb43 71e2 	adc.w	r1, r3, r2, asr #31
10001bde:	ea40 5051 	orr.w	r0, r0, r1, lsr #21
10001be2:	ea20 5091 	bic.w	r0, r0, r1, lsr #22
10001be6:	f020 0007 	bic.w	r0, r0, #7
10001bea:	ec53 2475 	dcp_ryms r2, r3, #0x7
10001bee:	fba0 3c02 	umull	r3, ip, r0, r2
10001bf2:	ec53 2475 	dcp_ryms r2, r3, #0x7
10001bf6:	fb00 cc03 	mla	ip, r0, r3, ip
10001bfa:	fb01 cc02 	mla	ip, r1, r2, ip
10001bfe:	ec53 2404 	dcp_rxms r2, r3, #0x0
10001c02:	ebac 4c82 	sub.w	ip, ip, r2, lsl #18
10001c06:	ea40 705c 	orr.w	r0, r0, ip, lsr #29
10001c0a:	f1a0 0001 	sub.w	r0, r0, #1
10001c0e:	ec41 0440 	dcp_wxdd r0, r1
10001c12:	ee80 0420 			dcp_nrdd
10001c16:	ec51 0470 	dcp_rddd r0, r1
10001c1a:	4770      	bx	lr
10001c1c:	b500      	push	{lr}
10001c1e:	f7ff ff43 	bl	10001aa8 <generic_save_state>
10001c22:	e002      	b.n	10001c2a <__wrap___aeabi_i2d+0x6>

10001c24 <__wrap___aeabi_i2d>:
10001c24:	fe10 f430 	dcp_pcmp APSR_nzcv
10001c28:	d4f8      	bmi.n	10001c1c <__wrap___aeabi_ddiv+0x94>
10001c2a:	ec40 0470 	dcp_wxic r0, r0
10001c2e:	ee00 0401 			dcp_add0
10001c32:	ee10 0421 			dcp_sub1
10001c36:	ee80 0420 			dcp_nrdd
10001c3a:	ec51 0430 	dcp_rdds r0, r1
10001c3e:	4770      	bx	lr
10001c40:	b500      	push	{lr}
10001c42:	f7ff ff31 	bl	10001aa8 <generic_save_state>
10001c46:	e002      	b.n	10001c4e <__wrap___aeabi_ui2d+0x6>

10001c48 <__wrap___aeabi_ui2d>:
10001c48:	fe10 f430 	dcp_pcmp APSR_nzcv
10001c4c:	d4f8      	bmi.n	10001c40 <__wrap___aeabi_i2d+0x1c>
10001c4e:	ec40 0460 	dcp_wxuc r0, r0
10001c52:	ee00 0401 			dcp_add0
10001c56:	ee10 0421 			dcp_sub1
10001c5a:	ee80 0420 			dcp_nrdd
10001c5e:	ec51 0430 	dcp_rdds r0, r1
10001c62:	4770      	bx	lr
10001c64:	b500      	push	{lr}
10001c66:	f7ff ff1f 	bl	10001aa8 <generic_save_state>
10001c6a:	e002      	b.n	10001c72 <double2int_z_entry>

10001c6c <__wrap___aeabi_d2iz>:
10001c6c:	fe10 f430 	dcp_pcmp APSR_nzcv
10001c70:	d4f8      	bmi.n	10001c64 <__wrap___aeabi_ui2d+0x1c>

10001c72 <double2int_z_entry>:
10001c72:	ec41 0480 	dcp_wxdc r0, r1
10001c76:	ee00 0401 			dcp_add0
10001c7a:	ee10 0401 			dcp_add1
10001c7e:	ee80 0440 			dcp_ntdc
10001c82:	ee10 0413 			dcp_rdic r0
10001c86:	4770      	bx	lr
10001c88:	b500      	push	{lr}
10001c8a:	f7ff ff0d 	bl	10001aa8 <generic_save_state>
10001c8e:	e002      	b.n	10001c96 <double2uint_z_entry>

10001c90 <__wrap___aeabi_d2uiz>:
10001c90:	fe10 f430 	dcp_pcmp APSR_nzcv
10001c94:	d4f8      	bmi.n	10001c88 <double2int_z_entry+0x16>

10001c96 <double2uint_z_entry>:
10001c96:	ec41 0480 	dcp_wxdc r0, r1
10001c9a:	ee00 0401 			dcp_add0
10001c9e:	ee10 0401 			dcp_add1
10001ca2:	ee80 0440 			dcp_ntdc
10001ca6:	ee10 0433 			dcp_rduc r0
10001caa:	4770      	bx	lr
10001cac:	b500      	push	{lr}
10001cae:	f7ff fefb 	bl	10001aa8 <generic_save_state>
10001cb2:	e002      	b.n	10001cba <__wrap___aeabi_dcmpun+0x6>

10001cb4 <__wrap___aeabi_dcmpun>:
10001cb4:	fe10 f430 	dcp_pcmp APSR_nzcv
10001cb8:	d4f8      	bmi.n	10001cac <double2uint_z_entry+0x16>
10001cba:	ec41 0410 	dcp_wxup r0, r1
10001cbe:	ec43 2411 	dcp_wyup r2, r3
10001cc2:	ee00 0401 			dcp_add0
10001cc6:	ee10 0430 			dcp_rcmp r0
10001cca:	f3c0 7000 	ubfx	r0, r0, #28, #1
10001cce:	4770      	bx	lr
10001cd0:	b500      	push	{lr}
10001cd2:	f7ff fee9 	bl	10001aa8 <generic_save_state>
10001cd6:	e002      	b.n	10001cde <__wrap___aeabi_dcmplt+0x6>

10001cd8 <__wrap___aeabi_dcmplt>:
10001cd8:	fe10 f430 	dcp_pcmp APSR_nzcv
10001cdc:	d4f8      	bmi.n	10001cd0 <__wrap___aeabi_dcmpun+0x1c>
10001cde:	ec43 2410 	dcp_wxup r2, r3
10001ce2:	ec41 0411 	dcp_wyup r0, r1
10001ce6:	ee00 0401 			dcp_add0
10001cea:	ee10 f430 			dcp_rcmp APSR_nzcv
10001cee:	bf8c      	ite	hi
10001cf0:	2001      	movhi	r0, #1
10001cf2:	2000      	movls	r0, #0
10001cf4:	4770      	bx	lr
10001cf6:	bf00      	nop
10001cf8:	b500      	push	{lr}
10001cfa:	f7ff fed5 	bl	10001aa8 <generic_save_state>
10001cfe:	e002      	b.n	10001d06 <__wrap___aeabi_dcmple+0x6>

10001d00 <__wrap___aeabi_dcmple>:
10001d00:	fe10 f430 	dcp_pcmp APSR_nzcv
10001d04:	d4f8      	bmi.n	10001cf8 <__wrap___aeabi_dcmplt+0x20>
10001d06:	ec43 2410 	dcp_wxup r2, r3
10001d0a:	ec41 0411 	dcp_wyup r0, r1
10001d0e:	ee00 0401 			dcp_add0
10001d12:	ee10 f430 			dcp_rcmp APSR_nzcv
10001d16:	bf2c      	ite	cs
10001d18:	2001      	movcs	r0, #1
10001d1a:	2000      	movcc	r0, #0
10001d1c:	4770      	bx	lr
10001d1e:	bf00      	nop
10001d20:	b500      	push	{lr}
10001d22:	f7ff fec1 	bl	10001aa8 <generic_save_state>
10001d26:	e002      	b.n	10001d2e <__wrap___aeabi_dcmpge+0x6>

10001d28 <__wrap___aeabi_dcmpge>:
10001d28:	fe10 f430 	dcp_pcmp APSR_nzcv
10001d2c:	d4f8      	bmi.n	10001d20 <__wrap___aeabi_dcmple+0x20>
10001d2e:	ec41 0410 	dcp_wxup r0, r1
10001d32:	ec43 2411 	dcp_wyup r2, r3
10001d36:	ee00 0401 			dcp_add0
10001d3a:	ee10 f430 			dcp_rcmp APSR_nzcv
10001d3e:	bf2c      	ite	cs
10001d40:	2001      	movcs	r0, #1
10001d42:	2000      	movcc	r0, #0
10001d44:	4770      	bx	lr
10001d46:	bf00      	nop
10001d48:	b500      	push	{lr}
10001d4a:	f7ff fead 	bl	10001aa8 <generic_save_state>
10001d4e:	e002      	b.n	10001d56 <__wrap___aeabi_dcmpgt+0x6>

10001d50 <__wrap___aeabi_dcmpgt>:
10001d50:	fe10 f430 	dcp_pcmp APSR_nzcv
10001d54:	d4f8      	bmi.n	10001d48 <__wrap___aeabi_dcmpge+0x20>
10001d56:	ec41 0410 	dcp_wxup r0, r1
10001d5a:	ec43 2411 	dcp_wyup r2, r3
10001d5e:	ee00 0401 			dcp_add0
10001d62:	ee10 f430 			dcp_rcmp APSR_nzcv
10001d66:	bf8c      	ite	hi
10001d68:	2001      	movhi	r0, #1
10001d6a:	2000      	movls	r0, #0
10001d6c:	4770      	bx	lr
10001d6e:	bf00      	nop

10001d70 <_out_null>:
10001d70:	4770      	bx	lr
10001d72:	bf00      	nop

10001d74 <_out_rev>:
10001d74:	e92d 4ff0 	stmdb	sp!, {r4, r5, r6, r7, r8, r9, sl, fp, lr}
10001d78:	b083      	sub	sp, #12
10001d7a:	460f      	mov	r7, r1
10001d7c:	4611      	mov	r1, r2
10001d7e:	e9dd b20e 	ldrd	fp, r2, [sp, #56]	@ 0x38
10001d82:	0792      	lsls	r2, r2, #30
10001d84:	4698      	mov	r8, r3
10001d86:	e9dd 930c 	ldrd	r9, r3, [sp, #48]	@ 0x30
10001d8a:	4606      	mov	r6, r0
10001d8c:	d029      	beq.n	10001de2 <_out_rev+0x6e>
10001d8e:	460d      	mov	r5, r1
10001d90:	b19b      	cbz	r3, 10001dba <_out_rev+0x46>
10001d92:	eb09 0403 	add.w	r4, r9, r3
10001d96:	eb05 0a04 	add.w	sl, r5, r4
10001d9a:	9501      	str	r5, [sp, #4]
10001d9c:	460d      	mov	r5, r1
10001d9e:	930d      	str	r3, [sp, #52]	@ 0x34
10001da0:	ebaa 0204 	sub.w	r2, sl, r4
10001da4:	f814 0d01 	ldrb.w	r0, [r4, #-1]!
10001da8:	4643      	mov	r3, r8
10001daa:	4639      	mov	r1, r7
10001dac:	47b0      	blx	r6
10001dae:	45a1      	cmp	r9, r4
10001db0:	d1f6      	bne.n	10001da0 <_out_rev+0x2c>
10001db2:	4629      	mov	r1, r5
10001db4:	9b0d      	ldr	r3, [sp, #52]	@ 0x34
10001db6:	9d01      	ldr	r5, [sp, #4]
10001db8:	441d      	add	r5, r3
10001dba:	9b0f      	ldr	r3, [sp, #60]	@ 0x3c
10001dbc:	079b      	lsls	r3, r3, #30
10001dbe:	d50c      	bpl.n	10001dda <_out_rev+0x66>
10001dc0:	1a6c      	subs	r4, r5, r1
10001dc2:	45a3      	cmp	fp, r4
10001dc4:	d909      	bls.n	10001dda <_out_rev+0x66>
10001dc6:	462a      	mov	r2, r5
10001dc8:	4643      	mov	r3, r8
10001dca:	4639      	mov	r1, r7
10001dcc:	2020      	movs	r0, #32
10001dce:	3401      	adds	r4, #1
10001dd0:	47b0      	blx	r6
10001dd2:	455c      	cmp	r4, fp
10001dd4:	f105 0501 	add.w	r5, r5, #1
10001dd8:	d3f5      	bcc.n	10001dc6 <_out_rev+0x52>
10001dda:	4628      	mov	r0, r5
10001ddc:	b003      	add	sp, #12
10001dde:	e8bd 8ff0 	ldmia.w	sp!, {r4, r5, r6, r7, r8, r9, sl, fp, pc}
10001de2:	455b      	cmp	r3, fp
10001de4:	d215      	bcs.n	10001e12 <_out_rev+0x9e>
10001de6:	468a      	mov	sl, r1
10001de8:	461c      	mov	r4, r3
10001dea:	4689      	mov	r9, r1
10001dec:	ebab 0503 	sub.w	r5, fp, r3
10001df0:	440d      	add	r5, r1
10001df2:	4652      	mov	r2, sl
10001df4:	4643      	mov	r3, r8
10001df6:	4639      	mov	r1, r7
10001df8:	2020      	movs	r0, #32
10001dfa:	f10a 0a01 	add.w	sl, sl, #1
10001dfe:	47b0      	blx	r6
10001e00:	45aa      	cmp	sl, r5
10001e02:	d1f6      	bne.n	10001df2 <_out_rev+0x7e>
10001e04:	4649      	mov	r1, r9
10001e06:	4623      	mov	r3, r4
10001e08:	f8dd 9030 	ldr.w	r9, [sp, #48]	@ 0x30
10001e0c:	2c00      	cmp	r4, #0
10001e0e:	d1c0      	bne.n	10001d92 <_out_rev+0x1e>
10001e10:	e7e3      	b.n	10001dda <_out_rev+0x66>
10001e12:	460d      	mov	r5, r1
10001e14:	2b00      	cmp	r3, #0
10001e16:	d1bc      	bne.n	10001d92 <_out_rev+0x1e>
10001e18:	e7df      	b.n	10001dda <_out_rev+0x66>
10001e1a:	bf00      	nop

10001e1c <_ntoa_format>:
10001e1c:	e92d 4ff0 	stmdb	sp!, {r4, r5, r6, r7, r8, r9, sl, fp, lr}
10001e20:	460f      	mov	r7, r1
10001e22:	990f      	ldr	r1, [sp, #60]	@ 0x3c
10001e24:	4606      	mov	r6, r0
10001e26:	f89d 002c 	ldrb.w	r0, [sp, #44]	@ 0x2c
10001e2a:	078d      	lsls	r5, r1, #30
10001e2c:	4690      	mov	r8, r2
10001e2e:	e9dd a20c 	ldrd	sl, r2, [sp, #48]	@ 0x30
10001e32:	4699      	mov	r9, r3
10001e34:	4683      	mov	fp, r0
10001e36:	9c09      	ldr	r4, [sp, #36]	@ 0x24
10001e38:	f8dd c028 	ldr.w	ip, [sp, #40]	@ 0x28
10001e3c:	9b0e      	ldr	r3, [sp, #56]	@ 0x38
10001e3e:	d449      	bmi.n	10001ed4 <_ntoa_format+0xb8>
10001e40:	2b00      	cmp	r3, #0
10001e42:	d142      	bne.n	10001eca <_ntoa_format+0xae>
10001e44:	4594      	cmp	ip, r2
10001e46:	d245      	bcs.n	10001ed4 <_ntoa_format+0xb8>
10001e48:	f001 0501 	and.w	r5, r1, #1
10001e4c:	f104 3eff 	add.w	lr, r4, #4294967295	@ 0xffffffff
10001e50:	2030      	movs	r0, #48	@ 0x30
10001e52:	44e6      	add	lr, ip
10001e54:	e005      	b.n	10001e62 <_ntoa_format+0x46>
10001e56:	f10c 0c01 	add.w	ip, ip, #1
10001e5a:	4562      	cmp	r2, ip
10001e5c:	f80e 0f01 	strb.w	r0, [lr, #1]!
10001e60:	d902      	bls.n	10001e68 <_ntoa_format+0x4c>
10001e62:	f1bc 0f20 	cmp.w	ip, #32
10001e66:	d1f6      	bne.n	10001e56 <_ntoa_format+0x3a>
10001e68:	2d00      	cmp	r5, #0
10001e6a:	f000 8087 	beq.w	10001f7c <_ntoa_format+0x160>
10001e6e:	4563      	cmp	r3, ip
10001e70:	d930      	bls.n	10001ed4 <_ntoa_format+0xb8>
10001e72:	1e60      	subs	r0, r4, #1
10001e74:	f04f 0e30 	mov.w	lr, #48	@ 0x30
10001e78:	4460      	add	r0, ip
10001e7a:	e005      	b.n	10001e88 <_ntoa_format+0x6c>
10001e7c:	f10c 0c01 	add.w	ip, ip, #1
10001e80:	459c      	cmp	ip, r3
10001e82:	f800 ef01 	strb.w	lr, [r0, #1]!
10001e86:	d025      	beq.n	10001ed4 <_ntoa_format+0xb8>
10001e88:	f1bc 0f20 	cmp.w	ip, #32
10001e8c:	d1f6      	bne.n	10001e7c <_ntoa_format+0x60>
10001e8e:	06cd      	lsls	r5, r1, #27
10001e90:	d50e      	bpl.n	10001eb0 <_ntoa_format+0x94>
10001e92:	0548      	lsls	r0, r1, #21
10001e94:	d451      	bmi.n	10001f3a <_ntoa_format+0x11e>
10001e96:	4562      	cmp	r2, ip
10001e98:	d064      	beq.n	10001f64 <_ntoa_format+0x148>
10001e9a:	4563      	cmp	r3, ip
10001e9c:	d062      	beq.n	10001f64 <_ntoa_format+0x148>
10001e9e:	f1ba 0f10 	cmp.w	sl, #16
10001ea2:	d04d      	beq.n	10001f40 <_ntoa_format+0x124>
10001ea4:	f1ba 0f02 	cmp.w	sl, #2
10001ea8:	d055      	beq.n	10001f56 <_ntoa_format+0x13a>
10001eaa:	f1bc 0f20 	cmp.w	ip, #32
10001eae:	d12d      	bne.n	10001f0c <_ntoa_format+0xf0>
10001eb0:	2220      	movs	r2, #32
10001eb2:	e9cd 310b 	strd	r3, r1, [sp, #44]	@ 0x2c
10001eb6:	920a      	str	r2, [sp, #40]	@ 0x28
10001eb8:	464b      	mov	r3, r9
10001eba:	4642      	mov	r2, r8
10001ebc:	4639      	mov	r1, r7
10001ebe:	4630      	mov	r0, r6
10001ec0:	9409      	str	r4, [sp, #36]	@ 0x24
10001ec2:	e8bd 4ff0 	ldmia.w	sp!, {r4, r5, r6, r7, r8, r9, sl, fp, lr}
10001ec6:	f7ff bf55 	b.w	10001d74 <_out_rev>
10001eca:	f011 0501 	ands.w	r5, r1, #1
10001ece:	d12e      	bne.n	10001f2e <_ntoa_format+0x112>
10001ed0:	4594      	cmp	ip, r2
10001ed2:	d3bb      	bcc.n	10001e4c <_ntoa_format+0x30>
10001ed4:	06cd      	lsls	r5, r1, #27
10001ed6:	d51e      	bpl.n	10001f16 <_ntoa_format+0xfa>
10001ed8:	0548      	lsls	r0, r1, #21
10001eda:	d4e0      	bmi.n	10001e9e <_ntoa_format+0x82>
10001edc:	f1bc 0f00 	cmp.w	ip, #0
10001ee0:	d1d9      	bne.n	10001e96 <_ntoa_format+0x7a>
10001ee2:	f1ba 0f10 	cmp.w	sl, #16
10001ee6:	d05f      	beq.n	10001fa8 <_ntoa_format+0x18c>
10001ee8:	f1ba 0f02 	cmp.w	sl, #2
10001eec:	d074      	beq.n	10001fd8 <_ntoa_format+0x1bc>
10001eee:	2230      	movs	r2, #48	@ 0x30
10001ef0:	f04f 0c01 	mov.w	ip, #1
10001ef4:	7022      	strb	r2, [r4, #0]
10001ef6:	f1bb 0f00 	cmp.w	fp, #0
10001efa:	d112      	bne.n	10001f22 <_ntoa_format+0x106>
10001efc:	0748      	lsls	r0, r1, #29
10001efe:	d542      	bpl.n	10001f86 <_ntoa_format+0x16a>
10001f00:	222b      	movs	r2, #43	@ 0x2b
10001f02:	f804 200c 	strb.w	r2, [r4, ip]
10001f06:	f10c 0201 	add.w	r2, ip, #1
10001f0a:	e7d2      	b.n	10001eb2 <_ntoa_format+0x96>
10001f0c:	4662      	mov	r2, ip
10001f0e:	f10c 0c01 	add.w	ip, ip, #1
10001f12:	2030      	movs	r0, #48	@ 0x30
10001f14:	54a0      	strb	r0, [r4, r2]
10001f16:	f1bc 0f20 	cmp.w	ip, #32
10001f1a:	d0c9      	beq.n	10001eb0 <_ntoa_format+0x94>
10001f1c:	f1bb 0f00 	cmp.w	fp, #0
10001f20:	d0ec      	beq.n	10001efc <_ntoa_format+0xe0>
10001f22:	222d      	movs	r2, #45	@ 0x2d
10001f24:	f804 200c 	strb.w	r2, [r4, ip]
10001f28:	f10c 0201 	add.w	r2, ip, #1
10001f2c:	e7c1      	b.n	10001eb2 <_ntoa_format+0x96>
10001f2e:	b398      	cbz	r0, 10001f98 <_ntoa_format+0x17c>
10001f30:	4594      	cmp	ip, r2
10001f32:	f103 33ff 	add.w	r3, r3, #4294967295	@ 0xffffffff
10001f36:	d389      	bcc.n	10001e4c <_ntoa_format+0x30>
10001f38:	e799      	b.n	10001e6e <_ntoa_format+0x52>
10001f3a:	f1ba 0f10 	cmp.w	sl, #16
10001f3e:	d1b7      	bne.n	10001eb0 <_ntoa_format+0x94>
10001f40:	068d      	lsls	r5, r1, #26
10001f42:	d53d      	bpl.n	10001fc0 <_ntoa_format+0x1a4>
10001f44:	f1bc 0f20 	cmp.w	ip, #32
10001f48:	d0b2      	beq.n	10001eb0 <_ntoa_format+0x94>
10001f4a:	2258      	movs	r2, #88	@ 0x58
10001f4c:	f804 200c 	strb.w	r2, [r4, ip]
10001f50:	f10c 0c01 	add.w	ip, ip, #1
10001f54:	e7a9      	b.n	10001eaa <_ntoa_format+0x8e>
10001f56:	f1bc 0f20 	cmp.w	ip, #32
10001f5a:	d0a9      	beq.n	10001eb0 <_ntoa_format+0x94>
10001f5c:	4662      	mov	r2, ip
10001f5e:	f10c 0c01 	add.w	ip, ip, #1
10001f62:	e008      	b.n	10001f76 <_ntoa_format+0x15a>
10001f64:	f1bc 0201 	subs.w	r2, ip, #1
10001f68:	d0bb      	beq.n	10001ee2 <_ntoa_format+0xc6>
10001f6a:	f1ba 0f10 	cmp.w	sl, #16
10001f6e:	d035      	beq.n	10001fdc <_ntoa_format+0x1c0>
10001f70:	f1ba 0f02 	cmp.w	sl, #2
10001f74:	d1cd      	bne.n	10001f12 <_ntoa_format+0xf6>
10001f76:	2062      	movs	r0, #98	@ 0x62
10001f78:	54a0      	strb	r0, [r4, r2]
10001f7a:	e796      	b.n	10001eaa <_ntoa_format+0x8e>
10001f7c:	06cd      	lsls	r5, r1, #27
10001f7e:	d5ca      	bpl.n	10001f16 <_ntoa_format+0xfa>
10001f80:	0548      	lsls	r0, r1, #21
10001f82:	d588      	bpl.n	10001e96 <_ntoa_format+0x7a>
10001f84:	e78b      	b.n	10001e9e <_ntoa_format+0x82>
10001f86:	070a      	lsls	r2, r1, #28
10001f88:	bf49      	itett	mi
10001f8a:	2220      	movmi	r2, #32
10001f8c:	4662      	movpl	r2, ip
10001f8e:	f804 200c 	strbmi.w	r2, [r4, ip]
10001f92:	f10c 0201 	addmi.w	r2, ip, #1
10001f96:	e78c      	b.n	10001eb2 <_ntoa_format+0x96>
10001f98:	f011 0f0c 	tst.w	r1, #12
10001f9c:	d000      	beq.n	10001fa0 <_ntoa_format+0x184>
10001f9e:	3b01      	subs	r3, #1
10001fa0:	4594      	cmp	ip, r2
10001fa2:	f4ff af53 	bcc.w	10001e4c <_ntoa_format+0x30>
10001fa6:	e762      	b.n	10001e6e <_ntoa_format+0x52>
10001fa8:	068a      	lsls	r2, r1, #26
10001faa:	d413      	bmi.n	10001fd4 <_ntoa_format+0x1b8>
10001fac:	2278      	movs	r2, #120	@ 0x78
10001fae:	7022      	strb	r2, [r4, #0]
10001fb0:	2230      	movs	r2, #48	@ 0x30
10001fb2:	f04f 0c02 	mov.w	ip, #2
10001fb6:	7062      	strb	r2, [r4, #1]
10001fb8:	f1bb 0f00 	cmp.w	fp, #0
10001fbc:	d09e      	beq.n	10001efc <_ntoa_format+0xe0>
10001fbe:	e7b0      	b.n	10001f22 <_ntoa_format+0x106>
10001fc0:	f1bc 0f20 	cmp.w	ip, #32
10001fc4:	f43f af74 	beq.w	10001eb0 <_ntoa_format+0x94>
10001fc8:	2278      	movs	r2, #120	@ 0x78
10001fca:	f804 200c 	strb.w	r2, [r4, ip]
10001fce:	f10c 0c01 	add.w	ip, ip, #1
10001fd2:	e76a      	b.n	10001eaa <_ntoa_format+0x8e>
10001fd4:	2258      	movs	r2, #88	@ 0x58
10001fd6:	e7ea      	b.n	10001fae <_ntoa_format+0x192>
10001fd8:	2262      	movs	r2, #98	@ 0x62
10001fda:	e7e8      	b.n	10001fae <_ntoa_format+0x192>
10001fdc:	068d      	lsls	r5, r1, #26
10001fde:	f1ac 0002 	sub.w	r0, ip, #2
10001fe2:	d504      	bpl.n	10001fee <_ntoa_format+0x1d2>
10001fe4:	f04f 0e58 	mov.w	lr, #88	@ 0x58
10001fe8:	f804 e000 	strb.w	lr, [r4, r0]
10001fec:	e791      	b.n	10001f12 <_ntoa_format+0xf6>
10001fee:	f04f 0e78 	mov.w	lr, #120	@ 0x78
10001ff2:	f804 e000 	strb.w	lr, [r4, r0]
10001ff6:	e78c      	b.n	10001f12 <_ntoa_format+0xf6>

10001ff8 <_out_char>:
10001ff8:	b900      	cbnz	r0, 10001ffc <_out_char+0x4>
10001ffa:	4770      	bx	lr
10001ffc:	f001 bba8 	b.w	10003750 <__wrap_putchar>

10002000 <_out_fct>:
10002000:	b110      	cbz	r0, 10002008 <_out_fct+0x8>
10002002:	e9d1 3100 	ldrd	r3, r1, [r1]
10002006:	4718      	bx	r3
10002008:	4770      	bx	lr
1000200a:	bf00      	nop
1000200c:	0000      	movs	r0, r0
	...

10002010 <_ftoa>:
10002010:	e92d 4ff0 	stmdb	sp!, {r4, r5, r6, r7, r8, r9, sl, fp, lr}
10002014:	b097      	sub	sp, #92	@ 0x5c
10002016:	ed9d 7b20 	vldr	d7, [sp, #128]	@ 0x80
1000201a:	e9dd 5b22 	ldrd	r5, fp, [sp, #136]	@ 0x88
1000201e:	4680      	mov	r8, r0
10002020:	4689      	mov	r9, r1
10002022:	ec51 0b17 	vmov	r0, r1, d7
10002026:	469a      	mov	sl, r3
10002028:	9b24      	ldr	r3, [sp, #144]	@ 0x90
1000202a:	920c      	str	r2, [sp, #48]	@ 0x30
1000202c:	9307      	str	r3, [sp, #28]
1000202e:	4602      	mov	r2, r0
10002030:	460b      	mov	r3, r1
10002032:	ed8d 7b04 	vstr	d7, [sp, #16]
10002036:	f7ff fe3d 	bl	10001cb4 <__wrap___aeabi_dcmpun>
1000203a:	2800      	cmp	r0, #0
1000203c:	f040 81e3 	bne.w	10002406 <_ftoa+0x3f6>
10002040:	e9dd 0104 	ldrd	r0, r1, [sp, #16]
10002044:	f04f 32ff 	mov.w	r2, #4294967295	@ 0xffffffff
10002048:	f46f 1380 	mvn.w	r3, #1048576	@ 0x100000
1000204c:	f7ff fe44 	bl	10001cd8 <__wrap___aeabi_dcmplt>
10002050:	2800      	cmp	r0, #0
10002052:	f040 80cb 	bne.w	100021ec <_ftoa+0x1dc>
10002056:	e9dd 0104 	ldrd	r0, r1, [sp, #16]
1000205a:	f04f 32ff 	mov.w	r2, #4294967295	@ 0xffffffff
1000205e:	4bb2      	ldr	r3, [pc, #712]	@ (10002328 <_ftoa+0x318>)
10002060:	f7ff fe76 	bl	10001d50 <__wrap___aeabi_dcmpgt>
10002064:	2800      	cmp	r0, #0
10002066:	f040 809f 	bne.w	100021a8 <_ftoa+0x198>
1000206a:	e9dd 6704 	ldrd	r6, r7, [sp, #16]
1000206e:	a3aa      	add	r3, pc, #680	@ (adr r3, 10002318 <_ftoa+0x308>)
10002070:	e9d3 2300 	ldrd	r2, r3, [r3]
10002074:	4630      	mov	r0, r6
10002076:	4639      	mov	r1, r7
10002078:	f7ff fe6a 	bl	10001d50 <__wrap___aeabi_dcmpgt>
1000207c:	2800      	cmp	r0, #0
1000207e:	f040 8082 	bne.w	10002186 <_ftoa+0x176>
10002082:	a3a7      	add	r3, pc, #668	@ (adr r3, 10002320 <_ftoa+0x310>)
10002084:	e9d3 2300 	ldrd	r2, r3, [r3]
10002088:	4630      	mov	r0, r6
1000208a:	4639      	mov	r1, r7
1000208c:	f7ff fe24 	bl	10001cd8 <__wrap___aeabi_dcmplt>
10002090:	2800      	cmp	r0, #0
10002092:	d178      	bne.n	10002186 <_ftoa+0x176>
10002094:	4630      	mov	r0, r6
10002096:	4639      	mov	r1, r7
10002098:	2200      	movs	r2, #0
1000209a:	2300      	movs	r3, #0
1000209c:	f7ff fe1c 	bl	10001cd8 <__wrap___aeabi_dcmplt>
100020a0:	2800      	cmp	r0, #0
100020a2:	f040 8098 	bne.w	100021d6 <_ftoa+0x1c6>
100020a6:	900d      	str	r0, [sp, #52]	@ 0x34
100020a8:	9b07      	ldr	r3, [sp, #28]
100020aa:	2130      	movs	r1, #48	@ 0x30
100020ac:	f413 6f80 	tst.w	r3, #1024	@ 0x400
100020b0:	bf08      	it	eq
100020b2:	2506      	moveq	r5, #6
100020b4:	aa0e      	add	r2, sp, #56	@ 0x38
100020b6:	462b      	mov	r3, r5
100020b8:	f1a5 0620 	sub.w	r6, r5, #32
100020bc:	e005      	b.n	100020ca <_ftoa+0xba>
100020be:	3b01      	subs	r3, #1
100020c0:	42b3      	cmp	r3, r6
100020c2:	f802 1b01 	strb.w	r1, [r2], #1
100020c6:	f000 8165 	beq.w	10002394 <_ftoa+0x384>
100020ca:	2b09      	cmp	r3, #9
100020cc:	d8f7      	bhi.n	100020be <_ftoa+0xae>
100020ce:	461e      	mov	r6, r3
100020d0:	1aed      	subs	r5, r5, r3
100020d2:	e9dd 0104 	ldrd	r0, r1, [sp, #16]
100020d6:	f7ff fdc9 	bl	10001c6c <__wrap___aeabi_d2iz>
100020da:	4b94      	ldr	r3, [pc, #592]	@ (1000232c <_ftoa+0x31c>)
100020dc:	4604      	mov	r4, r0
100020de:	eb03 03c6 	add.w	r3, r3, r6, lsl #3
100020e2:	ed93 7b00 	vldr	d7, [r3]
100020e6:	ed8d 7b08 	vstr	d7, [sp, #32]
100020ea:	f7ff fd9b 	bl	10001c24 <__wrap___aeabi_i2d>
100020ee:	4602      	mov	r2, r0
100020f0:	460b      	mov	r3, r1
100020f2:	e9dd 0104 	ldrd	r0, r1, [sp, #16]
100020f6:	f7ff fd0d 	bl	10001b14 <__wrap___aeabi_dsub>
100020fa:	e9dd 2308 	ldrd	r2, r3, [sp, #32]
100020fe:	f7ff fd1d 	bl	10001b3c <__wrap___aeabi_dmul>
10002102:	e9cd 010a 	strd	r0, r1, [sp, #40]	@ 0x28
10002106:	f7ff fdc3 	bl	10001c90 <__wrap___aeabi_d2uiz>
1000210a:	4607      	mov	r7, r0
1000210c:	f7ff fd9c 	bl	10001c48 <__wrap___aeabi_ui2d>
10002110:	4602      	mov	r2, r0
10002112:	460b      	mov	r3, r1
10002114:	e9dd 010a 	ldrd	r0, r1, [sp, #40]	@ 0x28
10002118:	f7ff fcfc 	bl	10001b14 <__wrap___aeabi_dsub>
1000211c:	2200      	movs	r2, #0
1000211e:	4b84      	ldr	r3, [pc, #528]	@ (10002330 <_ftoa+0x320>)
10002120:	e9cd 010a 	strd	r0, r1, [sp, #40]	@ 0x28
10002124:	f7ff fe14 	bl	10001d50 <__wrap___aeabi_dcmpgt>
10002128:	2800      	cmp	r0, #0
1000212a:	f000 8088 	beq.w	1000223e <_ftoa+0x22e>
1000212e:	3701      	adds	r7, #1
10002130:	4638      	mov	r0, r7
10002132:	f7ff fd89 	bl	10001c48 <__wrap___aeabi_ui2d>
10002136:	4602      	mov	r2, r0
10002138:	460b      	mov	r3, r1
1000213a:	e9dd 0108 	ldrd	r0, r1, [sp, #32]
1000213e:	f7ff fddf 	bl	10001d00 <__wrap___aeabi_dcmple>
10002142:	b108      	cbz	r0, 10002148 <_ftoa+0x138>
10002144:	2700      	movs	r7, #0
10002146:	3401      	adds	r4, #1
10002148:	2e00      	cmp	r6, #0
1000214a:	f000 8088 	beq.w	1000225e <_ftoa+0x24e>
1000214e:	f10d 0337 	add.w	r3, sp, #55	@ 0x37
10002152:	f8df c1f0 	ldr.w	ip, [pc, #496]	@ 10002344 <_ftoa+0x334>
10002156:	1958      	adds	r0, r3, r5
10002158:	e00d      	b.n	10002176 <_ftoa+0x166>
1000215a:	fbac 2107 	umull	r2, r1, ip, r7
1000215e:	08c9      	lsrs	r1, r1, #3
10002160:	eb01 0281 	add.w	r2, r1, r1, lsl #2
10002164:	eba7 0242 	sub.w	r2, r7, r2, lsl #1
10002168:	3230      	adds	r2, #48	@ 0x30
1000216a:	2f09      	cmp	r7, #9
1000216c:	f800 2f01 	strb.w	r2, [r0, #1]!
10002170:	f240 80fb 	bls.w	1000236a <_ftoa+0x35a>
10002174:	460f      	mov	r7, r1
10002176:	2d20      	cmp	r5, #32
10002178:	f106 36ff 	add.w	r6, r6, #4294967295	@ 0xffffffff
1000217c:	f105 0501 	add.w	r5, r5, #1
10002180:	d1eb      	bne.n	1000215a <_ftoa+0x14a>
10002182:	2520      	movs	r5, #32
10002184:	e086      	b.n	10002294 <_ftoa+0x284>
10002186:	9b07      	ldr	r3, [sp, #28]
10002188:	ed9d 7b04 	vldr	d7, [sp, #16]
1000218c:	e9cd b323 	strd	fp, r3, [sp, #140]	@ 0x8c
10002190:	4649      	mov	r1, r9
10002192:	4653      	mov	r3, sl
10002194:	4640      	mov	r0, r8
10002196:	9a0c      	ldr	r2, [sp, #48]	@ 0x30
10002198:	ed8d 7b20 	vstr	d7, [sp, #128]	@ 0x80
1000219c:	9522      	str	r5, [sp, #136]	@ 0x88
1000219e:	b017      	add	sp, #92	@ 0x5c
100021a0:	e8bd 4ff0 	ldmia.w	sp!, {r4, r5, r6, r7, r8, r9, sl, fp, lr}
100021a4:	f000 b980 	b.w	100024a8 <_etoa>
100021a8:	9b07      	ldr	r3, [sp, #28]
100021aa:	4649      	mov	r1, r9
100021ac:	0758      	lsls	r0, r3, #29
100021ae:	bf4c      	ite	mi
100021b0:	2304      	movmi	r3, #4
100021b2:	2303      	movpl	r3, #3
100021b4:	4640      	mov	r0, r8
100021b6:	9321      	str	r3, [sp, #132]	@ 0x84
100021b8:	4653      	mov	r3, sl
100021ba:	9a07      	ldr	r2, [sp, #28]
100021bc:	bf48      	it	mi
100021be:	4c5d      	ldrmi	r4, [pc, #372]	@ (10002334 <_ftoa+0x324>)
100021c0:	e9cd b222 	strd	fp, r2, [sp, #136]	@ 0x88
100021c4:	bf58      	it	pl
100021c6:	4c5c      	ldrpl	r4, [pc, #368]	@ (10002338 <_ftoa+0x328>)
100021c8:	9a0c      	ldr	r2, [sp, #48]	@ 0x30
100021ca:	9420      	str	r4, [sp, #128]	@ 0x80
100021cc:	b017      	add	sp, #92	@ 0x5c
100021ce:	e8bd 4ff0 	ldmia.w	sp!, {r4, r5, r6, r7, r8, r9, sl, fp, lr}
100021d2:	f7ff bdcf 	b.w	10001d74 <_out_rev>
100021d6:	463b      	mov	r3, r7
100021d8:	4632      	mov	r2, r6
100021da:	2000      	movs	r0, #0
100021dc:	2100      	movs	r1, #0
100021de:	f7ff fc99 	bl	10001b14 <__wrap___aeabi_dsub>
100021e2:	2301      	movs	r3, #1
100021e4:	e9cd 0104 	strd	r0, r1, [sp, #16]
100021e8:	930d      	str	r3, [sp, #52]	@ 0x34
100021ea:	e75d      	b.n	100020a8 <_ftoa+0x98>
100021ec:	9b07      	ldr	r3, [sp, #28]
100021ee:	f003 0202 	and.w	r2, r3, #2
100021f2:	079c      	lsls	r4, r3, #30
100021f4:	9204      	str	r2, [sp, #16]
100021f6:	f000 80f4 	beq.w	100023e2 <_ftoa+0x3d2>
100021fa:	9f0c      	ldr	r7, [sp, #48]	@ 0x30
100021fc:	463d      	mov	r5, r7
100021fe:	4e4f      	ldr	r6, [pc, #316]	@ (1000233c <_ftoa+0x32c>)
10002200:	1d34      	adds	r4, r6, #4
10002202:	f814 0d01 	ldrb.w	r0, [r4, #-1]!
10002206:	462a      	mov	r2, r5
10002208:	4653      	mov	r3, sl
1000220a:	4649      	mov	r1, r9
1000220c:	47c0      	blx	r8
1000220e:	42a6      	cmp	r6, r4
10002210:	f105 0501 	add.w	r5, r5, #1
10002214:	d1f5      	bne.n	10002202 <_ftoa+0x1f2>
10002216:	9b04      	ldr	r3, [sp, #16]
10002218:	1d3c      	adds	r4, r7, #4
1000221a:	b163      	cbz	r3, 10002236 <_ftoa+0x226>
1000221c:	9d0c      	ldr	r5, [sp, #48]	@ 0x30
1000221e:	1b63      	subs	r3, r4, r5
10002220:	459b      	cmp	fp, r3
10002222:	d908      	bls.n	10002236 <_ftoa+0x226>
10002224:	4622      	mov	r2, r4
10002226:	4653      	mov	r3, sl
10002228:	4649      	mov	r1, r9
1000222a:	2020      	movs	r0, #32
1000222c:	3401      	adds	r4, #1
1000222e:	47c0      	blx	r8
10002230:	1b63      	subs	r3, r4, r5
10002232:	459b      	cmp	fp, r3
10002234:	d8f6      	bhi.n	10002224 <_ftoa+0x214>
10002236:	4620      	mov	r0, r4
10002238:	b017      	add	sp, #92	@ 0x5c
1000223a:	e8bd 8ff0 	ldmia.w	sp!, {r4, r5, r6, r7, r8, r9, sl, fp, pc}
1000223e:	2200      	movs	r2, #0
10002240:	e9dd 010a 	ldrd	r0, r1, [sp, #40]	@ 0x28
10002244:	4b3a      	ldr	r3, [pc, #232]	@ (10002330 <_ftoa+0x320>)
10002246:	f7ff fd47 	bl	10001cd8 <__wrap___aeabi_dcmplt>
1000224a:	2800      	cmp	r0, #0
1000224c:	f47f af7c 	bne.w	10002148 <_ftoa+0x138>
10002250:	2f00      	cmp	r7, #0
10002252:	f040 80c2 	bne.w	100023da <_ftoa+0x3ca>
10002256:	3701      	adds	r7, #1
10002258:	2e00      	cmp	r6, #0
1000225a:	f47f af78 	bne.w	1000214e <_ftoa+0x13e>
1000225e:	4620      	mov	r0, r4
10002260:	f7ff fce0 	bl	10001c24 <__wrap___aeabi_i2d>
10002264:	4602      	mov	r2, r0
10002266:	460b      	mov	r3, r1
10002268:	e9dd 0104 	ldrd	r0, r1, [sp, #16]
1000226c:	f7ff fc52 	bl	10001b14 <__wrap___aeabi_dsub>
10002270:	2200      	movs	r2, #0
10002272:	4b2f      	ldr	r3, [pc, #188]	@ (10002330 <_ftoa+0x320>)
10002274:	4606      	mov	r6, r0
10002276:	460f      	mov	r7, r1
10002278:	f7ff fd2e 	bl	10001cd8 <__wrap___aeabi_dcmplt>
1000227c:	b940      	cbnz	r0, 10002290 <_ftoa+0x280>
1000227e:	4630      	mov	r0, r6
10002280:	4639      	mov	r1, r7
10002282:	2200      	movs	r2, #0
10002284:	4b2a      	ldr	r3, [pc, #168]	@ (10002330 <_ftoa+0x320>)
10002286:	f7ff fd63 	bl	10001d50 <__wrap___aeabi_dcmpgt>
1000228a:	2800      	cmp	r0, #0
1000228c:	f000 80a1 	beq.w	100023d2 <_ftoa+0x3c2>
10002290:	f10d 0337 	add.w	r3, sp, #55	@ 0x37
10002294:	482a      	ldr	r0, [pc, #168]	@ (10002340 <_ftoa+0x330>)
10002296:	1959      	adds	r1, r3, r5
10002298:	e00e      	b.n	100022b8 <_ftoa+0x2a8>
1000229a:	fb80 7604 	smull	r7, r6, r0, r4
1000229e:	ebc2 02a6 	rsb	r2, r2, r6, asr #2
100022a2:	eb02 0682 	add.w	r6, r2, r2, lsl #2
100022a6:	eba4 0646 	sub.w	r6, r4, r6, lsl #1
100022aa:	3630      	adds	r6, #48	@ 0x30
100022ac:	4614      	mov	r4, r2
100022ae:	3501      	adds	r5, #1
100022b0:	f801 6f01 	strb.w	r6, [r1, #1]!
100022b4:	2a00      	cmp	r2, #0
100022b6:	d047      	beq.n	10002348 <_ftoa+0x338>
100022b8:	2d20      	cmp	r5, #32
100022ba:	ea4f 72e4 	mov.w	r2, r4, asr #31
100022be:	d1ec      	bne.n	1000229a <_ftoa+0x28a>
100022c0:	9a07      	ldr	r2, [sp, #28]
100022c2:	f002 0203 	and.w	r2, r2, #3
100022c6:	2a01      	cmp	r2, #1
100022c8:	d114      	bne.n	100022f4 <_ftoa+0x2e4>
100022ca:	f1bb 0f00 	cmp.w	fp, #0
100022ce:	d011      	beq.n	100022f4 <_ftoa+0x2e4>
100022d0:	9a0d      	ldr	r2, [sp, #52]	@ 0x34
100022d2:	2a00      	cmp	r2, #0
100022d4:	d060      	beq.n	10002398 <_ftoa+0x388>
100022d6:	f10b 3bff 	add.w	fp, fp, #4294967295	@ 0xffffffff
100022da:	f1bb 0f20 	cmp.w	fp, #32
100022de:	d909      	bls.n	100022f4 <_ftoa+0x2e4>
100022e0:	2230      	movs	r2, #48	@ 0x30
100022e2:	442b      	add	r3, r5
100022e4:	e004      	b.n	100022f0 <_ftoa+0x2e0>
100022e6:	3501      	adds	r5, #1
100022e8:	455d      	cmp	r5, fp
100022ea:	f803 2f01 	strb.w	r2, [r3, #1]!
100022ee:	d231      	bcs.n	10002354 <_ftoa+0x344>
100022f0:	2d20      	cmp	r5, #32
100022f2:	d1f8      	bne.n	100022e6 <_ftoa+0x2d6>
100022f4:	9b07      	ldr	r3, [sp, #28]
100022f6:	ac0e      	add	r4, sp, #56	@ 0x38
100022f8:	e9cd b302 	strd	fp, r3, [sp, #8]
100022fc:	9400      	str	r4, [sp, #0]
100022fe:	4653      	mov	r3, sl
10002300:	4649      	mov	r1, r9
10002302:	4640      	mov	r0, r8
10002304:	9a0c      	ldr	r2, [sp, #48]	@ 0x30
10002306:	9501      	str	r5, [sp, #4]
10002308:	f7ff fd34 	bl	10001d74 <_out_rev>
1000230c:	4604      	mov	r4, r0
1000230e:	4620      	mov	r0, r4
10002310:	b017      	add	sp, #92	@ 0x5c
10002312:	e8bd 8ff0 	ldmia.w	sp!, {r4, r5, r6, r7, r8, r9, sl, fp, pc}
10002316:	bf00      	nop
10002318:	00000000 	.word	0x00000000
1000231c:	41cdcd65 	.word	0x41cdcd65
10002320:	00000000 	.word	0x00000000
10002324:	c1cdcd65 	.word	0xc1cdcd65
10002328:	7fefffff 	.word	0x7fefffff
1000232c:	100074d0 	.word	0x100074d0
10002330:	3fe00000 	.word	0x3fe00000
10002334:	10007348 	.word	0x10007348
10002338:	10007350 	.word	0x10007350
1000233c:	10007358 	.word	0x10007358
10002340:	66666667 	.word	0x66666667
10002344:	cccccccd 	.word	0xcccccccd
10002348:	9a07      	ldr	r2, [sp, #28]
1000234a:	f002 0203 	and.w	r2, r2, #3
1000234e:	2a01      	cmp	r2, #1
10002350:	f000 8096 	beq.w	10002480 <_ftoa+0x470>
10002354:	2d20      	cmp	r5, #32
10002356:	d0cd      	beq.n	100022f4 <_ftoa+0x2e4>
10002358:	9b0d      	ldr	r3, [sp, #52]	@ 0x34
1000235a:	b33b      	cbz	r3, 100023ac <_ftoa+0x39c>
1000235c:	222d      	movs	r2, #45	@ 0x2d
1000235e:	eb0d 0305 	add.w	r3, sp, r5
10002362:	f883 2038 	strb.w	r2, [r3, #56]	@ 0x38
10002366:	3501      	adds	r5, #1
10002368:	e7c4      	b.n	100022f4 <_ftoa+0x2e4>
1000236a:	2d20      	cmp	r5, #32
1000236c:	f43f af09 	beq.w	10002182 <_ftoa+0x172>
10002370:	2130      	movs	r1, #48	@ 0x30
10002372:	442e      	add	r6, r5
10002374:	195a      	adds	r2, r3, r5
10002376:	e005      	b.n	10002384 <_ftoa+0x374>
10002378:	3501      	adds	r5, #1
1000237a:	2d20      	cmp	r5, #32
1000237c:	f802 1f01 	strb.w	r1, [r2, #1]!
10002380:	f43f aeff 	beq.w	10002182 <_ftoa+0x172>
10002384:	42ae      	cmp	r6, r5
10002386:	d1f7      	bne.n	10002378 <_ftoa+0x368>
10002388:	222e      	movs	r2, #46	@ 0x2e
1000238a:	446e      	add	r6, sp
1000238c:	3501      	adds	r5, #1
1000238e:	f886 2038 	strb.w	r2, [r6, #56]	@ 0x38
10002392:	e77f      	b.n	10002294 <_ftoa+0x284>
10002394:	2520      	movs	r5, #32
10002396:	e69c      	b.n	100020d2 <_ftoa+0xc2>
10002398:	9a07      	ldr	r2, [sp, #28]
1000239a:	f012 0f0c 	tst.w	r2, #12
1000239e:	d05a      	beq.n	10002456 <_ftoa+0x446>
100023a0:	f10b 3bff 	add.w	fp, fp, #4294967295	@ 0xffffffff
100023a4:	45ab      	cmp	fp, r5
100023a6:	d89b      	bhi.n	100022e0 <_ftoa+0x2d0>
100023a8:	2d20      	cmp	r5, #32
100023aa:	d0a3      	beq.n	100022f4 <_ftoa+0x2e4>
100023ac:	9b07      	ldr	r3, [sp, #28]
100023ae:	075a      	lsls	r2, r3, #29
100023b0:	d506      	bpl.n	100023c0 <_ftoa+0x3b0>
100023b2:	222b      	movs	r2, #43	@ 0x2b
100023b4:	eb0d 0305 	add.w	r3, sp, r5
100023b8:	f883 2038 	strb.w	r2, [r3, #56]	@ 0x38
100023bc:	3501      	adds	r5, #1
100023be:	e799      	b.n	100022f4 <_ftoa+0x2e4>
100023c0:	071b      	lsls	r3, r3, #28
100023c2:	d597      	bpl.n	100022f4 <_ftoa+0x2e4>
100023c4:	2220      	movs	r2, #32
100023c6:	eb0d 0305 	add.w	r3, sp, r5
100023ca:	f883 2038 	strb.w	r2, [r3, #56]	@ 0x38
100023ce:	3501      	adds	r5, #1
100023d0:	e790      	b.n	100022f4 <_ftoa+0x2e4>
100023d2:	3401      	adds	r4, #1
100023d4:	f024 0401 	bic.w	r4, r4, #1
100023d8:	e75a      	b.n	10002290 <_ftoa+0x280>
100023da:	07f9      	lsls	r1, r7, #31
100023dc:	f57f aeb4 	bpl.w	10002148 <_ftoa+0x138>
100023e0:	e739      	b.n	10002256 <_ftoa+0x246>
100023e2:	f1bb 0f04 	cmp.w	fp, #4
100023e6:	f67f af08 	bls.w	100021fa <_ftoa+0x1ea>
100023ea:	9b0c      	ldr	r3, [sp, #48]	@ 0x30
100023ec:	461d      	mov	r5, r3
100023ee:	3b04      	subs	r3, #4
100023f0:	eb03 070b 	add.w	r7, r3, fp
100023f4:	462a      	mov	r2, r5
100023f6:	4653      	mov	r3, sl
100023f8:	4649      	mov	r1, r9
100023fa:	2020      	movs	r0, #32
100023fc:	3501      	adds	r5, #1
100023fe:	47c0      	blx	r8
10002400:	42af      	cmp	r7, r5
10002402:	d1f7      	bne.n	100023f4 <_ftoa+0x3e4>
10002404:	e6fa      	b.n	100021fc <_ftoa+0x1ec>
10002406:	9b07      	ldr	r3, [sp, #28]
10002408:	f003 0202 	and.w	r2, r3, #2
1000240c:	079d      	lsls	r5, r3, #30
1000240e:	9204      	str	r2, [sp, #16]
10002410:	d025      	beq.n	1000245e <_ftoa+0x44e>
10002412:	9f0c      	ldr	r7, [sp, #48]	@ 0x30
10002414:	463d      	mov	r5, r7
10002416:	4e22      	ldr	r6, [pc, #136]	@ (100024a0 <_ftoa+0x490>)
10002418:	1cf4      	adds	r4, r6, #3
1000241a:	f814 0d01 	ldrb.w	r0, [r4, #-1]!
1000241e:	462a      	mov	r2, r5
10002420:	4653      	mov	r3, sl
10002422:	4649      	mov	r1, r9
10002424:	47c0      	blx	r8
10002426:	42a6      	cmp	r6, r4
10002428:	f105 0501 	add.w	r5, r5, #1
1000242c:	d1f5      	bne.n	1000241a <_ftoa+0x40a>
1000242e:	9b04      	ldr	r3, [sp, #16]
10002430:	1cfc      	adds	r4, r7, #3
10002432:	2b00      	cmp	r3, #0
10002434:	f43f aeff 	beq.w	10002236 <_ftoa+0x226>
10002438:	9d0c      	ldr	r5, [sp, #48]	@ 0x30
1000243a:	1b63      	subs	r3, r4, r5
1000243c:	459b      	cmp	fp, r3
1000243e:	f67f aefa 	bls.w	10002236 <_ftoa+0x226>
10002442:	4622      	mov	r2, r4
10002444:	4653      	mov	r3, sl
10002446:	4649      	mov	r1, r9
10002448:	2020      	movs	r0, #32
1000244a:	3401      	adds	r4, #1
1000244c:	47c0      	blx	r8
1000244e:	1b63      	subs	r3, r4, r5
10002450:	459b      	cmp	fp, r3
10002452:	d8f6      	bhi.n	10002442 <_ftoa+0x432>
10002454:	e6ef      	b.n	10002236 <_ftoa+0x226>
10002456:	45ab      	cmp	fp, r5
10002458:	f63f af42 	bhi.w	100022e0 <_ftoa+0x2d0>
1000245c:	e74a      	b.n	100022f4 <_ftoa+0x2e4>
1000245e:	f1bb 0f03 	cmp.w	fp, #3
10002462:	d9d6      	bls.n	10002412 <_ftoa+0x402>
10002464:	9b0c      	ldr	r3, [sp, #48]	@ 0x30
10002466:	461d      	mov	r5, r3
10002468:	3b03      	subs	r3, #3
1000246a:	eb03 070b 	add.w	r7, r3, fp
1000246e:	462a      	mov	r2, r5
10002470:	4653      	mov	r3, sl
10002472:	4649      	mov	r1, r9
10002474:	2020      	movs	r0, #32
10002476:	3501      	adds	r5, #1
10002478:	47c0      	blx	r8
1000247a:	42bd      	cmp	r5, r7
1000247c:	d1f7      	bne.n	1000246e <_ftoa+0x45e>
1000247e:	e7c9      	b.n	10002414 <_ftoa+0x404>
10002480:	f1bb 0f00 	cmp.w	fp, #0
10002484:	f43f af66 	beq.w	10002354 <_ftoa+0x344>
10002488:	9a0d      	ldr	r2, [sp, #52]	@ 0x34
1000248a:	2a00      	cmp	r2, #0
1000248c:	d084      	beq.n	10002398 <_ftoa+0x388>
1000248e:	f10b 3bff 	add.w	fp, fp, #4294967295	@ 0xffffffff
10002492:	455d      	cmp	r5, fp
10002494:	f4ff af24 	bcc.w	100022e0 <_ftoa+0x2d0>
10002498:	2d20      	cmp	r5, #32
1000249a:	f47f af5f 	bne.w	1000235c <_ftoa+0x34c>
1000249e:	e729      	b.n	100022f4 <_ftoa+0x2e4>
100024a0:	10007354 	.word	0x10007354
100024a4:	00000000 	.word	0x00000000

100024a8 <_etoa>:
100024a8:	e92d 4ff0 	stmdb	sp!, {r4, r5, r6, r7, r8, r9, sl, fp, lr}
100024ac:	b09f      	sub	sp, #124	@ 0x7c
100024ae:	461e      	mov	r6, r3
100024b0:	e9dd ab28 	ldrd	sl, fp, [sp, #160]	@ 0xa0
100024b4:	e9dd 982b 	ldrd	r9, r8, [sp, #172]	@ 0xac
100024b8:	9b2a      	ldr	r3, [sp, #168]	@ 0xa8
100024ba:	4604      	mov	r4, r0
100024bc:	460d      	mov	r5, r1
100024be:	920b      	str	r2, [sp, #44]	@ 0x2c
100024c0:	930a      	str	r3, [sp, #40]	@ 0x28
100024c2:	4652      	mov	r2, sl
100024c4:	465b      	mov	r3, fp
100024c6:	4650      	mov	r0, sl
100024c8:	4659      	mov	r1, fp
100024ca:	f7ff fbf3 	bl	10001cb4 <__wrap___aeabi_dcmpun>
100024ce:	2800      	cmp	r0, #0
100024d0:	f040 80c6 	bne.w	10002660 <_etoa+0x1b8>
100024d4:	4650      	mov	r0, sl
100024d6:	4659      	mov	r1, fp
100024d8:	f04f 32ff 	mov.w	r2, #4294967295	@ 0xffffffff
100024dc:	4b7b      	ldr	r3, [pc, #492]	@ (100026cc <_etoa+0x224>)
100024de:	f7ff fc37 	bl	10001d50 <__wrap___aeabi_dcmpgt>
100024e2:	2800      	cmp	r0, #0
100024e4:	f040 80bc 	bne.w	10002660 <_etoa+0x1b8>
100024e8:	4650      	mov	r0, sl
100024ea:	4659      	mov	r1, fp
100024ec:	f04f 32ff 	mov.w	r2, #4294967295	@ 0xffffffff
100024f0:	f46f 1380 	mvn.w	r3, #1048576	@ 0x100000
100024f4:	f7ff fbf0 	bl	10001cd8 <__wrap___aeabi_dcmplt>
100024f8:	2800      	cmp	r0, #0
100024fa:	f040 80b1 	bne.w	10002660 <_etoa+0x1b8>
100024fe:	4650      	mov	r0, sl
10002500:	4659      	mov	r1, fp
10002502:	2200      	movs	r2, #0
10002504:	2300      	movs	r3, #0
10002506:	f7ff fbe7 	bl	10001cd8 <__wrap___aeabi_dcmplt>
1000250a:	2800      	cmp	r0, #0
1000250c:	f040 81dd 	bne.w	100028ca <_etoa+0x422>
10002510:	e9cd ab08 	strd	sl, fp, [sp, #32]
10002514:	e9dd 1208 	ldrd	r1, r2, [sp, #32]
10002518:	f418 6080 	ands.w	r0, r8, #1024	@ 0x400
1000251c:	460b      	mov	r3, r1
1000251e:	460f      	mov	r7, r1
10002520:	f408 6100 	and.w	r1, r8, #2048	@ 0x800
10002524:	920c      	str	r2, [sp, #48]	@ 0x30
10002526:	9114      	str	r1, [sp, #80]	@ 0x50
10002528:	9015      	str	r0, [sp, #84]	@ 0x54
1000252a:	f040 80a8 	bne.w	1000267e <_etoa+0x1d6>
1000252e:	4313      	orrs	r3, r2
10002530:	f040 80d0 	bne.w	100026d4 <_etoa+0x22c>
10002534:	2900      	cmp	r1, #0
10002536:	f040 81ec 	bne.w	10002912 <_etoa+0x46a>
1000253a:	2306      	movs	r3, #6
1000253c:	930a      	str	r3, [sp, #40]	@ 0x28
1000253e:	f018 0202 	ands.w	r2, r8, #2
10002542:	9210      	str	r2, [sp, #64]	@ 0x40
10002544:	f040 81dd 	bne.w	10002902 <_etoa+0x45a>
10002548:	464b      	mov	r3, r9
1000254a:	2b04      	cmp	r3, #4
1000254c:	bf38      	it	cc
1000254e:	2304      	movcc	r3, #4
10002550:	920e      	str	r2, [sp, #56]	@ 0x38
10002552:	2204      	movs	r2, #4
10002554:	3b04      	subs	r3, #4
10002556:	9212      	str	r2, [sp, #72]	@ 0x48
10002558:	9314      	str	r3, [sp, #80]	@ 0x50
1000255a:	4650      	mov	r0, sl
1000255c:	4659      	mov	r1, fp
1000255e:	2200      	movs	r2, #0
10002560:	2300      	movs	r3, #0
10002562:	f7ff fbb9 	bl	10001cd8 <__wrap___aeabi_dcmplt>
10002566:	2800      	cmp	r0, #0
10002568:	f040 822a 	bne.w	100029c0 <_etoa+0x518>
1000256c:	ed9d 7b08 	vldr	d7, [sp, #32]
10002570:	9b14      	ldr	r3, [sp, #80]	@ 0x50
10002572:	9a0b      	ldr	r2, [sp, #44]	@ 0x2c
10002574:	9303      	str	r3, [sp, #12]
10002576:	9b0a      	ldr	r3, [sp, #40]	@ 0x28
10002578:	ed8d 7b00 	vstr	d7, [sp]
1000257c:	9302      	str	r3, [sp, #8]
1000257e:	f428 6300 	bic.w	r3, r8, #2048	@ 0x800
10002582:	9304      	str	r3, [sp, #16]
10002584:	4629      	mov	r1, r5
10002586:	4633      	mov	r3, r6
10002588:	4620      	mov	r0, r4
1000258a:	f7ff fd41 	bl	10002010 <_ftoa>
1000258e:	4602      	mov	r2, r0
10002590:	f018 0f20 	tst.w	r8, #32
10002594:	4633      	mov	r3, r6
10002596:	4629      	mov	r1, r5
10002598:	bf0c      	ite	eq
1000259a:	2065      	moveq	r0, #101	@ 0x65
1000259c:	2045      	movne	r0, #69	@ 0x45
1000259e:	f102 0801 	add.w	r8, r2, #1
100025a2:	47a0      	blx	r4
100025a4:	9b12      	ldr	r3, [sp, #72]	@ 0x48
100025a6:	f10d 0a58 	add.w	sl, sp, #88	@ 0x58
100025aa:	f103 3bff 	add.w	fp, r3, #4294967295	@ 0xffffffff
100025ae:	9b0e      	ldr	r3, [sp, #56]	@ 0x38
100025b0:	2200      	movs	r2, #0
100025b2:	ea83 7ce3 	eor.w	ip, r3, r3, asr #31
100025b6:	4650      	mov	r0, sl
100025b8:	f8df e114 	ldr.w	lr, [pc, #276]	@ 100026d0 <_etoa+0x228>
100025bc:	9f0b      	ldr	r7, [sp, #44]	@ 0x2c
100025be:	ebac 7ce3 	sub.w	ip, ip, r3, asr #31
100025c2:	0fd9      	lsrs	r1, r3, #31
100025c4:	f8cd 8020 	str.w	r8, [sp, #32]
100025c8:	e002      	b.n	100025d0 <_etoa+0x128>
100025ca:	2a20      	cmp	r2, #32
100025cc:	46c4      	mov	ip, r8
100025ce:	d010      	beq.n	100025f2 <_etoa+0x14a>
100025d0:	fbae 380c 	umull	r3, r8, lr, ip
100025d4:	ea4f 08d8 	mov.w	r8, r8, lsr #3
100025d8:	eb08 0388 	add.w	r3, r8, r8, lsl #2
100025dc:	ebac 0343 	sub.w	r3, ip, r3, lsl #1
100025e0:	3001      	adds	r0, #1
100025e2:	3330      	adds	r3, #48	@ 0x30
100025e4:	f1bc 0f09 	cmp.w	ip, #9
100025e8:	f102 0201 	add.w	r2, r2, #1
100025ec:	f800 3c01 	strb.w	r3, [r0, #-1]
100025f0:	d8eb      	bhi.n	100025ca <_etoa+0x122>
100025f2:	2305      	movs	r3, #5
100025f4:	f04f 0c00 	mov.w	ip, #0
100025f8:	9306      	str	r3, [sp, #24]
100025fa:	230a      	movs	r3, #10
100025fc:	f8dd 8020 	ldr.w	r8, [sp, #32]
10002600:	e9cd 2101 	strd	r2, r1, [sp, #4]
10002604:	e9cd 3c03 	strd	r3, ip, [sp, #12]
10002608:	f8cd a000 	str.w	sl, [sp]
1000260c:	4633      	mov	r3, r6
1000260e:	4642      	mov	r2, r8
10002610:	4629      	mov	r1, r5
10002612:	4620      	mov	r0, r4
10002614:	f8cd b014 	str.w	fp, [sp, #20]
10002618:	f7ff fc00 	bl	10001e1c <_ntoa_format>
1000261c:	9b10      	ldr	r3, [sp, #64]	@ 0x40
1000261e:	4682      	mov	sl, r0
10002620:	b1d3      	cbz	r3, 10002658 <_etoa+0x1b0>
10002622:	eba0 0807 	sub.w	r8, r0, r7
10002626:	45c1      	cmp	r9, r8
10002628:	d916      	bls.n	10002658 <_etoa+0x1b0>
1000262a:	eb07 0208 	add.w	r2, r7, r8
1000262e:	4633      	mov	r3, r6
10002630:	4629      	mov	r1, r5
10002632:	2020      	movs	r0, #32
10002634:	f108 0801 	add.w	r8, r8, #1
10002638:	47a0      	blx	r4
1000263a:	45c1      	cmp	r9, r8
1000263c:	d8f5      	bhi.n	1000262a <_etoa+0x182>
1000263e:	1e7b      	subs	r3, r7, #1
10002640:	444b      	add	r3, r9
10002642:	f1c7 0201 	rsb	r2, r7, #1
10002646:	eba3 030a 	sub.w	r3, r3, sl
1000264a:	4452      	add	r2, sl
1000264c:	4591      	cmp	r9, r2
1000264e:	bf38      	it	cc
10002650:	2300      	movcc	r3, #0
10002652:	f10a 0a01 	add.w	sl, sl, #1
10002656:	449a      	add	sl, r3
10002658:	4650      	mov	r0, sl
1000265a:	b01f      	add	sp, #124	@ 0x7c
1000265c:	e8bd 8ff0 	ldmia.w	sp!, {r4, r5, r6, r7, r8, r9, sl, fp, pc}
10002660:	4633      	mov	r3, r6
10002662:	4629      	mov	r1, r5
10002664:	4620      	mov	r0, r4
10002666:	e9cd ab28 	strd	sl, fp, [sp, #160]	@ 0xa0
1000266a:	9c0a      	ldr	r4, [sp, #40]	@ 0x28
1000266c:	e9cd 982b 	strd	r9, r8, [sp, #172]	@ 0xac
10002670:	9a0b      	ldr	r2, [sp, #44]	@ 0x2c
10002672:	942a      	str	r4, [sp, #168]	@ 0xa8
10002674:	b01f      	add	sp, #124	@ 0x7c
10002676:	e8bd 4ff0 	ldmia.w	sp!, {r4, r5, r6, r7, r8, r9, sl, fp, lr}
1000267a:	f7ff bcc9 	b.w	10002010 <_ftoa>
1000267e:	ea57 0302 	orrs.w	r3, r7, r2
10002682:	d129      	bne.n	100026d8 <_etoa+0x230>
10002684:	2900      	cmp	r1, #0
10002686:	f43f af5a 	beq.w	1000253e <_etoa+0x96>
1000268a:	2300      	movs	r3, #0
1000268c:	930e      	str	r3, [sp, #56]	@ 0x38
1000268e:	9b0a      	ldr	r3, [sp, #40]	@ 0x28
10002690:	9a0e      	ldr	r2, [sp, #56]	@ 0x38
10002692:	4293      	cmp	r3, r2
10002694:	f300 81ba 	bgt.w	10002a0c <_etoa+0x564>
10002698:	2700      	movs	r7, #0
1000269a:	4650      	mov	r0, sl
1000269c:	4659      	mov	r1, fp
1000269e:	2200      	movs	r2, #0
100026a0:	2300      	movs	r3, #0
100026a2:	f7ff fb19 	bl	10001cd8 <__wrap___aeabi_dcmplt>
100026a6:	2800      	cmp	r0, #0
100026a8:	f040 8115 	bne.w	100028d6 <_etoa+0x42e>
100026ac:	ed9d 7b08 	vldr	d7, [sp, #32]
100026b0:	f428 6300 	bic.w	r3, r8, #2048	@ 0x800
100026b4:	f443 6380 	orr.w	r3, r3, #1024	@ 0x400
100026b8:	932c      	str	r3, [sp, #176]	@ 0xb0
100026ba:	ed8d 7b28 	vstr	d7, [sp, #160]	@ 0xa0
100026be:	4633      	mov	r3, r6
100026c0:	4629      	mov	r1, r5
100026c2:	4620      	mov	r0, r4
100026c4:	e9cd 792a 	strd	r7, r9, [sp, #168]	@ 0xa8
100026c8:	9a0b      	ldr	r2, [sp, #44]	@ 0x2c
100026ca:	e7d3      	b.n	10002674 <_etoa+0x1cc>
100026cc:	7fefffff 	.word	0x7fefffff
100026d0:	cccccccd 	.word	0xcccccccd
100026d4:	2306      	movs	r3, #6
100026d6:	930a      	str	r3, [sp, #40]	@ 0x28
100026d8:	9b0c      	ldr	r3, [sp, #48]	@ 0x30
100026da:	f3c3 500a 	ubfx	r0, r3, #20, #11
100026de:	f2a0 30ff 	subw	r0, r0, #1023	@ 0x3ff
100026e2:	f7ff fa9f 	bl	10001c24 <__wrap___aeabi_i2d>
100026e6:	a3b2      	add	r3, pc, #712	@ (adr r3, 100029b0 <_etoa+0x508>)
100026e8:	e9d3 2300 	ldrd	r2, r3, [r3]
100026ec:	f7ff fa26 	bl	10001b3c <__wrap___aeabi_dmul>
100026f0:	a3b1      	add	r3, pc, #708	@ (adr r3, 100029b8 <_etoa+0x510>)
100026f2:	e9d3 2300 	ldrd	r2, r3, [r3]
100026f6:	f7ff f9f9 	bl	10001aec <__wrap___aeabi_dadd>
100026fa:	9b0c      	ldr	r3, [sp, #48]	@ 0x30
100026fc:	e9cd 010e 	strd	r0, r1, [sp, #56]	@ 0x38
10002700:	f3c3 0313 	ubfx	r3, r3, #0, #20
10002704:	f043 517f 	orr.w	r1, r3, #1069547520	@ 0x3fc00000
10002708:	4638      	mov	r0, r7
1000270a:	2200      	movs	r2, #0
1000270c:	4ba2      	ldr	r3, [pc, #648]	@ (10002998 <_etoa+0x4f0>)
1000270e:	f441 1140 	orr.w	r1, r1, #3145728	@ 0x300000
10002712:	f7ff f9ff 	bl	10001b14 <__wrap___aeabi_dsub>
10002716:	a394      	add	r3, pc, #592	@ (adr r3, 10002968 <_etoa+0x4c0>)
10002718:	e9d3 2300 	ldrd	r2, r3, [r3]
1000271c:	f7ff fa0e 	bl	10001b3c <__wrap___aeabi_dmul>
10002720:	4602      	mov	r2, r0
10002722:	460b      	mov	r3, r1
10002724:	e9dd 010e 	ldrd	r0, r1, [sp, #56]	@ 0x38
10002728:	f7ff f9e0 	bl	10001aec <__wrap___aeabi_dadd>
1000272c:	f7ff fa9e 	bl	10001c6c <__wrap___aeabi_d2iz>
10002730:	900e      	str	r0, [sp, #56]	@ 0x38
10002732:	f7ff fa77 	bl	10001c24 <__wrap___aeabi_i2d>
10002736:	a38e      	add	r3, pc, #568	@ (adr r3, 10002970 <_etoa+0x4c8>)
10002738:	e9d3 2300 	ldrd	r2, r3, [r3]
1000273c:	e9cd 010c 	strd	r0, r1, [sp, #48]	@ 0x30
10002740:	f7ff f9fc 	bl	10001b3c <__wrap___aeabi_dmul>
10002744:	2200      	movs	r2, #0
10002746:	4b95      	ldr	r3, [pc, #596]	@ (1000299c <_etoa+0x4f4>)
10002748:	f7ff f9d0 	bl	10001aec <__wrap___aeabi_dadd>
1000274c:	f7ff fa8e 	bl	10001c6c <__wrap___aeabi_d2iz>
10002750:	a389      	add	r3, pc, #548	@ (adr r3, 10002978 <_etoa+0x4d0>)
10002752:	e9d3 2300 	ldrd	r2, r3, [r3]
10002756:	4607      	mov	r7, r0
10002758:	e9dd 010c 	ldrd	r0, r1, [sp, #48]	@ 0x30
1000275c:	f7ff f9ee 	bl	10001b3c <__wrap___aeabi_dmul>
10002760:	e9cd 010c 	strd	r0, r1, [sp, #48]	@ 0x30
10002764:	4638      	mov	r0, r7
10002766:	f7ff fa5d 	bl	10001c24 <__wrap___aeabi_i2d>
1000276a:	a385      	add	r3, pc, #532	@ (adr r3, 10002980 <_etoa+0x4d8>)
1000276c:	e9d3 2300 	ldrd	r2, r3, [r3]
10002770:	f7ff f9e4 	bl	10001b3c <__wrap___aeabi_dmul>
10002774:	4602      	mov	r2, r0
10002776:	460b      	mov	r3, r1
10002778:	e9dd 010c 	ldrd	r0, r1, [sp, #48]	@ 0x30
1000277c:	f7ff f9ca 	bl	10001b14 <__wrap___aeabi_dsub>
10002780:	4602      	mov	r2, r0
10002782:	460b      	mov	r3, r1
10002784:	e9cd 230c 	strd	r2, r3, [sp, #48]	@ 0x30
10002788:	f7ff f9d8 	bl	10001b3c <__wrap___aeabi_dmul>
1000278c:	e9cd 0110 	strd	r0, r1, [sp, #64]	@ 0x40
10002790:	e9dd 010c 	ldrd	r0, r1, [sp, #48]	@ 0x30
10002794:	4602      	mov	r2, r0
10002796:	460b      	mov	r3, r1
10002798:	f7ff f9a8 	bl	10001aec <__wrap___aeabi_dadd>
1000279c:	2200      	movs	r2, #0
1000279e:	e9cd 0112 	strd	r0, r1, [sp, #72]	@ 0x48
100027a2:	e9dd 0110 	ldrd	r0, r1, [sp, #64]	@ 0x40
100027a6:	4b7e      	ldr	r3, [pc, #504]	@ (100029a0 <_etoa+0x4f8>)
100027a8:	f7ff f9ee 	bl	10001b88 <__wrap___aeabi_ddiv>
100027ac:	2200      	movs	r2, #0
100027ae:	4b7d      	ldr	r3, [pc, #500]	@ (100029a4 <_etoa+0x4fc>)
100027b0:	f7ff f99c 	bl	10001aec <__wrap___aeabi_dadd>
100027b4:	4602      	mov	r2, r0
100027b6:	460b      	mov	r3, r1
100027b8:	e9dd 0110 	ldrd	r0, r1, [sp, #64]	@ 0x40
100027bc:	f7ff f9e4 	bl	10001b88 <__wrap___aeabi_ddiv>
100027c0:	2200      	movs	r2, #0
100027c2:	4b79      	ldr	r3, [pc, #484]	@ (100029a8 <_etoa+0x500>)
100027c4:	f7ff f992 	bl	10001aec <__wrap___aeabi_dadd>
100027c8:	4602      	mov	r2, r0
100027ca:	460b      	mov	r3, r1
100027cc:	e9dd 0110 	ldrd	r0, r1, [sp, #64]	@ 0x40
100027d0:	f7ff f9da 	bl	10001b88 <__wrap___aeabi_ddiv>
100027d4:	e9cd 0110 	strd	r0, r1, [sp, #64]	@ 0x40
100027d8:	e9dd 230c 	ldrd	r2, r3, [sp, #48]	@ 0x30
100027dc:	2000      	movs	r0, #0
100027de:	f04f 4180 	mov.w	r1, #1073741824	@ 0x40000000
100027e2:	f7ff f997 	bl	10001b14 <__wrap___aeabi_dsub>
100027e6:	4602      	mov	r2, r0
100027e8:	460b      	mov	r3, r1
100027ea:	e9dd 0110 	ldrd	r0, r1, [sp, #64]	@ 0x40
100027ee:	f7ff f97d 	bl	10001aec <__wrap___aeabi_dadd>
100027f2:	4602      	mov	r2, r0
100027f4:	460b      	mov	r3, r1
100027f6:	e9dd 0112 	ldrd	r0, r1, [sp, #72]	@ 0x48
100027fa:	f7ff f9c5 	bl	10001b88 <__wrap___aeabi_ddiv>
100027fe:	2200      	movs	r2, #0
10002800:	4b6a      	ldr	r3, [pc, #424]	@ (100029ac <_etoa+0x504>)
10002802:	f7ff f973 	bl	10001aec <__wrap___aeabi_dadd>
10002806:	f207 3cff 	addw	ip, r7, #1023	@ 0x3ff
1000280a:	2200      	movs	r2, #0
1000280c:	ea4f 530c 	mov.w	r3, ip, lsl #20
10002810:	f7ff f994 	bl	10001b3c <__wrap___aeabi_dmul>
10002814:	4602      	mov	r2, r0
10002816:	460b      	mov	r3, r1
10002818:	e9dd 0108 	ldrd	r0, r1, [sp, #32]
1000281c:	e9cd 230c 	strd	r2, r3, [sp, #48]	@ 0x30
10002820:	f7ff fa5a 	bl	10001cd8 <__wrap___aeabi_dcmplt>
10002824:	b150      	cbz	r0, 1000283c <_etoa+0x394>
10002826:	e9dd 010c 	ldrd	r0, r1, [sp, #48]	@ 0x30
1000282a:	9b0e      	ldr	r3, [sp, #56]	@ 0x38
1000282c:	2200      	movs	r2, #0
1000282e:	3b01      	subs	r3, #1
10002830:	930e      	str	r3, [sp, #56]	@ 0x38
10002832:	4b5c      	ldr	r3, [pc, #368]	@ (100029a4 <_etoa+0x4fc>)
10002834:	f7ff f9a8 	bl	10001b88 <__wrap___aeabi_ddiv>
10002838:	e9cd 010c 	strd	r0, r1, [sp, #48]	@ 0x30
1000283c:	e9dd 010c 	ldrd	r0, r1, [sp, #48]	@ 0x30
10002840:	9b0e      	ldr	r3, [sp, #56]	@ 0x38
10002842:	4602      	mov	r2, r0
10002844:	3363      	adds	r3, #99	@ 0x63
10002846:	2bc6      	cmp	r3, #198	@ 0xc6
10002848:	f008 0302 	and.w	r3, r8, #2
1000284c:	9310      	str	r3, [sp, #64]	@ 0x40
1000284e:	9b14      	ldr	r3, [sp, #80]	@ 0x50
10002850:	d82d      	bhi.n	100028ae <_etoa+0x406>
10002852:	2b00      	cmp	r3, #0
10002854:	d05f      	beq.n	10002916 <_etoa+0x46e>
10002856:	2304      	movs	r3, #4
10002858:	9312      	str	r3, [sp, #72]	@ 0x48
1000285a:	430a      	orrs	r2, r1
1000285c:	f43f af17 	beq.w	1000268e <_etoa+0x1e6>
10002860:	e9dd 0108 	ldrd	r0, r1, [sp, #32]
10002864:	a348      	add	r3, pc, #288	@ (adr r3, 10002988 <_etoa+0x4e0>)
10002866:	e9d3 2300 	ldrd	r2, r3, [r3]
1000286a:	f7ff fa5d 	bl	10001d28 <__wrap___aeabi_dcmpge>
1000286e:	b148      	cbz	r0, 10002884 <_etoa+0x3dc>
10002870:	e9dd 0108 	ldrd	r0, r1, [sp, #32]
10002874:	a346      	add	r3, pc, #280	@ (adr r3, 10002990 <_etoa+0x4e8>)
10002876:	e9d3 2300 	ldrd	r2, r3, [r3]
1000287a:	f7ff fa2d 	bl	10001cd8 <__wrap___aeabi_dcmplt>
1000287e:	2800      	cmp	r0, #0
10002880:	f47f af05 	bne.w	1000268e <_etoa+0x1e6>
10002884:	9b0a      	ldr	r3, [sp, #40]	@ 0x28
10002886:	2b00      	cmp	r3, #0
10002888:	d051      	beq.n	1000292e <_etoa+0x486>
1000288a:	9a15      	ldr	r2, [sp, #84]	@ 0x54
1000288c:	2a00      	cmp	r2, #0
1000288e:	f000 80ac 	beq.w	100029ea <_etoa+0x542>
10002892:	3b01      	subs	r3, #1
10002894:	930a      	str	r3, [sp, #40]	@ 0x28
10002896:	9b12      	ldr	r3, [sp, #72]	@ 0x48
10002898:	4599      	cmp	r9, r3
1000289a:	d905      	bls.n	100028a8 <_etoa+0x400>
1000289c:	9b10      	ldr	r3, [sp, #64]	@ 0x40
1000289e:	2b00      	cmp	r3, #0
100028a0:	f000 80af 	beq.w	10002a02 <_etoa+0x55a>
100028a4:	2302      	movs	r3, #2
100028a6:	9310      	str	r3, [sp, #64]	@ 0x40
100028a8:	2300      	movs	r3, #0
100028aa:	9314      	str	r3, [sp, #80]	@ 0x50
100028ac:	e044      	b.n	10002938 <_etoa+0x490>
100028ae:	bb2b      	cbnz	r3, 100028fc <_etoa+0x454>
100028b0:	f1b9 0f05 	cmp.w	r9, #5
100028b4:	d94f      	bls.n	10002956 <_etoa+0x4ae>
100028b6:	f008 0302 	and.w	r3, r8, #2
100028ba:	2b00      	cmp	r3, #0
100028bc:	d149      	bne.n	10002952 <_etoa+0x4aa>
100028be:	2305      	movs	r3, #5
100028c0:	9312      	str	r3, [sp, #72]	@ 0x48
100028c2:	f1a9 0305 	sub.w	r3, r9, #5
100028c6:	9314      	str	r3, [sp, #80]	@ 0x50
100028c8:	e03a      	b.n	10002940 <_etoa+0x498>
100028ca:	f10b 4300 	add.w	r3, fp, #2147483648	@ 0x80000000
100028ce:	f8cd a020 	str.w	sl, [sp, #32]
100028d2:	9309      	str	r3, [sp, #36]	@ 0x24
100028d4:	e61e      	b.n	10002514 <_etoa+0x6c>
100028d6:	f428 6300 	bic.w	r3, r8, #2048	@ 0x800
100028da:	f443 6380 	orr.w	r3, r3, #1024	@ 0x400
100028de:	4620      	mov	r0, r4
100028e0:	e9cd 792a 	strd	r7, r9, [sp, #168]	@ 0xa8
100028e4:	932c      	str	r3, [sp, #176]	@ 0xb0
100028e6:	4633      	mov	r3, r6
100028e8:	e9dd 6708 	ldrd	r6, r7, [sp, #32]
100028ec:	4634      	mov	r4, r6
100028ee:	4629      	mov	r1, r5
100028f0:	f107 4500 	add.w	r5, r7, #2147483648	@ 0x80000000
100028f4:	e9cd 4528 	strd	r4, r5, [sp, #160]	@ 0xa0
100028f8:	9a0b      	ldr	r2, [sp, #44]	@ 0x2c
100028fa:	e6bb      	b.n	10002674 <_etoa+0x1cc>
100028fc:	2305      	movs	r3, #5
100028fe:	9312      	str	r3, [sp, #72]	@ 0x48
10002900:	e7ab      	b.n	1000285a <_etoa+0x3b2>
10002902:	2202      	movs	r2, #2
10002904:	2300      	movs	r3, #0
10002906:	9210      	str	r2, [sp, #64]	@ 0x40
10002908:	2204      	movs	r2, #4
1000290a:	9314      	str	r3, [sp, #80]	@ 0x50
1000290c:	9212      	str	r2, [sp, #72]	@ 0x48
1000290e:	930e      	str	r3, [sp, #56]	@ 0x38
10002910:	e623      	b.n	1000255a <_etoa+0xb2>
10002912:	2705      	movs	r7, #5
10002914:	e6c1      	b.n	1000269a <_etoa+0x1f2>
10002916:	f1b9 0f04 	cmp.w	r9, #4
1000291a:	d91f      	bls.n	1000295c <_etoa+0x4b4>
1000291c:	9b10      	ldr	r3, [sp, #64]	@ 0x40
1000291e:	2b00      	cmp	r3, #0
10002920:	d177      	bne.n	10002a12 <_etoa+0x56a>
10002922:	2304      	movs	r3, #4
10002924:	9312      	str	r3, [sp, #72]	@ 0x48
10002926:	f1a9 0304 	sub.w	r3, r9, #4
1000292a:	9314      	str	r3, [sp, #80]	@ 0x50
1000292c:	e004      	b.n	10002938 <_etoa+0x490>
1000292e:	9b12      	ldr	r3, [sp, #72]	@ 0x48
10002930:	4599      	cmp	r9, r3
10002932:	d85f      	bhi.n	100029f4 <_etoa+0x54c>
10002934:	9b0a      	ldr	r3, [sp, #40]	@ 0x28
10002936:	9314      	str	r3, [sp, #80]	@ 0x50
10002938:	9b0e      	ldr	r3, [sp, #56]	@ 0x38
1000293a:	2b00      	cmp	r3, #0
1000293c:	f43f ae0d 	beq.w	1000255a <_etoa+0xb2>
10002940:	e9dd 0108 	ldrd	r0, r1, [sp, #32]
10002944:	e9dd 230c 	ldrd	r2, r3, [sp, #48]	@ 0x30
10002948:	f7ff f91e 	bl	10001b88 <__wrap___aeabi_ddiv>
1000294c:	e9cd 0108 	strd	r0, r1, [sp, #32]
10002950:	e603      	b.n	1000255a <_etoa+0xb2>
10002952:	2302      	movs	r3, #2
10002954:	9310      	str	r3, [sp, #64]	@ 0x40
10002956:	2305      	movs	r3, #5
10002958:	9312      	str	r3, [sp, #72]	@ 0x48
1000295a:	e7f1      	b.n	10002940 <_etoa+0x498>
1000295c:	2304      	movs	r3, #4
1000295e:	9312      	str	r3, [sp, #72]	@ 0x48
10002960:	e7ea      	b.n	10002938 <_etoa+0x490>
10002962:	bf00      	nop
10002964:	f3af 8000 	nop.w
10002968:	636f4361 	.word	0x636f4361
1000296c:	3fd287a7 	.word	0x3fd287a7
10002970:	0979a371 	.word	0x0979a371
10002974:	400a934f 	.word	0x400a934f
10002978:	bbb55516 	.word	0xbbb55516
1000297c:	40026bb1 	.word	0x40026bb1
10002980:	fefa39ef 	.word	0xfefa39ef
10002984:	3fe62e42 	.word	0x3fe62e42
10002988:	eb1c432d 	.word	0xeb1c432d
1000298c:	3f1a36e2 	.word	0x3f1a36e2
10002990:	00000000 	.word	0x00000000
10002994:	412e8480 	.word	0x412e8480
10002998:	3ff80000 	.word	0x3ff80000
1000299c:	3fe00000 	.word	0x3fe00000
100029a0:	402c0000 	.word	0x402c0000
100029a4:	40240000 	.word	0x40240000
100029a8:	40180000 	.word	0x40180000
100029ac:	3ff00000 	.word	0x3ff00000
100029b0:	509f79fb 	.word	0x509f79fb
100029b4:	3fd34413 	.word	0x3fd34413
100029b8:	8b60c8b3 	.word	0x8b60c8b3
100029bc:	3fc68a28 	.word	0x3fc68a28
100029c0:	9b14      	ldr	r3, [sp, #80]	@ 0x50
100029c2:	e9dd a708 	ldrd	sl, r7, [sp, #32]
100029c6:	9303      	str	r3, [sp, #12]
100029c8:	9b0a      	ldr	r3, [sp, #40]	@ 0x28
100029ca:	f107 4b00 	add.w	fp, r7, #2147483648	@ 0x80000000
100029ce:	9302      	str	r3, [sp, #8]
100029d0:	f428 6300 	bic.w	r3, r8, #2048	@ 0x800
100029d4:	9a0b      	ldr	r2, [sp, #44]	@ 0x2c
100029d6:	9304      	str	r3, [sp, #16]
100029d8:	4629      	mov	r1, r5
100029da:	4633      	mov	r3, r6
100029dc:	4620      	mov	r0, r4
100029de:	e9cd ab00 	strd	sl, fp, [sp]
100029e2:	f7ff fb15 	bl	10002010 <_ftoa>
100029e6:	4602      	mov	r2, r0
100029e8:	e5d2      	b.n	10002590 <_etoa+0xe8>
100029ea:	9b12      	ldr	r3, [sp, #72]	@ 0x48
100029ec:	4599      	cmp	r9, r3
100029ee:	d815      	bhi.n	10002a1c <_etoa+0x574>
100029f0:	9214      	str	r2, [sp, #80]	@ 0x50
100029f2:	e7a1      	b.n	10002938 <_etoa+0x490>
100029f4:	9b10      	ldr	r3, [sp, #64]	@ 0x40
100029f6:	b123      	cbz	r3, 10002a02 <_etoa+0x55a>
100029f8:	9b0a      	ldr	r3, [sp, #40]	@ 0x28
100029fa:	9314      	str	r3, [sp, #80]	@ 0x50
100029fc:	2302      	movs	r3, #2
100029fe:	9310      	str	r3, [sp, #64]	@ 0x40
10002a00:	e79a      	b.n	10002938 <_etoa+0x490>
10002a02:	9b12      	ldr	r3, [sp, #72]	@ 0x48
10002a04:	eba9 0303 	sub.w	r3, r9, r3
10002a08:	9314      	str	r3, [sp, #80]	@ 0x50
10002a0a:	e795      	b.n	10002938 <_etoa+0x490>
10002a0c:	1a9b      	subs	r3, r3, r2
10002a0e:	1e5f      	subs	r7, r3, #1
10002a10:	e643      	b.n	1000269a <_etoa+0x1f2>
10002a12:	2304      	movs	r3, #4
10002a14:	9312      	str	r3, [sp, #72]	@ 0x48
10002a16:	2302      	movs	r3, #2
10002a18:	9310      	str	r3, [sp, #64]	@ 0x40
10002a1a:	e78d      	b.n	10002938 <_etoa+0x490>
10002a1c:	9b10      	ldr	r3, [sp, #64]	@ 0x40
10002a1e:	2b00      	cmp	r3, #0
10002a20:	d0ef      	beq.n	10002a02 <_etoa+0x55a>
10002a22:	2302      	movs	r3, #2
10002a24:	9214      	str	r2, [sp, #80]	@ 0x50
10002a26:	9310      	str	r3, [sp, #64]	@ 0x40
10002a28:	e786      	b.n	10002938 <_etoa+0x490>
10002a2a:	bf00      	nop

10002a2c <_vsnprintf>:
10002a2c:	e92d 4ff0 	stmdb	sp!, {r4, r5, r6, r7, r8, r9, sl, fp, lr}
10002a30:	4691      	mov	r9, r2
10002a32:	4c9a      	ldr	r4, [pc, #616]	@ (10002c9c <_vsnprintf+0x270>)
10002a34:	4a9a      	ldr	r2, [pc, #616]	@ (10002ca0 <_vsnprintf+0x274>)
10002a36:	f1b1 0a00 	subs.w	sl, r1, #0
10002a3a:	b09b      	sub	sp, #108	@ 0x6c
10002a3c:	bf18      	it	ne
10002a3e:	4683      	movne	fp, r0
10002a40:	6014      	str	r4, [r2, #0]
10002a42:	7818      	ldrb	r0, [r3, #0]
10002a44:	4a97      	ldr	r2, [pc, #604]	@ (10002ca4 <_vsnprintf+0x278>)
10002a46:	f8dd 8090 	ldr.w	r8, [sp, #144]	@ 0x90
10002a4a:	bf08      	it	eq
10002a4c:	4693      	moveq	fp, r2
10002a4e:	2800      	cmp	r0, #0
10002a50:	f000 828a 	beq.w	10002f68 <_vsnprintf+0x53c>
10002a54:	461d      	mov	r5, r3
10002a56:	2600      	movs	r6, #0
10002a58:	f8cd 9020 	str.w	r9, [sp, #32]
10002a5c:	e008      	b.n	10002a70 <_vsnprintf+0x44>
10002a5e:	4632      	mov	r2, r6
10002a60:	4651      	mov	r1, sl
10002a62:	9b08      	ldr	r3, [sp, #32]
10002a64:	47d8      	blx	fp
10002a66:	3601      	adds	r6, #1
10002a68:	7828      	ldrb	r0, [r5, #0]
10002a6a:	2800      	cmp	r0, #0
10002a6c:	f000 80c7 	beq.w	10002bfe <_vsnprintf+0x1d2>
10002a70:	2825      	cmp	r0, #37	@ 0x25
10002a72:	f105 0501 	add.w	r5, r5, #1
10002a76:	d1f2      	bne.n	10002a5e <_vsnprintf+0x32>
10002a78:	2200      	movs	r2, #0
10002a7a:	462b      	mov	r3, r5
10002a7c:	f813 1b01 	ldrb.w	r1, [r3], #1
10002a80:	f1a1 0020 	sub.w	r0, r1, #32
10002a84:	2810      	cmp	r0, #16
10002a86:	d80a      	bhi.n	10002a9e <_vsnprintf+0x72>
10002a88:	e8df f000 	tbb	[pc, r0]
10002a8c:	3b09093f 	.word	0x3b09093f
10002a90:	09090909 	.word	0x09090909
10002a94:	37090909 	.word	0x37090909
10002a98:	09093309 	.word	0x09093309
10002a9c:	2f          	.byte	0x2f
10002a9d:	00          	.byte	0x00
10002a9e:	f1a1 0030 	sub.w	r0, r1, #48	@ 0x30
10002aa2:	2809      	cmp	r0, #9
10002aa4:	f240 8089 	bls.w	10002bba <_vsnprintf+0x18e>
10002aa8:	292a      	cmp	r1, #42	@ 0x2a
10002aaa:	f000 80e9 	beq.w	10002c80 <_vsnprintf+0x254>
10002aae:	2400      	movs	r4, #0
10002ab0:	292e      	cmp	r1, #46	@ 0x2e
10002ab2:	f000 8094 	beq.w	10002bde <_vsnprintf+0x1b2>
10002ab6:	2700      	movs	r7, #0
10002ab8:	f1a1 0068 	sub.w	r0, r1, #104	@ 0x68
10002abc:	2812      	cmp	r0, #18
10002abe:	d82c      	bhi.n	10002b1a <_vsnprintf+0xee>
10002ac0:	e8df f010 	tbh	[pc, r0, lsl #1]
10002ac4:	002b014e 	.word	0x002b014e
10002ac8:	002b0149 	.word	0x002b0149
10002acc:	002b0140 	.word	0x002b0140
10002ad0:	002b002b 	.word	0x002b002b
10002ad4:	002b002b 	.word	0x002b002b
10002ad8:	002b002b 	.word	0x002b002b
10002adc:	002b0027 	.word	0x002b0027
10002ae0:	002b002b 	.word	0x002b002b
10002ae4:	002b002b 	.word	0x002b002b
10002ae8:	0027      	.short	0x0027
10002aea:	461d      	mov	r5, r3
10002aec:	f042 0201 	orr.w	r2, r2, #1
10002af0:	e7c3      	b.n	10002a7a <_vsnprintf+0x4e>
10002af2:	461d      	mov	r5, r3
10002af4:	f042 0202 	orr.w	r2, r2, #2
10002af8:	e7bf      	b.n	10002a7a <_vsnprintf+0x4e>
10002afa:	461d      	mov	r5, r3
10002afc:	f042 0204 	orr.w	r2, r2, #4
10002b00:	e7bb      	b.n	10002a7a <_vsnprintf+0x4e>
10002b02:	461d      	mov	r5, r3
10002b04:	f042 0210 	orr.w	r2, r2, #16
10002b08:	e7b7      	b.n	10002a7a <_vsnprintf+0x4e>
10002b0a:	461d      	mov	r5, r3
10002b0c:	f042 0208 	orr.w	r2, r2, #8
10002b10:	e7b3      	b.n	10002a7a <_vsnprintf+0x4e>
10002b12:	7869      	ldrb	r1, [r5, #1]
10002b14:	f442 7280 	orr.w	r2, r2, #256	@ 0x100
10002b18:	3301      	adds	r3, #1
10002b1a:	2967      	cmp	r1, #103	@ 0x67
10002b1c:	461d      	mov	r5, r3
10002b1e:	d87e      	bhi.n	10002c1e <_vsnprintf+0x1f2>
10002b20:	2924      	cmp	r1, #36	@ 0x24
10002b22:	f240 80b8 	bls.w	10002c96 <_vsnprintf+0x26a>
10002b26:	f1a1 0325 	sub.w	r3, r1, #37	@ 0x25
10002b2a:	2b42      	cmp	r3, #66	@ 0x42
10002b2c:	f200 80b3 	bhi.w	10002c96 <_vsnprintf+0x26a>
10002b30:	e8df f013 	tbh	[pc, r3, lsl #1]
10002b34:	00b10151 	.word	0x00b10151
10002b38:	00b100b1 	.word	0x00b100b1
10002b3c:	00b100b1 	.word	0x00b100b1
10002b40:	00b100b1 	.word	0x00b100b1
10002b44:	00b100b1 	.word	0x00b100b1
10002b48:	00b100b1 	.word	0x00b100b1
10002b4c:	00b100b1 	.word	0x00b100b1
10002b50:	00b100b1 	.word	0x00b100b1
10002b54:	00b100b1 	.word	0x00b100b1
10002b58:	00b100b1 	.word	0x00b100b1
10002b5c:	00b100b1 	.word	0x00b100b1
10002b60:	00b100b1 	.word	0x00b100b1
10002b64:	00b100b1 	.word	0x00b100b1
10002b68:	00b100b1 	.word	0x00b100b1
10002b6c:	00b100b1 	.word	0x00b100b1
10002b70:	00b100b1 	.word	0x00b100b1
10002b74:	013a011e 	.word	0x013a011e
10002b78:	00b1011e 	.word	0x00b1011e
10002b7c:	00b100b1 	.word	0x00b100b1
10002b80:	00b100b1 	.word	0x00b100b1
10002b84:	00b100b1 	.word	0x00b100b1
10002b88:	00b100b1 	.word	0x00b100b1
10002b8c:	00b100b1 	.word	0x00b100b1
10002b90:	00b100b1 	.word	0x00b100b1
10002b94:	00b100b1 	.word	0x00b100b1
10002b98:	01b400b1 	.word	0x01b400b1
10002b9c:	00b100b1 	.word	0x00b100b1
10002ba0:	00b100b1 	.word	0x00b100b1
10002ba4:	00b100b1 	.word	0x00b100b1
10002ba8:	00b100b1 	.word	0x00b100b1
10002bac:	01b400b1 	.word	0x01b400b1
10002bb0:	01b40158 	.word	0x01b40158
10002bb4:	013a011e 	.word	0x013a011e
10002bb8:	011e      	.short	0x011e
10002bba:	2400      	movs	r4, #0
10002bbc:	eb04 0484 	add.w	r4, r4, r4, lsl #2
10002bc0:	eb01 0444 	add.w	r4, r1, r4, lsl #1
10002bc4:	7819      	ldrb	r1, [r3, #0]
10002bc6:	461d      	mov	r5, r3
10002bc8:	f1a1 0030 	sub.w	r0, r1, #48	@ 0x30
10002bcc:	2809      	cmp	r0, #9
10002bce:	f1a4 0430 	sub.w	r4, r4, #48	@ 0x30
10002bd2:	f103 0301 	add.w	r3, r3, #1
10002bd6:	d9f1      	bls.n	10002bbc <_vsnprintf+0x190>
10002bd8:	292e      	cmp	r1, #46	@ 0x2e
10002bda:	f47f af6c 	bne.w	10002ab6 <_vsnprintf+0x8a>
10002bde:	7869      	ldrb	r1, [r5, #1]
10002be0:	4618      	mov	r0, r3
10002be2:	f1a1 0730 	sub.w	r7, r1, #48	@ 0x30
10002be6:	2f09      	cmp	r7, #9
10002be8:	f442 6280 	orr.w	r2, r2, #1024	@ 0x400
10002bec:	f240 8125 	bls.w	10002e3a <_vsnprintf+0x40e>
10002bf0:	292a      	cmp	r1, #42	@ 0x2a
10002bf2:	f000 8132 	beq.w	10002e5a <_vsnprintf+0x42e>
10002bf6:	461d      	mov	r5, r3
10002bf8:	2700      	movs	r7, #0
10002bfa:	3301      	adds	r3, #1
10002bfc:	e75c      	b.n	10002ab8 <_vsnprintf+0x8c>
10002bfe:	4634      	mov	r4, r6
10002c00:	f8dd 9020 	ldr.w	r9, [sp, #32]
10002c04:	45b1      	cmp	r9, r6
10002c06:	d801      	bhi.n	10002c0c <_vsnprintf+0x1e0>
10002c08:	f109 36ff 	add.w	r6, r9, #4294967295	@ 0xffffffff
10002c0c:	464b      	mov	r3, r9
10002c0e:	4632      	mov	r2, r6
10002c10:	4651      	mov	r1, sl
10002c12:	2000      	movs	r0, #0
10002c14:	47d8      	blx	fp
10002c16:	4620      	mov	r0, r4
10002c18:	b01b      	add	sp, #108	@ 0x6c
10002c1a:	e8bd 8ff0 	ldmia.w	sp!, {r4, r5, r6, r7, r8, r9, sl, fp, pc}
10002c1e:	f1a1 0369 	sub.w	r3, r1, #105	@ 0x69
10002c22:	b2db      	uxtb	r3, r3
10002c24:	2b0f      	cmp	r3, #15
10002c26:	d836      	bhi.n	10002c96 <_vsnprintf+0x26a>
10002c28:	2001      	movs	r0, #1
10002c2a:	f249 0c41 	movw	ip, #36929	@ 0x9041
10002c2e:	4098      	lsls	r0, r3
10002c30:	ea10 000c 	ands.w	r0, r0, ip
10002c34:	f040 80f4 	bne.w	10002e20 <_vsnprintf+0x3f4>
10002c38:	2b0a      	cmp	r3, #10
10002c3a:	d035      	beq.n	10002ca8 <_vsnprintf+0x27c>
10002c3c:	2b07      	cmp	r3, #7
10002c3e:	d12a      	bne.n	10002c96 <_vsnprintf+0x26a>
10002c40:	f858 1b04 	ldr.w	r1, [r8], #4
10002c44:	2900      	cmp	r1, #0
10002c46:	f040 8110 	bne.w	10002e6a <_vsnprintf+0x43e>
10002c4a:	f022 0410 	bic.w	r4, r2, #16
10002c4e:	f412 6180 	ands.w	r1, r2, #1024	@ 0x400
10002c52:	f044 0421 	orr.w	r4, r4, #33	@ 0x21
10002c56:	f000 810a 	beq.w	10002e6e <_vsnprintf+0x442>
10002c5a:	aa12      	add	r2, sp, #72	@ 0x48
10002c5c:	2308      	movs	r3, #8
10002c5e:	9305      	str	r3, [sp, #20]
10002c60:	2310      	movs	r3, #16
10002c62:	e9cd 2000 	strd	r2, r0, [sp]
10002c66:	4632      	mov	r2, r6
10002c68:	9406      	str	r4, [sp, #24]
10002c6a:	9704      	str	r7, [sp, #16]
10002c6c:	9303      	str	r3, [sp, #12]
10002c6e:	2300      	movs	r3, #0
10002c70:	9302      	str	r3, [sp, #8]
10002c72:	4651      	mov	r1, sl
10002c74:	4658      	mov	r0, fp
10002c76:	9b08      	ldr	r3, [sp, #32]
10002c78:	f7ff f8d0 	bl	10001e1c <_ntoa_format>
10002c7c:	4606      	mov	r6, r0
10002c7e:	e6f3      	b.n	10002a68 <_vsnprintf+0x3c>
10002c80:	f858 4b04 	ldr.w	r4, [r8], #4
10002c84:	7869      	ldrb	r1, [r5, #1]
10002c86:	2c00      	cmp	r4, #0
10002c88:	461d      	mov	r5, r3
10002c8a:	bfbc      	itt	lt
10002c8c:	f042 0202 	orrlt.w	r2, r2, #2
10002c90:	4264      	neglt	r4, r4
10002c92:	3301      	adds	r3, #1
10002c94:	e70c      	b.n	10002ab0 <_vsnprintf+0x84>
10002c96:	4608      	mov	r0, r1
10002c98:	e6e1      	b.n	10002a5e <_vsnprintf+0x32>
10002c9a:	bf00      	nop
10002c9c:	10002a2d 	.word	0x10002a2d
10002ca0:	20001e0c 	.word	0x20001e0c
10002ca4:	10001d71 	.word	0x10001d71
10002ca8:	f858 9b04 	ldr.w	r9, [r8], #4
10002cac:	2f00      	cmp	r7, #0
10002cae:	f899 0000 	ldrb.w	r0, [r9]
10002cb2:	bf14      	ite	ne
10002cb4:	463b      	movne	r3, r7
10002cb6:	f04f 33ff 	moveq.w	r3, #4294967295	@ 0xffffffff
10002cba:	2800      	cmp	r0, #0
10002cbc:	f000 8382 	beq.w	100033c4 <_vsnprintf+0x998>
10002cc0:	4649      	mov	r1, r9
10002cc2:	eb03 0c09 	add.w	ip, r3, r9
10002cc6:	e004      	b.n	10002cd2 <_vsnprintf+0x2a6>
10002cc8:	f811 3f01 	ldrb.w	r3, [r1, #1]!
10002ccc:	2b00      	cmp	r3, #0
10002cce:	f000 8143 	beq.w	10002f58 <_vsnprintf+0x52c>
10002cd2:	458c      	cmp	ip, r1
10002cd4:	d1f8      	bne.n	10002cc8 <_vsnprintf+0x29c>
10002cd6:	ebac 0109 	sub.w	r1, ip, r9
10002cda:	0553      	lsls	r3, r2, #21
10002cdc:	f140 8120 	bpl.w	10002f20 <_vsnprintf+0x4f4>
10002ce0:	42b9      	cmp	r1, r7
10002ce2:	bf28      	it	cs
10002ce4:	4639      	movcs	r1, r7
10002ce6:	f012 0302 	ands.w	r3, r2, #2
10002cea:	f000 8283 	beq.w	100031f4 <_vsnprintf+0x7c8>
10002cee:	2302      	movs	r3, #2
10002cf0:	e9cd 4809 	strd	r4, r8, [sp, #36]	@ 0x24
10002cf4:	4632      	mov	r2, r6
10002cf6:	4688      	mov	r8, r1
10002cf8:	9c08      	ldr	r4, [sp, #32]
10002cfa:	4437      	add	r7, r6
10002cfc:	930b      	str	r3, [sp, #44]	@ 0x2c
10002cfe:	e007      	b.n	10002d10 <_vsnprintf+0x2e4>
10002d00:	4623      	mov	r3, r4
10002d02:	4651      	mov	r1, sl
10002d04:	47d8      	blx	fp
10002d06:	f819 0f01 	ldrb.w	r0, [r9, #1]!
10002d0a:	3601      	adds	r6, #1
10002d0c:	b110      	cbz	r0, 10002d14 <_vsnprintf+0x2e8>
10002d0e:	4632      	mov	r2, r6
10002d10:	42b7      	cmp	r7, r6
10002d12:	d1f5      	bne.n	10002d00 <_vsnprintf+0x2d4>
10002d14:	9b0b      	ldr	r3, [sp, #44]	@ 0x2c
10002d16:	4641      	mov	r1, r8
10002d18:	9c09      	ldr	r4, [sp, #36]	@ 0x24
10002d1a:	f8dd 8028 	ldr.w	r8, [sp, #40]	@ 0x28
10002d1e:	2b00      	cmp	r3, #0
10002d20:	f43f aea2 	beq.w	10002a68 <_vsnprintf+0x3c>
10002d24:	4637      	mov	r7, r6
10002d26:	428c      	cmp	r4, r1
10002d28:	f67f ae9e 	bls.w	10002a68 <_vsnprintf+0x3c>
10002d2c:	4426      	add	r6, r4
10002d2e:	9c08      	ldr	r4, [sp, #32]
10002d30:	1a76      	subs	r6, r6, r1
10002d32:	463a      	mov	r2, r7
10002d34:	4623      	mov	r3, r4
10002d36:	4651      	mov	r1, sl
10002d38:	2020      	movs	r0, #32
10002d3a:	3701      	adds	r7, #1
10002d3c:	47d8      	blx	fp
10002d3e:	42b7      	cmp	r7, r6
10002d40:	d1f7      	bne.n	10002d32 <_vsnprintf+0x306>
10002d42:	e691      	b.n	10002a68 <_vsnprintf+0x3c>
10002d44:	7869      	ldrb	r1, [r5, #1]
10002d46:	296c      	cmp	r1, #108	@ 0x6c
10002d48:	f47f aee4 	bne.w	10002b14 <_vsnprintf+0xe8>
10002d4c:	78a9      	ldrb	r1, [r5, #2]
10002d4e:	f442 7240 	orr.w	r2, r2, #768	@ 0x300
10002d52:	1ceb      	adds	r3, r5, #3
10002d54:	e6e1      	b.n	10002b1a <_vsnprintf+0xee>
10002d56:	7869      	ldrb	r1, [r5, #1]
10002d58:	f442 7200 	orr.w	r2, r2, #512	@ 0x200
10002d5c:	3301      	adds	r3, #1
10002d5e:	e6dc      	b.n	10002b1a <_vsnprintf+0xee>
10002d60:	7869      	ldrb	r1, [r5, #1]
10002d62:	2968      	cmp	r1, #104	@ 0x68
10002d64:	f000 80fb 	beq.w	10002f5e <_vsnprintf+0x532>
10002d68:	f042 0280 	orr.w	r2, r2, #128	@ 0x80
10002d6c:	3301      	adds	r3, #1
10002d6e:	e6d4      	b.n	10002b1a <_vsnprintf+0xee>
10002d70:	2967      	cmp	r1, #103	@ 0x67
10002d72:	f000 80c9 	beq.w	10002f08 <_vsnprintf+0x4dc>
10002d76:	2947      	cmp	r1, #71	@ 0x47
10002d78:	f000 80cd 	beq.w	10002f16 <_vsnprintf+0x4ea>
10002d7c:	2945      	cmp	r1, #69	@ 0x45
10002d7e:	f000 80cc 	beq.w	10002f1a <_vsnprintf+0x4ee>
10002d82:	e9cd 4203 	strd	r4, r2, [sp, #12]
10002d86:	f108 0807 	add.w	r8, r8, #7
10002d8a:	9702      	str	r7, [sp, #8]
10002d8c:	f028 0807 	bic.w	r8, r8, #7
10002d90:	4632      	mov	r2, r6
10002d92:	e8f8 6702 	ldrd	r6, r7, [r8], #8
10002d96:	4651      	mov	r1, sl
10002d98:	e9cd 6700 	strd	r6, r7, [sp]
10002d9c:	4658      	mov	r0, fp
10002d9e:	9b08      	ldr	r3, [sp, #32]
10002da0:	f7ff fb82 	bl	100024a8 <_etoa>
10002da4:	4606      	mov	r6, r0
10002da6:	e65f      	b.n	10002a68 <_vsnprintf+0x3c>
10002da8:	2946      	cmp	r1, #70	@ 0x46
10002daa:	bf08      	it	eq
10002dac:	f042 0220 	orreq.w	r2, r2, #32
10002db0:	e9cd 4203 	strd	r4, r2, [sp, #12]
10002db4:	f108 0807 	add.w	r8, r8, #7
10002db8:	9702      	str	r7, [sp, #8]
10002dba:	f028 0807 	bic.w	r8, r8, #7
10002dbe:	4632      	mov	r2, r6
10002dc0:	e8f8 6702 	ldrd	r6, r7, [r8], #8
10002dc4:	4651      	mov	r1, sl
10002dc6:	e9cd 6700 	strd	r6, r7, [sp]
10002dca:	4658      	mov	r0, fp
10002dcc:	9b08      	ldr	r3, [sp, #32]
10002dce:	f7ff f91f 	bl	10002010 <_ftoa>
10002dd2:	4606      	mov	r6, r0
10002dd4:	e648      	b.n	10002a68 <_vsnprintf+0x3c>
10002dd6:	4632      	mov	r2, r6
10002dd8:	4651      	mov	r1, sl
10002dda:	2025      	movs	r0, #37	@ 0x25
10002ddc:	9b08      	ldr	r3, [sp, #32]
10002dde:	47d8      	blx	fp
10002de0:	3601      	adds	r6, #1
10002de2:	e641      	b.n	10002a68 <_vsnprintf+0x3c>
10002de4:	f108 0304 	add.w	r3, r8, #4
10002de8:	0792      	lsls	r2, r2, #30
10002dea:	9309      	str	r3, [sp, #36]	@ 0x24
10002dec:	f106 0701 	add.w	r7, r6, #1
10002df0:	f140 80c3 	bpl.w	10002f7a <_vsnprintf+0x54e>
10002df4:	4632      	mov	r2, r6
10002df6:	4651      	mov	r1, sl
10002df8:	f898 0000 	ldrb.w	r0, [r8]
10002dfc:	9b08      	ldr	r3, [sp, #32]
10002dfe:	47d8      	blx	fp
10002e00:	2c01      	cmp	r4, #1
10002e02:	f240 81b4 	bls.w	1000316e <_vsnprintf+0x742>
10002e06:	4426      	add	r6, r4
10002e08:	9c08      	ldr	r4, [sp, #32]
10002e0a:	463a      	mov	r2, r7
10002e0c:	4623      	mov	r3, r4
10002e0e:	4651      	mov	r1, sl
10002e10:	2020      	movs	r0, #32
10002e12:	3701      	adds	r7, #1
10002e14:	47d8      	blx	fp
10002e16:	42b7      	cmp	r7, r6
10002e18:	d1f7      	bne.n	10002e0a <_vsnprintf+0x3de>
10002e1a:	f8dd 8024 	ldr.w	r8, [sp, #36]	@ 0x24
10002e1e:	e623      	b.n	10002a68 <_vsnprintf+0x3c>
10002e20:	296f      	cmp	r1, #111	@ 0x6f
10002e22:	d074      	beq.n	10002f0e <_vsnprintf+0x4e2>
10002e24:	f240 8241 	bls.w	100032aa <_vsnprintf+0x87e>
10002e28:	2978      	cmp	r1, #120	@ 0x78
10002e2a:	f000 8186 	beq.w	1000313a <_vsnprintf+0x70e>
10002e2e:	f04f 090a 	mov.w	r9, #10
10002e32:	f022 0210 	bic.w	r2, r2, #16
10002e36:	464b      	mov	r3, r9
10002e38:	e038      	b.n	10002eac <_vsnprintf+0x480>
10002e3a:	2700      	movs	r7, #0
10002e3c:	eb07 0787 	add.w	r7, r7, r7, lsl #2
10002e40:	eb01 0147 	add.w	r1, r1, r7, lsl #1
10002e44:	f1a1 0730 	sub.w	r7, r1, #48	@ 0x30
10002e48:	f810 1f01 	ldrb.w	r1, [r0, #1]!
10002e4c:	f1a1 0330 	sub.w	r3, r1, #48	@ 0x30
10002e50:	2b09      	cmp	r3, #9
10002e52:	d9f3      	bls.n	10002e3c <_vsnprintf+0x410>
10002e54:	4605      	mov	r5, r0
10002e56:	1c43      	adds	r3, r0, #1
10002e58:	e62e      	b.n	10002ab8 <_vsnprintf+0x8c>
10002e5a:	f858 7b04 	ldr.w	r7, [r8], #4
10002e5e:	78a9      	ldrb	r1, [r5, #2]
10002e60:	3502      	adds	r5, #2
10002e62:	1c6b      	adds	r3, r5, #1
10002e64:	ea27 77e7 	bic.w	r7, r7, r7, asr #31
10002e68:	e626      	b.n	10002ab8 <_vsnprintf+0x8c>
10002e6a:	f042 0421 	orr.w	r4, r2, #33	@ 0x21
10002e6e:	aa12      	add	r2, sp, #72	@ 0x48
10002e70:	4694      	mov	ip, r2
10002e72:	e002      	b.n	10002e7a <_vsnprintf+0x44e>
10002e74:	2820      	cmp	r0, #32
10002e76:	f43f aef1 	beq.w	10002c5c <_vsnprintf+0x230>
10002e7a:	f001 030f 	and.w	r3, r1, #15
10002e7e:	2b09      	cmp	r3, #9
10002e80:	bf94      	ite	ls
10002e82:	3330      	addls	r3, #48	@ 0x30
10002e84:	3337      	addhi	r3, #55	@ 0x37
10002e86:	290f      	cmp	r1, #15
10002e88:	f88c 3000 	strb.w	r3, [ip]
10002e8c:	f100 0001 	add.w	r0, r0, #1
10002e90:	f10c 0c01 	add.w	ip, ip, #1
10002e94:	ea4f 1111 	mov.w	r1, r1, lsr #4
10002e98:	d8ec      	bhi.n	10002e74 <_vsnprintf+0x448>
10002e9a:	e6df      	b.n	10002c5c <_vsnprintf+0x230>
10002e9c:	2958      	cmp	r1, #88	@ 0x58
10002e9e:	d066      	beq.n	10002f6e <_vsnprintf+0x542>
10002ea0:	2962      	cmp	r1, #98	@ 0x62
10002ea2:	f040 8089 	bne.w	10002fb8 <_vsnprintf+0x58c>
10002ea6:	f04f 0902 	mov.w	r9, #2
10002eaa:	464b      	mov	r3, r9
10002eac:	f412 6c80 	ands.w	ip, r2, #1024	@ 0x400
10002eb0:	f000 80d4 	beq.w	1000305c <_vsnprintf+0x630>
10002eb4:	f022 020d 	bic.w	r2, r2, #13
10002eb8:	9209      	str	r2, [sp, #36]	@ 0x24
10002eba:	f412 7100 	ands.w	r1, r2, #512	@ 0x200
10002ebe:	f040 817b 	bne.w	100031b8 <_vsnprintf+0x78c>
10002ec2:	f412 7080 	ands.w	r0, r2, #256	@ 0x100
10002ec6:	f108 0904 	add.w	r9, r8, #4
10002eca:	f040 8238 	bne.w	1000333e <_vsnprintf+0x912>
10002ece:	0651      	lsls	r1, r2, #25
10002ed0:	f140 813a 	bpl.w	10003148 <_vsnprintf+0x71c>
10002ed4:	f898 1000 	ldrb.w	r1, [r8]
10002ed8:	2900      	cmp	r1, #0
10002eda:	f040 814a 	bne.w	10003172 <_vsnprintf+0x746>
10002ede:	9a09      	ldr	r2, [sp, #36]	@ 0x24
10002ee0:	f022 0210 	bic.w	r2, r2, #16
10002ee4:	9209      	str	r2, [sp, #36]	@ 0x24
10002ee6:	f1bc 0f00 	cmp.w	ip, #0
10002eea:	f000 8142 	beq.w	10003172 <_vsnprintf+0x746>
10002eee:	4608      	mov	r0, r1
10002ef0:	aa12      	add	r2, sp, #72	@ 0x48
10002ef2:	9909      	ldr	r1, [sp, #36]	@ 0x24
10002ef4:	e9cd 3703 	strd	r3, r7, [sp, #12]
10002ef8:	e9cd 4105 	strd	r4, r1, [sp, #20]
10002efc:	9001      	str	r0, [sp, #4]
10002efe:	2300      	movs	r3, #0
10002f00:	9200      	str	r2, [sp, #0]
10002f02:	9302      	str	r3, [sp, #8]
10002f04:	4632      	mov	r2, r6
10002f06:	e0a1      	b.n	1000304c <_vsnprintf+0x620>
10002f08:	f442 6200 	orr.w	r2, r2, #2048	@ 0x800
10002f0c:	e739      	b.n	10002d82 <_vsnprintf+0x356>
10002f0e:	f04f 0908 	mov.w	r9, #8
10002f12:	464b      	mov	r3, r9
10002f14:	e7ca      	b.n	10002eac <_vsnprintf+0x480>
10002f16:	f442 6200 	orr.w	r2, r2, #2048	@ 0x800
10002f1a:	f042 0220 	orr.w	r2, r2, #32
10002f1e:	e730      	b.n	10002d82 <_vsnprintf+0x356>
10002f20:	f012 0302 	ands.w	r3, r2, #2
10002f24:	f000 818c 	beq.w	10003240 <_vsnprintf+0x814>
10002f28:	2302      	movs	r3, #2
10002f2a:	e9cd 4809 	strd	r4, r8, [sp, #36]	@ 0x24
10002f2e:	461f      	mov	r7, r3
10002f30:	4688      	mov	r8, r1
10002f32:	9c08      	ldr	r4, [sp, #32]
10002f34:	4632      	mov	r2, r6
10002f36:	4623      	mov	r3, r4
10002f38:	4651      	mov	r1, sl
10002f3a:	47d8      	blx	fp
10002f3c:	f819 0f01 	ldrb.w	r0, [r9, #1]!
10002f40:	3601      	adds	r6, #1
10002f42:	2800      	cmp	r0, #0
10002f44:	d1f6      	bne.n	10002f34 <_vsnprintf+0x508>
10002f46:	463b      	mov	r3, r7
10002f48:	4641      	mov	r1, r8
10002f4a:	9c09      	ldr	r4, [sp, #36]	@ 0x24
10002f4c:	f8dd 8028 	ldr.w	r8, [sp, #40]	@ 0x28
10002f50:	2b00      	cmp	r3, #0
10002f52:	f43f ad89 	beq.w	10002a68 <_vsnprintf+0x3c>
10002f56:	e6e5      	b.n	10002d24 <_vsnprintf+0x2f8>
10002f58:	eba1 0109 	sub.w	r1, r1, r9
10002f5c:	e6bd      	b.n	10002cda <_vsnprintf+0x2ae>
10002f5e:	78a9      	ldrb	r1, [r5, #2]
10002f60:	f042 02c0 	orr.w	r2, r2, #192	@ 0xc0
10002f64:	1ceb      	adds	r3, r5, #3
10002f66:	e5d8      	b.n	10002b1a <_vsnprintf+0xee>
10002f68:	4604      	mov	r4, r0
10002f6a:	4606      	mov	r6, r0
10002f6c:	e64a      	b.n	10002c04 <_vsnprintf+0x1d8>
10002f6e:	f04f 0910 	mov.w	r9, #16
10002f72:	f042 0220 	orr.w	r2, r2, #32
10002f76:	464b      	mov	r3, r9
10002f78:	e798      	b.n	10002eac <_vsnprintf+0x480>
10002f7a:	2c01      	cmp	r4, #1
10002f7c:	f240 80f1 	bls.w	10003162 <_vsnprintf+0x736>
10002f80:	4637      	mov	r7, r6
10002f82:	f106 39ff 	add.w	r9, r6, #4294967295	@ 0xffffffff
10002f86:	f8cd 8028 	str.w	r8, [sp, #40]	@ 0x28
10002f8a:	f8dd 8020 	ldr.w	r8, [sp, #32]
10002f8e:	44a1      	add	r9, r4
10002f90:	463a      	mov	r2, r7
10002f92:	4643      	mov	r3, r8
10002f94:	4651      	mov	r1, sl
10002f96:	2020      	movs	r0, #32
10002f98:	3701      	adds	r7, #1
10002f9a:	47d8      	blx	fp
10002f9c:	454f      	cmp	r7, r9
10002f9e:	d1f7      	bne.n	10002f90 <_vsnprintf+0x564>
10002fa0:	f8dd 8028 	ldr.w	r8, [sp, #40]	@ 0x28
10002fa4:	463a      	mov	r2, r7
10002fa6:	f898 0000 	ldrb.w	r0, [r8]
10002faa:	4651      	mov	r1, sl
10002fac:	9b08      	ldr	r3, [sp, #32]
10002fae:	47d8      	blx	fp
10002fb0:	4426      	add	r6, r4
10002fb2:	f8dd 8024 	ldr.w	r8, [sp, #36]	@ 0x24
10002fb6:	e557      	b.n	10002a68 <_vsnprintf+0x3c>
10002fb8:	f412 6380 	ands.w	r3, r2, #1024	@ 0x400
10002fbc:	f000 80c1 	beq.w	10003142 <_vsnprintf+0x716>
10002fc0:	f44f 6380 	mov.w	r3, #1024	@ 0x400
10002fc4:	f022 0011 	bic.w	r0, r2, #17
10002fc8:	f410 7e00 	ands.w	lr, r0, #512	@ 0x200
10002fcc:	d14a      	bne.n	10003064 <_vsnprintf+0x638>
10002fce:	f410 7c80 	ands.w	ip, r0, #256	@ 0x100
10002fd2:	f108 0904 	add.w	r9, r8, #4
10002fd6:	f040 8137 	bne.w	10003248 <_vsnprintf+0x81c>
10002fda:	0641      	lsls	r1, r0, #25
10002fdc:	f100 80a9 	bmi.w	10003132 <_vsnprintf+0x706>
10002fe0:	0602      	lsls	r2, r0, #24
10002fe2:	f140 81e3 	bpl.w	100033ac <_vsnprintf+0x980>
10002fe6:	f9b8 2000 	ldrsh.w	r2, [r8]
10002fea:	ea82 71e2 	eor.w	r1, r2, r2, asr #31
10002fee:	eba1 71e2 	sub.w	r1, r1, r2, asr #31
10002ff2:	fa1f fe81 	uxth.w	lr, r1
10002ff6:	0fd1      	lsrs	r1, r2, #31
10002ff8:	9109      	str	r1, [sp, #36]	@ 0x24
10002ffa:	2a00      	cmp	r2, #0
10002ffc:	f000 815f 	beq.w	100032be <_vsnprintf+0x892>
10003000:	4673      	mov	r3, lr
10003002:	aa12      	add	r2, sp, #72	@ 0x48
10003004:	4696      	mov	lr, r2
10003006:	f8df 83a0 	ldr.w	r8, [pc, #928]	@ 100033a8 <_vsnprintf+0x97c>
1000300a:	940a      	str	r4, [sp, #40]	@ 0x28
1000300c:	e003      	b.n	10003016 <_vsnprintf+0x5ea>
1000300e:	f1bc 0f20 	cmp.w	ip, #32
10003012:	4623      	mov	r3, r4
10003014:	d00f      	beq.n	10003036 <_vsnprintf+0x60a>
10003016:	fba8 1403 	umull	r1, r4, r8, r3
1000301a:	08e4      	lsrs	r4, r4, #3
1000301c:	eb04 0184 	add.w	r1, r4, r4, lsl #2
10003020:	eba3 0141 	sub.w	r1, r3, r1, lsl #1
10003024:	f10e 0e01 	add.w	lr, lr, #1
10003028:	3130      	adds	r1, #48	@ 0x30
1000302a:	2b09      	cmp	r3, #9
1000302c:	f10c 0c01 	add.w	ip, ip, #1
10003030:	f80e 1c01 	strb.w	r1, [lr, #-1]
10003034:	d8eb      	bhi.n	1000300e <_vsnprintf+0x5e2>
10003036:	9c0a      	ldr	r4, [sp, #40]	@ 0x28
10003038:	9b09      	ldr	r3, [sp, #36]	@ 0x24
1000303a:	9200      	str	r2, [sp, #0]
1000303c:	e9cd c301 	strd	ip, r3, [sp, #4]
10003040:	230a      	movs	r3, #10
10003042:	4632      	mov	r2, r6
10003044:	e9cd 4005 	strd	r4, r0, [sp, #20]
10003048:	9704      	str	r7, [sp, #16]
1000304a:	9303      	str	r3, [sp, #12]
1000304c:	4651      	mov	r1, sl
1000304e:	4658      	mov	r0, fp
10003050:	9b08      	ldr	r3, [sp, #32]
10003052:	f7fe fee3 	bl	10001e1c <_ntoa_format>
10003056:	46c8      	mov	r8, r9
10003058:	4606      	mov	r6, r0
1000305a:	e505      	b.n	10002a68 <_vsnprintf+0x3c>
1000305c:	f022 020c 	bic.w	r2, r2, #12
10003060:	9209      	str	r2, [sp, #36]	@ 0x24
10003062:	e72a      	b.n	10002eba <_vsnprintf+0x48e>
10003064:	f108 0807 	add.w	r8, r8, #7
10003068:	f028 0807 	bic.w	r8, r8, #7
1000306c:	f8d8 2004 	ldr.w	r2, [r8, #4]
10003070:	f858 cb08 	ldr.w	ip, [r8], #8
10003074:	0fd1      	lsrs	r1, r2, #31
10003076:	ea5c 0e02 	orrs.w	lr, ip, r2
1000307a:	d06c      	beq.n	10003156 <_vsnprintf+0x72a>
1000307c:	2a00      	cmp	r2, #0
1000307e:	4663      	mov	r3, ip
10003080:	da02      	bge.n	10003088 <_vsnprintf+0x65c>
10003082:	425b      	negs	r3, r3
10003084:	eb62 0242 	sbc.w	r2, r2, r2, lsl #1
10003088:	4691      	mov	r9, r2
1000308a:	9309      	str	r3, [sp, #36]	@ 0x24
1000308c:	aa12      	add	r2, sp, #72	@ 0x48
1000308e:	4694      	mov	ip, r2
10003090:	f04f 0e00 	mov.w	lr, #0
10003094:	e9cd 180a 	strd	r1, r8, [sp, #40]	@ 0x28
10003098:	e9cd 470c 	strd	r4, r7, [sp, #48]	@ 0x30
1000309c:	960e      	str	r6, [sp, #56]	@ 0x38
1000309e:	920f      	str	r2, [sp, #60]	@ 0x3c
100030a0:	e003      	b.n	100030aa <_vsnprintf+0x67e>
100030a2:	f1be 0f20 	cmp.w	lr, #32
100030a6:	463b      	mov	r3, r7
100030a8:	d030      	beq.n	1000310c <_vsnprintf+0x6e0>
100030aa:	f04f 32cc 	mov.w	r2, #3435973836	@ 0xcccccccc
100030ae:	eb13 0109 	adds.w	r1, r3, r9
100030b2:	4fbd      	ldr	r7, [pc, #756]	@ (100033a8 <_vsnprintf+0x97c>)
100030b4:	f141 0100 	adc.w	r1, r1, #0
100030b8:	fba7 4601 	umull	r4, r6, r7, r1
100030bc:	f026 0403 	bic.w	r4, r6, #3
100030c0:	eb04 0496 	add.w	r4, r4, r6, lsr #2
100030c4:	1b09      	subs	r1, r1, r4
100030c6:	1a5c      	subs	r4, r3, r1
100030c8:	fb02 f604 	mul.w	r6, r2, r4
100030cc:	463a      	mov	r2, r7
100030ce:	f169 0800 	sbc.w	r8, r9, #0
100030d2:	fb02 6608 	mla	r6, r2, r8, r6
100030d6:	2205      	movs	r2, #5
100030d8:	fba4 7407 	umull	r7, r4, r4, r7
100030dc:	f007 0801 	and.w	r8, r7, #1
100030e0:	4426      	add	r6, r4
100030e2:	fba8 4802 	umull	r4, r8, r8, r2
100030e6:	1864      	adds	r4, r4, r1
100030e8:	2b0a      	cmp	r3, #10
100030ea:	f10c 0c01 	add.w	ip, ip, #1
100030ee:	ea4f 0757 	mov.w	r7, r7, lsr #1
100030f2:	f104 0430 	add.w	r4, r4, #48	@ 0x30
100030f6:	f179 0900 	sbcs.w	r9, r9, #0
100030fa:	f10e 0e01 	add.w	lr, lr, #1
100030fe:	f80c 4c01 	strb.w	r4, [ip, #-1]
10003102:	ea47 77c6 	orr.w	r7, r7, r6, lsl #31
10003106:	ea4f 0956 	mov.w	r9, r6, lsr #1
1000310a:	d2ca      	bcs.n	100030a2 <_vsnprintf+0x676>
1000310c:	4673      	mov	r3, lr
1000310e:	e9dd 180a 	ldrd	r1, r8, [sp, #40]	@ 0x28
10003112:	e9dd 470c 	ldrd	r4, r7, [sp, #48]	@ 0x30
10003116:	9e0e      	ldr	r6, [sp, #56]	@ 0x38
10003118:	9a0f      	ldr	r2, [sp, #60]	@ 0x3c
1000311a:	f8cd e024 	str.w	lr, [sp, #36]	@ 0x24
1000311e:	e9cd 3101 	strd	r3, r1, [sp, #4]
10003122:	230a      	movs	r3, #10
10003124:	9200      	str	r2, [sp, #0]
10003126:	e9cd 4005 	strd	r4, r0, [sp, #20]
1000312a:	4632      	mov	r2, r6
1000312c:	9704      	str	r7, [sp, #16]
1000312e:	9303      	str	r3, [sp, #12]
10003130:	e59f      	b.n	10002c72 <_vsnprintf+0x246>
10003132:	f898 2000 	ldrb.w	r2, [r8]
10003136:	4696      	mov	lr, r2
10003138:	e75d      	b.n	10002ff6 <_vsnprintf+0x5ca>
1000313a:	f04f 0910 	mov.w	r9, #16
1000313e:	464b      	mov	r3, r9
10003140:	e6b4      	b.n	10002eac <_vsnprintf+0x480>
10003142:	f022 0010 	bic.w	r0, r2, #16
10003146:	e73f      	b.n	10002fc8 <_vsnprintf+0x59c>
10003148:	0611      	lsls	r1, r2, #24
1000314a:	bf4c      	ite	mi
1000314c:	f8b8 1000 	ldrhmi.w	r1, [r8]
10003150:	f8d8 1000 	ldrpl.w	r1, [r8]
10003154:	e6c0      	b.n	10002ed8 <_vsnprintf+0x4ac>
10003156:	2b00      	cmp	r3, #0
10003158:	f040 8142 	bne.w	100033e0 <_vsnprintf+0x9b4>
1000315c:	4699      	mov	r9, r3
1000315e:	9309      	str	r3, [sp, #36]	@ 0x24
10003160:	e794      	b.n	1000308c <_vsnprintf+0x660>
10003162:	4632      	mov	r2, r6
10003164:	4651      	mov	r1, sl
10003166:	f898 0000 	ldrb.w	r0, [r8]
1000316a:	9b08      	ldr	r3, [sp, #32]
1000316c:	47d8      	blx	fp
1000316e:	463e      	mov	r6, r7
10003170:	e653      	b.n	10002e1a <_vsnprintf+0x3ee>
10003172:	9a09      	ldr	r2, [sp, #36]	@ 0x24
10003174:	940a      	str	r4, [sp, #40]	@ 0x28
10003176:	f012 0f20 	tst.w	r2, #32
1000317a:	bf14      	ite	ne
1000317c:	f04f 0841 	movne.w	r8, #65	@ 0x41
10003180:	f04f 0861 	moveq.w	r8, #97	@ 0x61
10003184:	aa12      	add	r2, sp, #72	@ 0x48
10003186:	4694      	mov	ip, r2
10003188:	f1a8 080a 	sub.w	r8, r8, #10
1000318c:	e002      	b.n	10003194 <_vsnprintf+0x768>
1000318e:	2820      	cmp	r0, #32
10003190:	4671      	mov	r1, lr
10003192:	d00f      	beq.n	100031b4 <_vsnprintf+0x788>
10003194:	fbb1 fef3 	udiv	lr, r1, r3
10003198:	fb03 141e 	mls	r4, r3, lr, r1
1000319c:	2c09      	cmp	r4, #9
1000319e:	bf94      	ite	ls
100031a0:	3430      	addls	r4, #48	@ 0x30
100031a2:	4444      	addhi	r4, r8
100031a4:	4299      	cmp	r1, r3
100031a6:	f88c 4000 	strb.w	r4, [ip]
100031aa:	f100 0001 	add.w	r0, r0, #1
100031ae:	f10c 0c01 	add.w	ip, ip, #1
100031b2:	d2ec      	bcs.n	1000318e <_vsnprintf+0x762>
100031b4:	9c0a      	ldr	r4, [sp, #40]	@ 0x28
100031b6:	e69c      	b.n	10002ef2 <_vsnprintf+0x4c6>
100031b8:	f108 0807 	add.w	r8, r8, #7
100031bc:	f028 0807 	bic.w	r8, r8, #7
100031c0:	f8d8 2004 	ldr.w	r2, [r8, #4]
100031c4:	f858 1b08 	ldr.w	r1, [r8], #8
100031c8:	920a      	str	r2, [sp, #40]	@ 0x28
100031ca:	430a      	orrs	r2, r1
100031cc:	468e      	mov	lr, r1
100031ce:	d17b      	bne.n	100032c8 <_vsnprintf+0x89c>
100031d0:	9a09      	ldr	r2, [sp, #36]	@ 0x24
100031d2:	f022 0210 	bic.w	r2, r2, #16
100031d6:	9209      	str	r2, [sp, #36]	@ 0x24
100031d8:	f1bc 0f00 	cmp.w	ip, #0
100031dc:	d074      	beq.n	100032c8 <_vsnprintf+0x89c>
100031de:	2000      	movs	r0, #0
100031e0:	aa12      	add	r2, sp, #72	@ 0x48
100031e2:	9909      	ldr	r1, [sp, #36]	@ 0x24
100031e4:	e9cd 2000 	strd	r2, r0, [sp]
100031e8:	e9cd 4105 	strd	r4, r1, [sp, #20]
100031ec:	4632      	mov	r2, r6
100031ee:	e9cd 3703 	strd	r3, r7, [sp, #12]
100031f2:	e53c      	b.n	10002c6e <_vsnprintf+0x242>
100031f4:	428c      	cmp	r4, r1
100031f6:	bf98      	it	ls
100031f8:	3101      	addls	r1, #1
100031fa:	f67f ad79 	bls.w	10002cf0 <_vsnprintf+0x2c4>
100031fe:	f44f 6380 	mov.w	r3, #1024	@ 0x400
10003202:	e9cd 9409 	strd	r9, r4, [sp, #36]	@ 0x24
10003206:	4699      	mov	r9, r3
10003208:	19a2      	adds	r2, r4, r6
1000320a:	970b      	str	r7, [sp, #44]	@ 0x2c
1000320c:	9f08      	ldr	r7, [sp, #32]
1000320e:	1a54      	subs	r4, r2, r1
10003210:	4632      	mov	r2, r6
10003212:	463b      	mov	r3, r7
10003214:	4651      	mov	r1, sl
10003216:	2020      	movs	r0, #32
10003218:	3601      	adds	r6, #1
1000321a:	47d8      	blx	fp
1000321c:	42a6      	cmp	r6, r4
1000321e:	d1f7      	bne.n	10003210 <_vsnprintf+0x7e4>
10003220:	e9dd 470a 	ldrd	r4, r7, [sp, #40]	@ 0x28
10003224:	464b      	mov	r3, r9
10003226:	f8dd 9024 	ldr.w	r9, [sp, #36]	@ 0x24
1000322a:	f899 0000 	ldrb.w	r0, [r9]
1000322e:	2800      	cmp	r0, #0
10003230:	f43f ac1a 	beq.w	10002a68 <_vsnprintf+0x3c>
10003234:	1c61      	adds	r1, r4, #1
10003236:	2b00      	cmp	r3, #0
10003238:	f43f ae77 	beq.w	10002f2a <_vsnprintf+0x4fe>
1000323c:	2300      	movs	r3, #0
1000323e:	e557      	b.n	10002cf0 <_vsnprintf+0x2c4>
10003240:	428c      	cmp	r4, r1
10003242:	d8de      	bhi.n	10003202 <_vsnprintf+0x7d6>
10003244:	3101      	adds	r1, #1
10003246:	e670      	b.n	10002f2a <_vsnprintf+0x4fe>
10003248:	f8d8 2000 	ldr.w	r2, [r8]
1000324c:	0fd1      	lsrs	r1, r2, #31
1000324e:	2a00      	cmp	r2, #0
10003250:	f000 80b3 	beq.w	100033ba <_vsnprintf+0x98e>
10003254:	ea82 73e2 	eor.w	r3, r2, r2, asr #31
10003258:	eba3 73e2 	sub.w	r3, r3, r2, asr #31
1000325c:	aa12      	add	r2, sp, #72	@ 0x48
1000325e:	4694      	mov	ip, r2
10003260:	e9cd 1409 	strd	r1, r4, [sp, #36]	@ 0x24
10003264:	f8df 8140 	ldr.w	r8, [pc, #320]	@ 100033a8 <_vsnprintf+0x97c>
10003268:	e003      	b.n	10003272 <_vsnprintf+0x846>
1000326a:	f1be 0f20 	cmp.w	lr, #32
1000326e:	4623      	mov	r3, r4
10003270:	d00f      	beq.n	10003292 <_vsnprintf+0x866>
10003272:	fba8 1403 	umull	r1, r4, r8, r3
10003276:	08e4      	lsrs	r4, r4, #3
10003278:	eb04 0184 	add.w	r1, r4, r4, lsl #2
1000327c:	eba3 0141 	sub.w	r1, r3, r1, lsl #1
10003280:	f10c 0c01 	add.w	ip, ip, #1
10003284:	3130      	adds	r1, #48	@ 0x30
10003286:	2b09      	cmp	r3, #9
10003288:	f10e 0e01 	add.w	lr, lr, #1
1000328c:	f80c 1c01 	strb.w	r1, [ip, #-1]
10003290:	d8eb      	bhi.n	1000326a <_vsnprintf+0x83e>
10003292:	e9dd 1409 	ldrd	r1, r4, [sp, #36]	@ 0x24
10003296:	230a      	movs	r3, #10
10003298:	9200      	str	r2, [sp, #0]
1000329a:	e9cd 4005 	strd	r4, r0, [sp, #20]
1000329e:	4632      	mov	r2, r6
100032a0:	e9cd e101 	strd	lr, r1, [sp, #4]
100032a4:	9704      	str	r7, [sp, #16]
100032a6:	9303      	str	r3, [sp, #12]
100032a8:	e6d0      	b.n	1000304c <_vsnprintf+0x620>
100032aa:	2969      	cmp	r1, #105	@ 0x69
100032ac:	f022 0010 	bic.w	r0, r2, #16
100032b0:	f040 8091 	bne.w	100033d6 <_vsnprintf+0x9aa>
100032b4:	f412 6380 	ands.w	r3, r2, #1024	@ 0x400
100032b8:	f43f ae86 	beq.w	10002fc8 <_vsnprintf+0x59c>
100032bc:	e680      	b.n	10002fc0 <_vsnprintf+0x594>
100032be:	2b00      	cmp	r3, #0
100032c0:	f43f ae9f 	beq.w	10003002 <_vsnprintf+0x5d6>
100032c4:	aa12      	add	r2, sp, #72	@ 0x48
100032c6:	e6b7      	b.n	10003038 <_vsnprintf+0x60c>
100032c8:	9a09      	ldr	r2, [sp, #36]	@ 0x24
100032ca:	e9cd 840b 	strd	r8, r4, [sp, #44]	@ 0x2c
100032ce:	f012 0f20 	tst.w	r2, #32
100032d2:	bf14      	ite	ne
100032d4:	2141      	movne	r1, #65	@ 0x41
100032d6:	2161      	moveq	r1, #97	@ 0x61
100032d8:	e9cd 760d 	strd	r7, r6, [sp, #52]	@ 0x34
100032dc:	e9cd 3b0f 	strd	r3, fp, [sp, #60]	@ 0x3c
100032e0:	f8cd a044 	str.w	sl, [sp, #68]	@ 0x44
100032e4:	2700      	movs	r7, #0
100032e6:	46f0      	mov	r8, lr
100032e8:	9c0a      	ldr	r4, [sp, #40]	@ 0x28
100032ea:	ae12      	add	r6, sp, #72	@ 0x48
100032ec:	f10d 0b48 	add.w	fp, sp, #72	@ 0x48
100032f0:	f1a1 0a0a 	sub.w	sl, r1, #10
100032f4:	e003      	b.n	100032fe <_vsnprintf+0x8d2>
100032f6:	2f20      	cmp	r7, #32
100032f8:	4680      	mov	r8, r0
100032fa:	460c      	mov	r4, r1
100032fc:	d013      	beq.n	10003326 <_vsnprintf+0x8fa>
100032fe:	4621      	mov	r1, r4
10003300:	464a      	mov	r2, r9
10003302:	2300      	movs	r3, #0
10003304:	4640      	mov	r0, r8
10003306:	f003 fdc7 	bl	10006e98 <____aeabi_uldivmod_veneer>
1000330a:	b2d2      	uxtb	r2, r2
1000330c:	2a09      	cmp	r2, #9
1000330e:	bf94      	ite	ls
10003310:	3230      	addls	r2, #48	@ 0x30
10003312:	4452      	addhi	r2, sl
10003314:	45c8      	cmp	r8, r9
10003316:	f174 0400 	sbcs.w	r4, r4, #0
1000331a:	7032      	strb	r2, [r6, #0]
1000331c:	f107 0701 	add.w	r7, r7, #1
10003320:	f106 0601 	add.w	r6, r6, #1
10003324:	d2e7      	bcs.n	100032f6 <_vsnprintf+0x8ca>
10003326:	4638      	mov	r0, r7
10003328:	e9dd 840b 	ldrd	r8, r4, [sp, #44]	@ 0x2c
1000332c:	465a      	mov	r2, fp
1000332e:	9e0e      	ldr	r6, [sp, #56]	@ 0x38
10003330:	9f0d      	ldr	r7, [sp, #52]	@ 0x34
10003332:	9b0f      	ldr	r3, [sp, #60]	@ 0x3c
10003334:	f8dd a044 	ldr.w	sl, [sp, #68]	@ 0x44
10003338:	f8dd b040 	ldr.w	fp, [sp, #64]	@ 0x40
1000333c:	e751      	b.n	100031e2 <_vsnprintf+0x7b6>
1000333e:	f8d8 e000 	ldr.w	lr, [r8]
10003342:	f1be 0f00 	cmp.w	lr, #0
10003346:	d10d      	bne.n	10003364 <_vsnprintf+0x938>
10003348:	f022 0210 	bic.w	r2, r2, #16
1000334c:	9209      	str	r2, [sp, #36]	@ 0x24
1000334e:	f1bc 0f00 	cmp.w	ip, #0
10003352:	d007      	beq.n	10003364 <_vsnprintf+0x938>
10003354:	aa12      	add	r2, sp, #72	@ 0x48
10003356:	9809      	ldr	r0, [sp, #36]	@ 0x24
10003358:	e9cd 3703 	strd	r3, r7, [sp, #12]
1000335c:	e9cd 4005 	strd	r4, r0, [sp, #20]
10003360:	9101      	str	r1, [sp, #4]
10003362:	e5cc      	b.n	10002efe <_vsnprintf+0x4d2>
10003364:	9a09      	ldr	r2, [sp, #36]	@ 0x24
10003366:	f012 0f20 	tst.w	r2, #32
1000336a:	bf14      	ite	ne
1000336c:	2041      	movne	r0, #65	@ 0x41
1000336e:	2061      	moveq	r0, #97	@ 0x61
10003370:	aa12      	add	r2, sp, #72	@ 0x48
10003372:	4694      	mov	ip, r2
10003374:	920a      	str	r2, [sp, #40]	@ 0x28
10003376:	f1a0 020a 	sub.w	r2, r0, #10
1000337a:	e002      	b.n	10003382 <_vsnprintf+0x956>
1000337c:	2920      	cmp	r1, #32
1000337e:	46c6      	mov	lr, r8
10003380:	d00f      	beq.n	100033a2 <_vsnprintf+0x976>
10003382:	fbbe f8f3 	udiv	r8, lr, r3
10003386:	fb03 e018 	mls	r0, r3, r8, lr
1000338a:	2809      	cmp	r0, #9
1000338c:	bf94      	ite	ls
1000338e:	3030      	addls	r0, #48	@ 0x30
10003390:	1880      	addhi	r0, r0, r2
10003392:	459e      	cmp	lr, r3
10003394:	f88c 0000 	strb.w	r0, [ip]
10003398:	f101 0101 	add.w	r1, r1, #1
1000339c:	f10c 0c01 	add.w	ip, ip, #1
100033a0:	d2ec      	bcs.n	1000337c <_vsnprintf+0x950>
100033a2:	9a0a      	ldr	r2, [sp, #40]	@ 0x28
100033a4:	e7d7      	b.n	10003356 <_vsnprintf+0x92a>
100033a6:	bf00      	nop
100033a8:	cccccccd 	.word	0xcccccccd
100033ac:	f8d8 2000 	ldr.w	r2, [r8]
100033b0:	ea82 7ee2 	eor.w	lr, r2, r2, asr #31
100033b4:	ebae 7ee2 	sub.w	lr, lr, r2, asr #31
100033b8:	e61d      	b.n	10002ff6 <_vsnprintf+0x5ca>
100033ba:	2b00      	cmp	r3, #0
100033bc:	f43f af4e 	beq.w	1000325c <_vsnprintf+0x830>
100033c0:	aa12      	add	r2, sp, #72	@ 0x48
100033c2:	e768      	b.n	10003296 <_vsnprintf+0x86a>
100033c4:	f412 6180 	ands.w	r1, r2, #1024	@ 0x400
100033c8:	d00e      	beq.n	100033e8 <_vsnprintf+0x9bc>
100033ca:	f012 0102 	ands.w	r1, r2, #2
100033ce:	d014      	beq.n	100033fa <_vsnprintf+0x9ce>
100033d0:	4601      	mov	r1, r0
100033d2:	4637      	mov	r7, r6
100033d4:	e4a7      	b.n	10002d26 <_vsnprintf+0x2fa>
100033d6:	f04f 090a 	mov.w	r9, #10
100033da:	4602      	mov	r2, r0
100033dc:	464b      	mov	r3, r9
100033de:	e565      	b.n	10002eac <_vsnprintf+0x480>
100033e0:	2300      	movs	r3, #0
100033e2:	aa12      	add	r2, sp, #72	@ 0x48
100033e4:	9309      	str	r3, [sp, #36]	@ 0x24
100033e6:	e69a      	b.n	1000311e <_vsnprintf+0x6f2>
100033e8:	f012 0302 	ands.w	r3, r2, #2
100033ec:	f47f ac9a 	bne.w	10002d24 <_vsnprintf+0x2f8>
100033f0:	2c00      	cmp	r4, #0
100033f2:	f47f af06 	bne.w	10003202 <_vsnprintf+0x7d6>
100033f6:	f7ff bb37 	b.w	10002a68 <_vsnprintf+0x3c>
100033fa:	2c00      	cmp	r4, #0
100033fc:	f47f aeff 	bne.w	100031fe <_vsnprintf+0x7d2>
10003400:	f7ff bb32 	b.w	10002a68 <_vsnprintf+0x3c>

10003404 <vfctprintf>:
10003404:	468c      	mov	ip, r1
10003406:	b510      	push	{r4, lr}
10003408:	b084      	sub	sp, #16
1000340a:	9300      	str	r3, [sp, #0]
1000340c:	9002      	str	r0, [sp, #8]
1000340e:	4613      	mov	r3, r2
10003410:	a902      	add	r1, sp, #8
10003412:	f04f 32ff 	mov.w	r2, #4294967295	@ 0xffffffff
10003416:	4803      	ldr	r0, [pc, #12]	@ (10003424 <vfctprintf+0x20>)
10003418:	f8cd c00c 	str.w	ip, [sp, #12]
1000341c:	f7ff fb06 	bl	10002a2c <_vsnprintf>
10003420:	b004      	add	sp, #16
10003422:	bd10      	pop	{r4, pc}
10003424:	10002001 	.word	0x10002001

10003428 <weak_raw_vprintf>:
10003428:	b510      	push	{r4, lr}
1000342a:	4a09      	ldr	r2, [pc, #36]	@ (10003450 <weak_raw_vprintf+0x28>)
1000342c:	b084      	sub	sp, #16
1000342e:	6814      	ldr	r4, [r2, #0]
10003430:	b14c      	cbz	r4, 10003446 <weak_raw_vprintf+0x1e>
10003432:	4603      	mov	r3, r0
10003434:	9100      	str	r1, [sp, #0]
10003436:	f04f 32ff 	mov.w	r2, #4294967295	@ 0xffffffff
1000343a:	a903      	add	r1, sp, #12
1000343c:	4805      	ldr	r0, [pc, #20]	@ (10003454 <weak_raw_vprintf+0x2c>)
1000343e:	47a0      	blx	r4
10003440:	2001      	movs	r0, #1
10003442:	b004      	add	sp, #16
10003444:	bd10      	pop	{r4, pc}
10003446:	f000 f9c5 	bl	100037d4 <__wrap_puts>
1000344a:	4620      	mov	r0, r4
1000344c:	b004      	add	sp, #16
1000344e:	bd10      	pop	{r4, pc}
10003450:	20001e0c 	.word	0x20001e0c
10003454:	10001ff9 	.word	0x10001ff9

10003458 <_exit>:
10003458:	be00      	bkpt	0x0000
1000345a:	e7fd      	b.n	10003458 <_exit>

1000345c <exit>:
1000345c:	b508      	push	{r3, lr}
1000345e:	f7ff fffb 	bl	10003458 <_exit>
10003462:	bf00      	nop

10003464 <runtime_init>:
10003464:	b538      	push	{r3, r4, r5, lr}
10003466:	4c06      	ldr	r4, [pc, #24]	@ (10003480 <runtime_init+0x1c>)
10003468:	4d06      	ldr	r5, [pc, #24]	@ (10003484 <runtime_init+0x20>)
1000346a:	f7fe fa37 	bl	100018dc <runtime_run_initializers>
1000346e:	42ac      	cmp	r4, r5
10003470:	d204      	bcs.n	1000347c <runtime_init+0x18>
10003472:	f854 3b04 	ldr.w	r3, [r4], #4
10003476:	4798      	blx	r3
10003478:	42ac      	cmp	r4, r5
1000347a:	d3fa      	bcc.n	10003472 <runtime_init+0xe>
1000347c:	bd38      	pop	{r3, r4, r5, pc}
1000347e:	bf00      	nop
10003480:	10006f10 	.word	0x10006f10
10003484:	10006f18 	.word	0x10006f18

10003488 <stdio_out_chars_no_crlf>:
10003488:	6803      	ldr	r3, [r0, #0]
1000348a:	4608      	mov	r0, r1
1000348c:	4611      	mov	r1, r2
1000348e:	4718      	bx	r3

10003490 <stdio_out_chars_crlf>:
10003490:	b570      	push	{r4, r5, r6, lr}
10003492:	4605      	mov	r5, r0
10003494:	4608      	mov	r0, r1
10003496:	7d69      	ldrb	r1, [r5, #21]
10003498:	b082      	sub	sp, #8
1000349a:	2900      	cmp	r1, #0
1000349c:	d04f      	beq.n	1000353e <stdio_out_chars_crlf+0xae>
1000349e:	2a00      	cmp	r2, #0
100034a0:	dd25      	ble.n	100034ee <stdio_out_chars_crlf+0x5e>
100034a2:	7803      	ldrb	r3, [r0, #0]
100034a4:	4614      	mov	r4, r2
100034a6:	2b0a      	cmp	r3, #10
100034a8:	4606      	mov	r6, r0
100034aa:	d022      	beq.n	100034f2 <stdio_out_chars_crlf+0x62>
100034ac:	2c01      	cmp	r4, #1
100034ae:	f04f 0e00 	mov.w	lr, #0
100034b2:	d00d      	beq.n	100034d0 <stdio_out_chars_crlf+0x40>
100034b4:	4632      	mov	r2, r6
100034b6:	2301      	movs	r3, #1
100034b8:	f812 cf01 	ldrb.w	ip, [r2, #1]!
100034bc:	4619      	mov	r1, r3
100034be:	f1bc 0f0a 	cmp.w	ip, #10
100034c2:	f103 0301 	add.w	r3, r3, #1
100034c6:	d020      	beq.n	1000350a <stdio_out_chars_crlf+0x7a>
100034c8:	429c      	cmp	r4, r3
100034ca:	d1f5      	bne.n	100034b8 <stdio_out_chars_crlf+0x28>
100034cc:	4574      	cmp	r4, lr
100034ce:	dd05      	ble.n	100034dc <stdio_out_chars_crlf+0x4c>
100034d0:	682b      	ldr	r3, [r5, #0]
100034d2:	eba4 010e 	sub.w	r1, r4, lr
100034d6:	eb06 000e 	add.w	r0, r6, lr
100034da:	4798      	blx	r3
100034dc:	1931      	adds	r1, r6, r4
100034de:	f811 3c01 	ldrb.w	r3, [r1, #-1]
100034e2:	f1a3 030d 	sub.w	r3, r3, #13
100034e6:	fab3 f383 	clz	r3, r3
100034ea:	095b      	lsrs	r3, r3, #5
100034ec:	752b      	strb	r3, [r5, #20]
100034ee:	b002      	add	sp, #8
100034f0:	bd70      	pop	{r4, r5, r6, pc}
100034f2:	7d2b      	ldrb	r3, [r5, #20]
100034f4:	2b00      	cmp	r3, #0
100034f6:	d1d9      	bne.n	100034ac <stdio_out_chars_crlf+0x1c>
100034f8:	2102      	movs	r1, #2
100034fa:	682b      	ldr	r3, [r5, #0]
100034fc:	4813      	ldr	r0, [pc, #76]	@ (1000354c <stdio_out_chars_crlf+0xbc>)
100034fe:	4798      	blx	r3
10003500:	2c01      	cmp	r4, #1
10003502:	d0eb      	beq.n	100034dc <stdio_out_chars_crlf+0x4c>
10003504:	f04f 0e01 	mov.w	lr, #1
10003508:	e7d4      	b.n	100034b4 <stdio_out_chars_crlf+0x24>
1000350a:	f812 0c01 	ldrb.w	r0, [r2, #-1]
1000350e:	280d      	cmp	r0, #13
10003510:	d0da      	beq.n	100034c8 <stdio_out_chars_crlf+0x38>
10003512:	458e      	cmp	lr, r1
10003514:	eb06 000e 	add.w	r0, r6, lr
10003518:	eba1 010e 	sub.w	r1, r1, lr
1000351c:	da05      	bge.n	1000352a <stdio_out_chars_crlf+0x9a>
1000351e:	e9cd 3200 	strd	r3, r2, [sp]
10003522:	682b      	ldr	r3, [r5, #0]
10003524:	4798      	blx	r3
10003526:	e9dd 3200 	ldrd	r3, r2, [sp]
1000352a:	e9cd 3200 	strd	r3, r2, [sp]
1000352e:	2102      	movs	r1, #2
10003530:	682b      	ldr	r3, [r5, #0]
10003532:	4806      	ldr	r0, [pc, #24]	@ (1000354c <stdio_out_chars_crlf+0xbc>)
10003534:	4798      	blx	r3
10003536:	9b00      	ldr	r3, [sp, #0]
10003538:	9a01      	ldr	r2, [sp, #4]
1000353a:	469e      	mov	lr, r3
1000353c:	e7c4      	b.n	100034c8 <stdio_out_chars_crlf+0x38>
1000353e:	4611      	mov	r1, r2
10003540:	682b      	ldr	r3, [r5, #0]
10003542:	b002      	add	sp, #8
10003544:	e8bd 4070 	ldmia.w	sp!, {r4, r5, r6, lr}
10003548:	4718      	bx	r3
1000354a:	bf00      	nop
1000354c:	10007520 	.word	0x10007520

10003550 <stdio_buffered_printer>:
10003550:	b570      	push	{r4, r5, r6, lr}
10003552:	680b      	ldr	r3, [r1, #0]
10003554:	460c      	mov	r4, r1
10003556:	2b80      	cmp	r3, #128	@ 0x80
10003558:	4605      	mov	r5, r0
1000355a:	b082      	sub	sp, #8
1000355c:	d005      	beq.n	1000356a <stdio_buffered_printer+0x1a>
1000355e:	1c5a      	adds	r2, r3, #1
10003560:	4423      	add	r3, r4
10003562:	6022      	str	r2, [r4, #0]
10003564:	711d      	strb	r5, [r3, #4]
10003566:	b002      	add	sp, #8
10003568:	bd70      	pop	{r4, r5, r6, pc}
1000356a:	4b0e      	ldr	r3, [pc, #56]	@ (100035a4 <stdio_buffered_printer+0x54>)
1000356c:	6818      	ldr	r0, [r3, #0]
1000356e:	b978      	cbnz	r0, 10003590 <stdio_buffered_printer+0x40>
10003570:	2300      	movs	r3, #0
10003572:	2201      	movs	r2, #1
10003574:	4423      	add	r3, r4
10003576:	6022      	str	r2, [r4, #0]
10003578:	711d      	strb	r5, [r3, #4]
1000357a:	b002      	add	sp, #8
1000357c:	bd70      	pop	{r4, r5, r6, pc}
1000357e:	6822      	ldr	r2, [r4, #0]
10003580:	1d21      	adds	r1, r4, #4
10003582:	9001      	str	r0, [sp, #4]
10003584:	f7ff ff84 	bl	10003490 <stdio_out_chars_crlf>
10003588:	9801      	ldr	r0, [sp, #4]
1000358a:	6900      	ldr	r0, [r0, #16]
1000358c:	2800      	cmp	r0, #0
1000358e:	d0ef      	beq.n	10003570 <stdio_buffered_printer+0x20>
10003590:	6803      	ldr	r3, [r0, #0]
10003592:	2b00      	cmp	r3, #0
10003594:	d0f9      	beq.n	1000358a <stdio_buffered_printer+0x3a>
10003596:	4b04      	ldr	r3, [pc, #16]	@ (100035a8 <stdio_buffered_printer+0x58>)
10003598:	681b      	ldr	r3, [r3, #0]
1000359a:	2b00      	cmp	r3, #0
1000359c:	d0ef      	beq.n	1000357e <stdio_buffered_printer+0x2e>
1000359e:	4283      	cmp	r3, r0
100035a0:	d1f3      	bne.n	1000358a <stdio_buffered_printer+0x3a>
100035a2:	e7ec      	b.n	1000357e <stdio_buffered_printer+0x2e>
100035a4:	20001a00 	.word	0x20001a00
100035a8:	20001a08 	.word	0x20001a08

100035ac <stdio_put_string>:
100035ac:	e92d 47f0 	stmdb	sp!, {r4, r5, r6, r7, r8, r9, sl, lr}
100035b0:	b082      	sub	sp, #8
100035b2:	4690      	mov	r8, r2
100035b4:	461c      	mov	r4, r3
100035b6:	460d      	mov	r5, r1
100035b8:	4607      	mov	r7, r0
100035ba:	f7fd ff81 	bl	100014c0 <time_us_64>
100035be:	f04f 3cff 	mov.w	ip, #4294967295	@ 0xffffffff
100035c2:	f06f 4600 	mvn.w	r6, #2147483648	@ 0x80000000
100035c6:	4a2e      	ldr	r2, [pc, #184]	@ (10003680 <stdio_put_string+0xd4>)
100035c8:	1882      	adds	r2, r0, r2
100035ca:	f141 0300 	adc.w	r3, r1, #0
100035ce:	4594      	cmp	ip, r2
100035d0:	eb76 0103 	sbcs.w	r1, r6, r3
100035d4:	bf3c      	itt	cc
100035d6:	4662      	movcc	r2, ip
100035d8:	4633      	movcc	r3, r6
100035da:	482a      	ldr	r0, [pc, #168]	@ (10003684 <stdio_put_string+0xd8>)
100035dc:	f003 fc6c 	bl	10006eb8 <__mutex_try_enter_block_until_veneer>
100035e0:	1c6b      	adds	r3, r5, #1
100035e2:	4682      	mov	sl, r0
100035e4:	d040      	beq.n	10003668 <stdio_put_string+0xbc>
100035e6:	b30c      	cbz	r4, 1000362c <stdio_put_string+0x80>
100035e8:	4e27      	ldr	r6, [pc, #156]	@ (10003688 <stdio_put_string+0xdc>)
100035ea:	4b28      	ldr	r3, [pc, #160]	@ (1000368c <stdio_put_string+0xe0>)
100035ec:	681c      	ldr	r4, [r3, #0]
100035ee:	b1b4      	cbz	r4, 1000361e <stdio_put_string+0x72>
100035f0:	f1b8 0f00 	cmp.w	r8, #0
100035f4:	d11c      	bne.n	10003630 <stdio_put_string+0x84>
100035f6:	f8df 809c 	ldr.w	r8, [pc, #156]	@ 10003694 <stdio_put_string+0xe8>
100035fa:	e001      	b.n	10003600 <stdio_put_string+0x54>
100035fc:	6924      	ldr	r4, [r4, #16]
100035fe:	b174      	cbz	r4, 1000361e <stdio_put_string+0x72>
10003600:	6823      	ldr	r3, [r4, #0]
10003602:	2b00      	cmp	r3, #0
10003604:	d0fa      	beq.n	100035fc <stdio_put_string+0x50>
10003606:	f8d8 3000 	ldr.w	r3, [r8]
1000360a:	b10b      	cbz	r3, 10003610 <stdio_put_string+0x64>
1000360c:	429c      	cmp	r4, r3
1000360e:	d1f5      	bne.n	100035fc <stdio_put_string+0x50>
10003610:	4620      	mov	r0, r4
10003612:	462a      	mov	r2, r5
10003614:	4639      	mov	r1, r7
10003616:	47b0      	blx	r6
10003618:	6924      	ldr	r4, [r4, #16]
1000361a:	2c00      	cmp	r4, #0
1000361c:	d1f0      	bne.n	10003600 <stdio_put_string+0x54>
1000361e:	f1ba 0f00 	cmp.w	sl, #0
10003622:	d126      	bne.n	10003672 <stdio_put_string+0xc6>
10003624:	4628      	mov	r0, r5
10003626:	b002      	add	sp, #8
10003628:	e8bd 87f0 	ldmia.w	sp!, {r4, r5, r6, r7, r8, r9, sl, pc}
1000362c:	4e18      	ldr	r6, [pc, #96]	@ (10003690 <stdio_put_string+0xe4>)
1000362e:	e7dc      	b.n	100035ea <stdio_put_string+0x3e>
10003630:	f04f 090a 	mov.w	r9, #10
10003634:	f8df 805c 	ldr.w	r8, [pc, #92]	@ 10003694 <stdio_put_string+0xe8>
10003638:	e002      	b.n	10003640 <stdio_put_string+0x94>
1000363a:	6924      	ldr	r4, [r4, #16]
1000363c:	2c00      	cmp	r4, #0
1000363e:	d0ee      	beq.n	1000361e <stdio_put_string+0x72>
10003640:	6823      	ldr	r3, [r4, #0]
10003642:	2b00      	cmp	r3, #0
10003644:	d0f9      	beq.n	1000363a <stdio_put_string+0x8e>
10003646:	f8d8 3000 	ldr.w	r3, [r8]
1000364a:	b10b      	cbz	r3, 10003650 <stdio_put_string+0xa4>
1000364c:	42a3      	cmp	r3, r4
1000364e:	d1f4      	bne.n	1000363a <stdio_put_string+0x8e>
10003650:	462a      	mov	r2, r5
10003652:	4639      	mov	r1, r7
10003654:	4620      	mov	r0, r4
10003656:	47b0      	blx	r6
10003658:	2201      	movs	r2, #1
1000365a:	4620      	mov	r0, r4
1000365c:	f10d 0107 	add.w	r1, sp, #7
10003660:	f88d 9007 	strb.w	r9, [sp, #7]
10003664:	47b0      	blx	r6
10003666:	e7e8      	b.n	1000363a <stdio_put_string+0x8e>
10003668:	4638      	mov	r0, r7
1000366a:	f003 fbd9 	bl	10006e20 <strlen>
1000366e:	4605      	mov	r5, r0
10003670:	e7b9      	b.n	100035e6 <stdio_put_string+0x3a>
10003672:	4804      	ldr	r0, [pc, #16]	@ (10003684 <stdio_put_string+0xd8>)
10003674:	f003 fc14 	bl	10006ea0 <__mutex_exit_veneer>
10003678:	4628      	mov	r0, r5
1000367a:	b002      	add	sp, #8
1000367c:	e8bd 87f0 	ldmia.w	sp!, {r4, r5, r6, r7, r8, r9, sl, pc}
10003680:	000f4240 	.word	0x000f4240
10003684:	20001258 	.word	0x20001258
10003688:	10003491 	.word	0x10003491
1000368c:	20001a00 	.word	0x20001a00
10003690:	10003489 	.word	0x10003489
10003694:	20001a08 	.word	0x20001a08

10003698 <stdio_set_driver_enabled>:
10003698:	4a08      	ldr	r2, [pc, #32]	@ (100036bc <stdio_set_driver_enabled+0x24>)
1000369a:	6813      	ldr	r3, [r2, #0]
1000369c:	b923      	cbnz	r3, 100036a8 <stdio_set_driver_enabled+0x10>
1000369e:	e00a      	b.n	100036b6 <stdio_set_driver_enabled+0x1e>
100036a0:	f103 0210 	add.w	r2, r3, #16
100036a4:	691b      	ldr	r3, [r3, #16]
100036a6:	b133      	cbz	r3, 100036b6 <stdio_set_driver_enabled+0x1e>
100036a8:	4283      	cmp	r3, r0
100036aa:	d1f9      	bne.n	100036a0 <stdio_set_driver_enabled+0x8>
100036ac:	b929      	cbnz	r1, 100036ba <stdio_set_driver_enabled+0x22>
100036ae:	6918      	ldr	r0, [r3, #16]
100036b0:	6010      	str	r0, [r2, #0]
100036b2:	6119      	str	r1, [r3, #16]
100036b4:	4770      	bx	lr
100036b6:	b101      	cbz	r1, 100036ba <stdio_set_driver_enabled+0x22>
100036b8:	6010      	str	r0, [r2, #0]
100036ba:	4770      	bx	lr
100036bc:	20001a00 	.word	0x20001a00

100036c0 <stdio_init_all>:
100036c0:	f000 bb28 	b.w	10003d14 <stdio_usb_init>

100036c4 <stdio_getchar_timeout_us>:
100036c4:	e92d 41f0 	stmdb	sp!, {r4, r5, r6, r7, r8, lr}
100036c8:	b082      	sub	sp, #8
100036ca:	4606      	mov	r6, r0
100036cc:	f7fd fef8 	bl	100014c0 <time_us_64>
100036d0:	f04f 32ff 	mov.w	r2, #4294967295	@ 0xffffffff
100036d4:	f06f 4300 	mvn.w	r3, #2147483648	@ 0x80000000
100036d8:	1836      	adds	r6, r6, r0
100036da:	f141 0700 	adc.w	r7, r1, #0
100036de:	42b2      	cmp	r2, r6
100036e0:	eb73 0107 	sbcs.w	r1, r3, r7
100036e4:	bf3c      	itt	cc
100036e6:	4616      	movcc	r6, r2
100036e8:	461f      	movcc	r7, r3
100036ea:	f8df 8060 	ldr.w	r8, [pc, #96]	@ 1000374c <stdio_getchar_timeout_us+0x88>
100036ee:	4d15      	ldr	r5, [pc, #84]	@ (10003744 <stdio_getchar_timeout_us+0x80>)
100036f0:	f8d8 4000 	ldr.w	r4, [r8]
100036f4:	b914      	cbnz	r4, 100036fc <stdio_getchar_timeout_us+0x38>
100036f6:	e012      	b.n	1000371e <stdio_getchar_timeout_us+0x5a>
100036f8:	6924      	ldr	r4, [r4, #16]
100036fa:	b184      	cbz	r4, 1000371e <stdio_getchar_timeout_us+0x5a>
100036fc:	682b      	ldr	r3, [r5, #0]
100036fe:	b10b      	cbz	r3, 10003704 <stdio_getchar_timeout_us+0x40>
10003700:	429c      	cmp	r4, r3
10003702:	d1f9      	bne.n	100036f8 <stdio_getchar_timeout_us+0x34>
10003704:	68a3      	ldr	r3, [r4, #8]
10003706:	2b00      	cmp	r3, #0
10003708:	d0f6      	beq.n	100036f8 <stdio_getchar_timeout_us+0x34>
1000370a:	2101      	movs	r1, #1
1000370c:	a801      	add	r0, sp, #4
1000370e:	4798      	blx	r3
10003710:	2800      	cmp	r0, #0
10003712:	ddf1      	ble.n	100036f8 <stdio_getchar_timeout_us+0x34>
10003714:	f89d 0004 	ldrb.w	r0, [sp, #4]
10003718:	b002      	add	sp, #8
1000371a:	e8bd 81f0 	ldmia.w	sp!, {r4, r5, r6, r7, r8, pc}
1000371e:	4b0a      	ldr	r3, [pc, #40]	@ (10003748 <stdio_getchar_timeout_us+0x84>)
10003720:	6a5a      	ldr	r2, [r3, #36]	@ 0x24
10003722:	4297      	cmp	r7, r2
10003724:	d809      	bhi.n	1000373a <stdio_getchar_timeout_us+0x76>
10003726:	6a9b      	ldr	r3, [r3, #40]	@ 0x28
10003728:	42b3      	cmp	r3, r6
1000372a:	d304      	bcc.n	10003736 <stdio_getchar_timeout_us+0x72>
1000372c:	f06f 0001 	mvn.w	r0, #1
10003730:	b002      	add	sp, #8
10003732:	e8bd 81f0 	ldmia.w	sp!, {r4, r5, r6, r7, r8, pc}
10003736:	4297      	cmp	r7, r2
10003738:	d1f8      	bne.n	1000372c <stdio_getchar_timeout_us+0x68>
1000373a:	2001      	movs	r0, #1
1000373c:	2100      	movs	r1, #0
1000373e:	f7fd ff01 	bl	10001544 <busy_wait_us>
10003742:	e7d5      	b.n	100036f0 <stdio_getchar_timeout_us+0x2c>
10003744:	20001a08 	.word	0x20001a08
10003748:	400b0000 	.word	0x400b0000
1000374c:	20001a00 	.word	0x20001a00

10003750 <__wrap_putchar>:
10003750:	b5f0      	push	{r4, r5, r6, r7, lr}
10003752:	b083      	sub	sp, #12
10003754:	4606      	mov	r6, r0
10003756:	f88d 0007 	strb.w	r0, [sp, #7]
1000375a:	f7fd feb1 	bl	100014c0 <time_us_64>
1000375e:	f04f 35ff 	mov.w	r5, #4294967295	@ 0xffffffff
10003762:	f06f 4400 	mvn.w	r4, #2147483648	@ 0x80000000
10003766:	4a17      	ldr	r2, [pc, #92]	@ (100037c4 <__wrap_putchar+0x74>)
10003768:	1882      	adds	r2, r0, r2
1000376a:	f141 0300 	adc.w	r3, r1, #0
1000376e:	4295      	cmp	r5, r2
10003770:	eb74 0103 	sbcs.w	r1, r4, r3
10003774:	bf3c      	itt	cc
10003776:	4623      	movcc	r3, r4
10003778:	462a      	movcc	r2, r5
1000377a:	4813      	ldr	r0, [pc, #76]	@ (100037c8 <__wrap_putchar+0x78>)
1000377c:	f003 fb9c 	bl	10006eb8 <__mutex_try_enter_block_until_veneer>
10003780:	4b12      	ldr	r3, [pc, #72]	@ (100037cc <__wrap_putchar+0x7c>)
10003782:	4607      	mov	r7, r0
10003784:	681c      	ldr	r4, [r3, #0]
10003786:	b19c      	cbz	r4, 100037b0 <__wrap_putchar+0x60>
10003788:	4d11      	ldr	r5, [pc, #68]	@ (100037d0 <__wrap_putchar+0x80>)
1000378a:	e001      	b.n	10003790 <__wrap_putchar+0x40>
1000378c:	6924      	ldr	r4, [r4, #16]
1000378e:	b17c      	cbz	r4, 100037b0 <__wrap_putchar+0x60>
10003790:	6823      	ldr	r3, [r4, #0]
10003792:	2b00      	cmp	r3, #0
10003794:	d0fa      	beq.n	1000378c <__wrap_putchar+0x3c>
10003796:	682b      	ldr	r3, [r5, #0]
10003798:	b10b      	cbz	r3, 1000379e <__wrap_putchar+0x4e>
1000379a:	429c      	cmp	r4, r3
1000379c:	d1f6      	bne.n	1000378c <__wrap_putchar+0x3c>
1000379e:	4620      	mov	r0, r4
100037a0:	2201      	movs	r2, #1
100037a2:	f10d 0107 	add.w	r1, sp, #7
100037a6:	f7ff fe73 	bl	10003490 <stdio_out_chars_crlf>
100037aa:	6924      	ldr	r4, [r4, #16]
100037ac:	2c00      	cmp	r4, #0
100037ae:	d1ef      	bne.n	10003790 <__wrap_putchar+0x40>
100037b0:	b917      	cbnz	r7, 100037b8 <__wrap_putchar+0x68>
100037b2:	4630      	mov	r0, r6
100037b4:	b003      	add	sp, #12
100037b6:	bdf0      	pop	{r4, r5, r6, r7, pc}
100037b8:	4803      	ldr	r0, [pc, #12]	@ (100037c8 <__wrap_putchar+0x78>)
100037ba:	f003 fb71 	bl	10006ea0 <__mutex_exit_veneer>
100037be:	4630      	mov	r0, r6
100037c0:	b003      	add	sp, #12
100037c2:	bdf0      	pop	{r4, r5, r6, r7, pc}
100037c4:	000f4240 	.word	0x000f4240
100037c8:	20001258 	.word	0x20001258
100037cc:	20001a00 	.word	0x20001a00
100037d0:	20001a08 	.word	0x20001a08

100037d4 <__wrap_puts>:
100037d4:	b538      	push	{r3, r4, r5, lr}
100037d6:	4604      	mov	r4, r0
100037d8:	f003 fb22 	bl	10006e20 <strlen>
100037dc:	2301      	movs	r3, #1
100037de:	4605      	mov	r5, r0
100037e0:	461a      	mov	r2, r3
100037e2:	4620      	mov	r0, r4
100037e4:	4629      	mov	r1, r5
100037e6:	f7ff fee1 	bl	100035ac <stdio_put_string>
100037ea:	4b08      	ldr	r3, [pc, #32]	@ (1000380c <__wrap_puts+0x38>)
100037ec:	681c      	ldr	r4, [r3, #0]
100037ee:	b12c      	cbz	r4, 100037fc <__wrap_puts+0x28>
100037f0:	6863      	ldr	r3, [r4, #4]
100037f2:	b12b      	cbz	r3, 10003800 <__wrap_puts+0x2c>
100037f4:	4798      	blx	r3
100037f6:	6924      	ldr	r4, [r4, #16]
100037f8:	2c00      	cmp	r4, #0
100037fa:	d1f9      	bne.n	100037f0 <__wrap_puts+0x1c>
100037fc:	4628      	mov	r0, r5
100037fe:	bd38      	pop	{r3, r4, r5, pc}
10003800:	6924      	ldr	r4, [r4, #16]
10003802:	2c00      	cmp	r4, #0
10003804:	d1f4      	bne.n	100037f0 <__wrap_puts+0x1c>
10003806:	4628      	mov	r0, r5
10003808:	bd38      	pop	{r3, r4, r5, pc}
1000380a:	bf00      	nop
1000380c:	20001a00 	.word	0x20001a00

10003810 <__wrap_vprintf>:
10003810:	e92d 41f0 	stmdb	sp!, {r4, r5, r6, r7, r8, lr}
10003814:	b0a2      	sub	sp, #136	@ 0x88
10003816:	460e      	mov	r6, r1
10003818:	4605      	mov	r5, r0
1000381a:	f7fd fe51 	bl	100014c0 <time_us_64>
1000381e:	f04f 3cff 	mov.w	ip, #4294967295	@ 0xffffffff
10003822:	f06f 4400 	mvn.w	r4, #2147483648	@ 0x80000000
10003826:	4a25      	ldr	r2, [pc, #148]	@ (100038bc <__wrap_vprintf+0xac>)
10003828:	1882      	adds	r2, r0, r2
1000382a:	f141 0300 	adc.w	r3, r1, #0
1000382e:	4594      	cmp	ip, r2
10003830:	eb74 0103 	sbcs.w	r1, r4, r3
10003834:	bf3c      	itt	cc
10003836:	4623      	movcc	r3, r4
10003838:	4662      	movcc	r2, ip
1000383a:	4821      	ldr	r0, [pc, #132]	@ (100038c0 <__wrap_vprintf+0xb0>)
1000383c:	f003 fb3c 	bl	10006eb8 <__mutex_try_enter_block_until_veneer>
10003840:	2400      	movs	r4, #0
10003842:	4633      	mov	r3, r6
10003844:	4607      	mov	r7, r0
10003846:	462a      	mov	r2, r5
10003848:	481e      	ldr	r0, [pc, #120]	@ (100038c4 <__wrap_vprintf+0xb4>)
1000384a:	a901      	add	r1, sp, #4
1000384c:	9401      	str	r4, [sp, #4]
1000384e:	f7ff fdd9 	bl	10003404 <vfctprintf>
10003852:	4e1d      	ldr	r6, [pc, #116]	@ (100038c8 <__wrap_vprintf+0xb8>)
10003854:	9b01      	ldr	r3, [sp, #4]
10003856:	4680      	mov	r8, r0
10003858:	6834      	ldr	r4, [r6, #0]
1000385a:	b1bb      	cbz	r3, 1000388c <__wrap_vprintf+0x7c>
1000385c:	2c00      	cmp	r4, #0
1000385e:	d02a      	beq.n	100038b6 <__wrap_vprintf+0xa6>
10003860:	4d1a      	ldr	r5, [pc, #104]	@ (100038cc <__wrap_vprintf+0xbc>)
10003862:	e001      	b.n	10003868 <__wrap_vprintf+0x58>
10003864:	6924      	ldr	r4, [r4, #16]
10003866:	b174      	cbz	r4, 10003886 <__wrap_vprintf+0x76>
10003868:	6823      	ldr	r3, [r4, #0]
1000386a:	2b00      	cmp	r3, #0
1000386c:	d0fa      	beq.n	10003864 <__wrap_vprintf+0x54>
1000386e:	682b      	ldr	r3, [r5, #0]
10003870:	b10b      	cbz	r3, 10003876 <__wrap_vprintf+0x66>
10003872:	42a3      	cmp	r3, r4
10003874:	d1f6      	bne.n	10003864 <__wrap_vprintf+0x54>
10003876:	4620      	mov	r0, r4
10003878:	9a01      	ldr	r2, [sp, #4]
1000387a:	a902      	add	r1, sp, #8
1000387c:	f7ff fe08 	bl	10003490 <stdio_out_chars_crlf>
10003880:	6924      	ldr	r4, [r4, #16]
10003882:	2c00      	cmp	r4, #0
10003884:	d1f0      	bne.n	10003868 <__wrap_vprintf+0x58>
10003886:	4623      	mov	r3, r4
10003888:	6834      	ldr	r4, [r6, #0]
1000388a:	9301      	str	r3, [sp, #4]
1000388c:	b12c      	cbz	r4, 1000389a <__wrap_vprintf+0x8a>
1000388e:	6863      	ldr	r3, [r4, #4]
10003890:	b143      	cbz	r3, 100038a4 <__wrap_vprintf+0x94>
10003892:	4798      	blx	r3
10003894:	6924      	ldr	r4, [r4, #16]
10003896:	2c00      	cmp	r4, #0
10003898:	d1f9      	bne.n	1000388e <__wrap_vprintf+0x7e>
1000389a:	b92f      	cbnz	r7, 100038a8 <__wrap_vprintf+0x98>
1000389c:	4640      	mov	r0, r8
1000389e:	b022      	add	sp, #136	@ 0x88
100038a0:	e8bd 81f0 	ldmia.w	sp!, {r4, r5, r6, r7, r8, pc}
100038a4:	6924      	ldr	r4, [r4, #16]
100038a6:	e7f1      	b.n	1000388c <__wrap_vprintf+0x7c>
100038a8:	4805      	ldr	r0, [pc, #20]	@ (100038c0 <__wrap_vprintf+0xb0>)
100038aa:	f003 faf9 	bl	10006ea0 <__mutex_exit_veneer>
100038ae:	4640      	mov	r0, r8
100038b0:	b022      	add	sp, #136	@ 0x88
100038b2:	e8bd 81f0 	ldmia.w	sp!, {r4, r5, r6, r7, r8, pc}
100038b6:	9401      	str	r4, [sp, #4]
100038b8:	e7ef      	b.n	1000389a <__wrap_vprintf+0x8a>
100038ba:	bf00      	nop
100038bc:	000f4240 	.word	0x000f4240
100038c0:	20001258 	.word	0x20001258
100038c4:	10003551 	.word	0x10003551
100038c8:	20001a00 	.word	0x20001a00
100038cc:	20001a08 	.word	0x20001a08

100038d0 <__wrap_printf>:
100038d0:	b40f      	push	{r0, r1, r2, r3}
100038d2:	b500      	push	{lr}
100038d4:	b083      	sub	sp, #12
100038d6:	a904      	add	r1, sp, #16
100038d8:	f851 0b04 	ldr.w	r0, [r1], #4
100038dc:	9101      	str	r1, [sp, #4]
100038de:	f7ff ff97 	bl	10003810 <__wrap_vprintf>
100038e2:	b003      	add	sp, #12
100038e4:	f85d eb04 	ldr.w	lr, [sp], #4
100038e8:	b004      	add	sp, #16
100038ea:	4770      	bx	lr

100038ec <resetd_init>:
100038ec:	4770      	bx	lr
100038ee:	bf00      	nop

100038f0 <resetd_reset>:
100038f0:	2200      	movs	r2, #0
100038f2:	4b01      	ldr	r3, [pc, #4]	@ (100038f8 <resetd_reset+0x8>)
100038f4:	701a      	strb	r2, [r3, #0]
100038f6:	4770      	bx	lr
100038f8:	20001e81 	.word	0x20001e81

100038fc <resetd_open>:
100038fc:	794b      	ldrb	r3, [r1, #5]
100038fe:	2bff      	cmp	r3, #255	@ 0xff
10003900:	d10b      	bne.n	1000391a <resetd_open+0x1e>
10003902:	7988      	ldrb	r0, [r1, #6]
10003904:	b948      	cbnz	r0, 1000391a <resetd_open+0x1e>
10003906:	79cb      	ldrb	r3, [r1, #7]
10003908:	2b01      	cmp	r3, #1
1000390a:	d107      	bne.n	1000391c <resetd_open+0x20>
1000390c:	2a08      	cmp	r2, #8
1000390e:	d905      	bls.n	1000391c <resetd_open+0x20>
10003910:	4b03      	ldr	r3, [pc, #12]	@ (10003920 <resetd_open+0x24>)
10003912:	788a      	ldrb	r2, [r1, #2]
10003914:	2009      	movs	r0, #9
10003916:	701a      	strb	r2, [r3, #0]
10003918:	4770      	bx	lr
1000391a:	2000      	movs	r0, #0
1000391c:	4770      	bx	lr
1000391e:	bf00      	nop
10003920:	20001e81 	.word	0x20001e81

10003924 <resetd_xfer_cb>:
10003924:	2001      	movs	r0, #1
10003926:	4770      	bx	lr

10003928 <resetd_control_xfer_cb>:
10003928:	2901      	cmp	r1, #1
1000392a:	d001      	beq.n	10003930 <resetd_control_xfer_cb+0x8>
1000392c:	2001      	movs	r0, #1
1000392e:	4770      	bx	lr
10003930:	b508      	push	{r3, lr}
10003932:	4b10      	ldr	r3, [pc, #64]	@ (10003974 <resetd_control_xfer_cb+0x4c>)
10003934:	8891      	ldrh	r1, [r2, #4]
10003936:	781b      	ldrb	r3, [r3, #0]
10003938:	4299      	cmp	r1, r3
1000393a:	d001      	beq.n	10003940 <resetd_control_xfer_cb+0x18>
1000393c:	2000      	movs	r0, #0
1000393e:	bd08      	pop	{r3, pc}
10003940:	7853      	ldrb	r3, [r2, #1]
10003942:	2b01      	cmp	r3, #1
10003944:	d008      	beq.n	10003958 <resetd_control_xfer_cb+0x30>
10003946:	2b02      	cmp	r3, #2
10003948:	d1f8      	bne.n	1000393c <resetd_control_xfer_cb+0x14>
1000394a:	2100      	movs	r1, #0
1000394c:	2264      	movs	r2, #100	@ 0x64
1000394e:	4608      	mov	r0, r1
10003950:	f7fd fef6 	bl	10001740 <watchdog_reboot>
10003954:	2001      	movs	r0, #1
10003956:	bd08      	pop	{r3, pc}
10003958:	8851      	ldrh	r1, [r2, #2]
1000395a:	05cb      	lsls	r3, r1, #23
1000395c:	bf48      	it	mi
1000395e:	0a48      	lsrmi	r0, r1, #9
10003960:	f3c1 2240 	ubfx	r2, r1, #9, #1
10003964:	bf58      	it	pl
10003966:	f04f 30ff 	movpl.w	r0, #4294967295	@ 0xffffffff
1000396a:	f001 017f 	and.w	r1, r1, #127	@ 0x7f
1000396e:	f7fd ff71 	bl	10001854 <rom_reset_usb_boot_extra>
10003972:	bf00      	nop
10003974:	20001e81 	.word	0x20001e81

10003978 <tud_descriptor_bos_cb>:
10003978:	4800      	ldr	r0, [pc, #0]	@ (1000397c <tud_descriptor_bos_cb+0x4>)
1000397a:	4770      	bx	lr
1000397c:	100075ec 	.word	0x100075ec

10003980 <tud_vendor_control_xfer_cb>:
10003980:	2901      	cmp	r1, #1
10003982:	d107      	bne.n	10003994 <tud_vendor_control_xfer_cb+0x14>
10003984:	7853      	ldrb	r3, [r2, #1]
10003986:	2b01      	cmp	r3, #1
10003988:	d102      	bne.n	10003990 <tud_vendor_control_xfer_cb+0x10>
1000398a:	8893      	ldrh	r3, [r2, #4]
1000398c:	2b07      	cmp	r3, #7
1000398e:	d003      	beq.n	10003998 <tud_vendor_control_xfer_cb+0x18>
10003990:	2000      	movs	r0, #0
10003992:	4770      	bx	lr
10003994:	2001      	movs	r0, #1
10003996:	4770      	bx	lr
10003998:	4611      	mov	r1, r2
1000399a:	23a6      	movs	r3, #166	@ 0xa6
1000399c:	4a01      	ldr	r2, [pc, #4]	@ (100039a4 <tud_vendor_control_xfer_cb+0x24>)
1000399e:	f001 ba91 	b.w	10004ec4 <tud_control_xfer>
100039a2:	bf00      	nop
100039a4:	10007544 	.word	0x10007544

100039a8 <usbd_app_driver_get_cb>:
100039a8:	4603      	mov	r3, r0
100039aa:	2201      	movs	r2, #1
100039ac:	4801      	ldr	r0, [pc, #4]	@ (100039b4 <usbd_app_driver_get_cb+0xc>)
100039ae:	701a      	strb	r2, [r3, #0]
100039b0:	4770      	bx	lr
100039b2:	bf00      	nop
100039b4:	10007524 	.word	0x10007524

100039b8 <tud_cdc_line_coding_cb>:
100039b8:	b508      	push	{r3, lr}
100039ba:	680b      	ldr	r3, [r1, #0]
100039bc:	f5b3 6f96 	cmp.w	r3, #1200	@ 0x4b0
100039c0:	d000      	beq.n	100039c4 <tud_cdc_line_coding_cb+0xc>
100039c2:	bd08      	pop	{r3, pc}
100039c4:	2200      	movs	r2, #0
100039c6:	f04f 30ff 	mov.w	r0, #4294967295	@ 0xffffffff
100039ca:	4611      	mov	r1, r2
100039cc:	f7fd ff42 	bl	10001854 <rom_reset_usb_boot_extra>

100039d0 <stdio_usb_set_chars_available_callback>:
100039d0:	4a02      	ldr	r2, [pc, #8]	@ (100039dc <stdio_usb_set_chars_available_callback+0xc>)
100039d2:	4b03      	ldr	r3, [pc, #12]	@ (100039e0 <stdio_usb_set_chars_available_callback+0x10>)
100039d4:	6010      	str	r0, [r2, #0]
100039d6:	6019      	str	r1, [r3, #0]
100039d8:	4770      	bx	lr
100039da:	bf00      	nop
100039dc:	200019a0 	.word	0x200019a0
100039e0:	200019a4 	.word	0x200019a4

100039e4 <timer_task>:
100039e4:	4b18      	ldr	r3, [pc, #96]	@ (10003a48 <timer_task+0x64>)
100039e6:	b570      	push	{r4, r5, r6, lr}
100039e8:	681a      	ldr	r2, [r3, #0]
100039ea:	2a00      	cmp	r2, #0
100039ec:	d028      	beq.n	10003a40 <timer_task+0x5c>
100039ee:	f3ef 8110 	mrs	r1, PRIMASK
100039f2:	b672      	cpsid	i
100039f4:	e8d2 4fcf 	ldaexb	r4, [r2]
100039f8:	2001      	movs	r0, #1
100039fa:	2c00      	cmp	r4, #0
100039fc:	d1fa      	bne.n	100039f4 <timer_task+0x10>
100039fe:	e8c2 0f44 	strexb	r4, r0, [r2]
10003a02:	2c00      	cmp	r4, #0
10003a04:	d1f6      	bne.n	100039f4 <timer_task+0x10>
10003a06:	f3bf 8f5f 	dmb	sy
10003a0a:	2200      	movs	r2, #0
10003a0c:	4c0f      	ldr	r4, [pc, #60]	@ (10003a4c <timer_task+0x68>)
10003a0e:	6818      	ldr	r0, [r3, #0]
10003a10:	6059      	str	r1, [r3, #4]
10003a12:	7022      	strb	r2, [r4, #0]
10003a14:	e8c0 2f8f 	stlb	r2, [r0]
10003a18:	f381 8810 	msr	PRIMASK, r1
10003a1c:	2400      	movs	r4, #0
10003a1e:	2500      	movs	r5, #0
10003a20:	4e0b      	ldr	r6, [pc, #44]	@ (10003a50 <timer_task+0x6c>)
10003a22:	7830      	ldrb	r0, [r6, #0]
10003a24:	f7fc fe56 	bl	100006d4 <irq_is_enabled>
10003a28:	b920      	cbnz	r0, 10003a34 <timer_task+0x50>
10003a2a:	2400      	movs	r4, #0
10003a2c:	2500      	movs	r5, #0
10003a2e:	4620      	mov	r0, r4
10003a30:	4629      	mov	r1, r5
10003a32:	bd70      	pop	{r4, r5, r6, pc}
10003a34:	7830      	ldrb	r0, [r6, #0]
10003a36:	f7fc fe5d 	bl	100006f4 <irq_set_pending>
10003a3a:	4620      	mov	r0, r4
10003a3c:	4629      	mov	r1, r5
10003a3e:	bd70      	pop	{r4, r5, r6, pc}
10003a40:	f44f 747a 	mov.w	r4, #1000	@ 0x3e8
10003a44:	2500      	movs	r5, #0
10003a46:	e7eb      	b.n	10003a20 <timer_task+0x3c>
10003a48:	20001e30 	.word	0x20001e30
10003a4c:	20001e83 	.word	0x20001e83
10003a50:	20001e82 	.word	0x20001e82

10003a54 <usb_irq>:
10003a54:	4b01      	ldr	r3, [pc, #4]	@ (10003a5c <usb_irq+0x8>)
10003a56:	7818      	ldrb	r0, [r3, #0]
10003a58:	f7fc be4c 	b.w	100006f4 <irq_set_pending>
10003a5c:	20001e82 	.word	0x20001e82

10003a60 <stdio_usb_in_chars>:
10003a60:	b538      	push	{r3, r4, r5, lr}
10003a62:	4604      	mov	r4, r0
10003a64:	2000      	movs	r0, #0
10003a66:	460d      	mov	r5, r1
10003a68:	f001 fb66 	bl	10005138 <tud_cdc_n_connected>
10003a6c:	b3a8      	cbz	r0, 10003ada <stdio_usb_in_chars+0x7a>
10003a6e:	2000      	movs	r0, #0
10003a70:	f001 fb78 	bl	10005164 <tud_cdc_n_available>
10003a74:	b388      	cbz	r0, 10003ada <stdio_usb_in_chars+0x7a>
10003a76:	f7fd fd23 	bl	100014c0 <time_us_64>
10003a7a:	f04f 3eff 	mov.w	lr, #4294967295	@ 0xffffffff
10003a7e:	f06f 4c00 	mvn.w	ip, #2147483648	@ 0x80000000
10003a82:	4a17      	ldr	r2, [pc, #92]	@ (10003ae0 <stdio_usb_in_chars+0x80>)
10003a84:	1882      	adds	r2, r0, r2
10003a86:	f141 0300 	adc.w	r3, r1, #0
10003a8a:	4596      	cmp	lr, r2
10003a8c:	eb7c 0103 	sbcs.w	r1, ip, r3
10003a90:	bf3c      	itt	cc
10003a92:	4672      	movcc	r2, lr
10003a94:	4663      	movcc	r3, ip
10003a96:	4813      	ldr	r0, [pc, #76]	@ (10003ae4 <stdio_usb_in_chars+0x84>)
10003a98:	f003 fa0e 	bl	10006eb8 <__mutex_try_enter_block_until_veneer>
10003a9c:	b1e8      	cbz	r0, 10003ada <stdio_usb_in_chars+0x7a>
10003a9e:	2000      	movs	r0, #0
10003aa0:	f001 fb4a 	bl	10005138 <tud_cdc_n_connected>
10003aa4:	b958      	cbnz	r0, 10003abe <stdio_usb_in_chars+0x5e>
10003aa6:	4601      	mov	r1, r0
10003aa8:	f04f 30ff 	mov.w	r0, #4294967295	@ 0xffffffff
10003aac:	f000 fd2e 	bl	1000450c <tud_task_ext>
10003ab0:	f06f 0402 	mvn.w	r4, #2
10003ab4:	480b      	ldr	r0, [pc, #44]	@ (10003ae4 <stdio_usb_in_chars+0x84>)
10003ab6:	f003 f9f3 	bl	10006ea0 <__mutex_exit_veneer>
10003aba:	4620      	mov	r0, r4
10003abc:	bd38      	pop	{r3, r4, r5, pc}
10003abe:	2000      	movs	r0, #0
10003ac0:	f001 fb50 	bl	10005164 <tud_cdc_n_available>
10003ac4:	2800      	cmp	r0, #0
10003ac6:	d0ee      	beq.n	10003aa6 <stdio_usb_in_chars+0x46>
10003ac8:	4621      	mov	r1, r4
10003aca:	462a      	mov	r2, r5
10003acc:	2000      	movs	r0, #0
10003ace:	f001 fb53 	bl	10005178 <tud_cdc_n_read>
10003ad2:	4604      	mov	r4, r0
10003ad4:	2800      	cmp	r0, #0
10003ad6:	d1ed      	bne.n	10003ab4 <stdio_usb_in_chars+0x54>
10003ad8:	e7ea      	b.n	10003ab0 <stdio_usb_in_chars+0x50>
10003ada:	f06f 0402 	mvn.w	r4, #2
10003ade:	e7ec      	b.n	10003aba <stdio_usb_in_chars+0x5a>
10003ae0:	000f4240 	.word	0x000f4240
10003ae4:	20001e64 	.word	0x20001e64

10003ae8 <stdio_usb_out_flush>:
10003ae8:	b508      	push	{r3, lr}
10003aea:	f7fd fce9 	bl	100014c0 <time_us_64>
10003aee:	f04f 3eff 	mov.w	lr, #4294967295	@ 0xffffffff
10003af2:	f06f 4c00 	mvn.w	ip, #2147483648	@ 0x80000000
10003af6:	4a0f      	ldr	r2, [pc, #60]	@ (10003b34 <stdio_usb_out_flush+0x4c>)
10003af8:	1882      	adds	r2, r0, r2
10003afa:	f141 0300 	adc.w	r3, r1, #0
10003afe:	4596      	cmp	lr, r2
10003b00:	eb7c 0103 	sbcs.w	r1, ip, r3
10003b04:	bf3c      	itt	cc
10003b06:	4672      	movcc	r2, lr
10003b08:	4663      	movcc	r3, ip
10003b0a:	480b      	ldr	r0, [pc, #44]	@ (10003b38 <stdio_usb_out_flush+0x50>)
10003b0c:	f003 f9d4 	bl	10006eb8 <__mutex_try_enter_block_until_veneer>
10003b10:	b170      	cbz	r0, 10003b30 <stdio_usb_out_flush+0x48>
10003b12:	f04f 30ff 	mov.w	r0, #4294967295	@ 0xffffffff
10003b16:	2100      	movs	r1, #0
10003b18:	f000 fcf8 	bl	1000450c <tud_task_ext>
10003b1c:	2000      	movs	r0, #0
10003b1e:	f001 fb71 	bl	10005204 <tud_cdc_n_write_flush>
10003b22:	2800      	cmp	r0, #0
10003b24:	d1f5      	bne.n	10003b12 <stdio_usb_out_flush+0x2a>
10003b26:	e8bd 4008 	ldmia.w	sp!, {r3, lr}
10003b2a:	4803      	ldr	r0, [pc, #12]	@ (10003b38 <stdio_usb_out_flush+0x50>)
10003b2c:	f003 b9b8 	b.w	10006ea0 <__mutex_exit_veneer>
10003b30:	bd08      	pop	{r3, pc}
10003b32:	bf00      	nop
10003b34:	000f4240 	.word	0x000f4240
10003b38:	20001e64 	.word	0x20001e64

10003b3c <stdio_usb_out_chars>:
10003b3c:	e92d 41f0 	stmdb	sp!, {r4, r5, r6, r7, r8, lr}
10003b40:	4607      	mov	r7, r0
10003b42:	460e      	mov	r6, r1
10003b44:	f7fd fcbc 	bl	100014c0 <time_us_64>
10003b48:	f04f 35ff 	mov.w	r5, #4294967295	@ 0xffffffff
10003b4c:	f06f 4400 	mvn.w	r4, #2147483648	@ 0x80000000
10003b50:	4a32      	ldr	r2, [pc, #200]	@ (10003c1c <stdio_usb_out_chars+0xe0>)
10003b52:	1882      	adds	r2, r0, r2
10003b54:	f141 0300 	adc.w	r3, r1, #0
10003b58:	4295      	cmp	r5, r2
10003b5a:	eb74 0103 	sbcs.w	r1, r4, r3
10003b5e:	bf3c      	itt	cc
10003b60:	462a      	movcc	r2, r5
10003b62:	4623      	movcc	r3, r4
10003b64:	482e      	ldr	r0, [pc, #184]	@ (10003c20 <stdio_usb_out_chars+0xe4>)
10003b66:	f003 f9a7 	bl	10006eb8 <__mutex_try_enter_block_until_veneer>
10003b6a:	b908      	cbnz	r0, 10003b70 <stdio_usb_out_chars+0x34>
10003b6c:	e8bd 81f0 	ldmia.w	sp!, {r4, r5, r6, r7, r8, pc}
10003b70:	2000      	movs	r0, #0
10003b72:	f001 fae1 	bl	10005138 <tud_cdc_n_connected>
10003b76:	2800      	cmp	r0, #0
10003b78:	d045      	beq.n	10003c06 <stdio_usb_out_chars+0xca>
10003b7a:	2e00      	cmp	r6, #0
10003b7c:	dd3e      	ble.n	10003bfc <stdio_usb_out_chars+0xc0>
10003b7e:	2500      	movs	r5, #0
10003b80:	f8df 80a4 	ldr.w	r8, [pc, #164]	@ 10003c28 <stdio_usb_out_chars+0xec>
10003b84:	e012      	b.n	10003bac <stdio_usb_out_chars+0x70>
10003b86:	4622      	mov	r2, r4
10003b88:	2000      	movs	r0, #0
10003b8a:	f001 fb85 	bl	10005298 <tud_cdc_n_write>
10003b8e:	2100      	movs	r1, #0
10003b90:	4405      	add	r5, r0
10003b92:	f04f 30ff 	mov.w	r0, #4294967295	@ 0xffffffff
10003b96:	f000 fcb9 	bl	1000450c <tud_task_ext>
10003b9a:	2000      	movs	r0, #0
10003b9c:	f001 fb32 	bl	10005204 <tud_cdc_n_write_flush>
10003ba0:	f7fd fc8e 	bl	100014c0 <time_us_64>
10003ba4:	e9c8 0100 	strd	r0, r1, [r8]
10003ba8:	42ae      	cmp	r6, r5
10003baa:	dd27      	ble.n	10003bfc <stdio_usb_out_chars+0xc0>
10003bac:	2000      	movs	r0, #0
10003bae:	f001 fb91 	bl	100052d4 <tud_cdc_n_write_available>
10003bb2:	1b74      	subs	r4, r6, r5
10003bb4:	4284      	cmp	r4, r0
10003bb6:	bfa8      	it	ge
10003bb8:	4604      	movge	r4, r0
10003bba:	1979      	adds	r1, r7, r5
10003bbc:	2c00      	cmp	r4, #0
10003bbe:	d1e2      	bne.n	10003b86 <stdio_usb_out_chars+0x4a>
10003bc0:	4621      	mov	r1, r4
10003bc2:	f04f 30ff 	mov.w	r0, #4294967295	@ 0xffffffff
10003bc6:	f000 fca1 	bl	1000450c <tud_task_ext>
10003bca:	4620      	mov	r0, r4
10003bcc:	f001 fb1a 	bl	10005204 <tud_cdc_n_write_flush>
10003bd0:	4620      	mov	r0, r4
10003bd2:	f001 fab1 	bl	10005138 <tud_cdc_n_connected>
10003bd6:	b188      	cbz	r0, 10003bfc <stdio_usb_out_chars+0xc0>
10003bd8:	4620      	mov	r0, r4
10003bda:	f001 fb7b 	bl	100052d4 <tud_cdc_n_write_available>
10003bde:	2800      	cmp	r0, #0
10003be0:	d1e2      	bne.n	10003ba8 <stdio_usb_out_chars+0x6c>
10003be2:	f7fd fc6d 	bl	100014c0 <time_us_64>
10003be6:	4a0f      	ldr	r2, [pc, #60]	@ (10003c24 <stdio_usb_out_chars+0xe8>)
10003be8:	f8d8 3000 	ldr.w	r3, [r8]
10003bec:	189b      	adds	r3, r3, r2
10003bee:	f8d8 2004 	ldr.w	r2, [r8, #4]
10003bf2:	f142 0200 	adc.w	r2, r2, #0
10003bf6:	4283      	cmp	r3, r0
10003bf8:	418a      	sbcs	r2, r1
10003bfa:	d2d5      	bcs.n	10003ba8 <stdio_usb_out_chars+0x6c>
10003bfc:	4808      	ldr	r0, [pc, #32]	@ (10003c20 <stdio_usb_out_chars+0xe4>)
10003bfe:	e8bd 41f0 	ldmia.w	sp!, {r4, r5, r6, r7, r8, lr}
10003c02:	f003 b94d 	b.w	10006ea0 <__mutex_exit_veneer>
10003c06:	2000      	movs	r0, #0
10003c08:	e8bd 41f0 	ldmia.w	sp!, {r4, r5, r6, r7, r8, lr}
10003c0c:	2100      	movs	r1, #0
10003c0e:	4b06      	ldr	r3, [pc, #24]	@ (10003c28 <stdio_usb_out_chars+0xec>)
10003c10:	e9c3 0100 	strd	r0, r1, [r3]
10003c14:	4802      	ldr	r0, [pc, #8]	@ (10003c20 <stdio_usb_out_chars+0xe4>)
10003c16:	f003 b943 	b.w	10006ea0 <__mutex_exit_veneer>
10003c1a:	bf00      	nop
10003c1c:	000f4240 	.word	0x000f4240
10003c20:	20001e64 	.word	0x20001e64
10003c24:	0007a120 	.word	0x0007a120
10003c28:	200014a8 	.word	0x200014a8

10003c2c <low_priority_worker_irq>:
10003c2c:	b510      	push	{r4, lr}
10003c2e:	2100      	movs	r1, #0
10003c30:	b084      	sub	sp, #16
10003c32:	4832      	ldr	r0, [pc, #200]	@ (10003cfc <low_priority_worker_irq+0xd0>)
10003c34:	f003 f948 	bl	10006ec8 <__mutex_try_enter_veneer>
10003c38:	bb28      	cbnz	r0, 10003c86 <low_priority_worker_irq+0x5a>
10003c3a:	4b31      	ldr	r3, [pc, #196]	@ (10003d00 <low_priority_worker_irq+0xd4>)
10003c3c:	681a      	ldr	r2, [r3, #0]
10003c3e:	b302      	cbz	r2, 10003c82 <low_priority_worker_irq+0x56>
10003c40:	f3ef 8110 	mrs	r1, PRIMASK
10003c44:	b672      	cpsid	i
10003c46:	e8d2 efcf 	ldaexb	lr, [r2]
10003c4a:	f05f 0c01 	movs.w	ip, #1
10003c4e:	f1be 0f00 	cmp.w	lr, #0
10003c52:	d1f8      	bne.n	10003c46 <low_priority_worker_irq+0x1a>
10003c54:	e8c2 cf4e 	strexb	lr, ip, [r2]
10003c58:	f1be 0f00 	cmp.w	lr, #0
10003c5c:	d1f3      	bne.n	10003c46 <low_priority_worker_irq+0x1a>
10003c5e:	f3bf 8f5f 	dmb	sy
10003c62:	f8df c0a8 	ldr.w	ip, [pc, #168]	@ 10003d0c <low_priority_worker_irq+0xe0>
10003c66:	f8d3 e000 	ldr.w	lr, [r3]
10003c6a:	f89c 2000 	ldrb.w	r2, [ip]
10003c6e:	6059      	str	r1, [r3, #4]
10003c70:	b2d3      	uxtb	r3, r2
10003c72:	2201      	movs	r2, #1
10003c74:	f88c 2000 	strb.w	r2, [ip]
10003c78:	e8ce 0f8f 	stlb	r0, [lr]
10003c7c:	f381 8810 	msr	PRIMASK, r1
10003c80:	b1cb      	cbz	r3, 10003cb6 <low_priority_worker_irq+0x8a>
10003c82:	b004      	add	sp, #16
10003c84:	bd10      	pop	{r4, pc}
10003c86:	2100      	movs	r1, #0
10003c88:	f04f 30ff 	mov.w	r0, #4294967295	@ 0xffffffff
10003c8c:	f000 fc3e 	bl	1000450c <tud_task_ext>
10003c90:	2000      	movs	r0, #0
10003c92:	f001 fa67 	bl	10005164 <tud_cdc_n_available>
10003c96:	4604      	mov	r4, r0
10003c98:	4818      	ldr	r0, [pc, #96]	@ (10003cfc <low_priority_worker_irq+0xd0>)
10003c9a:	f003 f901 	bl	10006ea0 <__mutex_exit_veneer>
10003c9e:	2c00      	cmp	r4, #0
10003ca0:	d0ef      	beq.n	10003c82 <low_priority_worker_irq+0x56>
10003ca2:	4b18      	ldr	r3, [pc, #96]	@ (10003d04 <low_priority_worker_irq+0xd8>)
10003ca4:	681b      	ldr	r3, [r3, #0]
10003ca6:	2b00      	cmp	r3, #0
10003ca8:	d0eb      	beq.n	10003c82 <low_priority_worker_irq+0x56>
10003caa:	4a17      	ldr	r2, [pc, #92]	@ (10003d08 <low_priority_worker_irq+0xdc>)
10003cac:	6810      	ldr	r0, [r2, #0]
10003cae:	b004      	add	sp, #16
10003cb0:	e8bd 4010 	ldmia.w	sp!, {r4, lr}
10003cb4:	4718      	bx	r3
10003cb6:	f7fd f94f 	bl	10000f58 <alarm_pool_get_default>
10003cba:	4604      	mov	r4, r0
10003cbc:	f7fd fc00 	bl	100014c0 <time_us_64>
10003cc0:	f04f 3eff 	mov.w	lr, #4294967295	@ 0xffffffff
10003cc4:	f06f 4c00 	mvn.w	ip, #2147483648	@ 0x80000000
10003cc8:	f510 727a 	adds.w	r2, r0, #1000	@ 0x3e8
10003ccc:	f141 0300 	adc.w	r3, r1, #0
10003cd0:	4596      	cmp	lr, r2
10003cd2:	eb7c 0103 	sbcs.w	r1, ip, r3
10003cd6:	bf38      	it	cc
10003cd8:	4663      	movcc	r3, ip
10003cda:	f04f 0100 	mov.w	r1, #0
10003cde:	f04f 0c01 	mov.w	ip, #1
10003ce2:	bf38      	it	cc
10003ce4:	4672      	movcc	r2, lr
10003ce6:	f8df e028 	ldr.w	lr, [pc, #40]	@ 10003d10 <low_priority_worker_irq+0xe4>
10003cea:	4620      	mov	r0, r4
10003cec:	e9cd 1c01 	strd	r1, ip, [sp, #4]
10003cf0:	f8cd e000 	str.w	lr, [sp]
10003cf4:	f7fd f934 	bl	10000f60 <alarm_pool_add_alarm_at>
10003cf8:	b004      	add	sp, #16
10003cfa:	bd10      	pop	{r4, pc}
10003cfc:	20001e64 	.word	0x20001e64
10003d00:	20001e30 	.word	0x20001e30
10003d04:	200019a0 	.word	0x200019a0
10003d08:	200019a4 	.word	0x200019a4
10003d0c:	20001e83 	.word	0x20001e83
10003d10:	100039e5 	.word	0x100039e5

10003d14 <stdio_usb_init>:
10003d14:	f04f 4350 	mov.w	r3, #3489660928	@ 0xd0000000
10003d18:	b530      	push	{r4, r5, lr}
10003d1a:	b085      	sub	sp, #20
10003d1c:	681c      	ldr	r4, [r3, #0]
10003d1e:	f7fd f91b 	bl	10000f58 <alarm_pool_get_default>
10003d22:	f7fd fa37 	bl	10001194 <alarm_pool_core_num>
10003d26:	42a0      	cmp	r0, r4
10003d28:	d002      	beq.n	10003d30 <stdio_usb_init+0x1c>
10003d2a:	2000      	movs	r0, #0
10003d2c:	b005      	add	sp, #20
10003d2e:	bd30      	pop	{r4, r5, pc}
10003d30:	2100      	movs	r1, #0
10003d32:	4b2c      	ldr	r3, [pc, #176]	@ (10003de4 <stdio_usb_init+0xd0>)
10003d34:	4608      	mov	r0, r1
10003d36:	781b      	ldrb	r3, [r3, #0]
10003d38:	f001 fdb0 	bl	1000589c <tusb_rhport_init>
10003d3c:	482a      	ldr	r0, [pc, #168]	@ (10003de8 <stdio_usb_init+0xd4>)
10003d3e:	6803      	ldr	r3, [r0, #0]
10003d40:	2b00      	cmp	r3, #0
10003d42:	d04b      	beq.n	10003ddc <stdio_usb_init+0xc8>
10003d44:	2001      	movs	r0, #1
10003d46:	f7fc fe89 	bl	10000a5c <user_irq_claim_unused>
10003d4a:	4603      	mov	r3, r0
10003d4c:	4c27      	ldr	r4, [pc, #156]	@ (10003dec <stdio_usb_init+0xd8>)
10003d4e:	4928      	ldr	r1, [pc, #160]	@ (10003df0 <stdio_usb_init+0xdc>)
10003d50:	b2c0      	uxtb	r0, r0
10003d52:	7023      	strb	r3, [r4, #0]
10003d54:	f7fc fcea 	bl	1000072c <irq_set_exclusive_handler>
10003d58:	7820      	ldrb	r0, [r4, #0]
10003d5a:	2101      	movs	r1, #1
10003d5c:	f7fc fca4 	bl	100006a8 <irq_set_enabled>
10003d60:	200e      	movs	r0, #14
10003d62:	f7fc fcd3 	bl	1000070c <irq_has_shared_handler>
10003d66:	bb60      	cbnz	r0, 10003dc2 <stdio_usb_init+0xae>
10003d68:	4b22      	ldr	r3, [pc, #136]	@ (10003df4 <stdio_usb_init+0xe0>)
10003d6a:	f06f 4400 	mvn.w	r4, #2147483648	@ 0x80000000
10003d6e:	e9c3 0000 	strd	r0, r0, [r3]
10003d72:	f7fd f8f1 	bl	10000f58 <alarm_pool_get_default>
10003d76:	4605      	mov	r5, r0
10003d78:	f7fd fba2 	bl	100014c0 <time_us_64>
10003d7c:	f04f 3cff 	mov.w	ip, #4294967295	@ 0xffffffff
10003d80:	f510 727a 	adds.w	r2, r0, #1000	@ 0x3e8
10003d84:	f141 0300 	adc.w	r3, r1, #0
10003d88:	4594      	cmp	ip, r2
10003d8a:	eb74 0103 	sbcs.w	r1, r4, r3
10003d8e:	bf38      	it	cc
10003d90:	4623      	movcc	r3, r4
10003d92:	f04f 0100 	mov.w	r1, #0
10003d96:	f04f 0401 	mov.w	r4, #1
10003d9a:	bf38      	it	cc
10003d9c:	4662      	movcc	r2, ip
10003d9e:	f8df c060 	ldr.w	ip, [pc, #96]	@ 10003e00 <stdio_usb_init+0xec>
10003da2:	4628      	mov	r0, r5
10003da4:	e9cd 1401 	strd	r1, r4, [sp, #4]
10003da8:	f8cd c000 	str.w	ip, [sp]
10003dac:	f7fd f8d8 	bl	10000f60 <alarm_pool_add_alarm_at>
10003db0:	2800      	cmp	r0, #0
10003db2:	dbba      	blt.n	10003d2a <stdio_usb_init+0x16>
10003db4:	2101      	movs	r1, #1
10003db6:	4810      	ldr	r0, [pc, #64]	@ (10003df8 <stdio_usb_init+0xe4>)
10003db8:	f7ff fc6e 	bl	10003698 <stdio_set_driver_enabled>
10003dbc:	2001      	movs	r0, #1
10003dbe:	b005      	add	sp, #20
10003dc0:	bd30      	pop	{r4, r5, pc}
10003dc2:	2001      	movs	r0, #1
10003dc4:	f7fc fc2a 	bl	1000061c <spin_lock_claim_unused>
10003dc8:	4601      	mov	r1, r0
10003dca:	480a      	ldr	r0, [pc, #40]	@ (10003df4 <stdio_usb_init+0xe0>)
10003dcc:	f7fc fea4 	bl	10000b18 <critical_section_init_with_lock_num>
10003dd0:	2200      	movs	r2, #0
10003dd2:	200e      	movs	r0, #14
10003dd4:	4909      	ldr	r1, [pc, #36]	@ (10003dfc <stdio_usb_init+0xe8>)
10003dd6:	f7fc fce1 	bl	1000079c <irq_add_shared_handler>
10003dda:	e7eb      	b.n	10003db4 <stdio_usb_init+0xa0>
10003ddc:	f7fc fe80 	bl	10000ae0 <mutex_init>
10003de0:	e7b0      	b.n	10003d44 <stdio_usb_init+0x30>
10003de2:	bf00      	nop
10003de4:	10007700 	.word	0x10007700
10003de8:	20001e64 	.word	0x20001e64
10003dec:	20001e82 	.word	0x20001e82
10003df0:	10003c2d 	.word	0x10003c2d
10003df4:	20001e30 	.word	0x20001e30
10003df8:	20001220 	.word	0x20001220
10003dfc:	10003a55 	.word	0x10003a55
10003e00:	100039e5 	.word	0x100039e5

10003e04 <stdio_usb_connected>:
10003e04:	2000      	movs	r0, #0
10003e06:	f001 b997 	b.w	10005138 <tud_cdc_n_connected>
10003e0a:	bf00      	nop

10003e0c <tud_descriptor_device_cb>:
10003e0c:	4800      	ldr	r0, [pc, #0]	@ (10003e10 <tud_descriptor_device_cb+0x4>)
10003e0e:	4770      	bx	lr
10003e10:	10007688 	.word	0x10007688

10003e14 <tud_descriptor_configuration_cb>:
10003e14:	4800      	ldr	r0, [pc, #0]	@ (10003e18 <tud_descriptor_configuration_cb+0x4>)
10003e16:	4770      	bx	lr
10003e18:	10007634 	.word	0x10007634

10003e1c <tud_descriptor_string_cb>:
10003e1c:	b500      	push	{lr}
10003e1e:	4a1c      	ldr	r2, [pc, #112]	@ (10003e90 <tud_descriptor_string_cb+0x74>)
10003e20:	4603      	mov	r3, r0
10003e22:	7811      	ldrb	r1, [r2, #0]
10003e24:	b083      	sub	sp, #12
10003e26:	b331      	cbz	r1, 10003e76 <tud_descriptor_string_cb+0x5a>
10003e28:	b963      	cbnz	r3, 10003e44 <tud_descriptor_string_cb+0x28>
10003e2a:	f240 4209 	movw	r2, #1033	@ 0x409
10003e2e:	f44f 7341 	mov.w	r3, #772	@ 0x304
10003e32:	f8df c060 	ldr.w	ip, [pc, #96]	@ 10003e94 <tud_descriptor_string_cb+0x78>
10003e36:	f8ac 2002 	strh.w	r2, [ip, #2]
10003e3a:	4816      	ldr	r0, [pc, #88]	@ (10003e94 <tud_descriptor_string_cb+0x78>)
10003e3c:	f8ac 3000 	strh.w	r3, [ip]
10003e40:	b003      	add	sp, #12
10003e42:	bd00      	pop	{pc}
10003e44:	2b05      	cmp	r3, #5
10003e46:	d820      	bhi.n	10003e8a <tud_descriptor_string_cb+0x6e>
10003e48:	4a13      	ldr	r2, [pc, #76]	@ (10003e98 <tud_descriptor_string_cb+0x7c>)
10003e4a:	f8df c048 	ldr.w	ip, [pc, #72]	@ 10003e94 <tud_descriptor_string_cb+0x78>
10003e4e:	f852 1023 	ldr.w	r1, [r2, r3, lsl #2]
10003e52:	4660      	mov	r0, ip
10003e54:	2300      	movs	r3, #0
10003e56:	3901      	subs	r1, #1
10003e58:	e003      	b.n	10003e62 <tud_descriptor_string_cb+0x46>
10003e5a:	2b13      	cmp	r3, #19
10003e5c:	f820 2f02 	strh.w	r2, [r0, #2]!
10003e60:	d010      	beq.n	10003e84 <tud_descriptor_string_cb+0x68>
10003e62:	f811 2f01 	ldrb.w	r2, [r1, #1]!
10003e66:	3301      	adds	r3, #1
10003e68:	b2db      	uxtb	r3, r3
10003e6a:	2a00      	cmp	r2, #0
10003e6c:	d1f5      	bne.n	10003e5a <tud_descriptor_string_cb+0x3e>
10003e6e:	005b      	lsls	r3, r3, #1
10003e70:	f443 7340 	orr.w	r3, r3, #768	@ 0x300
10003e74:	e7e1      	b.n	10003e3a <tud_descriptor_string_cb+0x1e>
10003e76:	9001      	str	r0, [sp, #4]
10003e78:	2111      	movs	r1, #17
10003e7a:	4610      	mov	r0, r2
10003e7c:	f000 f824 	bl	10003ec8 <pico_get_unique_board_id_string>
10003e80:	9b01      	ldr	r3, [sp, #4]
10003e82:	e7d1      	b.n	10003e28 <tud_descriptor_string_cb+0xc>
10003e84:	f44f 734a 	mov.w	r3, #808	@ 0x328
10003e88:	e7d7      	b.n	10003e3a <tud_descriptor_string_cb+0x1e>
10003e8a:	2000      	movs	r0, #0
10003e8c:	e7d8      	b.n	10003e40 <tud_descriptor_string_cb+0x24>
10003e8e:	bf00      	nop
10003e90:	20001e6c 	.word	0x20001e6c
10003e94:	200019d8 	.word	0x200019d8
10003e98:	1000761c 	.word	0x1000761c

10003e9c <_retrieve_unique_id_on_boot>:
10003e9c:	b500      	push	{lr}
10003e9e:	f245 3047 	movw	r0, #21319	@ 0x5347
10003ea2:	b08b      	sub	sp, #44	@ 0x2c
10003ea4:	f7fd fcca 	bl	1000183c <rom_func_lookup>
10003ea8:	2201      	movs	r2, #1
10003eaa:	4603      	mov	r3, r0
10003eac:	2109      	movs	r1, #9
10003eae:	a801      	add	r0, sp, #4
10003eb0:	4798      	blx	r3
10003eb2:	e9dd 3203 	ldrd	r3, r2, [sp, #12]
10003eb6:	4903      	ldr	r1, [pc, #12]	@ (10003ec4 <_retrieve_unique_id_on_boot+0x28>)
10003eb8:	ba12      	rev	r2, r2
10003eba:	ba1b      	rev	r3, r3
10003ebc:	e9c1 2300 	strd	r2, r3, [r1]
10003ec0:	b00b      	add	sp, #44	@ 0x2c
10003ec2:	bd00      	pop	{pc}
10003ec4:	20001e58 	.word	0x20001e58

10003ec8 <pico_get_unique_board_id_string>:
10003ec8:	2901      	cmp	r1, #1
10003eca:	f000 80bb 	beq.w	10004044 <pico_get_unique_board_id_string+0x17c>
10003ece:	4a61      	ldr	r2, [pc, #388]	@ (10004054 <pico_get_unique_board_id_string+0x18c>)
10003ed0:	3901      	subs	r1, #1
10003ed2:	7813      	ldrb	r3, [r2, #0]
10003ed4:	ea4f 1c23 	mov.w	ip, r3, asr #4
10003ed8:	f1bc 0f09 	cmp.w	ip, #9
10003edc:	bfcc      	ite	gt
10003ede:	f10c 0c37 	addgt.w	ip, ip, #55	@ 0x37
10003ee2:	f10c 0c30 	addle.w	ip, ip, #48	@ 0x30
10003ee6:	2901      	cmp	r1, #1
10003ee8:	f880 c000 	strb.w	ip, [r0]
10003eec:	f000 80ad 	beq.w	1000404a <pico_get_unique_board_id_string+0x182>
10003ef0:	f003 030f 	and.w	r3, r3, #15
10003ef4:	2b09      	cmp	r3, #9
10003ef6:	bf8c      	ite	hi
10003ef8:	3337      	addhi	r3, #55	@ 0x37
10003efa:	3330      	addls	r3, #48	@ 0x30
10003efc:	2902      	cmp	r1, #2
10003efe:	7043      	strb	r3, [r0, #1]
10003f00:	f000 80a3 	beq.w	1000404a <pico_get_unique_board_id_string+0x182>
10003f04:	7853      	ldrb	r3, [r2, #1]
10003f06:	ea4f 1c23 	mov.w	ip, r3, asr #4
10003f0a:	f1bc 0f09 	cmp.w	ip, #9
10003f0e:	bfcc      	ite	gt
10003f10:	f10c 0c37 	addgt.w	ip, ip, #55	@ 0x37
10003f14:	f10c 0c30 	addle.w	ip, ip, #48	@ 0x30
10003f18:	2903      	cmp	r1, #3
10003f1a:	f880 c002 	strb.w	ip, [r0, #2]
10003f1e:	f000 8094 	beq.w	1000404a <pico_get_unique_board_id_string+0x182>
10003f22:	f003 030f 	and.w	r3, r3, #15
10003f26:	2b09      	cmp	r3, #9
10003f28:	bf8c      	ite	hi
10003f2a:	3337      	addhi	r3, #55	@ 0x37
10003f2c:	3330      	addls	r3, #48	@ 0x30
10003f2e:	2904      	cmp	r1, #4
10003f30:	70c3      	strb	r3, [r0, #3]
10003f32:	f000 808a 	beq.w	1000404a <pico_get_unique_board_id_string+0x182>
10003f36:	7893      	ldrb	r3, [r2, #2]
10003f38:	ea4f 1c23 	mov.w	ip, r3, asr #4
10003f3c:	f1bc 0f09 	cmp.w	ip, #9
10003f40:	bfcc      	ite	gt
10003f42:	f10c 0c37 	addgt.w	ip, ip, #55	@ 0x37
10003f46:	f10c 0c30 	addle.w	ip, ip, #48	@ 0x30
10003f4a:	2905      	cmp	r1, #5
10003f4c:	f880 c004 	strb.w	ip, [r0, #4]
10003f50:	d07b      	beq.n	1000404a <pico_get_unique_board_id_string+0x182>
10003f52:	f003 030f 	and.w	r3, r3, #15
10003f56:	2b09      	cmp	r3, #9
10003f58:	bf8c      	ite	hi
10003f5a:	3337      	addhi	r3, #55	@ 0x37
10003f5c:	3330      	addls	r3, #48	@ 0x30
10003f5e:	2906      	cmp	r1, #6
10003f60:	7143      	strb	r3, [r0, #5]
10003f62:	d072      	beq.n	1000404a <pico_get_unique_board_id_string+0x182>
10003f64:	78d3      	ldrb	r3, [r2, #3]
10003f66:	ea4f 1c23 	mov.w	ip, r3, asr #4
10003f6a:	f1bc 0f09 	cmp.w	ip, #9
10003f6e:	bfcc      	ite	gt
10003f70:	f10c 0c37 	addgt.w	ip, ip, #55	@ 0x37
10003f74:	f10c 0c30 	addle.w	ip, ip, #48	@ 0x30
10003f78:	2907      	cmp	r1, #7
10003f7a:	f880 c006 	strb.w	ip, [r0, #6]
10003f7e:	d064      	beq.n	1000404a <pico_get_unique_board_id_string+0x182>
10003f80:	f003 030f 	and.w	r3, r3, #15
10003f84:	2b09      	cmp	r3, #9
10003f86:	bf8c      	ite	hi
10003f88:	3337      	addhi	r3, #55	@ 0x37
10003f8a:	3330      	addls	r3, #48	@ 0x30
10003f8c:	2908      	cmp	r1, #8
10003f8e:	71c3      	strb	r3, [r0, #7]
10003f90:	d05b      	beq.n	1000404a <pico_get_unique_board_id_string+0x182>
10003f92:	7913      	ldrb	r3, [r2, #4]
10003f94:	ea4f 1c23 	mov.w	ip, r3, asr #4
10003f98:	f1bc 0f09 	cmp.w	ip, #9
10003f9c:	bfcc      	ite	gt
10003f9e:	f10c 0c37 	addgt.w	ip, ip, #55	@ 0x37
10003fa2:	f10c 0c30 	addle.w	ip, ip, #48	@ 0x30
10003fa6:	2909      	cmp	r1, #9
10003fa8:	f880 c008 	strb.w	ip, [r0, #8]
10003fac:	d04d      	beq.n	1000404a <pico_get_unique_board_id_string+0x182>
10003fae:	f003 030f 	and.w	r3, r3, #15
10003fb2:	2b09      	cmp	r3, #9
10003fb4:	bf8c      	ite	hi
10003fb6:	3337      	addhi	r3, #55	@ 0x37
10003fb8:	3330      	addls	r3, #48	@ 0x30
10003fba:	290a      	cmp	r1, #10
10003fbc:	7243      	strb	r3, [r0, #9]
10003fbe:	d044      	beq.n	1000404a <pico_get_unique_board_id_string+0x182>
10003fc0:	7953      	ldrb	r3, [r2, #5]
10003fc2:	ea4f 1c23 	mov.w	ip, r3, asr #4
10003fc6:	f1bc 0f09 	cmp.w	ip, #9
10003fca:	bfcc      	ite	gt
10003fcc:	f10c 0c37 	addgt.w	ip, ip, #55	@ 0x37
10003fd0:	f10c 0c30 	addle.w	ip, ip, #48	@ 0x30
10003fd4:	290b      	cmp	r1, #11
10003fd6:	f880 c00a 	strb.w	ip, [r0, #10]
10003fda:	d036      	beq.n	1000404a <pico_get_unique_board_id_string+0x182>
10003fdc:	f003 030f 	and.w	r3, r3, #15
10003fe0:	2b09      	cmp	r3, #9
10003fe2:	bf8c      	ite	hi
10003fe4:	3337      	addhi	r3, #55	@ 0x37
10003fe6:	3330      	addls	r3, #48	@ 0x30
10003fe8:	290c      	cmp	r1, #12
10003fea:	72c3      	strb	r3, [r0, #11]
10003fec:	d02d      	beq.n	1000404a <pico_get_unique_board_id_string+0x182>
10003fee:	7993      	ldrb	r3, [r2, #6]
10003ff0:	ea4f 1c23 	mov.w	ip, r3, asr #4
10003ff4:	f1bc 0f09 	cmp.w	ip, #9
10003ff8:	bfcc      	ite	gt
10003ffa:	f10c 0c37 	addgt.w	ip, ip, #55	@ 0x37
10003ffe:	f10c 0c30 	addle.w	ip, ip, #48	@ 0x30
10004002:	290d      	cmp	r1, #13
10004004:	f880 c00c 	strb.w	ip, [r0, #12]
10004008:	d01f      	beq.n	1000404a <pico_get_unique_board_id_string+0x182>
1000400a:	f003 030f 	and.w	r3, r3, #15
1000400e:	2b09      	cmp	r3, #9
10004010:	bf8c      	ite	hi
10004012:	3337      	addhi	r3, #55	@ 0x37
10004014:	3330      	addls	r3, #48	@ 0x30
10004016:	290e      	cmp	r1, #14
10004018:	7343      	strb	r3, [r0, #13]
1000401a:	d016      	beq.n	1000404a <pico_get_unique_board_id_string+0x182>
1000401c:	79d3      	ldrb	r3, [r2, #7]
1000401e:	111a      	asrs	r2, r3, #4
10004020:	2a09      	cmp	r2, #9
10004022:	bfcc      	ite	gt
10004024:	3237      	addgt	r2, #55	@ 0x37
10004026:	3230      	addle	r2, #48	@ 0x30
10004028:	290f      	cmp	r1, #15
1000402a:	7382      	strb	r2, [r0, #14]
1000402c:	d00d      	beq.n	1000404a <pico_get_unique_board_id_string+0x182>
1000402e:	f003 030f 	and.w	r3, r3, #15
10004032:	2b09      	cmp	r3, #9
10004034:	bf94      	ite	ls
10004036:	3330      	addls	r3, #48	@ 0x30
10004038:	3337      	addhi	r3, #55	@ 0x37
1000403a:	2910      	cmp	r1, #16
1000403c:	73c3      	strb	r3, [r0, #15]
1000403e:	bf18      	it	ne
10004040:	3010      	addne	r0, #16
10004042:	d002      	beq.n	1000404a <pico_get_unique_board_id_string+0x182>
10004044:	2300      	movs	r3, #0
10004046:	7003      	strb	r3, [r0, #0]
10004048:	4770      	bx	lr
1000404a:	2300      	movs	r3, #0
1000404c:	4408      	add	r0, r1
1000404e:	7003      	strb	r3, [r0, #0]
10004050:	4770      	bx	lr
10004052:	bf00      	nop
10004054:	20001e58 	.word	0x20001e58

10004058 <dcd_init>:
10004058:	b510      	push	{r4, lr}
1000405a:	f000 f939 	bl	100042d0 <rp2040_usb_init>
1000405e:	230c      	movs	r3, #12
10004060:	4c1c      	ldr	r4, [pc, #112]	@ (100040d4 <dcd_init+0x7c>)
10004062:	22ff      	movs	r2, #255	@ 0xff
10004064:	67a3      	str	r3, [r4, #120]	@ 0x78
10004066:	200e      	movs	r0, #14
10004068:	491b      	ldr	r1, [pc, #108]	@ (100040d8 <dcd_init+0x80>)
1000406a:	f7fc fb97 	bl	1000079c <irq_add_shared_handler>
1000406e:	2240      	movs	r2, #64	@ 0x40
10004070:	2100      	movs	r1, #0
10004072:	481a      	ldr	r0, [pc, #104]	@ (100040dc <dcd_init+0x84>)
10004074:	f002 fe1a 	bl	10006cac <memset>
10004078:	f04f 0c80 	mov.w	ip, #128	@ 0x80
1000407c:	2001      	movs	r0, #1
1000407e:	4a17      	ldr	r2, [pc, #92]	@ (100040dc <dcd_init+0x84>)
10004080:	2300      	movs	r3, #0
10004082:	f8a2 c022 	strh.w	ip, [r2, #34]	@ 0x22
10004086:	7050      	strb	r0, [r2, #1]
10004088:	4610      	mov	r0, r2
1000408a:	2240      	movs	r2, #64	@ 0x40
1000408c:	4914      	ldr	r1, [pc, #80]	@ (100040e0 <dcd_init+0x88>)
1000408e:	8302      	strh	r2, [r0, #24]
10004090:	8702      	strh	r2, [r0, #56]	@ 0x38
10004092:	4a14      	ldr	r2, [pc, #80]	@ (100040e4 <dcd_init+0x8c>)
10004094:	6081      	str	r1, [r0, #8]
10004096:	6043      	str	r3, [r0, #4]
10004098:	f8c2 3084 	str.w	r3, [r2, #132]	@ 0x84
1000409c:	f8c2 3080 	str.w	r3, [r2, #128]	@ 0x80
100040a0:	f880 3021 	strb.w	r3, [r0, #33]	@ 0x21
100040a4:	f880 303b 	strb.w	r3, [r0, #59]	@ 0x3b
100040a8:	6243      	str	r3, [r0, #36]	@ 0x24
100040aa:	4b0f      	ldr	r3, [pc, #60]	@ (100040e8 <dcd_init+0x90>)
100040ac:	60c3      	str	r3, [r0, #12]
100040ae:	62c3      	str	r3, [r0, #44]	@ 0x2c
100040b0:	3b80      	subs	r3, #128	@ 0x80
100040b2:	6283      	str	r3, [r0, #40]	@ 0x28
100040b4:	f002 ff04 	bl	10006ec0 <__reset_non_control_endpoints_veneer>
100040b8:	f04f 5c00 	mov.w	ip, #536870912	@ 0x20000000
100040bc:	f44f 3280 	mov.w	r2, #65536	@ 0x10000
100040c0:	2001      	movs	r0, #1
100040c2:	490a      	ldr	r1, [pc, #40]	@ (100040ec <dcd_init+0x94>)
100040c4:	4b0a      	ldr	r3, [pc, #40]	@ (100040f0 <dcd_init+0x98>)
100040c6:	6420      	str	r0, [r4, #64]	@ 0x40
100040c8:	f8c4 c04c 	str.w	ip, [r4, #76]	@ 0x4c
100040cc:	f8c4 1090 	str.w	r1, [r4, #144]	@ 0x90
100040d0:	64da      	str	r2, [r3, #76]	@ 0x4c
100040d2:	bd10      	pop	{r4, pc}
100040d4:	50110000 	.word	0x50110000
100040d8:	20000399 	.word	0x20000399
100040dc:	20001a0c 	.word	0x20001a0c
100040e0:	50100084 	.word	0x50100084
100040e4:	50100000 	.word	0x50100000
100040e8:	50100100 	.word	0x50100100
100040ec:	0001d010 	.word	0x0001d010
100040f0:	50112000 	.word	0x50112000

100040f4 <dcd_int_enable>:
100040f4:	2101      	movs	r1, #1
100040f6:	200e      	movs	r0, #14
100040f8:	f7fc bad6 	b.w	100006a8 <irq_set_enabled>

100040fc <dcd_set_address>:
100040fc:	2200      	movs	r2, #0
100040fe:	4802      	ldr	r0, [pc, #8]	@ (10004108 <dcd_set_address+0xc>)
10004100:	4611      	mov	r1, r2
10004102:	f000 b905 	b.w	10004310 <hw_endpoint_xfer_start>
10004106:	bf00      	nop
10004108:	20001a2c 	.word	0x20001a2c

1000410c <dcd_sof_enable>:
1000410c:	4b04      	ldr	r3, [pc, #16]	@ (10004120 <dcd_sof_enable+0x14>)
1000410e:	7019      	strb	r1, [r3, #0]
10004110:	b121      	cbz	r1, 1000411c <dcd_sof_enable+0x10>
10004112:	f44f 3200 	mov.w	r2, #131072	@ 0x20000
10004116:	4b03      	ldr	r3, [pc, #12]	@ (10004124 <dcd_sof_enable+0x18>)
10004118:	f8c3 2090 	str.w	r2, [r3, #144]	@ 0x90
1000411c:	4770      	bx	lr
1000411e:	bf00      	nop
10004120:	20001e7e 	.word	0x20001e7e
10004124:	50112000 	.word	0x50112000

10004128 <dcd_edpt0_status_complete>:
10004128:	780b      	ldrb	r3, [r1, #0]
1000412a:	065b      	lsls	r3, r3, #25
1000412c:	d000      	beq.n	10004130 <dcd_edpt0_status_complete+0x8>
1000412e:	4770      	bx	lr
10004130:	784b      	ldrb	r3, [r1, #1]
10004132:	2b05      	cmp	r3, #5
10004134:	d1fb      	bne.n	1000412e <dcd_edpt0_status_complete+0x6>
10004136:	884b      	ldrh	r3, [r1, #2]
10004138:	4a01      	ldr	r2, [pc, #4]	@ (10004140 <dcd_edpt0_status_complete+0x18>)
1000413a:	b2db      	uxtb	r3, r3
1000413c:	6013      	str	r3, [r2, #0]
1000413e:	e7f6      	b.n	1000412e <dcd_edpt0_status_complete+0x6>
10004140:	50110000 	.word	0x50110000

10004144 <dcd_edpt_open>:
10004144:	78cb      	ldrb	r3, [r1, #3]
10004146:	f003 0c03 	and.w	ip, r3, #3
1000414a:	f1bc 0f01 	cmp.w	ip, #1
1000414e:	f3c3 0001 	ubfx	r0, r3, #0, #2
10004152:	d062      	beq.n	1000421a <dcd_edpt_open+0xd6>
10004154:	e92d 41f0 	stmdb	sp!, {r4, r5, r6, r7, r8, lr}
10004158:	2600      	movs	r6, #0
1000415a:	f891 e002 	ldrb.w	lr, [r1, #2]
1000415e:	4c36      	ldr	r4, [pc, #216]	@ (10004238 <dcd_edpt_open+0xf4>)
10004160:	f00e 027f 	and.w	r2, lr, #127	@ 0x7f
10004164:	0053      	lsls	r3, r2, #1
10004166:	8889      	ldrh	r1, [r1, #4]
10004168:	4698      	mov	r8, r3
1000416a:	eb03 13de 	add.w	r3, r3, lr, lsr #7
1000416e:	eb04 1343 	add.w	r3, r4, r3, lsl #5
10004172:	ea4f 15de 	mov.w	r5, lr, lsr #7
10004176:	76d8      	strb	r0, [r3, #27]
10004178:	f3c1 010a 	ubfx	r1, r1, #0, #11
1000417c:	f085 0001 	eor.w	r0, r5, #1
10004180:	f883 e002 	strb.w	lr, [r3, #2]
10004184:	8319      	strh	r1, [r3, #24]
10004186:	7058      	strb	r0, [r3, #1]
10004188:	70de      	strb	r6, [r3, #3]
1000418a:	00d3      	lsls	r3, r2, #3
1000418c:	2d00      	cmp	r5, #0
1000418e:	d132      	bne.n	100041f6 <dcd_edpt_open+0xb2>
10004190:	482a      	ldr	r0, [pc, #168]	@ (1000423c <dcd_edpt_open+0xf8>)
10004192:	3304      	adds	r3, #4
10004194:	eb04 1e82 	add.w	lr, r4, r2, lsl #6
10004198:	181f      	adds	r7, r3, r0
1000419a:	f8ce 7008 	str.w	r7, [lr, #8]
1000419e:	501e      	str	r6, [r3, r0]
100041a0:	b392      	cbz	r2, 10004208 <dcd_edpt_open+0xc4>
100041a2:	4b27      	ldr	r3, [pc, #156]	@ (10004240 <dcd_edpt_open+0xfc>)
100041a4:	eb03 03c2 	add.w	r3, r3, r2, lsl #3
100041a8:	f8ce 3004 	str.w	r3, [lr, #4]
100041ac:	313f      	adds	r1, #63	@ 0x3f
100041ae:	0989      	lsrs	r1, r1, #6
100041b0:	f1bc 0f02 	cmp.w	ip, #2
100041b4:	bf14      	ite	ne
100041b6:	018b      	lslne	r3, r1, #6
100041b8:	01cb      	lsleq	r3, r1, #7
100041ba:	4922      	ldr	r1, [pc, #136]	@ (10004244 <dcd_edpt_open+0x100>)
100041bc:	eb08 0605 	add.w	r6, r8, r5
100041c0:	680a      	ldr	r2, [r1, #0]
100041c2:	eb04 1646 	add.w	r6, r4, r6, lsl #5
100041c6:	4413      	add	r3, r2
100041c8:	600b      	str	r3, [r1, #0]
100041ca:	491f      	ldr	r1, [pc, #124]	@ (10004248 <dcd_edpt_open+0x104>)
100041cc:	60f2      	str	r2, [r6, #12]
100041ce:	428b      	cmp	r3, r1
100041d0:	d82d      	bhi.n	1000422e <dcd_edpt_open+0xea>
100041d2:	eb08 0305 	add.w	r3, r8, r5
100041d6:	eb04 1443 	add.w	r4, r4, r3, lsl #5
100041da:	7ee1      	ldrb	r1, [r4, #27]
100041dc:	f082 42a0 	eor.w	r2, r2, #1342177280	@ 0x50000000
100041e0:	f482 1280 	eor.w	r2, r2, #1048576	@ 0x100000
100041e4:	6863      	ldr	r3, [r4, #4]
100041e6:	ea42 6281 	orr.w	r2, r2, r1, lsl #26
100041ea:	f042 4200 	orr.w	r2, r2, #2147483648	@ 0x80000000
100041ee:	2001      	movs	r0, #1
100041f0:	601a      	str	r2, [r3, #0]
100041f2:	e8bd 81f0 	ldmia.w	sp!, {r4, r5, r6, r7, r8, pc}
100041f6:	4811      	ldr	r0, [pc, #68]	@ (1000423c <dcd_edpt_open+0xf8>)
100041f8:	eb04 1e82 	add.w	lr, r4, r2, lsl #6
100041fc:	4403      	add	r3, r0
100041fe:	f8ce 3028 	str.w	r3, [lr, #40]	@ 0x28
10004202:	f840 6032 	str.w	r6, [r0, r2, lsl #3]
10004206:	b952      	cbnz	r2, 1000421e <dcd_edpt_open+0xda>
10004208:	4613      	mov	r3, r2
1000420a:	4a10      	ldr	r2, [pc, #64]	@ (1000424c <dcd_edpt_open+0x108>)
1000420c:	eb04 1445 	add.w	r4, r4, r5, lsl #5
10004210:	2001      	movs	r0, #1
10004212:	60e2      	str	r2, [r4, #12]
10004214:	6063      	str	r3, [r4, #4]
10004216:	e8bd 81f0 	ldmia.w	sp!, {r4, r5, r6, r7, r8, pc}
1000421a:	2000      	movs	r0, #0
1000421c:	4770      	bx	lr
1000421e:	00d2      	lsls	r2, r2, #3
10004220:	f102 42a0 	add.w	r2, r2, #1342177280	@ 0x50000000
10004224:	f502 1280 	add.w	r2, r2, #1048576	@ 0x100000
10004228:	f8ce 2024 	str.w	r2, [lr, #36]	@ 0x24
1000422c:	e7be      	b.n	100041ac <dcd_edpt_open+0x68>
1000422e:	f7fd fb4f 	bl	100018d0 <hard_assertion_failure>
10004232:	68f2      	ldr	r2, [r6, #12]
10004234:	e7cd      	b.n	100041d2 <dcd_edpt_open+0x8e>
10004236:	bf00      	nop
10004238:	20001a0c 	.word	0x20001a0c
1000423c:	50100080 	.word	0x50100080
10004240:	50100004 	.word	0x50100004
10004244:	20001e14 	.word	0x20001e14
10004248:	50100fff 	.word	0x50100fff
1000424c:	50100100 	.word	0x50100100

10004250 <dcd_edpt_close_all>:
10004250:	f002 be36 	b.w	10006ec0 <__reset_non_control_endpoints_veneer>

10004254 <dcd_edpt_xfer>:
10004254:	b508      	push	{r3, lr}
10004256:	4696      	mov	lr, r2
10004258:	f8df c01c 	ldr.w	ip, [pc, #28]	@ 10004278 <dcd_edpt_xfer+0x24>
1000425c:	f001 027f 	and.w	r2, r1, #127	@ 0x7f
10004260:	09c8      	lsrs	r0, r1, #7
10004262:	eb00 0042 	add.w	r0, r0, r2, lsl #1
10004266:	eb0c 1040 	add.w	r0, ip, r0, lsl #5
1000426a:	461a      	mov	r2, r3
1000426c:	4671      	mov	r1, lr
1000426e:	f000 f84f 	bl	10004310 <hw_endpoint_xfer_start>
10004272:	2001      	movs	r0, #1
10004274:	bd08      	pop	{r3, pc}
10004276:	bf00      	nop
10004278:	20001a0c 	.word	0x20001a0c

1000427c <dcd_edpt_stall>:
1000427c:	f011 027f 	ands.w	r2, r1, #127	@ 0x7f
10004280:	d105      	bne.n	1000428e <dcd_edpt_stall+0x12>
10004282:	2900      	cmp	r1, #0
10004284:	bf0c      	ite	eq
10004286:	2002      	moveq	r0, #2
10004288:	2001      	movne	r0, #1
1000428a:	4b06      	ldr	r3, [pc, #24]	@ (100042a4 <dcd_edpt_stall+0x28>)
1000428c:	6698      	str	r0, [r3, #104]	@ 0x68
1000428e:	09c9      	lsrs	r1, r1, #7
10004290:	4b05      	ldr	r3, [pc, #20]	@ (100042a8 <dcd_edpt_stall+0x2c>)
10004292:	eb01 0042 	add.w	r0, r1, r2, lsl #1
10004296:	eb03 1040 	add.w	r0, r3, r0, lsl #5
1000429a:	f44f 6200 	mov.w	r2, #2048	@ 0x800
1000429e:	2100      	movs	r1, #0
100042a0:	f002 be06 	b.w	10006eb0 <___hw_endpoint_buffer_control_update32_veneer>
100042a4:	50112000 	.word	0x50112000
100042a8:	20001a0c 	.word	0x20001a0c

100042ac <dcd_edpt_clear_stall>:
100042ac:	f011 037f 	ands.w	r3, r1, #127	@ 0x7f
100042b0:	d100      	bne.n	100042b4 <dcd_edpt_clear_stall+0x8>
100042b2:	4770      	bx	lr
100042b4:	2200      	movs	r2, #0
100042b6:	4805      	ldr	r0, [pc, #20]	@ (100042cc <dcd_edpt_clear_stall+0x20>)
100042b8:	005b      	lsls	r3, r3, #1
100042ba:	eb03 13d1 	add.w	r3, r3, r1, lsr #7
100042be:	eb00 1043 	add.w	r0, r0, r3, lsl #5
100042c2:	f46f 6100 	mvn.w	r1, #2048	@ 0x800
100042c6:	70c2      	strb	r2, [r0, #3]
100042c8:	f002 bdf2 	b.w	10006eb0 <___hw_endpoint_buffer_control_update32_veneer>
100042cc:	20001a0c 	.word	0x20001a0c

100042d0 <rp2040_usb_init>:
100042d0:	f04f 5280 	mov.w	r2, #268435456	@ 0x10000000
100042d4:	4809      	ldr	r0, [pc, #36]	@ (100042fc <rp2040_usb_init+0x2c>)
100042d6:	490a      	ldr	r1, [pc, #40]	@ (10004300 <rp2040_usb_init+0x30>)
100042d8:	b508      	push	{r3, lr}
100042da:	4b0a      	ldr	r3, [pc, #40]	@ (10004304 <rp2040_usb_init+0x34>)
100042dc:	6002      	str	r2, [r0, #0]
100042de:	600a      	str	r2, [r1, #0]
100042e0:	6899      	ldr	r1, [r3, #8]
100042e2:	43c9      	mvns	r1, r1
100042e4:	f011 5180 	ands.w	r1, r1, #268435456	@ 0x10000000
100042e8:	d1fa      	bne.n	100042e0 <rp2040_usb_init+0x10>
100042ea:	f44f 5280 	mov.w	r2, #4096	@ 0x1000
100042ee:	4806      	ldr	r0, [pc, #24]	@ (10004308 <rp2040_usb_init+0x38>)
100042f0:	f002 fcdc 	bl	10006cac <memset>
100042f4:	2209      	movs	r2, #9
100042f6:	4b05      	ldr	r3, [pc, #20]	@ (1000430c <rp2040_usb_init+0x3c>)
100042f8:	675a      	str	r2, [r3, #116]	@ 0x74
100042fa:	bd08      	pop	{r3, pc}
100042fc:	40022000 	.word	0x40022000
10004300:	40023000 	.word	0x40023000
10004304:	40020000 	.word	0x40020000
10004308:	50100000 	.word	0x50100000
1000430c:	50110000 	.word	0x50110000

10004310 <hw_endpoint_xfer_start>:
10004310:	2300      	movs	r3, #0
10004312:	f04f 0c01 	mov.w	ip, #1
10004316:	b510      	push	{r4, lr}
10004318:	6101      	str	r1, [r0, #16]
1000431a:	f880 c01a 	strb.w	ip, [r0, #26]
1000431e:	8282      	strh	r2, [r0, #20]
10004320:	82c3      	strh	r3, [r0, #22]
10004322:	4604      	mov	r4, r0
10004324:	f002 fdc0 	bl	10006ea8 <__e15_is_bulkin_ep_veneer>
10004328:	b120      	cbz	r0, 10004334 <hw_endpoint_xfer_start+0x24>
1000432a:	f44f 3200 	mov.w	r2, #131072	@ 0x20000
1000432e:	4b07      	ldr	r3, [pc, #28]	@ (1000434c <hw_endpoint_xfer_start+0x3c>)
10004330:	f8c3 2090 	str.w	r2, [r3, #144]	@ 0x90
10004334:	4620      	mov	r0, r4
10004336:	f002 fdab 	bl	10006e90 <__e15_is_critical_frame_period_veneer>
1000433a:	b110      	cbz	r0, 10004342 <hw_endpoint_xfer_start+0x32>
1000433c:	2301      	movs	r3, #1
1000433e:	7723      	strb	r3, [r4, #28]
10004340:	bd10      	pop	{r4, pc}
10004342:	4620      	mov	r0, r4
10004344:	e8bd 4010 	ldmia.w	sp!, {r4, lr}
10004348:	f002 bd9e 	b.w	10006e88 <__hw_endpoint_start_next_buffer_veneer>
1000434c:	50112000 	.word	0x50112000

10004350 <configuration_reset>:
10004350:	e92d 41f0 	stmdb	sp!, {r4, r5, r6, r7, r8, lr}
10004354:	2400      	movs	r4, #0
10004356:	4d1c      	ldr	r5, [pc, #112]	@ (100043c8 <configuration_reset+0x78>)
10004358:	4606      	mov	r6, r0
1000435a:	4623      	mov	r3, r4
1000435c:	782a      	ldrb	r2, [r5, #0]
1000435e:	f8df 8078 	ldr.w	r8, [pc, #120]	@ 100043d8 <configuration_reset+0x88>
10004362:	4f1a      	ldr	r7, [pc, #104]	@ (100043cc <configuration_reset+0x7c>)
10004364:	e00d      	b.n	10004382 <configuration_reset+0x32>
10004366:	683b      	ldr	r3, [r7, #0]
10004368:	eb13 1344 	adds.w	r3, r3, r4, lsl #5
1000436c:	d023      	beq.n	100043b6 <configuration_reset+0x66>
1000436e:	68db      	ldr	r3, [r3, #12]
10004370:	4630      	mov	r0, r6
10004372:	4798      	blx	r3
10004374:	782a      	ldrb	r2, [r5, #0]
10004376:	3401      	adds	r4, #1
10004378:	b2e4      	uxtb	r4, r4
1000437a:	1c51      	adds	r1, r2, #1
1000437c:	42a1      	cmp	r1, r4
1000437e:	4623      	mov	r3, r4
10004380:	db06      	blt.n	10004390 <configuration_reset+0x40>
10004382:	42a2      	cmp	r2, r4
10004384:	eba3 0302 	sub.w	r3, r3, r2
10004388:	d8ed      	bhi.n	10004366 <configuration_reset+0x16>
1000438a:	eb08 1343 	add.w	r3, r8, r3, lsl #5
1000438e:	e7ee      	b.n	1000436e <configuration_reset+0x1e>
10004390:	2254      	movs	r2, #84	@ 0x54
10004392:	2100      	movs	r1, #0
10004394:	480e      	ldr	r0, [pc, #56]	@ (100043d0 <configuration_reset+0x80>)
10004396:	f002 fc89 	bl	10006cac <memset>
1000439a:	f04f 33ff 	mov.w	r3, #4294967295	@ 0xffffffff
1000439e:	4c0c      	ldr	r4, [pc, #48]	@ (100043d0 <configuration_reset+0x80>)
100043a0:	2220      	movs	r2, #32
100043a2:	e9c4 3301 	strd	r3, r3, [r4, #4]
100043a6:	e9c4 3303 	strd	r3, r3, [r4, #12]
100043aa:	21ff      	movs	r1, #255	@ 0xff
100043ac:	e8bd 41f0 	ldmia.w	sp!, {r4, r5, r6, r7, r8, lr}
100043b0:	4808      	ldr	r0, [pc, #32]	@ (100043d4 <configuration_reset+0x84>)
100043b2:	f002 bc7b 	b.w	10006cac <memset>
100043b6:	f04f 23e0 	mov.w	r3, #3758153728	@ 0xe000e000
100043ba:	f8d3 3df0 	ldr.w	r3, [r3, #3568]	@ 0xdf0
100043be:	07db      	lsls	r3, r3, #31
100043c0:	d500      	bpl.n	100043c4 <configuration_reset+0x74>
100043c2:	be00      	bkpt	0x0000
100043c4:	e8bd 81f0 	ldmia.w	sp!, {r4, r5, r6, r7, r8, pc}
100043c8:	20001e7d 	.word	0x20001e7d
100043cc:	200014b0 	.word	0x200014b0
100043d0:	200015b8 	.word	0x200015b8
100043d4:	200015cc 	.word	0x200015cc
100043d8:	1000769c 	.word	0x1000769c

100043dc <tud_event_hook_cb>:
100043dc:	4770      	bx	lr
100043de:	bf00      	nop

100043e0 <tud_sof_cb>:
100043e0:	4770      	bx	lr
100043e2:	bf00      	nop

100043e4 <tud_descriptor_device_qualifier_cb>:
100043e4:	2000      	movs	r0, #0
100043e6:	4770      	bx	lr

100043e8 <tud_descriptor_other_speed_configuration_cb>:
100043e8:	2000      	movs	r0, #0
100043ea:	4770      	bx	lr

100043ec <tud_mount_cb>:
100043ec:	4770      	bx	lr
100043ee:	bf00      	nop

100043f0 <tud_umount_cb>:
100043f0:	4770      	bx	lr
100043f2:	bf00      	nop

100043f4 <tud_suspend_cb>:
100043f4:	4770      	bx	lr
100043f6:	bf00      	nop

100043f8 <tud_resume_cb>:
100043f8:	4770      	bx	lr
100043fa:	bf00      	nop

100043fc <tud_mounted>:
100043fc:	4b02      	ldr	r3, [pc, #8]	@ (10004408 <tud_mounted+0xc>)
100043fe:	7858      	ldrb	r0, [r3, #1]
10004400:	3800      	subs	r0, #0
10004402:	bf18      	it	ne
10004404:	2001      	movne	r0, #1
10004406:	4770      	bx	lr
10004408:	200015b8 	.word	0x200015b8

1000440c <tud_suspended>:
1000440c:	4b02      	ldr	r3, [pc, #8]	@ (10004418 <tud_suspended+0xc>)
1000440e:	7818      	ldrb	r0, [r3, #0]
10004410:	f3c0 0080 	ubfx	r0, r0, #2, #1
10004414:	4770      	bx	lr
10004416:	bf00      	nop
10004418:	200015b8 	.word	0x200015b8

1000441c <tud_rhport_init>:
1000441c:	e92d 47f0 	stmdb	sp!, {r4, r5, r6, r7, r8, r9, sl, lr}
10004420:	f8df 80e4 	ldr.w	r8, [pc, #228]	@ 10004508 <tud_rhport_init+0xec>
10004424:	f898 3000 	ldrb.w	r3, [r8]
10004428:	2bff      	cmp	r3, #255	@ 0xff
1000442a:	d153      	bne.n	100044d4 <tud_rhport_init+0xb8>
1000442c:	2900      	cmp	r1, #0
1000442e:	d03c      	beq.n	100044aa <tud_rhport_init+0x8e>
10004430:	2254      	movs	r2, #84	@ 0x54
10004432:	468a      	mov	sl, r1
10004434:	4681      	mov	r9, r0
10004436:	2100      	movs	r1, #0
10004438:	4828      	ldr	r0, [pc, #160]	@ (100044dc <tud_rhport_init+0xc0>)
1000443a:	f002 fc37 	bl	10006cac <memset>
1000443e:	2200      	movs	r2, #0
10004440:	4c27      	ldr	r4, [pc, #156]	@ (100044e0 <tud_rhport_init+0xc4>)
10004442:	4b28      	ldr	r3, [pc, #160]	@ (100044e4 <tud_rhport_init+0xc8>)
10004444:	4620      	mov	r0, r4
10004446:	701a      	strb	r2, [r3, #0]
10004448:	f7fc fb4a 	bl	10000ae0 <mutex_init>
1000444c:	4b26      	ldr	r3, [pc, #152]	@ (100044e8 <tud_rhport_init+0xcc>)
1000444e:	4827      	ldr	r0, [pc, #156]	@ (100044ec <tud_rhport_init+0xd0>)
10004450:	601c      	str	r4, [r3, #0]
10004452:	4c27      	ldr	r4, [pc, #156]	@ (100044f0 <tud_rhport_init+0xd4>)
10004454:	f7fc fb52 	bl	10000afc <critical_section_init>
10004458:	4620      	mov	r0, r4
1000445a:	f001 fe17 	bl	1000608c <tu_fifo_clear>
1000445e:	4a25      	ldr	r2, [pc, #148]	@ (100044f4 <tud_rhport_init+0xd8>)
10004460:	4b25      	ldr	r3, [pc, #148]	@ (100044f8 <tud_rhport_init+0xdc>)
10004462:	6014      	str	r4, [r2, #0]
10004464:	b123      	cbz	r3, 10004470 <tud_rhport_init+0x54>
10004466:	4825      	ldr	r0, [pc, #148]	@ (100044fc <tud_rhport_init+0xe0>)
10004468:	f7ff fa9e 	bl	100039a8 <usbd_app_driver_get_cb>
1000446c:	4b24      	ldr	r3, [pc, #144]	@ (10004500 <tud_rhport_init+0xe4>)
1000446e:	6018      	str	r0, [r3, #0]
10004470:	2400      	movs	r4, #0
10004472:	4d22      	ldr	r5, [pc, #136]	@ (100044fc <tud_rhport_init+0xe0>)
10004474:	4623      	mov	r3, r4
10004476:	782a      	ldrb	r2, [r5, #0]
10004478:	4f22      	ldr	r7, [pc, #136]	@ (10004504 <tud_rhport_init+0xe8>)
1000447a:	4e21      	ldr	r6, [pc, #132]	@ (10004500 <tud_rhport_init+0xe4>)
1000447c:	e00d      	b.n	1000449a <tud_rhport_init+0x7e>
1000447e:	6833      	ldr	r3, [r6, #0]
10004480:	eb13 1344 	adds.w	r3, r3, r4, lsl #5
10004484:	d011      	beq.n	100044aa <tud_rhport_init+0x8e>
10004486:	685b      	ldr	r3, [r3, #4]
10004488:	b17b      	cbz	r3, 100044aa <tud_rhport_init+0x8e>
1000448a:	4798      	blx	r3
1000448c:	782a      	ldrb	r2, [r5, #0]
1000448e:	3401      	adds	r4, #1
10004490:	b2e4      	uxtb	r4, r4
10004492:	1c51      	adds	r1, r2, #1
10004494:	42a1      	cmp	r1, r4
10004496:	4623      	mov	r3, r4
10004498:	db11      	blt.n	100044be <tud_rhport_init+0xa2>
1000449a:	42a2      	cmp	r2, r4
1000449c:	d8ef      	bhi.n	1000447e <tud_rhport_init+0x62>
1000449e:	1a9b      	subs	r3, r3, r2
100044a0:	eb07 1343 	add.w	r3, r7, r3, lsl #5
100044a4:	685b      	ldr	r3, [r3, #4]
100044a6:	2b00      	cmp	r3, #0
100044a8:	d1ef      	bne.n	1000448a <tud_rhport_init+0x6e>
100044aa:	f04f 23e0 	mov.w	r3, #3758153728	@ 0xe000e000
100044ae:	f8d3 3df0 	ldr.w	r3, [r3, #3568]	@ 0xdf0
100044b2:	07db      	lsls	r3, r3, #31
100044b4:	d500      	bpl.n	100044b8 <tud_rhport_init+0x9c>
100044b6:	be00      	bkpt	0x0000
100044b8:	2000      	movs	r0, #0
100044ba:	e8bd 87f0 	ldmia.w	sp!, {r4, r5, r6, r7, r8, r9, sl, pc}
100044be:	4651      	mov	r1, sl
100044c0:	4648      	mov	r0, r9
100044c2:	f888 9000 	strb.w	r9, [r8]
100044c6:	f7ff fdc7 	bl	10004058 <dcd_init>
100044ca:	2800      	cmp	r0, #0
100044cc:	d0ed      	beq.n	100044aa <tud_rhport_init+0x8e>
100044ce:	4648      	mov	r0, r9
100044d0:	f7ff fe10 	bl	100040f4 <dcd_int_enable>
100044d4:	2001      	movs	r0, #1
100044d6:	e8bd 87f0 	ldmia.w	sp!, {r4, r5, r6, r7, r8, r9, sl, pc}
100044da:	bf00      	nop
100044dc:	200015b8 	.word	0x200015b8
100044e0:	200015b0 	.word	0x200015b0
100044e4:	20001e7f 	.word	0x20001e7f
100044e8:	2000160c 	.word	0x2000160c
100044ec:	2000124c 	.word	0x2000124c
100044f0:	20001238 	.word	0x20001238
100044f4:	20001610 	.word	0x20001610
100044f8:	100039a9 	.word	0x100039a9
100044fc:	20001e7d 	.word	0x20001e7d
10004500:	200014b0 	.word	0x200014b0
10004504:	1000769c 	.word	0x1000769c
10004508:	20001254 	.word	0x20001254

1000450c <tud_task_ext>:
1000450c:	4b95      	ldr	r3, [pc, #596]	@ (10004764 <tud_task_ext+0x258>)
1000450e:	781b      	ldrb	r3, [r3, #0]
10004510:	2bff      	cmp	r3, #255	@ 0xff
10004512:	f000 8119 	beq.w	10004748 <tud_task_ext+0x23c>
10004516:	e92d 4ff0 	stmdb	sp!, {r4, r5, r6, r7, r8, r9, sl, fp, lr}
1000451a:	4c93      	ldr	r4, [pc, #588]	@ (10004768 <tud_task_ext+0x25c>)
1000451c:	4d93      	ldr	r5, [pc, #588]	@ (1000476c <tud_task_ext+0x260>)
1000451e:	f8df 8260 	ldr.w	r8, [pc, #608]	@ 10004780 <tud_task_ext+0x274>
10004522:	4f93      	ldr	r7, [pc, #588]	@ (10004770 <tud_task_ext+0x264>)
10004524:	b08b      	sub	sp, #44	@ 0x2c
10004526:	6826      	ldr	r6, [r4, #0]
10004528:	6973      	ldr	r3, [r6, #20]
1000452a:	f3ef 8210 	mrs	r2, PRIMASK
1000452e:	b672      	cpsid	i
10004530:	e8d3 0fcf 	ldaexb	r0, [r3]
10004534:	2101      	movs	r1, #1
10004536:	2800      	cmp	r0, #0
10004538:	d1fa      	bne.n	10004530 <tud_task_ext+0x24>
1000453a:	e8c3 1f40 	strexb	r0, r1, [r3]
1000453e:	2800      	cmp	r0, #0
10004540:	d1f6      	bne.n	10004530 <tud_task_ext+0x24>
10004542:	f3bf 8f5f 	dmb	sy
10004546:	61b2      	str	r2, [r6, #24]
10004548:	4630      	mov	r0, r6
1000454a:	a907      	add	r1, sp, #28
1000454c:	f001 fbe4 	bl	10005d18 <tu_fifo_read>
10004550:	2300      	movs	r3, #0
10004552:	6972      	ldr	r2, [r6, #20]
10004554:	e8c2 3f8f 	stlb	r3, [r2]
10004558:	69b3      	ldr	r3, [r6, #24]
1000455a:	f383 8810 	msr	PRIMASK, r3
1000455e:	2800      	cmp	r0, #0
10004560:	f000 80ca 	beq.w	100046f8 <tud_task_ext+0x1ec>
10004564:	f89d 301d 	ldrb.w	r3, [sp, #29]
10004568:	3b01      	subs	r3, #1
1000456a:	2b07      	cmp	r3, #7
1000456c:	f200 839e 	bhi.w	10004cac <tud_task_ext+0x7a0>
10004570:	e8df f003 	tbb	[pc, r3]
10004574:	9b93afa5 	.word	0x9b93afa5
10004578:	040a358c 	.word	0x040a358c
1000457c:	9b08      	ldr	r3, [sp, #32]
1000457e:	2b00      	cmp	r3, #0
10004580:	d0d1      	beq.n	10004526 <tud_task_ext+0x1a>
10004582:	9809      	ldr	r0, [sp, #36]	@ 0x24
10004584:	4798      	blx	r3
10004586:	e7ce      	b.n	10004526 <tud_task_ext+0x1a>
10004588:	f89d 1020 	ldrb.w	r1, [sp, #32]
1000458c:	f001 067f 	and.w	r6, r1, #127	@ 0x7f
10004590:	eb05 0046 	add.w	r0, r5, r6, lsl #1
10004594:	eb00 10d1 	add.w	r0, r0, r1, lsr #7
10004598:	f890 3034 	ldrb.w	r3, [r0, #52]	@ 0x34
1000459c:	f023 0301 	bic.w	r3, r3, #1
100045a0:	f880 3034 	strb.w	r3, [r0, #52]	@ 0x34
100045a4:	f890 3034 	ldrb.w	r3, [r0, #52]	@ 0x34
100045a8:	f023 0304 	bic.w	r3, r3, #4
100045ac:	f880 3034 	strb.w	r3, [r0, #52]	@ 0x34
100045b0:	2e00      	cmp	r6, #0
100045b2:	f000 80a4 	beq.w	100046fe <tud_task_ext+0x1f2>
100045b6:	7d03      	ldrb	r3, [r0, #20]
100045b8:	f898 2000 	ldrb.w	r2, [r8]
100045bc:	4293      	cmp	r3, r2
100045be:	f080 8091 	bcs.w	100046e4 <tud_task_ext+0x1d8>
100045c2:	4a6c      	ldr	r2, [pc, #432]	@ (10004774 <tud_task_ext+0x268>)
100045c4:	6812      	ldr	r2, [r2, #0]
100045c6:	eb12 1343 	adds.w	r3, r2, r3, lsl #5
100045ca:	f000 808e 	beq.w	100046ea <tud_task_ext+0x1de>
100045ce:	699e      	ldr	r6, [r3, #24]
100045d0:	f89d 2021 	ldrb.w	r2, [sp, #33]	@ 0x21
100045d4:	9b09      	ldr	r3, [sp, #36]	@ 0x24
100045d6:	f89d 001c 	ldrb.w	r0, [sp, #28]
100045da:	47b0      	blx	r6
100045dc:	e7a3      	b.n	10004526 <tud_task_ext+0x1a>
100045de:	783b      	ldrb	r3, [r7, #0]
100045e0:	2b00      	cmp	r3, #0
100045e2:	f000 8082 	beq.w	100046ea <tud_task_ext+0x1de>
100045e6:	783b      	ldrb	r3, [r7, #0]
100045e8:	3b01      	subs	r3, #1
100045ea:	703b      	strb	r3, [r7, #0]
100045ec:	783b      	ldrb	r3, [r7, #0]
100045ee:	f003 00ff 	and.w	r0, r3, #255	@ 0xff
100045f2:	2b00      	cmp	r3, #0
100045f4:	d197      	bne.n	10004526 <tud_task_ext+0x1a>
100045f6:	f8df a174 	ldr.w	sl, [pc, #372]	@ 1000476c <tud_task_ext+0x260>
100045fa:	f89d b01c 	ldrb.w	fp, [sp, #28]
100045fe:	f89a 3000 	ldrb.w	r3, [sl]
10004602:	f043 0301 	orr.w	r3, r3, #1
10004606:	f88a 3000 	strb.w	r3, [sl]
1000460a:	f89a 3034 	ldrb.w	r3, [sl, #52]	@ 0x34
1000460e:	f360 0300 	bfi	r3, r0, #0, #1
10004612:	f88a 3034 	strb.w	r3, [sl, #52]	@ 0x34
10004616:	f89a 3034 	ldrb.w	r3, [sl, #52]	@ 0x34
1000461a:	f360 0382 	bfi	r3, r0, #2, #1
1000461e:	f88a 3034 	strb.w	r3, [sl, #52]	@ 0x34
10004622:	f89a 3035 	ldrb.w	r3, [sl, #53]	@ 0x35
10004626:	f360 0300 	bfi	r3, r0, #0, #1
1000462a:	f88a 3035 	strb.w	r3, [sl, #53]	@ 0x35
1000462e:	f89a 3035 	ldrb.w	r3, [sl, #53]	@ 0x35
10004632:	f360 0382 	bfi	r3, r0, #2, #1
10004636:	f88a 3035 	strb.w	r3, [sl, #53]	@ 0x35
1000463a:	f000 fca7 	bl	10004f8c <usbd_control_set_complete_callback>
1000463e:	f89d 3020 	ldrb.w	r3, [sp, #32]
10004642:	f003 0260 	and.w	r2, r3, #96	@ 0x60
10004646:	2a60      	cmp	r2, #96	@ 0x60
10004648:	d06c      	beq.n	10004724 <tud_task_ext+0x218>
1000464a:	2a40      	cmp	r2, #64	@ 0x40
1000464c:	d07d      	beq.n	1000474a <tud_task_ext+0x23e>
1000464e:	f003 031f 	and.w	r3, r3, #31
10004652:	2b01      	cmp	r3, #1
10004654:	f000 80c3 	beq.w	100047de <tud_task_ext+0x2d2>
10004658:	2b02      	cmp	r3, #2
1000465a:	f000 8093 	beq.w	10004784 <tud_task_ext+0x278>
1000465e:	2b00      	cmp	r3, #0
10004660:	d160      	bne.n	10004724 <tud_task_ext+0x218>
10004662:	2a20      	cmp	r2, #32
10004664:	f000 8202 	beq.w	10004a6c <tud_task_ext+0x560>
10004668:	2a00      	cmp	r2, #0
1000466a:	d15b      	bne.n	10004724 <tud_task_ext+0x218>
1000466c:	f89d 3021 	ldrb.w	r3, [sp, #33]	@ 0x21
10004670:	2b09      	cmp	r3, #9
10004672:	d857      	bhi.n	10004724 <tud_task_ext+0x218>
10004674:	e8df f013 	tbh	[pc, r3, lsl #1]
10004678:	01af01bf 	.word	0x01af01bf
1000467c:	01d10056 	.word	0x01d10056
10004680:	01a00056 	.word	0x01a00056
10004684:	00560176 	.word	0x00560176
10004688:	00f9016a 	.word	0x00f9016a
1000468c:	782b      	ldrb	r3, [r5, #0]
1000468e:	07d9      	lsls	r1, r3, #31
10004690:	f57f af49 	bpl.w	10004526 <tud_task_ext+0x1a>
10004694:	f7ff feb0 	bl	100043f8 <tud_resume_cb>
10004698:	e745      	b.n	10004526 <tud_task_ext+0x1a>
1000469a:	78eb      	ldrb	r3, [r5, #3]
1000469c:	07da      	lsls	r2, r3, #31
1000469e:	f57f af42 	bpl.w	10004526 <tud_task_ext+0x1a>
100046a2:	9808      	ldr	r0, [sp, #32]
100046a4:	f7ff fe9c 	bl	100043e0 <tud_sof_cb>
100046a8:	e73d      	b.n	10004526 <tud_task_ext+0x1a>
100046aa:	782b      	ldrb	r3, [r5, #0]
100046ac:	07d8      	lsls	r0, r3, #31
100046ae:	f57f af3a 	bpl.w	10004526 <tud_task_ext+0x1a>
100046b2:	7828      	ldrb	r0, [r5, #0]
100046b4:	f3c0 00c0 	ubfx	r0, r0, #3, #1
100046b8:	f7ff fe9c 	bl	100043f4 <tud_suspend_cb>
100046bc:	e733      	b.n	10004526 <tud_task_ext+0x1a>
100046be:	f89d 001c 	ldrb.w	r0, [sp, #28]
100046c2:	f7ff fe45 	bl	10004350 <configuration_reset>
100046c6:	f000 fc57 	bl	10004f78 <usbd_control_reset>
100046ca:	f89d 3020 	ldrb.w	r3, [sp, #32]
100046ce:	70ab      	strb	r3, [r5, #2]
100046d0:	e729      	b.n	10004526 <tud_task_ext+0x1a>
100046d2:	f89d 001c 	ldrb.w	r0, [sp, #28]
100046d6:	f7ff fe3b 	bl	10004350 <configuration_reset>
100046da:	f000 fc4d 	bl	10004f78 <usbd_control_reset>
100046de:	f7ff fe87 	bl	100043f0 <tud_umount_cb>
100046e2:	e720      	b.n	10004526 <tud_task_ext+0x1a>
100046e4:	1c50      	adds	r0, r2, #1
100046e6:	4298      	cmp	r0, r3
100046e8:	da11      	bge.n	1000470e <tud_task_ext+0x202>
100046ea:	f04f 23e0 	mov.w	r3, #3758153728	@ 0xe000e000
100046ee:	f8d3 3df0 	ldr.w	r3, [r3, #3568]	@ 0xdf0
100046f2:	07dc      	lsls	r4, r3, #31
100046f4:	d500      	bpl.n	100046f8 <tud_task_ext+0x1ec>
100046f6:	be00      	bkpt	0x0000
100046f8:	b00b      	add	sp, #44	@ 0x2c
100046fa:	e8bd 8ff0 	ldmia.w	sp!, {r4, r5, r6, r7, r8, r9, sl, fp, pc}
100046fe:	9b09      	ldr	r3, [sp, #36]	@ 0x24
10004700:	f89d 2021 	ldrb.w	r2, [sp, #33]	@ 0x21
10004704:	f89d 001c 	ldrb.w	r0, [sp, #28]
10004708:	f000 fc54 	bl	10004fb4 <usbd_control_xfer_cb>
1000470c:	e70b      	b.n	10004526 <tud_task_ext+0x1a>
1000470e:	1a9b      	subs	r3, r3, r2
10004710:	4a19      	ldr	r2, [pc, #100]	@ (10004778 <tud_task_ext+0x26c>)
10004712:	eb02 1343 	add.w	r3, r2, r3, lsl #5
10004716:	e75a      	b.n	100045ce <tud_task_ext+0xc2>
10004718:	f7ff fb7c 	bl	10003e14 <tud_descriptor_configuration_cb>
1000471c:	4602      	mov	r2, r0
1000471e:	2800      	cmp	r0, #0
10004720:	f040 8194 	bne.w	10004a4c <tud_task_ext+0x540>
10004724:	f04f 23e0 	mov.w	r3, #3758153728	@ 0xe000e000
10004728:	f8d3 3df0 	ldr.w	r3, [r3, #3568]	@ 0xdf0
1000472c:	07de      	lsls	r6, r3, #31
1000472e:	d500      	bpl.n	10004732 <tud_task_ext+0x226>
10004730:	be00      	bkpt	0x0000
10004732:	f89d 001c 	ldrb.w	r0, [sp, #28]
10004736:	2100      	movs	r1, #0
10004738:	f7ff fda0 	bl	1000427c <dcd_edpt_stall>
1000473c:	2180      	movs	r1, #128	@ 0x80
1000473e:	f89d 001c 	ldrb.w	r0, [sp, #28]
10004742:	f7ff fd9b 	bl	1000427c <dcd_edpt_stall>
10004746:	e6ee      	b.n	10004526 <tud_task_ext+0x1a>
10004748:	4770      	bx	lr
1000474a:	480c      	ldr	r0, [pc, #48]	@ (1000477c <tud_task_ext+0x270>)
1000474c:	f000 fc1e 	bl	10004f8c <usbd_control_set_complete_callback>
10004750:	2101      	movs	r1, #1
10004752:	4658      	mov	r0, fp
10004754:	aa08      	add	r2, sp, #32
10004756:	f7ff f913 	bl	10003980 <tud_vendor_control_xfer_cb>
1000475a:	2800      	cmp	r0, #0
1000475c:	f47f aee3 	bne.w	10004526 <tud_task_ext+0x1a>
10004760:	e7e7      	b.n	10004732 <tud_task_ext+0x226>
10004762:	bf00      	nop
10004764:	20001254 	.word	0x20001254
10004768:	20001610 	.word	0x20001610
1000476c:	200015b8 	.word	0x200015b8
10004770:	20001e7f 	.word	0x20001e7f
10004774:	200014b0 	.word	0x200014b0
10004778:	1000769c 	.word	0x1000769c
1000477c:	10003981 	.word	0x10003981
10004780:	20001e7d 	.word	0x20001e7d
10004784:	f89d 1024 	ldrb.w	r1, [sp, #36]	@ 0x24
10004788:	f011 0f70 	tst.w	r1, #112	@ 0x70
1000478c:	d1ca      	bne.n	10004724 <tud_task_ext+0x218>
1000478e:	48b4      	ldr	r0, [pc, #720]	@ (10004a60 <tud_task_ext+0x554>)
10004790:	f001 037f 	and.w	r3, r1, #127	@ 0x7f
10004794:	f890 c000 	ldrb.w	ip, [r0]
10004798:	eb0a 0043 	add.w	r0, sl, r3, lsl #1
1000479c:	eb00 10d1 	add.w	r0, r0, r1, lsr #7
100047a0:	7d00      	ldrb	r0, [r0, #20]
100047a2:	4560      	cmp	r0, ip
100047a4:	d34d      	bcc.n	10004842 <tud_task_ext+0x336>
100047a6:	f10c 0e01 	add.w	lr, ip, #1
100047aa:	4586      	cmp	lr, r0
100047ac:	f2c0 8170 	blt.w	10004a90 <tud_task_ext+0x584>
100047b0:	eba0 000c 	sub.w	r0, r0, ip
100047b4:	f8df c2ac 	ldr.w	ip, [pc, #684]	@ 10004a64 <tud_task_ext+0x558>
100047b8:	eb0c 1040 	add.w	r0, ip, r0, lsl #5
100047bc:	9000      	str	r0, [sp, #0]
100047be:	2a00      	cmp	r2, #0
100047c0:	f000 816a 	beq.w	10004a98 <tud_task_ext+0x58c>
100047c4:	9e00      	ldr	r6, [sp, #0]
100047c6:	6970      	ldr	r0, [r6, #20]
100047c8:	f000 fbe0 	bl	10004f8c <usbd_control_set_complete_callback>
100047cc:	2101      	movs	r1, #1
100047ce:	4658      	mov	r0, fp
100047d0:	6973      	ldr	r3, [r6, #20]
100047d2:	aa08      	add	r2, sp, #32
100047d4:	4798      	blx	r3
100047d6:	2800      	cmp	r0, #0
100047d8:	f47f aea5 	bne.w	10004526 <tud_task_ext+0x1a>
100047dc:	e7a9      	b.n	10004732 <tud_task_ext+0x226>
100047de:	f89d 3024 	ldrb.w	r3, [sp, #36]	@ 0x24
100047e2:	2b0f      	cmp	r3, #15
100047e4:	d8a5      	bhi.n	10004732 <tud_task_ext+0x226>
100047e6:	4a9e      	ldr	r2, [pc, #632]	@ (10004a60 <tud_task_ext+0x554>)
100047e8:	4453      	add	r3, sl
100047ea:	791b      	ldrb	r3, [r3, #4]
100047ec:	7812      	ldrb	r2, [r2, #0]
100047ee:	4293      	cmp	r3, r2
100047f0:	d335      	bcc.n	1000485e <tud_task_ext+0x352>
100047f2:	1c51      	adds	r1, r2, #1
100047f4:	4299      	cmp	r1, r3
100047f6:	db9c      	blt.n	10004732 <tud_task_ext+0x226>
100047f8:	4e9a      	ldr	r6, [pc, #616]	@ (10004a64 <tud_task_ext+0x558>)
100047fa:	1a9b      	subs	r3, r3, r2
100047fc:	eb06 1643 	add.w	r6, r6, r3, lsl #5
10004800:	6970      	ldr	r0, [r6, #20]
10004802:	f000 fbc3 	bl	10004f8c <usbd_control_set_complete_callback>
10004806:	2101      	movs	r1, #1
10004808:	4658      	mov	r0, fp
1000480a:	6973      	ldr	r3, [r6, #20]
1000480c:	aa08      	add	r2, sp, #32
1000480e:	4798      	blx	r3
10004810:	2800      	cmp	r0, #0
10004812:	f47f ae88 	bne.w	10004526 <tud_task_ext+0x1a>
10004816:	f89d 3020 	ldrb.w	r3, [sp, #32]
1000481a:	f013 0660 	ands.w	r6, r3, #96	@ 0x60
1000481e:	d188      	bne.n	10004732 <tud_task_ext+0x226>
10004820:	f89d 3021 	ldrb.w	r3, [sp, #33]	@ 0x21
10004824:	3b0a      	subs	r3, #10
10004826:	2b01      	cmp	r3, #1
10004828:	d883      	bhi.n	10004732 <tud_task_ext+0x226>
1000482a:	f000 fbaf 	bl	10004f8c <usbd_control_set_complete_callback>
1000482e:	f89d 3021 	ldrb.w	r3, [sp, #33]	@ 0x21
10004832:	2b0a      	cmp	r3, #10
10004834:	f000 8213 	beq.w	10004c5e <tud_task_ext+0x752>
10004838:	4658      	mov	r0, fp
1000483a:	a908      	add	r1, sp, #32
1000483c:	f000 fb26 	bl	10004e8c <tud_control_status>
10004840:	e671      	b.n	10004526 <tud_task_ext+0x1a>
10004842:	f8df c224 	ldr.w	ip, [pc, #548]	@ 10004a68 <tud_task_ext+0x55c>
10004846:	f8dc c000 	ldr.w	ip, [ip]
1000484a:	eb0c 1040 	add.w	r0, ip, r0, lsl #5
1000484e:	9000      	str	r0, [sp, #0]
10004850:	2a00      	cmp	r2, #0
10004852:	f000 8121 	beq.w	10004a98 <tud_task_ext+0x58c>
10004856:	2800      	cmp	r0, #0
10004858:	f43f af6b 	beq.w	10004732 <tud_task_ext+0x226>
1000485c:	e7b2      	b.n	100047c4 <tud_task_ext+0x2b8>
1000485e:	4a82      	ldr	r2, [pc, #520]	@ (10004a68 <tud_task_ext+0x55c>)
10004860:	6816      	ldr	r6, [r2, #0]
10004862:	eb16 1643 	adds.w	r6, r6, r3, lsl #5
10004866:	d1cb      	bne.n	10004800 <tud_task_ext+0x2f4>
10004868:	e763      	b.n	10004732 <tud_task_ext+0x226>
1000486a:	f89a 2001 	ldrb.w	r2, [sl, #1]
1000486e:	f89d 3022 	ldrb.w	r3, [sp, #34]	@ 0x22
10004872:	4293      	cmp	r3, r2
10004874:	f000 8164 	beq.w	10004b40 <tud_task_ext+0x634>
10004878:	f89a 2001 	ldrb.w	r2, [sl, #1]
1000487c:	2a00      	cmp	r2, #0
1000487e:	f040 81d8 	bne.w	10004c32 <tud_task_ext+0x726>
10004882:	f88a 3001 	strb.w	r3, [sl, #1]
10004886:	2b00      	cmp	r3, #0
10004888:	f000 8158 	beq.w	10004b3c <tud_task_ext+0x630>
1000488c:	3b01      	subs	r3, #1
1000488e:	b2d8      	uxtb	r0, r3
10004890:	f7ff fac0 	bl	10003e14 <tud_descriptor_configuration_cb>
10004894:	2800      	cmp	r0, #0
10004896:	f000 8174 	beq.w	10004b82 <tud_task_ext+0x676>
1000489a:	7843      	ldrb	r3, [r0, #1]
1000489c:	2b02      	cmp	r3, #2
1000489e:	f040 8170 	bne.w	10004b82 <tud_task_ext+0x676>
100048a2:	79c2      	ldrb	r2, [r0, #7]
100048a4:	f89a 1000 	ldrb.w	r1, [sl]
100048a8:	f3c2 1340 	ubfx	r3, r2, #5, #1
100048ac:	011b      	lsls	r3, r3, #4
100048ae:	f3c2 1280 	ubfx	r2, r2, #6, #1
100048b2:	f021 0130 	bic.w	r1, r1, #48	@ 0x30
100048b6:	ea43 1342 	orr.w	r3, r3, r2, lsl #5
100048ba:	430b      	orrs	r3, r1
100048bc:	f88a 3000 	strb.w	r3, [sl]
100048c0:	8843      	ldrh	r3, [r0, #2]
100048c2:	f100 0109 	add.w	r1, r0, #9
100048c6:	18c3      	adds	r3, r0, r3
100048c8:	9302      	str	r3, [sp, #8]
100048ca:	9b02      	ldr	r3, [sp, #8]
100048cc:	428b      	cmp	r3, r1
100048ce:	f240 81c3 	bls.w	10004c58 <tud_task_ext+0x74c>
100048d2:	784b      	ldrb	r3, [r1, #1]
100048d4:	2b0b      	cmp	r3, #11
100048d6:	f000 81cc 	beq.w	10004c72 <tud_task_ext+0x766>
100048da:	2001      	movs	r0, #1
100048dc:	2b04      	cmp	r3, #4
100048de:	f040 8150 	bne.w	10004b82 <tud_task_ext+0x676>
100048e2:	2200      	movs	r2, #0
100048e4:	9b02      	ldr	r3, [sp, #8]
100048e6:	9200      	str	r2, [sp, #0]
100048e8:	1a5b      	subs	r3, r3, r1
100048ea:	fa1f f983 	uxth.w	r9, r3
100048ee:	4b5c      	ldr	r3, [pc, #368]	@ (10004a60 <tud_task_ext+0x554>)
100048f0:	9201      	str	r2, [sp, #4]
100048f2:	781b      	ldrb	r3, [r3, #0]
100048f4:	9003      	str	r0, [sp, #12]
100048f6:	e01f      	b.n	10004938 <tud_task_ext+0x42c>
100048f8:	4b5b      	ldr	r3, [pc, #364]	@ (10004a68 <tud_task_ext+0x55c>)
100048fa:	681b      	ldr	r3, [r3, #0]
100048fc:	eb13 1342 	adds.w	r3, r3, r2, lsl #5
10004900:	f000 813f 	beq.w	10004b82 <tud_task_ext+0x676>
10004904:	464a      	mov	r2, r9
10004906:	691e      	ldr	r6, [r3, #16]
10004908:	4658      	mov	r0, fp
1000490a:	9105      	str	r1, [sp, #20]
1000490c:	9304      	str	r3, [sp, #16]
1000490e:	47b0      	blx	r6
10004910:	4602      	mov	r2, r0
10004912:	9b00      	ldr	r3, [sp, #0]
10004914:	2a08      	cmp	r2, #8
10004916:	9905      	ldr	r1, [sp, #20]
10004918:	f103 0001 	add.w	r0, r3, #1
1000491c:	d903      	bls.n	10004926 <tud_task_ext+0x41a>
1000491e:	4591      	cmp	r9, r2
10004920:	9b04      	ldr	r3, [sp, #16]
10004922:	f080 8112 	bcs.w	10004b4a <tud_task_ext+0x63e>
10004926:	4b4e      	ldr	r3, [pc, #312]	@ (10004a60 <tud_task_ext+0x554>)
10004928:	b2c0      	uxtb	r0, r0
1000492a:	781b      	ldrb	r3, [r3, #0]
1000492c:	9000      	str	r0, [sp, #0]
1000492e:	1c5a      	adds	r2, r3, #1
10004930:	4290      	cmp	r0, r2
10004932:	9001      	str	r0, [sp, #4]
10004934:	f300 8125 	bgt.w	10004b82 <tud_task_ext+0x676>
10004938:	9a00      	ldr	r2, [sp, #0]
1000493a:	9801      	ldr	r0, [sp, #4]
1000493c:	4293      	cmp	r3, r2
1000493e:	eba0 0303 	sub.w	r3, r0, r3
10004942:	d8d9      	bhi.n	100048f8 <tud_task_ext+0x3ec>
10004944:	4a47      	ldr	r2, [pc, #284]	@ (10004a64 <tud_task_ext+0x558>)
10004946:	eb02 1343 	add.w	r3, r2, r3, lsl #5
1000494a:	e7db      	b.n	10004904 <tud_task_ext+0x3f8>
1000494c:	f89a 3001 	ldrb.w	r3, [sl, #1]
10004950:	4658      	mov	r0, fp
10004952:	f88d 301a 	strb.w	r3, [sp, #26]
10004956:	f10d 021a 	add.w	r2, sp, #26
1000495a:	2301      	movs	r3, #1
1000495c:	a908      	add	r1, sp, #32
1000495e:	f000 fab1 	bl	10004ec4 <tud_control_xfer>
10004962:	e5e0      	b.n	10004526 <tud_task_ext+0x1a>
10004964:	f8bd 0022 	ldrh.w	r0, [sp, #34]	@ 0x22
10004968:	0a03      	lsrs	r3, r0, #8
1000496a:	1e5a      	subs	r2, r3, #1
1000496c:	b2c0      	uxtb	r0, r0
1000496e:	2a0e      	cmp	r2, #14
10004970:	f63f aedf 	bhi.w	10004732 <tud_task_ext+0x226>
10004974:	a101      	add	r1, pc, #4	@ (adr r1, 1000497c <tud_task_ext+0x470>)
10004976:	f851 f022 	ldr.w	pc, [r1, r2, lsl #2]
1000497a:	bf00      	nop
1000497c:	10004bb5 	.word	0x10004bb5
10004980:	10004a3b 	.word	0x10004a3b
10004984:	10004bf1 	.word	0x10004bf1
10004988:	10004733 	.word	0x10004733
1000498c:	10004733 	.word	0x10004733
10004990:	10004bd3 	.word	0x10004bd3
10004994:	10004a3b 	.word	0x10004a3b
10004998:	10004733 	.word	0x10004733
1000499c:	10004733 	.word	0x10004733
100049a0:	10004733 	.word	0x10004733
100049a4:	10004733 	.word	0x10004733
100049a8:	10004733 	.word	0x10004733
100049ac:	10004733 	.word	0x10004733
100049b0:	10004733 	.word	0x10004733
100049b4:	10004ba7 	.word	0x10004ba7
100049b8:	a808      	add	r0, sp, #32
100049ba:	f000 faed 	bl	10004f98 <usbd_control_set_request>
100049be:	4658      	mov	r0, fp
100049c0:	f89d 1022 	ldrb.w	r1, [sp, #34]	@ 0x22
100049c4:	f7ff fb9a 	bl	100040fc <dcd_set_address>
100049c8:	f89a 3000 	ldrb.w	r3, [sl]
100049cc:	f043 0302 	orr.w	r3, r3, #2
100049d0:	f88a 3000 	strb.w	r3, [sl]
100049d4:	e5a7      	b.n	10004526 <tud_task_ext+0x1a>
100049d6:	f8bd 3022 	ldrh.w	r3, [sp, #34]	@ 0x22
100049da:	2b01      	cmp	r3, #1
100049dc:	f47f aea9 	bne.w	10004732 <tud_task_ext+0x226>
100049e0:	f89a 3000 	ldrb.w	r3, [sl]
100049e4:	4658      	mov	r0, fp
100049e6:	f023 0308 	bic.w	r3, r3, #8
100049ea:	a908      	add	r1, sp, #32
100049ec:	f88a 3000 	strb.w	r3, [sl]
100049f0:	f000 fa4c 	bl	10004e8c <tud_control_status>
100049f4:	e597      	b.n	10004526 <tud_task_ext+0x1a>
100049f6:	4658      	mov	r0, fp
100049f8:	f89a 3000 	ldrb.w	r3, [sl]
100049fc:	089a      	lsrs	r2, r3, #2
100049fe:	f002 0202 	and.w	r2, r2, #2
10004a02:	f3c3 1340 	ubfx	r3, r3, #5, #1
10004a06:	4313      	orrs	r3, r2
10004a08:	f8ad 301a 	strh.w	r3, [sp, #26]
10004a0c:	f10d 021a 	add.w	r2, sp, #26
10004a10:	2302      	movs	r3, #2
10004a12:	a908      	add	r1, sp, #32
10004a14:	f000 fa56 	bl	10004ec4 <tud_control_xfer>
10004a18:	e585      	b.n	10004526 <tud_task_ext+0x1a>
10004a1a:	f8bd 3022 	ldrh.w	r3, [sp, #34]	@ 0x22
10004a1e:	2b01      	cmp	r3, #1
10004a20:	f47f ae87 	bne.w	10004732 <tud_task_ext+0x226>
10004a24:	f89a 3000 	ldrb.w	r3, [sl]
10004a28:	4658      	mov	r0, fp
10004a2a:	f043 0308 	orr.w	r3, r3, #8
10004a2e:	a908      	add	r1, sp, #32
10004a30:	f88a 3000 	strb.w	r3, [sl]
10004a34:	f000 fa2a 	bl	10004e8c <tud_control_status>
10004a38:	e575      	b.n	10004526 <tud_task_ext+0x1a>
10004a3a:	2b02      	cmp	r3, #2
10004a3c:	f43f ae6c 	beq.w	10004718 <tud_task_ext+0x20c>
10004a40:	f7ff fcd2 	bl	100043e8 <tud_descriptor_other_speed_configuration_cb>
10004a44:	4602      	mov	r2, r0
10004a46:	2800      	cmp	r0, #0
10004a48:	f43f ae73 	beq.w	10004732 <tud_task_ext+0x226>
10004a4c:	4658      	mov	r0, fp
10004a4e:	8853      	ldrh	r3, [r2, #2]
10004a50:	a908      	add	r1, sp, #32
10004a52:	f000 fa37 	bl	10004ec4 <tud_control_xfer>
10004a56:	2800      	cmp	r0, #0
10004a58:	f47f ad65 	bne.w	10004526 <tud_task_ext+0x1a>
10004a5c:	e669      	b.n	10004732 <tud_task_ext+0x226>
10004a5e:	bf00      	nop
10004a60:	20001e7d 	.word	0x20001e7d
10004a64:	1000769c 	.word	0x1000769c
10004a68:	200014b0 	.word	0x200014b0
10004a6c:	f89d 3024 	ldrb.w	r3, [sp, #36]	@ 0x24
10004a70:	2b0f      	cmp	r3, #15
10004a72:	f63f ae5e 	bhi.w	10004732 <tud_task_ext+0x226>
10004a76:	4a92      	ldr	r2, [pc, #584]	@ (10004cc0 <tud_task_ext+0x7b4>)
10004a78:	4453      	add	r3, sl
10004a7a:	791b      	ldrb	r3, [r3, #4]
10004a7c:	7812      	ldrb	r2, [r2, #0]
10004a7e:	4293      	cmp	r3, r2
10004a80:	d21e      	bcs.n	10004ac0 <tud_task_ext+0x5b4>
10004a82:	4a90      	ldr	r2, [pc, #576]	@ (10004cc4 <tud_task_ext+0x7b8>)
10004a84:	6816      	ldr	r6, [r2, #0]
10004a86:	eb16 1643 	adds.w	r6, r6, r3, lsl #5
10004a8a:	f47f ae9c 	bne.w	100047c6 <tud_task_ext+0x2ba>
10004a8e:	e650      	b.n	10004732 <tud_task_ext+0x226>
10004a90:	2a00      	cmp	r2, #0
10004a92:	f47f ae4e 	bne.w	10004732 <tud_task_ext+0x226>
10004a96:	9200      	str	r2, [sp, #0]
10004a98:	f89d c021 	ldrb.w	ip, [sp, #33]	@ 0x21
10004a9c:	f00c 02fd 	and.w	r2, ip, #253	@ 0xfd
10004aa0:	2a01      	cmp	r2, #1
10004aa2:	d016      	beq.n	10004ad2 <tud_task_ext+0x5c6>
10004aa4:	f1bc 0f00 	cmp.w	ip, #0
10004aa8:	f47f ae3c 	bne.w	10004724 <tud_task_ext+0x218>
10004aac:	eb0a 0343 	add.w	r3, sl, r3, lsl #1
10004ab0:	eb03 13d1 	add.w	r3, r3, r1, lsr #7
10004ab4:	f893 3034 	ldrb.w	r3, [r3, #52]	@ 0x34
10004ab8:	4658      	mov	r0, fp
10004aba:	f3c3 0340 	ubfx	r3, r3, #1, #1
10004abe:	e7a3      	b.n	10004a08 <tud_task_ext+0x4fc>
10004ac0:	1c51      	adds	r1, r2, #1
10004ac2:	4299      	cmp	r1, r3
10004ac4:	f6ff ae35 	blt.w	10004732 <tud_task_ext+0x226>
10004ac8:	4e7f      	ldr	r6, [pc, #508]	@ (10004cc8 <tud_task_ext+0x7bc>)
10004aca:	1a9b      	subs	r3, r3, r2
10004acc:	eb06 1643 	add.w	r6, r6, r3, lsl #5
10004ad0:	e679      	b.n	100047c6 <tud_task_ext+0x2ba>
10004ad2:	f8bd 2022 	ldrh.w	r2, [sp, #34]	@ 0x22
10004ad6:	b9da      	cbnz	r2, 10004b10 <tud_task_ext+0x604>
10004ad8:	487c      	ldr	r0, [pc, #496]	@ (10004ccc <tud_task_ext+0x7c0>)
10004ada:	f1bc 0f01 	cmp.w	ip, #1
10004ade:	7800      	ldrb	r0, [r0, #0]
10004ae0:	f000 808e 	beq.w	10004c00 <tud_task_ext+0x6f4>
10004ae4:	e9cd 1301 	strd	r1, r3, [sp, #4]
10004ae8:	f7ff fbc8 	bl	1000427c <dcd_edpt_stall>
10004aec:	9b02      	ldr	r3, [sp, #8]
10004aee:	9901      	ldr	r1, [sp, #4]
10004af0:	eb0a 0343 	add.w	r3, sl, r3, lsl #1
10004af4:	eb03 13d1 	add.w	r3, r3, r1, lsr #7
10004af8:	f893 2034 	ldrb.w	r2, [r3, #52]	@ 0x34
10004afc:	f042 0202 	orr.w	r2, r2, #2
10004b00:	f883 2034 	strb.w	r2, [r3, #52]	@ 0x34
10004b04:	f893 2034 	ldrb.w	r2, [r3, #52]	@ 0x34
10004b08:	f042 0201 	orr.w	r2, r2, #1
10004b0c:	f883 2034 	strb.w	r2, [r3, #52]	@ 0x34
10004b10:	9b00      	ldr	r3, [sp, #0]
10004b12:	2b00      	cmp	r3, #0
10004b14:	f43f ad07 	beq.w	10004526 <tud_task_ext+0x1a>
10004b18:	461e      	mov	r6, r3
10004b1a:	6958      	ldr	r0, [r3, #20]
10004b1c:	f000 fa36 	bl	10004f8c <usbd_control_set_complete_callback>
10004b20:	6973      	ldr	r3, [r6, #20]
10004b22:	2101      	movs	r1, #1
10004b24:	aa08      	add	r2, sp, #32
10004b26:	4658      	mov	r0, fp
10004b28:	4798      	blx	r3
10004b2a:	2000      	movs	r0, #0
10004b2c:	f000 fa2e 	bl	10004f8c <usbd_control_set_complete_callback>
10004b30:	f89a 3035 	ldrb.w	r3, [sl, #53]	@ 0x35
10004b34:	07db      	lsls	r3, r3, #31
10004b36:	f53f acf6 	bmi.w	10004526 <tud_task_ext+0x1a>
10004b3a:	e67d      	b.n	10004838 <tud_task_ext+0x32c>
10004b3c:	f7ff fc58 	bl	100043f0 <tud_umount_cb>
10004b40:	4658      	mov	r0, fp
10004b42:	a908      	add	r1, sp, #32
10004b44:	f000 f9a2 	bl	10004e8c <tud_control_status>
10004b48:	e4ed      	b.n	10004526 <tud_task_ext+0x1a>
10004b4a:	9803      	ldr	r0, [sp, #12]
10004b4c:	2801      	cmp	r0, #1
10004b4e:	f000 80a6 	beq.w	10004c9e <tud_task_ext+0x792>
10004b52:	2800      	cmp	r0, #0
10004b54:	f000 8092 	beq.w	10004c7c <tud_task_ext+0x770>
10004b58:	2300      	movs	r3, #0
10004b5a:	f891 e002 	ldrb.w	lr, [r1, #2]
10004b5e:	e007      	b.n	10004b70 <tud_task_ext+0x664>
10004b60:	9e00      	ldr	r6, [sp, #0]
10004b62:	f88c 6004 	strb.w	r6, [ip, #4]
10004b66:	fa5f fc83 	uxtb.w	ip, r3
10004b6a:	4560      	cmp	r0, ip
10004b6c:	f240 8086 	bls.w	10004c7c <tud_task_ext+0x770>
10004b70:	eb0e 0c03 	add.w	ip, lr, r3
10004b74:	fa5a fc8c 	uxtab	ip, sl, ip
10004b78:	f89c 6004 	ldrb.w	r6, [ip, #4]
10004b7c:	3301      	adds	r3, #1
10004b7e:	2eff      	cmp	r6, #255	@ 0xff
10004b80:	d0ee      	beq.n	10004b60 <tud_task_ext+0x654>
10004b82:	f04f 23e0 	mov.w	r3, #3758153728	@ 0xe000e000
10004b86:	f8d3 3df0 	ldr.w	r3, [r3, #3568]	@ 0xdf0
10004b8a:	07d9      	lsls	r1, r3, #31
10004b8c:	d500      	bpl.n	10004b90 <tud_task_ext+0x684>
10004b8e:	be00      	bkpt	0x0000
10004b90:	f04f 23e0 	mov.w	r3, #3758153728	@ 0xe000e000
10004b94:	f8d3 3df0 	ldr.w	r3, [r3, #3568]	@ 0xdf0
10004b98:	07da      	lsls	r2, r3, #31
10004b9a:	d500      	bpl.n	10004b9e <tud_task_ext+0x692>
10004b9c:	be00      	bkpt	0x0000
10004b9e:	2300      	movs	r3, #0
10004ba0:	f88a 3001 	strb.w	r3, [sl, #1]
10004ba4:	e5c5      	b.n	10004732 <tud_task_ext+0x226>
10004ba6:	f7fe fee7 	bl	10003978 <tud_descriptor_bos_cb>
10004baa:	4602      	mov	r2, r0
10004bac:	2800      	cmp	r0, #0
10004bae:	f47f af4d 	bne.w	10004a4c <tud_task_ext+0x540>
10004bb2:	e5be      	b.n	10004732 <tud_task_ext+0x226>
10004bb4:	f7ff f92a 	bl	10003e0c <tud_descriptor_device_cb>
10004bb8:	4602      	mov	r2, r0
10004bba:	2800      	cmp	r0, #0
10004bbc:	f43f adb2 	beq.w	10004724 <tud_task_ext+0x218>
10004bc0:	4658      	mov	r0, fp
10004bc2:	2312      	movs	r3, #18
10004bc4:	a908      	add	r1, sp, #32
10004bc6:	f000 f97d 	bl	10004ec4 <tud_control_xfer>
10004bca:	2800      	cmp	r0, #0
10004bcc:	f47f acab 	bne.w	10004526 <tud_task_ext+0x1a>
10004bd0:	e5af      	b.n	10004732 <tud_task_ext+0x226>
10004bd2:	f7ff fc07 	bl	100043e4 <tud_descriptor_device_qualifier_cb>
10004bd6:	4602      	mov	r2, r0
10004bd8:	2800      	cmp	r0, #0
10004bda:	f43f adaa 	beq.w	10004732 <tud_task_ext+0x226>
10004bde:	4658      	mov	r0, fp
10004be0:	7813      	ldrb	r3, [r2, #0]
10004be2:	a908      	add	r1, sp, #32
10004be4:	f000 f96e 	bl	10004ec4 <tud_control_xfer>
10004be8:	2800      	cmp	r0, #0
10004bea:	f47f ac9c 	bne.w	10004526 <tud_task_ext+0x1a>
10004bee:	e5a0      	b.n	10004732 <tud_task_ext+0x226>
10004bf0:	f8bd 1024 	ldrh.w	r1, [sp, #36]	@ 0x24
10004bf4:	f7ff f912 	bl	10003e1c <tud_descriptor_string_cb>
10004bf8:	4602      	mov	r2, r0
10004bfa:	2800      	cmp	r0, #0
10004bfc:	d1ef      	bne.n	10004bde <tud_task_ext+0x6d2>
10004bfe:	e598      	b.n	10004732 <tud_task_ext+0x226>
10004c00:	e9cd 3202 	strd	r3, r2, [sp, #8]
10004c04:	9101      	str	r1, [sp, #4]
10004c06:	f7ff fb51 	bl	100042ac <dcd_edpt_clear_stall>
10004c0a:	9b02      	ldr	r3, [sp, #8]
10004c0c:	9901      	ldr	r1, [sp, #4]
10004c0e:	eb0a 0343 	add.w	r3, sl, r3, lsl #1
10004c12:	eb03 13d1 	add.w	r3, r3, r1, lsr #7
10004c16:	f893 1034 	ldrb.w	r1, [r3, #52]	@ 0x34
10004c1a:	9a03      	ldr	r2, [sp, #12]
10004c1c:	f362 0141 	bfi	r1, r2, #1, #1
10004c20:	f883 1034 	strb.w	r1, [r3, #52]	@ 0x34
10004c24:	f893 1034 	ldrb.w	r1, [r3, #52]	@ 0x34
10004c28:	f362 0100 	bfi	r1, r2, #0, #1
10004c2c:	f883 1034 	strb.w	r1, [r3, #52]	@ 0x34
10004c30:	e76e      	b.n	10004b10 <tud_task_ext+0x604>
10004c32:	2100      	movs	r1, #0
10004c34:	4658      	mov	r0, fp
10004c36:	9301      	str	r3, [sp, #4]
10004c38:	f7ff fa68 	bl	1000410c <dcd_sof_enable>
10004c3c:	4658      	mov	r0, fp
10004c3e:	f7ff fb07 	bl	10004250 <dcd_edpt_close_all>
10004c42:	f89a 2002 	ldrb.w	r2, [sl, #2]
10004c46:	4658      	mov	r0, fp
10004c48:	9200      	str	r2, [sp, #0]
10004c4a:	f7ff fb81 	bl	10004350 <configuration_reset>
10004c4e:	9a00      	ldr	r2, [sp, #0]
10004c50:	9b01      	ldr	r3, [sp, #4]
10004c52:	f88a 2002 	strb.w	r2, [sl, #2]
10004c56:	e614      	b.n	10004882 <tud_task_ext+0x376>
10004c58:	f7ff fbc8 	bl	100043ec <tud_mount_cb>
10004c5c:	e770      	b.n	10004b40 <tud_task_ext+0x634>
10004c5e:	4658      	mov	r0, fp
10004c60:	2301      	movs	r3, #1
10004c62:	a908      	add	r1, sp, #32
10004c64:	f10d 021a 	add.w	r2, sp, #26
10004c68:	f88d 601a 	strb.w	r6, [sp, #26]
10004c6c:	f000 f92a 	bl	10004ec4 <tud_control_xfer>
10004c70:	e459      	b.n	10004526 <tud_task_ext+0x1a>
10004c72:	780b      	ldrb	r3, [r1, #0]
10004c74:	78c8      	ldrb	r0, [r1, #3]
10004c76:	4419      	add	r1, r3
10004c78:	784b      	ldrb	r3, [r1, #1]
10004c7a:	e62f      	b.n	100048dc <tud_task_ext+0x3d0>
10004c7c:	9b00      	ldr	r3, [sp, #0]
10004c7e:	4814      	ldr	r0, [pc, #80]	@ (10004cd0 <tud_task_ext+0x7c4>)
10004c80:	9203      	str	r2, [sp, #12]
10004c82:	9100      	str	r1, [sp, #0]
10004c84:	f000 febc 	bl	10005a00 <tu_edpt_bind_driver>
10004c88:	4b0d      	ldr	r3, [pc, #52]	@ (10004cc0 <tud_task_ext+0x7b4>)
10004c8a:	9a03      	ldr	r2, [sp, #12]
10004c8c:	9900      	ldr	r1, [sp, #0]
10004c8e:	781b      	ldrb	r3, [r3, #0]
10004c90:	4411      	add	r1, r2
10004c92:	9a01      	ldr	r2, [sp, #4]
10004c94:	3301      	adds	r3, #1
10004c96:	4293      	cmp	r3, r2
10004c98:	f6bf ae17 	bge.w	100048ca <tud_task_ext+0x3be>
10004c9c:	e771      	b.n	10004b82 <tud_task_ext+0x676>
10004c9e:	f8d3 c010 	ldr.w	ip, [r3, #16]
10004ca2:	4b0c      	ldr	r3, [pc, #48]	@ (10004cd4 <tud_task_ext+0x7c8>)
10004ca4:	459c      	cmp	ip, r3
10004ca6:	bf08      	it	eq
10004ca8:	2002      	moveq	r0, #2
10004caa:	e755      	b.n	10004b58 <tud_task_ext+0x64c>
10004cac:	f04f 23e0 	mov.w	r3, #3758153728	@ 0xe000e000
10004cb0:	f8d3 3df0 	ldr.w	r3, [r3, #3568]	@ 0xdf0
10004cb4:	07db      	lsls	r3, r3, #31
10004cb6:	f57f ac36 	bpl.w	10004526 <tud_task_ext+0x1a>
10004cba:	be00      	bkpt	0x0000
10004cbc:	e433      	b.n	10004526 <tud_task_ext+0x1a>
10004cbe:	bf00      	nop
10004cc0:	20001e7d 	.word	0x20001e7d
10004cc4:	200014b0 	.word	0x200014b0
10004cc8:	1000769c 	.word	0x1000769c
10004ccc:	20001254 	.word	0x20001254
10004cd0:	200015cc 	.word	0x200015cc
10004cd4:	100053dd 	.word	0x100053dd

10004cd8 <usbd_open_edpt_pair>:
10004cd8:	e92d 4ff8 	stmdb	sp!, {r3, r4, r5, r6, r7, r8, r9, sl, fp, lr}
10004cdc:	9f0a      	ldr	r7, [sp, #40]	@ 0x28
10004cde:	2a00      	cmp	r2, #0
10004ce0:	d040      	beq.n	10004d64 <usbd_open_edpt_pair+0x8c>
10004ce2:	460c      	mov	r4, r1
10004ce4:	461e      	mov	r6, r3
10004ce6:	4615      	mov	r5, r2
10004ce8:	f04f 0b00 	mov.w	fp, #0
10004cec:	f8df 9080 	ldr.w	r9, [pc, #128]	@ 10004d70 <usbd_open_edpt_pair+0x98>
10004cf0:	f8df 8080 	ldr.w	r8, [pc, #128]	@ 10004d74 <usbd_open_edpt_pair+0x9c>
10004cf4:	e016      	b.n	10004d24 <usbd_open_edpt_pair+0x4c>
10004cf6:	4620      	mov	r0, r4
10004cf8:	f898 1002 	ldrb.w	r1, [r8, #2]
10004cfc:	f899 a000 	ldrb.w	sl, [r9]
10004d00:	f000 fe4e 	bl	100059a0 <tu_edpt_validate>
10004d04:	b1d0      	cbz	r0, 10004d3c <usbd_open_edpt_pair+0x64>
10004d06:	4621      	mov	r1, r4
10004d08:	4650      	mov	r0, sl
10004d0a:	f7ff fa1b 	bl	10004144 <dcd_edpt_open>
10004d0e:	b1e0      	cbz	r0, 10004d4a <usbd_open_edpt_pair+0x72>
10004d10:	78a3      	ldrb	r3, [r4, #2]
10004d12:	f10b 0b01 	add.w	fp, fp, #1
10004d16:	09da      	lsrs	r2, r3, #7
10004d18:	d120      	bne.n	10004d5c <usbd_open_edpt_pair+0x84>
10004d1a:	45ab      	cmp	fp, r5
10004d1c:	703b      	strb	r3, [r7, #0]
10004d1e:	d021      	beq.n	10004d64 <usbd_open_edpt_pair+0x8c>
10004d20:	7823      	ldrb	r3, [r4, #0]
10004d22:	441c      	add	r4, r3
10004d24:	7863      	ldrb	r3, [r4, #1]
10004d26:	2b05      	cmp	r3, #5
10004d28:	d10f      	bne.n	10004d4a <usbd_open_edpt_pair+0x72>
10004d2a:	78e1      	ldrb	r1, [r4, #3]
10004d2c:	f001 0103 	and.w	r1, r1, #3
10004d30:	42b1      	cmp	r1, r6
10004d32:	d10a      	bne.n	10004d4a <usbd_open_edpt_pair+0x72>
10004d34:	78a3      	ldrb	r3, [r4, #2]
10004d36:	f013 0f70 	tst.w	r3, #112	@ 0x70
10004d3a:	d0dc      	beq.n	10004cf6 <usbd_open_edpt_pair+0x1e>
10004d3c:	f04f 23e0 	mov.w	r3, #3758153728	@ 0xe000e000
10004d40:	f8d3 3df0 	ldr.w	r3, [r3, #3568]	@ 0xdf0
10004d44:	07da      	lsls	r2, r3, #31
10004d46:	d500      	bpl.n	10004d4a <usbd_open_edpt_pair+0x72>
10004d48:	be00      	bkpt	0x0000
10004d4a:	f04f 23e0 	mov.w	r3, #3758153728	@ 0xe000e000
10004d4e:	f8d3 3df0 	ldr.w	r3, [r3, #3568]	@ 0xdf0
10004d52:	07db      	lsls	r3, r3, #31
10004d54:	d409      	bmi.n	10004d6a <usbd_open_edpt_pair+0x92>
10004d56:	2000      	movs	r0, #0
10004d58:	e8bd 8ff8 	ldmia.w	sp!, {r3, r4, r5, r6, r7, r8, r9, sl, fp, pc}
10004d5c:	9a0b      	ldr	r2, [sp, #44]	@ 0x2c
10004d5e:	45ab      	cmp	fp, r5
10004d60:	7013      	strb	r3, [r2, #0]
10004d62:	d1dd      	bne.n	10004d20 <usbd_open_edpt_pair+0x48>
10004d64:	2001      	movs	r0, #1
10004d66:	e8bd 8ff8 	ldmia.w	sp!, {r3, r4, r5, r6, r7, r8, r9, sl, fp, pc}
10004d6a:	be00      	bkpt	0x0000
10004d6c:	e7f3      	b.n	10004d56 <usbd_open_edpt_pair+0x7e>
10004d6e:	bf00      	nop
10004d70:	20001254 	.word	0x20001254
10004d74:	200015b8 	.word	0x200015b8

10004d78 <usbd_edpt_open>:
10004d78:	788b      	ldrb	r3, [r1, #2]
10004d7a:	f013 0f70 	tst.w	r3, #112	@ 0x70
10004d7e:	d008      	beq.n	10004d92 <usbd_edpt_open+0x1a>
10004d80:	f04f 23e0 	mov.w	r3, #3758153728	@ 0xe000e000
10004d84:	f8d3 3df0 	ldr.w	r3, [r3, #3568]	@ 0xdf0
10004d88:	07da      	lsls	r2, r3, #31
10004d8a:	d500      	bpl.n	10004d8e <usbd_edpt_open+0x16>
10004d8c:	be00      	bkpt	0x0000
10004d8e:	2000      	movs	r0, #0
10004d90:	4770      	bx	lr
10004d92:	b510      	push	{r4, lr}
10004d94:	b082      	sub	sp, #8
10004d96:	4608      	mov	r0, r1
10004d98:	9101      	str	r1, [sp, #4]
10004d9a:	490c      	ldr	r1, [pc, #48]	@ (10004dcc <usbd_edpt_open+0x54>)
10004d9c:	4a0c      	ldr	r2, [pc, #48]	@ (10004dd0 <usbd_edpt_open+0x58>)
10004d9e:	7889      	ldrb	r1, [r1, #2]
10004da0:	7814      	ldrb	r4, [r2, #0]
10004da2:	f000 fdfd 	bl	100059a0 <tu_edpt_validate>
10004da6:	b948      	cbnz	r0, 10004dbc <usbd_edpt_open+0x44>
10004da8:	f04f 23e0 	mov.w	r3, #3758153728	@ 0xe000e000
10004dac:	f8d3 3df0 	ldr.w	r3, [r3, #3568]	@ 0xdf0
10004db0:	07db      	lsls	r3, r3, #31
10004db2:	d500      	bpl.n	10004db6 <usbd_edpt_open+0x3e>
10004db4:	be00      	bkpt	0x0000
10004db6:	2000      	movs	r0, #0
10004db8:	b002      	add	sp, #8
10004dba:	bd10      	pop	{r4, pc}
10004dbc:	4620      	mov	r0, r4
10004dbe:	9901      	ldr	r1, [sp, #4]
10004dc0:	b002      	add	sp, #8
10004dc2:	e8bd 4010 	ldmia.w	sp!, {r4, lr}
10004dc6:	f7ff b9bd 	b.w	10004144 <dcd_edpt_open>
10004dca:	bf00      	nop
10004dcc:	200015b8 	.word	0x200015b8
10004dd0:	20001254 	.word	0x20001254

10004dd4 <usbd_edpt_claim>:
10004dd4:	460a      	mov	r2, r1
10004dd6:	4b06      	ldr	r3, [pc, #24]	@ (10004df0 <usbd_edpt_claim+0x1c>)
10004dd8:	4806      	ldr	r0, [pc, #24]	@ (10004df4 <usbd_edpt_claim+0x20>)
10004dda:	6819      	ldr	r1, [r3, #0]
10004ddc:	09d3      	lsrs	r3, r2, #7
10004dde:	3334      	adds	r3, #52	@ 0x34
10004de0:	f002 027f 	and.w	r2, r2, #127	@ 0x7f
10004de4:	eb03 0342 	add.w	r3, r3, r2, lsl #1
10004de8:	4418      	add	r0, r3
10004dea:	f000 bd8d 	b.w	10005908 <tu_edpt_claim>
10004dee:	bf00      	nop
10004df0:	2000160c 	.word	0x2000160c
10004df4:	200015b8 	.word	0x200015b8

10004df8 <usbd_edpt_release>:
10004df8:	460a      	mov	r2, r1
10004dfa:	4b06      	ldr	r3, [pc, #24]	@ (10004e14 <usbd_edpt_release+0x1c>)
10004dfc:	4806      	ldr	r0, [pc, #24]	@ (10004e18 <usbd_edpt_release+0x20>)
10004dfe:	6819      	ldr	r1, [r3, #0]
10004e00:	09d3      	lsrs	r3, r2, #7
10004e02:	3334      	adds	r3, #52	@ 0x34
10004e04:	f002 027f 	and.w	r2, r2, #127	@ 0x7f
10004e08:	eb03 0342 	add.w	r3, r3, r2, lsl #1
10004e0c:	4418      	add	r0, r3
10004e0e:	f000 bdab 	b.w	10005968 <tu_edpt_release>
10004e12:	bf00      	nop
10004e14:	2000160c 	.word	0x2000160c
10004e18:	200015b8 	.word	0x200015b8

10004e1c <usbd_edpt_xfer>:
10004e1c:	b510      	push	{r4, lr}
10004e1e:	4819      	ldr	r0, [pc, #100]	@ (10004e84 <usbd_edpt_xfer+0x68>)
10004e20:	f001 047f 	and.w	r4, r1, #127	@ 0x7f
10004e24:	eb00 0044 	add.w	r0, r0, r4, lsl #1
10004e28:	eb00 10d1 	add.w	r0, r0, r1, lsr #7
10004e2c:	f890 c034 	ldrb.w	ip, [r0, #52]	@ 0x34
10004e30:	f01c 0f01 	tst.w	ip, #1
10004e34:	d008      	beq.n	10004e48 <usbd_edpt_xfer+0x2c>
10004e36:	f04f 23e0 	mov.w	r3, #3758153728	@ 0xe000e000
10004e3a:	f8d3 3df0 	ldr.w	r3, [r3, #3568]	@ 0xdf0
10004e3e:	07da      	lsls	r2, r3, #31
10004e40:	d500      	bpl.n	10004e44 <usbd_edpt_xfer+0x28>
10004e42:	be00      	bkpt	0x0000
10004e44:	2000      	movs	r0, #0
10004e46:	bd10      	pop	{r4, pc}
10004e48:	f100 0430 	add.w	r4, r0, #48	@ 0x30
10004e4c:	f894 c004 	ldrb.w	ip, [r4, #4]
10004e50:	480d      	ldr	r0, [pc, #52]	@ (10004e88 <usbd_edpt_xfer+0x6c>)
10004e52:	f04c 0c01 	orr.w	ip, ip, #1
10004e56:	7800      	ldrb	r0, [r0, #0]
10004e58:	f884 c004 	strb.w	ip, [r4, #4]
10004e5c:	f7ff f9fa 	bl	10004254 <dcd_edpt_xfer>
10004e60:	2800      	cmp	r0, #0
10004e62:	d1f0      	bne.n	10004e46 <usbd_edpt_xfer+0x2a>
10004e64:	f04f 21e0 	mov.w	r1, #3758153728	@ 0xe000e000
10004e68:	7922      	ldrb	r2, [r4, #4]
10004e6a:	f360 0200 	bfi	r2, r0, #0, #1
10004e6e:	7122      	strb	r2, [r4, #4]
10004e70:	7922      	ldrb	r2, [r4, #4]
10004e72:	f360 0282 	bfi	r2, r0, #2, #1
10004e76:	7122      	strb	r2, [r4, #4]
10004e78:	f8d1 3df0 	ldr.w	r3, [r1, #3568]	@ 0xdf0
10004e7c:	07db      	lsls	r3, r3, #31
10004e7e:	d5e1      	bpl.n	10004e44 <usbd_edpt_xfer+0x28>
10004e80:	be00      	bkpt	0x0000
10004e82:	e7df      	b.n	10004e44 <usbd_edpt_xfer+0x28>
10004e84:	200015b8 	.word	0x200015b8
10004e88:	20001254 	.word	0x20001254

10004e8c <tud_control_status>:
10004e8c:	f8df c030 	ldr.w	ip, [pc, #48]	@ 10004ec0 <tud_control_status+0x34>
10004e90:	2300      	movs	r3, #0
10004e92:	4662      	mov	r2, ip
10004e94:	b510      	push	{r4, lr}
10004e96:	468e      	mov	lr, r1
10004e98:	4604      	mov	r4, r0
10004e9a:	6808      	ldr	r0, [r1, #0]
10004e9c:	6849      	ldr	r1, [r1, #4]
10004e9e:	f8cc 300c 	str.w	r3, [ip, #12]
10004ea2:	c203      	stmia	r2!, {r0, r1}
10004ea4:	f89e 1000 	ldrb.w	r1, [lr]
10004ea8:	4620      	mov	r0, r4
10004eaa:	e8bd 4010 	ldmia.w	sp!, {r4, lr}
10004eae:	f081 01ff 	eor.w	r1, r1, #255	@ 0xff
10004eb2:	461a      	mov	r2, r3
10004eb4:	f001 0180 	and.w	r1, r1, #128	@ 0x80
10004eb8:	f8cc 3008 	str.w	r3, [ip, #8]
10004ebc:	f7ff bfae 	b.w	10004e1c <usbd_edpt_xfer>
10004ec0:	20001578 	.word	0x20001578

10004ec4 <tud_control_xfer>:
10004ec4:	f8df c0ac 	ldr.w	ip, [pc, #172]	@ 10004f74 <tud_control_xfer+0xb0>
10004ec8:	b570      	push	{r4, r5, r6, lr}
10004eca:	4615      	mov	r5, r2
10004ecc:	4662      	mov	r2, ip
10004ece:	2400      	movs	r4, #0
10004ed0:	468e      	mov	lr, r1
10004ed2:	4606      	mov	r6, r0
10004ed4:	6808      	ldr	r0, [r1, #0]
10004ed6:	6849      	ldr	r1, [r1, #4]
10004ed8:	b082      	sub	sp, #8
10004eda:	c203      	stmia	r2!, {r0, r1}
10004edc:	f8cc 5008 	str.w	r5, [ip, #8]
10004ee0:	f8ac 400e 	strh.w	r4, [ip, #14]
10004ee4:	f8be 2006 	ldrh.w	r2, [lr, #6]
10004ee8:	4293      	cmp	r3, r2
10004eea:	bf28      	it	cs
10004eec:	4613      	movcs	r3, r2
10004eee:	f8ac 300c 	strh.w	r3, [ip, #12]
10004ef2:	b18a      	cbz	r2, 10004f18 <tud_control_xfer+0x54>
10004ef4:	b333      	cbz	r3, 10004f44 <tud_control_xfer+0x80>
10004ef6:	b1dd      	cbz	r5, 10004f30 <tud_control_xfer+0x6c>
10004ef8:	f99c 2000 	ldrsb.w	r2, [ip]
10004efc:	2b40      	cmp	r3, #64	@ 0x40
10004efe:	bf28      	it	cs
10004f00:	2340      	movcs	r3, #64	@ 0x40
10004f02:	2a00      	cmp	r2, #0
10004f04:	db29      	blt.n	10004f5a <tud_control_xfer+0x96>
10004f06:	4621      	mov	r1, r4
10004f08:	4630      	mov	r0, r6
10004f0a:	4a19      	ldr	r2, [pc, #100]	@ (10004f70 <tud_control_xfer+0xac>)
10004f0c:	f7ff ff86 	bl	10004e1c <usbd_edpt_xfer>
10004f10:	b170      	cbz	r0, 10004f30 <tud_control_xfer+0x6c>
10004f12:	2001      	movs	r0, #1
10004f14:	b002      	add	sp, #8
10004f16:	bd70      	pop	{r4, r5, r6, pc}
10004f18:	f89e 1000 	ldrb.w	r1, [lr]
10004f1c:	4613      	mov	r3, r2
10004f1e:	f081 01ff 	eor.w	r1, r1, #255	@ 0xff
10004f22:	4630      	mov	r0, r6
10004f24:	f001 0180 	and.w	r1, r1, #128	@ 0x80
10004f28:	f7ff ff78 	bl	10004e1c <usbd_edpt_xfer>
10004f2c:	2800      	cmp	r0, #0
10004f2e:	d1f0      	bne.n	10004f12 <tud_control_xfer+0x4e>
10004f30:	f04f 23e0 	mov.w	r3, #3758153728	@ 0xe000e000
10004f34:	f8d3 3df0 	ldr.w	r3, [r3, #3568]	@ 0xdf0
10004f38:	07db      	lsls	r3, r3, #31
10004f3a:	d500      	bpl.n	10004f3e <tud_control_xfer+0x7a>
10004f3c:	be00      	bkpt	0x0000
10004f3e:	2000      	movs	r0, #0
10004f40:	b002      	add	sp, #8
10004f42:	bd70      	pop	{r4, r5, r6, pc}
10004f44:	461a      	mov	r2, r3
10004f46:	f89c 1000 	ldrb.w	r1, [ip]
10004f4a:	f001 0180 	and.w	r1, r1, #128	@ 0x80
10004f4e:	4630      	mov	r0, r6
10004f50:	f7ff ff64 	bl	10004e1c <usbd_edpt_xfer>
10004f54:	2800      	cmp	r0, #0
10004f56:	d1dc      	bne.n	10004f12 <tud_control_xfer+0x4e>
10004f58:	e7ea      	b.n	10004f30 <tud_control_xfer+0x6c>
10004f5a:	461a      	mov	r2, r3
10004f5c:	4629      	mov	r1, r5
10004f5e:	4804      	ldr	r0, [pc, #16]	@ (10004f70 <tud_control_xfer+0xac>)
10004f60:	9301      	str	r3, [sp, #4]
10004f62:	f001 fee7 	bl	10006d34 <memcpy>
10004f66:	2180      	movs	r1, #128	@ 0x80
10004f68:	4a01      	ldr	r2, [pc, #4]	@ (10004f70 <tud_control_xfer+0xac>)
10004f6a:	9b01      	ldr	r3, [sp, #4]
10004f6c:	e7ef      	b.n	10004f4e <tud_control_xfer+0x8a>
10004f6e:	bf00      	nop
10004f70:	20001538 	.word	0x20001538
10004f74:	20001578 	.word	0x20001578

10004f78 <usbd_control_reset>:
10004f78:	2200      	movs	r2, #0
10004f7a:	4b03      	ldr	r3, [pc, #12]	@ (10004f88 <usbd_control_reset+0x10>)
10004f7c:	e9c3 2200 	strd	r2, r2, [r3]
10004f80:	e9c3 2202 	strd	r2, r2, [r3, #8]
10004f84:	611a      	str	r2, [r3, #16]
10004f86:	4770      	bx	lr
10004f88:	20001578 	.word	0x20001578

10004f8c <usbd_control_set_complete_callback>:
10004f8c:	4b01      	ldr	r3, [pc, #4]	@ (10004f94 <usbd_control_set_complete_callback+0x8>)
10004f8e:	6118      	str	r0, [r3, #16]
10004f90:	4770      	bx	lr
10004f92:	bf00      	nop
10004f94:	20001578 	.word	0x20001578

10004f98 <usbd_control_set_request>:
10004f98:	4601      	mov	r1, r0
10004f9a:	4a05      	ldr	r2, [pc, #20]	@ (10004fb0 <usbd_control_set_request+0x18>)
10004f9c:	f04f 0c00 	mov.w	ip, #0
10004fa0:	4613      	mov	r3, r2
10004fa2:	6800      	ldr	r0, [r0, #0]
10004fa4:	6849      	ldr	r1, [r1, #4]
10004fa6:	e9c2 cc02 	strd	ip, ip, [r2, #8]
10004faa:	c303      	stmia	r3!, {r0, r1}
10004fac:	4770      	bx	lr
10004fae:	bf00      	nop
10004fb0:	20001578 	.word	0x20001578

10004fb4 <usbd_control_xfer_cb>:
10004fb4:	b530      	push	{r4, r5, lr}
10004fb6:	4c3e      	ldr	r4, [pc, #248]	@ (100050b0 <usbd_control_xfer_cb+0xfc>)
10004fb8:	09c9      	lsrs	r1, r1, #7
10004fba:	7822      	ldrb	r2, [r4, #0]
10004fbc:	4605      	mov	r5, r0
10004fbe:	ebb1 1fd2 	cmp.w	r1, r2, lsr #7
10004fc2:	b083      	sub	sp, #12
10004fc4:	d017      	beq.n	10004ff6 <usbd_control_xfer_cb+0x42>
10004fc6:	b153      	cbz	r3, 10004fde <usbd_control_xfer_cb+0x2a>
10004fc8:	f04f 23e0 	mov.w	r3, #3758153728	@ 0xe000e000
10004fcc:	f8d3 3df0 	ldr.w	r3, [r3, #3568]	@ 0xdf0
10004fd0:	07db      	lsls	r3, r3, #31
10004fd2:	d402      	bmi.n	10004fda <usbd_control_xfer_cb+0x26>
10004fd4:	2000      	movs	r0, #0
10004fd6:	b003      	add	sp, #12
10004fd8:	bd30      	pop	{r4, r5, pc}
10004fda:	be00      	bkpt	0x0000
10004fdc:	e7fa      	b.n	10004fd4 <usbd_control_xfer_cb+0x20>
10004fde:	4621      	mov	r1, r4
10004fe0:	f7ff f8a2 	bl	10004128 <dcd_edpt0_status_complete>
10004fe4:	6923      	ldr	r3, [r4, #16]
10004fe6:	b11b      	cbz	r3, 10004ff0 <usbd_control_xfer_cb+0x3c>
10004fe8:	4622      	mov	r2, r4
10004fea:	2103      	movs	r1, #3
10004fec:	4628      	mov	r0, r5
10004fee:	4798      	blx	r3
10004ff0:	2001      	movs	r0, #1
10004ff2:	b003      	add	sp, #12
10004ff4:	bd30      	pop	{r4, r5, pc}
10004ff6:	f994 2000 	ldrsb.w	r2, [r4]
10004ffa:	2a00      	cmp	r2, #0
10004ffc:	db08      	blt.n	10005010 <usbd_control_xfer_cb+0x5c>
10004ffe:	68a0      	ldr	r0, [r4, #8]
10005000:	2800      	cmp	r0, #0
10005002:	d0e7      	beq.n	10004fd4 <usbd_control_xfer_cb+0x20>
10005004:	461a      	mov	r2, r3
10005006:	492b      	ldr	r1, [pc, #172]	@ (100050b4 <usbd_control_xfer_cb+0x100>)
10005008:	9301      	str	r3, [sp, #4]
1000500a:	f001 fe93 	bl	10006d34 <memcpy>
1000500e:	9b01      	ldr	r3, [sp, #4]
10005010:	89e0      	ldrh	r0, [r4, #14]
10005012:	68a1      	ldr	r1, [r4, #8]
10005014:	88e2      	ldrh	r2, [r4, #6]
10005016:	4418      	add	r0, r3
10005018:	b280      	uxth	r0, r0
1000501a:	4419      	add	r1, r3
1000501c:	4282      	cmp	r2, r0
1000501e:	81e0      	strh	r0, [r4, #14]
10005020:	60a1      	str	r1, [r4, #8]
10005022:	d016      	beq.n	10005052 <usbd_control_xfer_cb+0x9e>
10005024:	2b3f      	cmp	r3, #63	@ 0x3f
10005026:	d914      	bls.n	10005052 <usbd_control_xfer_cb+0x9e>
10005028:	89a2      	ldrh	r2, [r4, #12]
1000502a:	f994 4000 	ldrsb.w	r4, [r4]
1000502e:	1a13      	subs	r3, r2, r0
10005030:	b29b      	uxth	r3, r3
10005032:	2b40      	cmp	r3, #64	@ 0x40
10005034:	bf28      	it	cs
10005036:	2340      	movcs	r3, #64	@ 0x40
10005038:	2c00      	cmp	r4, #0
1000503a:	db28      	blt.n	1000508e <usbd_control_xfer_cb+0xda>
1000503c:	4290      	cmp	r0, r2
1000503e:	f04f 0100 	mov.w	r1, #0
10005042:	d032      	beq.n	100050aa <usbd_control_xfer_cb+0xf6>
10005044:	4a1b      	ldr	r2, [pc, #108]	@ (100050b4 <usbd_control_xfer_cb+0x100>)
10005046:	4628      	mov	r0, r5
10005048:	f7ff fee8 	bl	10004e1c <usbd_edpt_xfer>
1000504c:	2800      	cmp	r0, #0
1000504e:	d1cf      	bne.n	10004ff0 <usbd_control_xfer_cb+0x3c>
10005050:	e7ba      	b.n	10004fc8 <usbd_control_xfer_cb+0x14>
10005052:	6923      	ldr	r3, [r4, #16]
10005054:	b123      	cbz	r3, 10005060 <usbd_control_xfer_cb+0xac>
10005056:	2102      	movs	r1, #2
10005058:	4628      	mov	r0, r5
1000505a:	4a15      	ldr	r2, [pc, #84]	@ (100050b0 <usbd_control_xfer_cb+0xfc>)
1000505c:	4798      	blx	r3
1000505e:	b168      	cbz	r0, 1000507c <usbd_control_xfer_cb+0xc8>
10005060:	2300      	movs	r3, #0
10005062:	7821      	ldrb	r1, [r4, #0]
10005064:	4628      	mov	r0, r5
10005066:	f081 01ff 	eor.w	r1, r1, #255	@ 0xff
1000506a:	461a      	mov	r2, r3
1000506c:	f001 0180 	and.w	r1, r1, #128	@ 0x80
10005070:	f7ff fed4 	bl	10004e1c <usbd_edpt_xfer>
10005074:	2800      	cmp	r0, #0
10005076:	d0a7      	beq.n	10004fc8 <usbd_control_xfer_cb+0x14>
10005078:	2001      	movs	r0, #1
1000507a:	e7ba      	b.n	10004ff2 <usbd_control_xfer_cb+0x3e>
1000507c:	4601      	mov	r1, r0
1000507e:	4628      	mov	r0, r5
10005080:	f7ff f8fc 	bl	1000427c <dcd_edpt_stall>
10005084:	2180      	movs	r1, #128	@ 0x80
10005086:	4628      	mov	r0, r5
10005088:	f7ff f8f8 	bl	1000427c <dcd_edpt_stall>
1000508c:	e7b0      	b.n	10004ff0 <usbd_control_xfer_cb+0x3c>
1000508e:	4290      	cmp	r0, r2
10005090:	d008      	beq.n	100050a4 <usbd_control_xfer_cb+0xf0>
10005092:	461a      	mov	r2, r3
10005094:	4807      	ldr	r0, [pc, #28]	@ (100050b4 <usbd_control_xfer_cb+0x100>)
10005096:	9301      	str	r3, [sp, #4]
10005098:	f001 fe4c 	bl	10006d34 <memcpy>
1000509c:	2180      	movs	r1, #128	@ 0x80
1000509e:	4a05      	ldr	r2, [pc, #20]	@ (100050b4 <usbd_control_xfer_cb+0x100>)
100050a0:	9b01      	ldr	r3, [sp, #4]
100050a2:	e7d0      	b.n	10005046 <usbd_control_xfer_cb+0x92>
100050a4:	2180      	movs	r1, #128	@ 0x80
100050a6:	2200      	movs	r2, #0
100050a8:	e7cd      	b.n	10005046 <usbd_control_xfer_cb+0x92>
100050aa:	460a      	mov	r2, r1
100050ac:	e7cb      	b.n	10005046 <usbd_control_xfer_cb+0x92>
100050ae:	bf00      	nop
100050b0:	20001578 	.word	0x20001578
100050b4:	20001538 	.word	0x20001538

100050b8 <_prep_out_transaction.isra.0>:
100050b8:	b570      	push	{r4, r5, r6, lr}
100050ba:	b082      	sub	sp, #8
100050bc:	4604      	mov	r4, r0
100050be:	f7ff f99d 	bl	100043fc <tud_mounted>
100050c2:	b908      	cbnz	r0, 100050c8 <_prep_out_transaction.isra.0+0x10>
100050c4:	b002      	add	sp, #8
100050c6:	bd70      	pop	{r4, r5, r6, pc}
100050c8:	f7ff f9a0 	bl	1000440c <tud_suspended>
100050cc:	4602      	mov	r2, r0
100050ce:	2800      	cmp	r0, #0
100050d0:	d1f8      	bne.n	100050c4 <_prep_out_transaction.isra.0+0xc>
100050d2:	23c8      	movs	r3, #200	@ 0xc8
100050d4:	fb04 f303 	mul.w	r3, r4, r3
100050d8:	4915      	ldr	r1, [pc, #84]	@ (10005130 <_prep_out_transaction.isra.0+0x78>)
100050da:	4625      	mov	r5, r4
100050dc:	18cc      	adds	r4, r1, r3
100050de:	78e0      	ldrb	r0, [r4, #3]
100050e0:	2800      	cmp	r0, #0
100050e2:	d0ef      	beq.n	100050c4 <_prep_out_transaction.isra.0+0xc>
100050e4:	3310      	adds	r3, #16
100050e6:	185e      	adds	r6, r3, r1
100050e8:	4630      	mov	r0, r6
100050ea:	9201      	str	r2, [sp, #4]
100050ec:	f000 fe02 	bl	10005cf4 <tu_fifo_remaining>
100050f0:	283f      	cmp	r0, #63	@ 0x3f
100050f2:	d9e7      	bls.n	100050c4 <_prep_out_transaction.isra.0+0xc>
100050f4:	78e1      	ldrb	r1, [r4, #3]
100050f6:	9801      	ldr	r0, [sp, #4]
100050f8:	f7ff fe6c 	bl	10004dd4 <usbd_edpt_claim>
100050fc:	2800      	cmp	r0, #0
100050fe:	d0e1      	beq.n	100050c4 <_prep_out_transaction.isra.0+0xc>
10005100:	4630      	mov	r0, r6
10005102:	f000 fdf7 	bl	10005cf4 <tu_fifo_remaining>
10005106:	283f      	cmp	r0, #63	@ 0x3f
10005108:	78e1      	ldrb	r1, [r4, #3]
1000510a:	d90a      	bls.n	10005122 <_prep_out_transaction.isra.0+0x6a>
1000510c:	2340      	movs	r3, #64	@ 0x40
1000510e:	f8df c024 	ldr.w	ip, [pc, #36]	@ 10005134 <_prep_out_transaction.isra.0+0x7c>
10005112:	9801      	ldr	r0, [sp, #4]
10005114:	eb0c 12c5 	add.w	r2, ip, r5, lsl #7
10005118:	b002      	add	sp, #8
1000511a:	e8bd 4070 	ldmia.w	sp!, {r4, r5, r6, lr}
1000511e:	f7ff be7d 	b.w	10004e1c <usbd_edpt_xfer>
10005122:	9801      	ldr	r0, [sp, #4]
10005124:	b002      	add	sp, #8
10005126:	e8bd 4070 	ldmia.w	sp!, {r4, r5, r6, lr}
1000512a:	f7ff be65 	b.w	10004df8 <usbd_edpt_release>
1000512e:	bf00      	nop
10005130:	20001260 	.word	0x20001260
10005134:	200014b4 	.word	0x200014b4

10005138 <tud_cdc_n_connected>:
10005138:	b510      	push	{r4, lr}
1000513a:	4604      	mov	r4, r0
1000513c:	f7ff f95e 	bl	100043fc <tud_mounted>
10005140:	b908      	cbnz	r0, 10005146 <tud_cdc_n_connected+0xe>
10005142:	2000      	movs	r0, #0
10005144:	bd10      	pop	{r4, pc}
10005146:	f7ff f961 	bl	1000440c <tud_suspended>
1000514a:	2800      	cmp	r0, #0
1000514c:	d1f9      	bne.n	10005142 <tud_cdc_n_connected+0xa>
1000514e:	22c8      	movs	r2, #200	@ 0xc8
10005150:	4b03      	ldr	r3, [pc, #12]	@ (10005160 <tud_cdc_n_connected+0x28>)
10005152:	fb02 3304 	mla	r3, r2, r4, r3
10005156:	7918      	ldrb	r0, [r3, #4]
10005158:	f000 0001 	and.w	r0, r0, #1
1000515c:	bd10      	pop	{r4, pc}
1000515e:	bf00      	nop
10005160:	20001260 	.word	0x20001260

10005164 <tud_cdc_n_available>:
10005164:	22c8      	movs	r2, #200	@ 0xc8
10005166:	b508      	push	{r3, lr}
10005168:	4b02      	ldr	r3, [pc, #8]	@ (10005174 <tud_cdc_n_available+0x10>)
1000516a:	fb02 3000 	mla	r0, r2, r0, r3
1000516e:	f000 fda7 	bl	10005cc0 <tu_fifo_count>
10005172:	bd08      	pop	{r3, pc}
10005174:	20001270 	.word	0x20001270

10005178 <tud_cdc_n_read>:
10005178:	f64f 73ff 	movw	r3, #65535	@ 0xffff
1000517c:	e92d 41f0 	stmdb	sp!, {r4, r5, r6, r7, r8, lr}
10005180:	24c8      	movs	r4, #200	@ 0xc8
10005182:	429a      	cmp	r2, r3
10005184:	bf28      	it	cs
10005186:	461a      	movcs	r2, r3
10005188:	fb00 f404 	mul.w	r4, r0, r4
1000518c:	4d1b      	ldr	r5, [pc, #108]	@ (100051fc <tud_cdc_n_read+0x84>)
1000518e:	f104 0310 	add.w	r3, r4, #16
10005192:	b082      	sub	sp, #8
10005194:	4680      	mov	r8, r0
10005196:	b292      	uxth	r2, r2
10005198:	1958      	adds	r0, r3, r5
1000519a:	195f      	adds	r7, r3, r5
1000519c:	f000 fe0a 	bl	10005db4 <tu_fifo_read_n>
100051a0:	4606      	mov	r6, r0
100051a2:	f7ff f92b 	bl	100043fc <tud_mounted>
100051a6:	b918      	cbnz	r0, 100051b0 <tud_cdc_n_read+0x38>
100051a8:	4630      	mov	r0, r6
100051aa:	b002      	add	sp, #8
100051ac:	e8bd 81f0 	ldmia.w	sp!, {r4, r5, r6, r7, r8, pc}
100051b0:	f7ff f92c 	bl	1000440c <tud_suspended>
100051b4:	2800      	cmp	r0, #0
100051b6:	d1f7      	bne.n	100051a8 <tud_cdc_n_read+0x30>
100051b8:	4425      	add	r5, r4
100051ba:	78ea      	ldrb	r2, [r5, #3]
100051bc:	2a00      	cmp	r2, #0
100051be:	d0f3      	beq.n	100051a8 <tud_cdc_n_read+0x30>
100051c0:	9001      	str	r0, [sp, #4]
100051c2:	4638      	mov	r0, r7
100051c4:	f000 fd96 	bl	10005cf4 <tu_fifo_remaining>
100051c8:	283f      	cmp	r0, #63	@ 0x3f
100051ca:	d9ed      	bls.n	100051a8 <tud_cdc_n_read+0x30>
100051cc:	9801      	ldr	r0, [sp, #4]
100051ce:	78e9      	ldrb	r1, [r5, #3]
100051d0:	f7ff fe00 	bl	10004dd4 <usbd_edpt_claim>
100051d4:	2800      	cmp	r0, #0
100051d6:	d0e7      	beq.n	100051a8 <tud_cdc_n_read+0x30>
100051d8:	4638      	mov	r0, r7
100051da:	f000 fd8b 	bl	10005cf4 <tu_fifo_remaining>
100051de:	283f      	cmp	r0, #63	@ 0x3f
100051e0:	78e9      	ldrb	r1, [r5, #3]
100051e2:	d907      	bls.n	100051f4 <tud_cdc_n_read+0x7c>
100051e4:	4a06      	ldr	r2, [pc, #24]	@ (10005200 <tud_cdc_n_read+0x88>)
100051e6:	2340      	movs	r3, #64	@ 0x40
100051e8:	9801      	ldr	r0, [sp, #4]
100051ea:	eb02 12c8 	add.w	r2, r2, r8, lsl #7
100051ee:	f7ff fe15 	bl	10004e1c <usbd_edpt_xfer>
100051f2:	e7d9      	b.n	100051a8 <tud_cdc_n_read+0x30>
100051f4:	9801      	ldr	r0, [sp, #4]
100051f6:	f7ff fdff 	bl	10004df8 <usbd_edpt_release>
100051fa:	e7d5      	b.n	100051a8 <tud_cdc_n_read+0x30>
100051fc:	20001260 	.word	0x20001260
10005200:	200014b4 	.word	0x200014b4

10005204 <tud_cdc_n_write_flush>:
10005204:	b5f0      	push	{r4, r5, r6, r7, lr}
10005206:	b083      	sub	sp, #12
10005208:	4605      	mov	r5, r0
1000520a:	f7ff f8f7 	bl	100043fc <tud_mounted>
1000520e:	b910      	cbnz	r0, 10005216 <tud_cdc_n_write_flush+0x12>
10005210:	2000      	movs	r0, #0
10005212:	b003      	add	sp, #12
10005214:	bdf0      	pop	{r4, r5, r6, r7, pc}
10005216:	f7ff f8f9 	bl	1000440c <tud_suspended>
1000521a:	4604      	mov	r4, r0
1000521c:	2800      	cmp	r0, #0
1000521e:	d1f7      	bne.n	10005210 <tud_cdc_n_write_flush+0xc>
10005220:	23c8      	movs	r3, #200	@ 0xc8
10005222:	fb05 f303 	mul.w	r3, r5, r3
10005226:	4a1a      	ldr	r2, [pc, #104]	@ (10005290 <tud_cdc_n_write_flush+0x8c>)
10005228:	f103 0124 	add.w	r1, r3, #36	@ 0x24
1000522c:	188f      	adds	r7, r1, r2
1000522e:	4638      	mov	r0, r7
10005230:	9300      	str	r3, [sp, #0]
10005232:	f000 fd45 	bl	10005cc0 <tu_fifo_count>
10005236:	2800      	cmp	r0, #0
10005238:	d0ea      	beq.n	10005210 <tud_cdc_n_write_flush+0xc>
1000523a:	4a15      	ldr	r2, [pc, #84]	@ (10005290 <tud_cdc_n_write_flush+0x8c>)
1000523c:	9b00      	ldr	r3, [sp, #0]
1000523e:	4620      	mov	r0, r4
10005240:	18d6      	adds	r6, r2, r3
10005242:	78b1      	ldrb	r1, [r6, #2]
10005244:	f7ff fdc6 	bl	10004dd4 <usbd_edpt_claim>
10005248:	2800      	cmp	r0, #0
1000524a:	d0e1      	beq.n	10005210 <tud_cdc_n_write_flush+0xc>
1000524c:	4911      	ldr	r1, [pc, #68]	@ (10005294 <tud_cdc_n_write_flush+0x90>)
1000524e:	4638      	mov	r0, r7
10005250:	eb01 11c5 	add.w	r1, r1, r5, lsl #7
10005254:	2240      	movs	r2, #64	@ 0x40
10005256:	9100      	str	r1, [sp, #0]
10005258:	f000 fdac 	bl	10005db4 <tu_fifo_read_n>
1000525c:	f896 c002 	ldrb.w	ip, [r6, #2]
10005260:	4603      	mov	r3, r0
10005262:	b170      	cbz	r0, 10005282 <tud_cdc_n_write_flush+0x7e>
10005264:	9001      	str	r0, [sp, #4]
10005266:	4661      	mov	r1, ip
10005268:	4620      	mov	r0, r4
1000526a:	9a00      	ldr	r2, [sp, #0]
1000526c:	f7ff fdd6 	bl	10004e1c <usbd_edpt_xfer>
10005270:	b958      	cbnz	r0, 1000528a <tud_cdc_n_write_flush+0x86>
10005272:	f04f 23e0 	mov.w	r3, #3758153728	@ 0xe000e000
10005276:	f8d3 3df0 	ldr.w	r3, [r3, #3568]	@ 0xdf0
1000527a:	07db      	lsls	r3, r3, #31
1000527c:	d5c8      	bpl.n	10005210 <tud_cdc_n_write_flush+0xc>
1000527e:	be00      	bkpt	0x0000
10005280:	e7c6      	b.n	10005210 <tud_cdc_n_write_flush+0xc>
10005282:	4661      	mov	r1, ip
10005284:	f7ff fdb8 	bl	10004df8 <usbd_edpt_release>
10005288:	e7c2      	b.n	10005210 <tud_cdc_n_write_flush+0xc>
1000528a:	9801      	ldr	r0, [sp, #4]
1000528c:	e7c1      	b.n	10005212 <tud_cdc_n_write_flush+0xe>
1000528e:	bf00      	nop
10005290:	20001260 	.word	0x20001260
10005294:	200014f4 	.word	0x200014f4

10005298 <tud_cdc_n_write>:
10005298:	b570      	push	{r4, r5, r6, lr}
1000529a:	4605      	mov	r5, r0
1000529c:	f64f 70ff 	movw	r0, #65535	@ 0xffff
100052a0:	23c8      	movs	r3, #200	@ 0xc8
100052a2:	4282      	cmp	r2, r0
100052a4:	bf28      	it	cs
100052a6:	4602      	movcs	r2, r0
100052a8:	4c09      	ldr	r4, [pc, #36]	@ (100052d0 <tud_cdc_n_write+0x38>)
100052aa:	b292      	uxth	r2, r2
100052ac:	fb03 4405 	mla	r4, r3, r5, r4
100052b0:	4620      	mov	r0, r4
100052b2:	f000 fe43 	bl	10005f3c <tu_fifo_write_n>
100052b6:	4606      	mov	r6, r0
100052b8:	4620      	mov	r0, r4
100052ba:	f000 fd01 	bl	10005cc0 <tu_fifo_count>
100052be:	283f      	cmp	r0, #63	@ 0x3f
100052c0:	d801      	bhi.n	100052c6 <tud_cdc_n_write+0x2e>
100052c2:	4630      	mov	r0, r6
100052c4:	bd70      	pop	{r4, r5, r6, pc}
100052c6:	4628      	mov	r0, r5
100052c8:	f7ff ff9c 	bl	10005204 <tud_cdc_n_write_flush>
100052cc:	4630      	mov	r0, r6
100052ce:	bd70      	pop	{r4, r5, r6, pc}
100052d0:	20001284 	.word	0x20001284

100052d4 <tud_cdc_n_write_available>:
100052d4:	22c8      	movs	r2, #200	@ 0xc8
100052d6:	b508      	push	{r3, lr}
100052d8:	4b02      	ldr	r3, [pc, #8]	@ (100052e4 <tud_cdc_n_write_available+0x10>)
100052da:	fb02 3000 	mla	r0, r2, r0, r3
100052de:	f000 fd09 	bl	10005cf4 <tu_fifo_remaining>
100052e2:	bd08      	pop	{r3, pc}
100052e4:	20001284 	.word	0x20001284

100052e8 <cdcd_init>:
100052e8:	b570      	push	{r4, r5, r6, lr}
100052ea:	2400      	movs	r4, #0
100052ec:	b082      	sub	sp, #8
100052ee:	22c8      	movs	r2, #200	@ 0xc8
100052f0:	2100      	movs	r1, #0
100052f2:	4818      	ldr	r0, [pc, #96]	@ (10005354 <cdcd_init+0x6c>)
100052f4:	f001 fcda 	bl	10006cac <memset>
100052f8:	23ff      	movs	r3, #255	@ 0xff
100052fa:	f44f 31e1 	mov.w	r1, #115200	@ 0x1c200
100052fe:	2208      	movs	r2, #8
10005300:	4815      	ldr	r0, [pc, #84]	@ (10005358 <cdcd_init+0x70>)
10005302:	7004      	strb	r4, [r0, #0]
10005304:	4813      	ldr	r0, [pc, #76]	@ (10005354 <cdcd_init+0x6c>)
10005306:	9400      	str	r4, [sp, #0]
10005308:	4606      	mov	r6, r0
1000530a:	7143      	strb	r3, [r0, #5]
1000530c:	6081      	str	r1, [r0, #8]
1000530e:	7382      	strb	r2, [r0, #14]
10005310:	f100 0138 	add.w	r1, r0, #56	@ 0x38
10005314:	2301      	movs	r3, #1
10005316:	2240      	movs	r2, #64	@ 0x40
10005318:	3010      	adds	r0, #16
1000531a:	f000 fca1 	bl	10005c60 <tu_fifo_config>
1000531e:	2301      	movs	r3, #1
10005320:	2240      	movs	r2, #64	@ 0x40
10005322:	f106 0178 	add.w	r1, r6, #120	@ 0x78
10005326:	9300      	str	r3, [sp, #0]
10005328:	f106 05b8 	add.w	r5, r6, #184	@ 0xb8
1000532c:	f106 0024 	add.w	r0, r6, #36	@ 0x24
10005330:	f000 fc96 	bl	10005c60 <tu_fifo_config>
10005334:	4628      	mov	r0, r5
10005336:	f7fb fbd3 	bl	10000ae0 <mutex_init>
1000533a:	f106 00c0 	add.w	r0, r6, #192	@ 0xc0
1000533e:	f7fb fbcf 	bl	10000ae0 <mutex_init>
10005342:	f106 00c0 	add.w	r0, r6, #192	@ 0xc0
10005346:	e9c6 4507 	strd	r4, r5, [r6, #28]
1000534a:	e9c6 040c 	strd	r0, r4, [r6, #48]	@ 0x30
1000534e:	b002      	add	sp, #8
10005350:	bd70      	pop	{r4, r5, r6, pc}
10005352:	bf00      	nop
10005354:	20001260 	.word	0x20001260
10005358:	20001534 	.word	0x20001534

1000535c <cdcd_deinit>:
1000535c:	4b0a      	ldr	r3, [pc, #40]	@ (10005388 <cdcd_deinit+0x2c>)
1000535e:	6b19      	ldr	r1, [r3, #48]	@ 0x30
10005360:	6a1a      	ldr	r2, [r3, #32]
10005362:	b161      	cbz	r1, 1000537e <cdcd_deinit+0x22>
10005364:	b13a      	cbz	r2, 10005376 <cdcd_deinit+0x1a>
10005366:	2200      	movs	r2, #0
10005368:	e9c3 220c 	strd	r2, r2, [r3, #48]	@ 0x30
1000536c:	61da      	str	r2, [r3, #28]
1000536e:	2200      	movs	r2, #0
10005370:	621a      	str	r2, [r3, #32]
10005372:	2001      	movs	r0, #1
10005374:	4770      	bx	lr
10005376:	2001      	movs	r0, #1
10005378:	e9c3 220c 	strd	r2, r2, [r3, #48]	@ 0x30
1000537c:	4770      	bx	lr
1000537e:	2a00      	cmp	r2, #0
10005380:	d0f7      	beq.n	10005372 <cdcd_deinit+0x16>
10005382:	61d9      	str	r1, [r3, #28]
10005384:	e7f3      	b.n	1000536e <cdcd_deinit+0x12>
10005386:	bf00      	nop
10005388:	20001260 	.word	0x20001260

1000538c <cdcd_reset>:
1000538c:	2200      	movs	r2, #0
1000538e:	4910      	ldr	r1, [pc, #64]	@ (100053d0 <cdcd_reset+0x44>)
10005390:	b508      	push	{r3, lr}
10005392:	4810      	ldr	r0, [pc, #64]	@ (100053d4 <cdcd_reset+0x48>)
10005394:	780b      	ldrb	r3, [r1, #0]
10005396:	6002      	str	r2, [r0, #0]
10005398:	7102      	strb	r2, [r0, #4]
1000539a:	07da      	lsls	r2, r3, #31
1000539c:	d507      	bpl.n	100053ae <cdcd_reset+0x22>
1000539e:	079b      	lsls	r3, r3, #30
100053a0:	d50c      	bpl.n	100053bc <cdcd_reset+0x30>
100053a2:	e8bd 4008 	ldmia.w	sp!, {r3, lr}
100053a6:	2101      	movs	r1, #1
100053a8:	480b      	ldr	r0, [pc, #44]	@ (100053d8 <cdcd_reset+0x4c>)
100053aa:	f000 be8b 	b.w	100060c4 <tu_fifo_set_overwritable>
100053ae:	3010      	adds	r0, #16
100053b0:	f000 fe6c 	bl	1000608c <tu_fifo_clear>
100053b4:	4906      	ldr	r1, [pc, #24]	@ (100053d0 <cdcd_reset+0x44>)
100053b6:	780b      	ldrb	r3, [r1, #0]
100053b8:	079b      	lsls	r3, r3, #30
100053ba:	d4f2      	bmi.n	100053a2 <cdcd_reset+0x16>
100053bc:	4806      	ldr	r0, [pc, #24]	@ (100053d8 <cdcd_reset+0x4c>)
100053be:	f000 fe65 	bl	1000608c <tu_fifo_clear>
100053c2:	e8bd 4008 	ldmia.w	sp!, {r3, lr}
100053c6:	2101      	movs	r1, #1
100053c8:	4803      	ldr	r0, [pc, #12]	@ (100053d8 <cdcd_reset+0x4c>)
100053ca:	f000 be7b 	b.w	100060c4 <tu_fifo_set_overwritable>
100053ce:	bf00      	nop
100053d0:	20001534 	.word	0x20001534
100053d4:	20001260 	.word	0x20001260
100053d8:	20001284 	.word	0x20001284

100053dc <cdcd_open>:
100053dc:	b570      	push	{r4, r5, r6, lr}
100053de:	794b      	ldrb	r3, [r1, #5]
100053e0:	b084      	sub	sp, #16
100053e2:	2b02      	cmp	r3, #2
100053e4:	d102      	bne.n	100053ec <cdcd_open+0x10>
100053e6:	798b      	ldrb	r3, [r1, #6]
100053e8:	2b02      	cmp	r3, #2
100053ea:	d003      	beq.n	100053f4 <cdcd_open+0x18>
100053ec:	2400      	movs	r4, #0
100053ee:	4620      	mov	r0, r4
100053f0:	b004      	add	sp, #16
100053f2:	bd70      	pop	{r4, r5, r6, pc}
100053f4:	4b2b      	ldr	r3, [pc, #172]	@ (100054a4 <cdcd_open+0xc8>)
100053f6:	789b      	ldrb	r3, [r3, #2]
100053f8:	b13b      	cbz	r3, 1000540a <cdcd_open+0x2e>
100053fa:	f04f 23e0 	mov.w	r3, #3758153728	@ 0xe000e000
100053fe:	f8d3 3df0 	ldr.w	r3, [r3, #3568]	@ 0xdf0
10005402:	07db      	lsls	r3, r3, #31
10005404:	d5f2      	bpl.n	100053ec <cdcd_open+0x10>
10005406:	be00      	bkpt	0x0000
10005408:	e7f0      	b.n	100053ec <cdcd_open+0x10>
1000540a:	788b      	ldrb	r3, [r1, #2]
1000540c:	4605      	mov	r5, r0
1000540e:	4825      	ldr	r0, [pc, #148]	@ (100054a4 <cdcd_open+0xc8>)
10005410:	7003      	strb	r3, [r0, #0]
10005412:	780b      	ldrb	r3, [r1, #0]
10005414:	4419      	add	r1, r3
10005416:	f891 c001 	ldrb.w	ip, [r1, #1]
1000541a:	f1bc 0f24 	cmp.w	ip, #36	@ 0x24
1000541e:	bf08      	it	eq
10005420:	2409      	moveq	r4, #9
10005422:	d009      	beq.n	10005438 <cdcd_open+0x5c>
10005424:	e03b      	b.n	1000549e <cdcd_open+0xc2>
10005426:	780b      	ldrb	r3, [r1, #0]
10005428:	4419      	add	r1, r3
1000542a:	f891 c001 	ldrb.w	ip, [r1, #1]
1000542e:	4423      	add	r3, r4
10005430:	f1bc 0f24 	cmp.w	ip, #36	@ 0x24
10005434:	b29c      	uxth	r4, r3
10005436:	d107      	bne.n	10005448 <cdcd_open+0x6c>
10005438:	4294      	cmp	r4, r2
1000543a:	d9f4      	bls.n	10005426 <cdcd_open+0x4a>
1000543c:	2000      	movs	r0, #0
1000543e:	f7ff fe3b 	bl	100050b8 <_prep_out_transaction.isra.0>
10005442:	4620      	mov	r0, r4
10005444:	b004      	add	sp, #16
10005446:	bd70      	pop	{r4, r5, r6, pc}
10005448:	4663      	mov	r3, ip
1000544a:	f1bc 0f05 	cmp.w	ip, #5
1000544e:	d016      	beq.n	1000547e <cdcd_open+0xa2>
10005450:	2b04      	cmp	r3, #4
10005452:	d1f3      	bne.n	1000543c <cdcd_open+0x60>
10005454:	794b      	ldrb	r3, [r1, #5]
10005456:	2b0a      	cmp	r3, #10
10005458:	d1f0      	bne.n	1000543c <cdcd_open+0x60>
1000545a:	4b13      	ldr	r3, [pc, #76]	@ (100054a8 <cdcd_open+0xcc>)
1000545c:	780a      	ldrb	r2, [r1, #0]
1000545e:	9301      	str	r3, [sp, #4]
10005460:	3301      	adds	r3, #1
10005462:	9300      	str	r3, [sp, #0]
10005464:	2302      	movs	r3, #2
10005466:	4616      	mov	r6, r2
10005468:	4411      	add	r1, r2
1000546a:	4628      	mov	r0, r5
1000546c:	461a      	mov	r2, r3
1000546e:	f7ff fc33 	bl	10004cd8 <usbd_open_edpt_pair>
10005472:	2800      	cmp	r0, #0
10005474:	d0c1      	beq.n	100053fa <cdcd_open+0x1e>
10005476:	340e      	adds	r4, #14
10005478:	1933      	adds	r3, r6, r4
1000547a:	b29c      	uxth	r4, r3
1000547c:	e7de      	b.n	1000543c <cdcd_open+0x60>
1000547e:	4628      	mov	r0, r5
10005480:	9103      	str	r1, [sp, #12]
10005482:	f7ff fc79 	bl	10004d78 <usbd_edpt_open>
10005486:	9903      	ldr	r1, [sp, #12]
10005488:	2800      	cmp	r0, #0
1000548a:	d0b6      	beq.n	100053fa <cdcd_open+0x1e>
1000548c:	788b      	ldrb	r3, [r1, #2]
1000548e:	4a05      	ldr	r2, [pc, #20]	@ (100054a4 <cdcd_open+0xc8>)
10005490:	7053      	strb	r3, [r2, #1]
10005492:	780b      	ldrb	r3, [r1, #0]
10005494:	191a      	adds	r2, r3, r4
10005496:	4419      	add	r1, r3
10005498:	784b      	ldrb	r3, [r1, #1]
1000549a:	b294      	uxth	r4, r2
1000549c:	e7d8      	b.n	10005450 <cdcd_open+0x74>
1000549e:	4663      	mov	r3, ip
100054a0:	2409      	movs	r4, #9
100054a2:	e7d2      	b.n	1000544a <cdcd_open+0x6e>
100054a4:	20001260 	.word	0x20001260
100054a8:	20001262 	.word	0x20001262

100054ac <cdcd_control_xfer_cb>:
100054ac:	7813      	ldrb	r3, [r2, #0]
100054ae:	f003 0360 	and.w	r3, r3, #96	@ 0x60
100054b2:	2b20      	cmp	r3, #32
100054b4:	d10b      	bne.n	100054ce <cdcd_control_xfer_cb+0x22>
100054b6:	b500      	push	{lr}
100054b8:	f8df c0bc 	ldr.w	ip, [pc, #188]	@ 10005578 <cdcd_control_xfer_cb+0xcc>
100054bc:	8893      	ldrh	r3, [r2, #4]
100054be:	f89c e000 	ldrb.w	lr, [ip]
100054c2:	b083      	sub	sp, #12
100054c4:	459e      	cmp	lr, r3
100054c6:	d004      	beq.n	100054d2 <cdcd_control_xfer_cb+0x26>
100054c8:	2000      	movs	r0, #0
100054ca:	b003      	add	sp, #12
100054cc:	bd00      	pop	{pc}
100054ce:	2000      	movs	r0, #0
100054d0:	4770      	bx	lr
100054d2:	7853      	ldrb	r3, [r2, #1]
100054d4:	3b20      	subs	r3, #32
100054d6:	2b03      	cmp	r3, #3
100054d8:	d8f6      	bhi.n	100054c8 <cdcd_control_xfer_cb+0x1c>
100054da:	e8df f003 	tbb	[pc, r3]
100054de:	272c      	.short	0x272c
100054e0:	020d      	.short	0x020d
100054e2:	2901      	cmp	r1, #1
100054e4:	d033      	beq.n	1000554e <cdcd_control_xfer_cb+0xa2>
100054e6:	2903      	cmp	r1, #3
100054e8:	d122      	bne.n	10005530 <cdcd_control_xfer_cb+0x84>
100054ea:	4b1e      	ldr	r3, [pc, #120]	@ (10005564 <cdcd_control_xfer_cb+0xb8>)
100054ec:	b303      	cbz	r3, 10005530 <cdcd_control_xfer_cb+0x84>
100054ee:	2000      	movs	r0, #0
100054f0:	8851      	ldrh	r1, [r2, #2]
100054f2:	f3af 8000 	nop.w
100054f6:	e01b      	b.n	10005530 <cdcd_control_xfer_cb+0x84>
100054f8:	2901      	cmp	r1, #1
100054fa:	d028      	beq.n	1000554e <cdcd_control_xfer_cb+0xa2>
100054fc:	2903      	cmp	r1, #3
100054fe:	d117      	bne.n	10005530 <cdcd_control_xfer_cb+0x84>
10005500:	8852      	ldrh	r2, [r2, #2]
10005502:	4819      	ldr	r0, [pc, #100]	@ (10005568 <cdcd_control_xfer_cb+0xbc>)
10005504:	f002 0301 	and.w	r3, r2, #1
10005508:	f083 0101 	eor.w	r1, r3, #1
1000550c:	9301      	str	r3, [sp, #4]
1000550e:	f88c 2004 	strb.w	r2, [ip, #4]
10005512:	9200      	str	r2, [sp, #0]
10005514:	f000 fdd6 	bl	100060c4 <tu_fifo_set_overwritable>
10005518:	4914      	ldr	r1, [pc, #80]	@ (1000556c <cdcd_control_xfer_cb+0xc0>)
1000551a:	b149      	cbz	r1, 10005530 <cdcd_control_xfer_cb+0x84>
1000551c:	9a00      	ldr	r2, [sp, #0]
1000551e:	2000      	movs	r0, #0
10005520:	9901      	ldr	r1, [sp, #4]
10005522:	f3c2 0240 	ubfx	r2, r2, #1, #1
10005526:	f3af 8000 	nop.w
1000552a:	e001      	b.n	10005530 <cdcd_control_xfer_cb+0x84>
1000552c:	2901      	cmp	r1, #1
1000552e:	d012      	beq.n	10005556 <cdcd_control_xfer_cb+0xaa>
10005530:	2001      	movs	r0, #1
10005532:	b003      	add	sp, #12
10005534:	bd00      	pop	{pc}
10005536:	2901      	cmp	r1, #1
10005538:	d00d      	beq.n	10005556 <cdcd_control_xfer_cb+0xaa>
1000553a:	2903      	cmp	r1, #3
1000553c:	d1f8      	bne.n	10005530 <cdcd_control_xfer_cb+0x84>
1000553e:	4b0c      	ldr	r3, [pc, #48]	@ (10005570 <cdcd_control_xfer_cb+0xc4>)
10005540:	2b00      	cmp	r3, #0
10005542:	d0f5      	beq.n	10005530 <cdcd_control_xfer_cb+0x84>
10005544:	2000      	movs	r0, #0
10005546:	490b      	ldr	r1, [pc, #44]	@ (10005574 <cdcd_control_xfer_cb+0xc8>)
10005548:	f7fe fa36 	bl	100039b8 <tud_cdc_line_coding_cb>
1000554c:	e7f0      	b.n	10005530 <cdcd_control_xfer_cb+0x84>
1000554e:	4611      	mov	r1, r2
10005550:	f7ff fc9c 	bl	10004e8c <tud_control_status>
10005554:	e7ec      	b.n	10005530 <cdcd_control_xfer_cb+0x84>
10005556:	4611      	mov	r1, r2
10005558:	2307      	movs	r3, #7
1000555a:	4a06      	ldr	r2, [pc, #24]	@ (10005574 <cdcd_control_xfer_cb+0xc8>)
1000555c:	f7ff fcb2 	bl	10004ec4 <tud_control_xfer>
10005560:	e7e6      	b.n	10005530 <cdcd_control_xfer_cb+0x84>
10005562:	bf00      	nop
10005564:	00000000 	.word	0x00000000
10005568:	20001284 	.word	0x20001284
1000556c:	00000000 	.word	0x00000000
10005570:	100039b9 	.word	0x100039b9
10005574:	20001268 	.word	0x20001268
10005578:	20001260 	.word	0x20001260

1000557c <cdcd_xfer_cb>:
1000557c:	e92d 41f0 	stmdb	sp!, {r4, r5, r6, r7, r8, lr}
10005580:	4c35      	ldr	r4, [pc, #212]	@ (10005658 <cdcd_xfer_cb+0xdc>)
10005582:	460d      	mov	r5, r1
10005584:	78e2      	ldrb	r2, [r4, #3]
10005586:	4607      	mov	r7, r0
10005588:	428a      	cmp	r2, r1
1000558a:	461e      	mov	r6, r3
1000558c:	b082      	sub	sp, #8
1000558e:	d02f      	beq.n	100055f0 <cdcd_xfer_cb+0x74>
10005590:	78a3      	ldrb	r3, [r4, #2]
10005592:	428b      	cmp	r3, r1
10005594:	d009      	beq.n	100055aa <cdcd_xfer_cb+0x2e>
10005596:	f04f 23e0 	mov.w	r3, #3758153728	@ 0xe000e000
1000559a:	f8d3 3df0 	ldr.w	r3, [r3, #3568]	@ 0xdf0
1000559e:	07db      	lsls	r3, r3, #31
100055a0:	d424      	bmi.n	100055ec <cdcd_xfer_cb+0x70>
100055a2:	2000      	movs	r0, #0
100055a4:	b002      	add	sp, #8
100055a6:	e8bd 81f0 	ldmia.w	sp!, {r4, r5, r6, r7, r8, pc}
100055aa:	4b2c      	ldr	r3, [pc, #176]	@ (1000565c <cdcd_xfer_cb+0xe0>)
100055ac:	b113      	cbz	r3, 100055b4 <cdcd_xfer_cb+0x38>
100055ae:	2000      	movs	r0, #0
100055b0:	f3af 8000 	nop.w
100055b4:	2000      	movs	r0, #0
100055b6:	f7ff fe25 	bl	10005204 <tud_cdc_n_write_flush>
100055ba:	2800      	cmp	r0, #0
100055bc:	d147      	bne.n	1000564e <cdcd_xfer_cb+0xd2>
100055be:	4828      	ldr	r0, [pc, #160]	@ (10005660 <cdcd_xfer_cb+0xe4>)
100055c0:	f000 fb7e 	bl	10005cc0 <tu_fifo_count>
100055c4:	2800      	cmp	r0, #0
100055c6:	d142      	bne.n	1000564e <cdcd_xfer_cb+0xd2>
100055c8:	2e00      	cmp	r6, #0
100055ca:	d040      	beq.n	1000564e <cdcd_xfer_cb+0xd2>
100055cc:	f016 053f 	ands.w	r5, r6, #63	@ 0x3f
100055d0:	d13d      	bne.n	1000564e <cdcd_xfer_cb+0xd2>
100055d2:	4638      	mov	r0, r7
100055d4:	78a1      	ldrb	r1, [r4, #2]
100055d6:	f7ff fbfd 	bl	10004dd4 <usbd_edpt_claim>
100055da:	2800      	cmp	r0, #0
100055dc:	d037      	beq.n	1000564e <cdcd_xfer_cb+0xd2>
100055de:	462b      	mov	r3, r5
100055e0:	462a      	mov	r2, r5
100055e2:	4638      	mov	r0, r7
100055e4:	78a1      	ldrb	r1, [r4, #2]
100055e6:	f7ff fc19 	bl	10004e1c <usbd_edpt_xfer>
100055ea:	e030      	b.n	1000564e <cdcd_xfer_cb+0xd2>
100055ec:	be00      	bkpt	0x0000
100055ee:	e7d8      	b.n	100055a2 <cdcd_xfer_cb+0x26>
100055f0:	b29a      	uxth	r2, r3
100055f2:	491c      	ldr	r1, [pc, #112]	@ (10005664 <cdcd_xfer_cb+0xe8>)
100055f4:	f104 0010 	add.w	r0, r4, #16
100055f8:	f000 fca0 	bl	10005f3c <tu_fifo_write_n>
100055fc:	4b1a      	ldr	r3, [pc, #104]	@ (10005668 <cdcd_xfer_cb+0xec>)
100055fe:	b1d3      	cbz	r3, 10005636 <cdcd_xfer_cb+0xba>
10005600:	7962      	ldrb	r2, [r4, #5]
10005602:	2aff      	cmp	r2, #255	@ 0xff
10005604:	d017      	beq.n	10005636 <cdcd_xfer_cb+0xba>
10005606:	b1b6      	cbz	r6, 10005636 <cdcd_xfer_cb+0xba>
10005608:	4b16      	ldr	r3, [pc, #88]	@ (10005664 <cdcd_xfer_cb+0xe8>)
1000560a:	eb03 0806 	add.w	r8, r3, r6
1000560e:	e002      	b.n	10005616 <cdcd_xfer_cb+0x9a>
10005610:	4543      	cmp	r3, r8
10005612:	d010      	beq.n	10005636 <cdcd_xfer_cb+0xba>
10005614:	7962      	ldrb	r2, [r4, #5]
10005616:	f813 1b01 	ldrb.w	r1, [r3], #1
1000561a:	4291      	cmp	r1, r2
1000561c:	d1f8      	bne.n	10005610 <cdcd_xfer_cb+0x94>
1000561e:	4813      	ldr	r0, [pc, #76]	@ (1000566c <cdcd_xfer_cb+0xf0>)
10005620:	9301      	str	r3, [sp, #4]
10005622:	f000 fb5d 	bl	10005ce0 <tu_fifo_empty>
10005626:	9b01      	ldr	r3, [sp, #4]
10005628:	2800      	cmp	r0, #0
1000562a:	d1f1      	bne.n	10005610 <cdcd_xfer_cb+0x94>
1000562c:	7961      	ldrb	r1, [r4, #5]
1000562e:	f3af 8000 	nop.w
10005632:	9b01      	ldr	r3, [sp, #4]
10005634:	e7ec      	b.n	10005610 <cdcd_xfer_cb+0x94>
10005636:	4b0e      	ldr	r3, [pc, #56]	@ (10005670 <cdcd_xfer_cb+0xf4>)
10005638:	b11b      	cbz	r3, 10005642 <cdcd_xfer_cb+0xc6>
1000563a:	480c      	ldr	r0, [pc, #48]	@ (1000566c <cdcd_xfer_cb+0xf0>)
1000563c:	f000 fb50 	bl	10005ce0 <tu_fifo_empty>
10005640:	b138      	cbz	r0, 10005652 <cdcd_xfer_cb+0xd6>
10005642:	2000      	movs	r0, #0
10005644:	f7ff fd38 	bl	100050b8 <_prep_out_transaction.isra.0>
10005648:	78a3      	ldrb	r3, [r4, #2]
1000564a:	42ab      	cmp	r3, r5
1000564c:	d0ad      	beq.n	100055aa <cdcd_xfer_cb+0x2e>
1000564e:	2001      	movs	r0, #1
10005650:	e7a8      	b.n	100055a4 <cdcd_xfer_cb+0x28>
10005652:	f3af 8000 	nop.w
10005656:	e7f4      	b.n	10005642 <cdcd_xfer_cb+0xc6>
10005658:	20001260 	.word	0x20001260
1000565c:	00000000 	.word	0x00000000
10005660:	20001284 	.word	0x20001284
10005664:	200014b4 	.word	0x200014b4
10005668:	00000000 	.word	0x00000000
1000566c:	20001270 	.word	0x20001270
10005670:	00000000 	.word	0x00000000

10005674 <vendord_init>:
10005674:	b5f0      	push	{r4, r5, r6, r7, lr}
10005676:	f44f 7213 	mov.w	r2, #588	@ 0x24c
1000567a:	b085      	sub	sp, #20
1000567c:	2100      	movs	r1, #0
1000567e:	4812      	ldr	r0, [pc, #72]	@ (100056c8 <vendord_init+0x54>)
10005680:	f001 fb14 	bl	10006cac <memset>
10005684:	2640      	movs	r6, #64	@ 0x40
10005686:	2300      	movs	r3, #0
10005688:	f44f 7580 	mov.w	r5, #256	@ 0x100
1000568c:	4f0e      	ldr	r7, [pc, #56]	@ (100056c8 <vendord_init+0x54>)
1000568e:	4c0f      	ldr	r4, [pc, #60]	@ (100056cc <vendord_init+0x58>)
10005690:	f507 72a6 	add.w	r2, r7, #332	@ 0x14c
10005694:	4619      	mov	r1, r3
10005696:	e9cd 4602 	strd	r4, r6, [sp, #8]
1000569a:	9200      	str	r2, [sp, #0]
1000569c:	9501      	str	r5, [sp, #4]
1000569e:	461a      	mov	r2, r3
100056a0:	f507 7094 	add.w	r0, r7, #296	@ 0x128
100056a4:	f000 f9d6 	bl	10005a54 <tu_edpt_stream_init>
100056a8:	2300      	movs	r3, #0
100056aa:	f107 0128 	add.w	r1, r7, #40	@ 0x28
100056ae:	4434      	add	r4, r6
100056b0:	9100      	str	r1, [sp, #0]
100056b2:	2201      	movs	r2, #1
100056b4:	4619      	mov	r1, r3
100056b6:	e9cd 4602 	strd	r4, r6, [sp, #8]
100056ba:	9501      	str	r5, [sp, #4]
100056bc:	1d38      	adds	r0, r7, #4
100056be:	f000 f9c9 	bl	10005a54 <tu_edpt_stream_init>
100056c2:	b005      	add	sp, #20
100056c4:	bdf0      	pop	{r4, r5, r6, r7, pc}
100056c6:	bf00      	nop
100056c8:	20001754 	.word	0x20001754
100056cc:	200016d4 	.word	0x200016d4

100056d0 <vendord_deinit>:
100056d0:	b508      	push	{r3, lr}
100056d2:	4804      	ldr	r0, [pc, #16]	@ (100056e4 <vendord_deinit+0x14>)
100056d4:	f000 f9ea 	bl	10005aac <tu_edpt_stream_deinit>
100056d8:	4803      	ldr	r0, [pc, #12]	@ (100056e8 <vendord_deinit+0x18>)
100056da:	f000 f9e7 	bl	10005aac <tu_edpt_stream_deinit>
100056de:	2001      	movs	r0, #1
100056e0:	bd08      	pop	{r3, pc}
100056e2:	bf00      	nop
100056e4:	2000187c 	.word	0x2000187c
100056e8:	20001758 	.word	0x20001758

100056ec <vendord_reset>:
100056ec:	b538      	push	{r3, r4, r5, lr}
100056ee:	2500      	movs	r5, #0
100056f0:	4c06      	ldr	r4, [pc, #24]	@ (1000570c <vendord_reset+0x20>)
100056f2:	f504 7098 	add.w	r0, r4, #304	@ 0x130
100056f6:	7025      	strb	r5, [r4, #0]
100056f8:	f000 fcc8 	bl	1000608c <tu_fifo_clear>
100056fc:	f104 000c 	add.w	r0, r4, #12
10005700:	f000 fcc4 	bl	1000608c <tu_fifo_clear>
10005704:	f884 5129 	strb.w	r5, [r4, #297]	@ 0x129
10005708:	7165      	strb	r5, [r4, #5]
1000570a:	bd38      	pop	{r3, r4, r5, pc}
1000570c:	20001754 	.word	0x20001754

10005710 <vendord_open>:
10005710:	e92d 43f8 	stmdb	sp!, {r3, r4, r5, r6, r7, r8, r9, lr}
10005714:	794b      	ldrb	r3, [r1, #5]
10005716:	2bff      	cmp	r3, #255	@ 0xff
10005718:	d105      	bne.n	10005726 <vendord_open+0x16>
1000571a:	4f35      	ldr	r7, [pc, #212]	@ (100057f0 <vendord_open+0xe0>)
1000571c:	797e      	ldrb	r6, [r7, #5]
1000571e:	f897 3129 	ldrb.w	r3, [r7, #297]	@ 0x129
10005722:	431e      	orrs	r6, r3
10005724:	d002      	beq.n	1000572c <vendord_open+0x1c>
10005726:	2000      	movs	r0, #0
10005728:	e8bd 83f8 	ldmia.w	sp!, {r3, r4, r5, r6, r7, r8, r9, pc}
1000572c:	788b      	ldrb	r3, [r1, #2]
1000572e:	780c      	ldrb	r4, [r1, #0]
10005730:	703b      	strb	r3, [r7, #0]
10005732:	790b      	ldrb	r3, [r1, #4]
10005734:	4681      	mov	r9, r0
10005736:	4688      	mov	r8, r1
10005738:	440c      	add	r4, r1
1000573a:	2b00      	cmp	r3, #0
1000573c:	d034      	beq.n	100057a8 <vendord_open+0x98>
1000573e:	18a5      	adds	r5, r4, r2
10005740:	e003      	b.n	1000574a <vendord_open+0x3a>
10005742:	42ac      	cmp	r4, r5
10005744:	d230      	bcs.n	100057a8 <vendord_open+0x98>
10005746:	7823      	ldrb	r3, [r4, #0]
10005748:	441c      	add	r4, r3
1000574a:	7863      	ldrb	r3, [r4, #1]
1000574c:	2b05      	cmp	r3, #5
1000574e:	d1f8      	bne.n	10005742 <vendord_open+0x32>
10005750:	42ac      	cmp	r4, r5
10005752:	d229      	bcs.n	100057a8 <vendord_open+0x98>
10005754:	4621      	mov	r1, r4
10005756:	4648      	mov	r0, r9
10005758:	f7ff fb0e 	bl	10004d78 <usbd_edpt_open>
1000575c:	2800      	cmp	r0, #0
1000575e:	d03e      	beq.n	100057de <vendord_open+0xce>
10005760:	78a3      	ldrb	r3, [r4, #2]
10005762:	09db      	lsrs	r3, r3, #7
10005764:	d125      	bne.n	100057b2 <vendord_open+0xa2>
10005766:	4823      	ldr	r0, [pc, #140]	@ (100057f4 <vendord_open+0xe4>)
10005768:	f000 fc90 	bl	1000608c <tu_fifo_clear>
1000576c:	78a3      	ldrb	r3, [r4, #2]
1000576e:	f897 2128 	ldrb.w	r2, [r7, #296]	@ 0x128
10005772:	f887 3129 	strb.w	r3, [r7, #297]	@ 0x129
10005776:	88a3      	ldrh	r3, [r4, #4]
10005778:	4648      	mov	r0, r9
1000577a:	f3c3 030a 	ubfx	r3, r3, #0, #11
1000577e:	f5a3 7300 	sub.w	r3, r3, #512	@ 0x200
10005782:	fab3 f383 	clz	r3, r3
10005786:	095b      	lsrs	r3, r3, #5
10005788:	f363 0241 	bfi	r2, r3, #1, #1
1000578c:	491a      	ldr	r1, [pc, #104]	@ (100057f8 <vendord_open+0xe8>)
1000578e:	f887 2128 	strb.w	r2, [r7, #296]	@ 0x128
10005792:	f000 f9fd 	bl	10005b90 <tu_edpt_stream_read_xfer>
10005796:	b310      	cbz	r0, 100057de <vendord_open+0xce>
10005798:	7823      	ldrb	r3, [r4, #0]
1000579a:	f898 2004 	ldrb.w	r2, [r8, #4]
1000579e:	3601      	adds	r6, #1
100057a0:	441c      	add	r4, r3
100057a2:	b2f3      	uxtb	r3, r6
100057a4:	429a      	cmp	r2, r3
100057a6:	d8d0      	bhi.n	1000574a <vendord_open+0x3a>
100057a8:	eba4 0008 	sub.w	r0, r4, r8
100057ac:	b280      	uxth	r0, r0
100057ae:	e8bd 83f8 	ldmia.w	sp!, {r3, r4, r5, r6, r7, r8, r9, pc}
100057b2:	4812      	ldr	r0, [pc, #72]	@ (100057fc <vendord_open+0xec>)
100057b4:	f000 fc6a 	bl	1000608c <tu_fifo_clear>
100057b8:	78a3      	ldrb	r3, [r4, #2]
100057ba:	793a      	ldrb	r2, [r7, #4]
100057bc:	717b      	strb	r3, [r7, #5]
100057be:	88a3      	ldrh	r3, [r4, #4]
100057c0:	490f      	ldr	r1, [pc, #60]	@ (10005800 <vendord_open+0xf0>)
100057c2:	f3c3 030a 	ubfx	r3, r3, #0, #11
100057c6:	f5a3 7300 	sub.w	r3, r3, #512	@ 0x200
100057ca:	fab3 f383 	clz	r3, r3
100057ce:	095b      	lsrs	r3, r3, #5
100057d0:	f363 0241 	bfi	r2, r3, #1, #1
100057d4:	2000      	movs	r0, #0
100057d6:	713a      	strb	r2, [r7, #4]
100057d8:	f000 f9a0 	bl	10005b1c <tu_edpt_stream_write_xfer>
100057dc:	e7dc      	b.n	10005798 <vendord_open+0x88>
100057de:	f04f 23e0 	mov.w	r3, #3758153728	@ 0xe000e000
100057e2:	f8d3 3df0 	ldr.w	r3, [r3, #3568]	@ 0xdf0
100057e6:	07db      	lsls	r3, r3, #31
100057e8:	d59d      	bpl.n	10005726 <vendord_open+0x16>
100057ea:	be00      	bkpt	0x0000
100057ec:	e79b      	b.n	10005726 <vendord_open+0x16>
100057ee:	bf00      	nop
100057f0:	20001754 	.word	0x20001754
100057f4:	20001884 	.word	0x20001884
100057f8:	2000187c 	.word	0x2000187c
100057fc:	20001760 	.word	0x20001760
10005800:	20001758 	.word	0x20001758

10005804 <vendord_xfer_cb>:
10005804:	b510      	push	{r4, lr}
10005806:	f8df c090 	ldr.w	ip, [pc, #144]	@ 10005898 <vendord_xfer_cb+0x94>
1000580a:	4604      	mov	r4, r0
1000580c:	f89c 2129 	ldrb.w	r2, [ip, #297]	@ 0x129
10005810:	b082      	sub	sp, #8
10005812:	428a      	cmp	r2, r1
10005814:	d01a      	beq.n	1000584c <vendord_xfer_cb+0x48>
10005816:	f89c 2005 	ldrb.w	r2, [ip, #5]
1000581a:	428a      	cmp	r2, r1
1000581c:	d002      	beq.n	10005824 <vendord_xfer_cb+0x20>
1000581e:	2000      	movs	r0, #0
10005820:	b002      	add	sp, #8
10005822:	bd10      	pop	{r4, pc}
10005824:	4a17      	ldr	r2, [pc, #92]	@ (10005884 <vendord_xfer_cb+0x80>)
10005826:	b12a      	cbz	r2, 10005834 <vendord_xfer_cb+0x30>
10005828:	b299      	uxth	r1, r3
1000582a:	2000      	movs	r0, #0
1000582c:	9301      	str	r3, [sp, #4]
1000582e:	f3af 8000 	nop.w
10005832:	9b01      	ldr	r3, [sp, #4]
10005834:	4620      	mov	r0, r4
10005836:	4914      	ldr	r1, [pc, #80]	@ (10005888 <vendord_xfer_cb+0x84>)
10005838:	9301      	str	r3, [sp, #4]
1000583a:	f000 f96f 	bl	10005b1c <tu_edpt_stream_write_xfer>
1000583e:	b998      	cbnz	r0, 10005868 <vendord_xfer_cb+0x64>
10005840:	4620      	mov	r0, r4
10005842:	9a01      	ldr	r2, [sp, #4]
10005844:	4910      	ldr	r1, [pc, #64]	@ (10005888 <vendord_xfer_cb+0x84>)
10005846:	f000 f933 	bl	10005ab0 <tu_edpt_stream_write_zlp_if_needed>
1000584a:	e00d      	b.n	10005868 <vendord_xfer_cb+0x64>
1000584c:	f8bc 2134 	ldrh.w	r2, [ip, #308]	@ 0x134
10005850:	b96a      	cbnz	r2, 1000586e <vendord_xfer_cb+0x6a>
10005852:	4a0e      	ldr	r2, [pc, #56]	@ (1000588c <vendord_xfer_cb+0x88>)
10005854:	b122      	cbz	r2, 10005860 <vendord_xfer_cb+0x5c>
10005856:	2000      	movs	r0, #0
10005858:	490d      	ldr	r1, [pc, #52]	@ (10005890 <vendord_xfer_cb+0x8c>)
1000585a:	b29a      	uxth	r2, r3
1000585c:	f3af 8000 	nop.w
10005860:	4620      	mov	r0, r4
10005862:	490c      	ldr	r1, [pc, #48]	@ (10005894 <vendord_xfer_cb+0x90>)
10005864:	f000 f994 	bl	10005b90 <tu_edpt_stream_read_xfer>
10005868:	2001      	movs	r0, #1
1000586a:	b002      	add	sp, #8
1000586c:	bd10      	pop	{r4, pc}
1000586e:	b29a      	uxth	r2, r3
10005870:	f8dc 112c 	ldr.w	r1, [ip, #300]	@ 0x12c
10005874:	f50c 7098 	add.w	r0, ip, #304	@ 0x130
10005878:	9301      	str	r3, [sp, #4]
1000587a:	f000 fb5f 	bl	10005f3c <tu_fifo_write_n>
1000587e:	9b01      	ldr	r3, [sp, #4]
10005880:	e7e7      	b.n	10005852 <vendord_xfer_cb+0x4e>
10005882:	bf00      	nop
10005884:	00000000 	.word	0x00000000
10005888:	20001758 	.word	0x20001758
1000588c:	00000000 	.word	0x00000000
10005890:	200016d4 	.word	0x200016d4
10005894:	2000187c 	.word	0x2000187c
10005898:	20001754 	.word	0x20001754

1000589c <tusb_rhport_init>:
1000589c:	b500      	push	{lr}
1000589e:	b083      	sub	sp, #12
100058a0:	b1d9      	cbz	r1, 100058da <tusb_rhport_init+0x3e>
100058a2:	2801      	cmp	r0, #1
100058a4:	d80e      	bhi.n	100058c4 <tusb_rhport_init+0x28>
100058a6:	780b      	ldrb	r3, [r1, #0]
100058a8:	b163      	cbz	r3, 100058c4 <tusb_rhport_init+0x28>
100058aa:	f8df c058 	ldr.w	ip, [pc, #88]	@ 10005904 <tusb_rhport_init+0x68>
100058ae:	2b01      	cmp	r3, #1
100058b0:	f80c 3000 	strb.w	r3, [ip, r0]
100058b4:	d002      	beq.n	100058bc <tusb_rhport_init+0x20>
100058b6:	2001      	movs	r0, #1
100058b8:	b003      	add	sp, #12
100058ba:	bd00      	pop	{pc}
100058bc:	f7fe fdae 	bl	1000441c <tud_rhport_init>
100058c0:	2800      	cmp	r0, #0
100058c2:	d1f8      	bne.n	100058b6 <tusb_rhport_init+0x1a>
100058c4:	f04f 23e0 	mov.w	r3, #3758153728	@ 0xe000e000
100058c8:	f8d3 3df0 	ldr.w	r3, [r3, #3568]	@ 0xdf0
100058cc:	07db      	lsls	r3, r3, #31
100058ce:	d402      	bmi.n	100058d6 <tusb_rhport_init+0x3a>
100058d0:	2000      	movs	r0, #0
100058d2:	b003      	add	sp, #12
100058d4:	bd00      	pop	{pc}
100058d6:	be00      	bkpt	0x0000
100058d8:	e7fa      	b.n	100058d0 <tusb_rhport_init+0x34>
100058da:	2201      	movs	r2, #1
100058dc:	4608      	mov	r0, r1
100058de:	a901      	add	r1, sp, #4
100058e0:	f8ad 2004 	strh.w	r2, [sp, #4]
100058e4:	f7fe fd9a 	bl	1000441c <tud_rhport_init>
100058e8:	2201      	movs	r2, #1
100058ea:	b938      	cbnz	r0, 100058fc <tusb_rhport_init+0x60>
100058ec:	f04f 23e0 	mov.w	r3, #3758153728	@ 0xe000e000
100058f0:	f8d3 3df0 	ldr.w	r3, [r3, #3568]	@ 0xdf0
100058f4:	07da      	lsls	r2, r3, #31
100058f6:	d5ec      	bpl.n	100058d2 <tusb_rhport_init+0x36>
100058f8:	be00      	bkpt	0x0000
100058fa:	e7ea      	b.n	100058d2 <tusb_rhport_init+0x36>
100058fc:	4b01      	ldr	r3, [pc, #4]	@ (10005904 <tusb_rhport_init+0x68>)
100058fe:	701a      	strb	r2, [r3, #0]
10005900:	e7e7      	b.n	100058d2 <tusb_rhport_init+0x36>
10005902:	bf00      	nop
10005904:	200015ac 	.word	0x200015ac

10005908 <tu_edpt_claim>:
10005908:	7803      	ldrb	r3, [r0, #0]
1000590a:	f013 0301 	ands.w	r3, r3, #1
1000590e:	d11e      	bne.n	1000594e <tu_edpt_claim+0x46>
10005910:	b530      	push	{r4, r5, lr}
10005912:	4602      	mov	r2, r0
10005914:	7800      	ldrb	r0, [r0, #0]
10005916:	b083      	sub	sp, #12
10005918:	4604      	mov	r4, r0
1000591a:	0740      	lsls	r0, r0, #29
1000591c:	d502      	bpl.n	10005924 <tu_edpt_claim+0x1c>
1000591e:	4618      	mov	r0, r3
10005920:	b003      	add	sp, #12
10005922:	bd30      	pop	{r4, r5, pc}
10005924:	4608      	mov	r0, r1
10005926:	460d      	mov	r5, r1
10005928:	f04f 31ff 	mov.w	r1, #4294967295	@ 0xffffffff
1000592c:	9201      	str	r2, [sp, #4]
1000592e:	f001 faa7 	bl	10006e80 <__mutex_enter_timeout_ms_veneer>
10005932:	9a01      	ldr	r2, [sp, #4]
10005934:	7813      	ldrb	r3, [r2, #0]
10005936:	f013 0301 	ands.w	r3, r3, #1
1000593a:	d10b      	bne.n	10005954 <tu_edpt_claim+0x4c>
1000593c:	7811      	ldrb	r1, [r2, #0]
1000593e:	0749      	lsls	r1, r1, #29
10005940:	d40a      	bmi.n	10005958 <tu_edpt_claim+0x50>
10005942:	7811      	ldrb	r1, [r2, #0]
10005944:	2301      	movs	r3, #1
10005946:	f041 0104 	orr.w	r1, r1, #4
1000594a:	7011      	strb	r1, [r2, #0]
1000594c:	e004      	b.n	10005958 <tu_edpt_claim+0x50>
1000594e:	2300      	movs	r3, #0
10005950:	4618      	mov	r0, r3
10005952:	4770      	bx	lr
10005954:	f3c4 0380 	ubfx	r3, r4, #2, #1
10005958:	4628      	mov	r0, r5
1000595a:	9301      	str	r3, [sp, #4]
1000595c:	f001 faa0 	bl	10006ea0 <__mutex_exit_veneer>
10005960:	9b01      	ldr	r3, [sp, #4]
10005962:	4618      	mov	r0, r3
10005964:	b003      	add	sp, #12
10005966:	bd30      	pop	{r4, r5, pc}

10005968 <tu_edpt_release>:
10005968:	b570      	push	{r4, r5, r6, lr}
1000596a:	460d      	mov	r5, r1
1000596c:	4604      	mov	r4, r0
1000596e:	f04f 31ff 	mov.w	r1, #4294967295	@ 0xffffffff
10005972:	4628      	mov	r0, r5
10005974:	f001 fa84 	bl	10006e80 <__mutex_enter_timeout_ms_veneer>
10005978:	7823      	ldrb	r3, [r4, #0]
1000597a:	f3c3 0680 	ubfx	r6, r3, #2, #1
1000597e:	075b      	lsls	r3, r3, #29
10005980:	d508      	bpl.n	10005994 <tu_edpt_release+0x2c>
10005982:	7823      	ldrb	r3, [r4, #0]
10005984:	f013 0301 	ands.w	r3, r3, #1
10005988:	bf11      	iteee	ne
1000598a:	2600      	movne	r6, #0
1000598c:	7822      	ldrbeq	r2, [r4, #0]
1000598e:	f363 0282 	bfieq	r2, r3, #2, #1
10005992:	7022      	strbeq	r2, [r4, #0]
10005994:	4628      	mov	r0, r5
10005996:	f001 fa83 	bl	10006ea0 <__mutex_exit_veneer>
1000599a:	4630      	mov	r0, r6
1000599c:	bd70      	pop	{r4, r5, r6, pc}
1000599e:	bf00      	nop

100059a0 <tu_edpt_validate>:
100059a0:	78c3      	ldrb	r3, [r0, #3]
100059a2:	8882      	ldrh	r2, [r0, #4]
100059a4:	f003 0003 	and.w	r0, r3, #3
100059a8:	2802      	cmp	r0, #2
100059aa:	f3c2 020a 	ubfx	r2, r2, #0, #11
100059ae:	d015      	beq.n	100059dc <tu_edpt_validate+0x3c>
100059b0:	2803      	cmp	r0, #3
100059b2:	d00a      	beq.n	100059ca <tu_edpt_validate+0x2a>
100059b4:	2801      	cmp	r0, #1
100059b6:	d11c      	bne.n	100059f2 <tu_edpt_validate+0x52>
100059b8:	2902      	cmp	r1, #2
100059ba:	f240 33ff 	movw	r3, #1023	@ 0x3ff
100059be:	bf08      	it	eq
100059c0:	f44f 6380 	moveq.w	r3, #1024	@ 0x400
100059c4:	4293      	cmp	r3, r2
100059c6:	d30d      	bcc.n	100059e4 <tu_edpt_validate+0x44>
100059c8:	4770      	bx	lr
100059ca:	2902      	cmp	r1, #2
100059cc:	bf14      	ite	ne
100059ce:	2340      	movne	r3, #64	@ 0x40
100059d0:	f44f 6380 	moveq.w	r3, #1024	@ 0x400
100059d4:	4293      	cmp	r3, r2
100059d6:	d305      	bcc.n	100059e4 <tu_edpt_validate+0x44>
100059d8:	2001      	movs	r0, #1
100059da:	4770      	bx	lr
100059dc:	2902      	cmp	r1, #2
100059de:	d00a      	beq.n	100059f6 <tu_edpt_validate+0x56>
100059e0:	2a40      	cmp	r2, #64	@ 0x40
100059e2:	d9f9      	bls.n	100059d8 <tu_edpt_validate+0x38>
100059e4:	f04f 23e0 	mov.w	r3, #3758153728	@ 0xe000e000
100059e8:	f8d3 3df0 	ldr.w	r3, [r3, #3568]	@ 0xdf0
100059ec:	07db      	lsls	r3, r3, #31
100059ee:	d500      	bpl.n	100059f2 <tu_edpt_validate+0x52>
100059f0:	be00      	bkpt	0x0000
100059f2:	2000      	movs	r0, #0
100059f4:	4770      	bx	lr
100059f6:	f5b2 7f00 	cmp.w	r2, #512	@ 0x200
100059fa:	d0ed      	beq.n	100059d8 <tu_edpt_validate+0x38>
100059fc:	e7f2      	b.n	100059e4 <tu_edpt_validate+0x44>
100059fe:	bf00      	nop

10005a00 <tu_edpt_bind_driver>:
10005a00:	440a      	add	r2, r1
10005a02:	4291      	cmp	r1, r2
10005a04:	d225      	bcs.n	10005a52 <tu_edpt_bind_driver+0x52>
10005a06:	f891 c001 	ldrb.w	ip, [r1, #1]
10005a0a:	f1bc 0f05 	cmp.w	ip, #5
10005a0e:	d005      	beq.n	10005a1c <tu_edpt_bind_driver+0x1c>
10005a10:	f891 c000 	ldrb.w	ip, [r1]
10005a14:	4461      	add	r1, ip
10005a16:	428a      	cmp	r2, r1
10005a18:	d8f5      	bhi.n	10005a06 <tu_edpt_bind_driver+0x6>
10005a1a:	4770      	bx	lr
10005a1c:	b500      	push	{lr}
10005a1e:	f891 c002 	ldrb.w	ip, [r1, #2]
10005a22:	f00c 0e7f 	and.w	lr, ip, #127	@ 0x7f
10005a26:	eb00 0e4e 	add.w	lr, r0, lr, lsl #1
10005a2a:	ea4f 1cdc 	mov.w	ip, ip, lsr #7
10005a2e:	f80e 300c 	strb.w	r3, [lr, ip]
10005a32:	f891 c000 	ldrb.w	ip, [r1]
10005a36:	4461      	add	r1, ip
10005a38:	428a      	cmp	r2, r1
10005a3a:	d909      	bls.n	10005a50 <tu_edpt_bind_driver+0x50>
10005a3c:	f891 c001 	ldrb.w	ip, [r1, #1]
10005a40:	f1bc 0f05 	cmp.w	ip, #5
10005a44:	d0eb      	beq.n	10005a1e <tu_edpt_bind_driver+0x1e>
10005a46:	f891 c000 	ldrb.w	ip, [r1]
10005a4a:	4461      	add	r1, ip
10005a4c:	428a      	cmp	r2, r1
10005a4e:	d8f5      	bhi.n	10005a3c <tu_edpt_bind_driver+0x3c>
10005a50:	bd00      	pop	{pc}
10005a52:	4770      	bx	lr

10005a54 <tu_edpt_stream_init>:
10005a54:	b570      	push	{r4, r5, r6, lr}
10005a56:	b084      	sub	sp, #16
10005a58:	9300      	str	r3, [sp, #0]
10005a5a:	f890 c000 	ldrb.w	ip, [r0]
10005a5e:	4616      	mov	r6, r2
10005a60:	f361 0c00 	bfi	ip, r1, #0, #1
10005a64:	f8bd 2024 	ldrh.w	r2, [sp, #36]	@ 0x24
10005a68:	4604      	mov	r4, r0
10005a6a:	2301      	movs	r3, #1
10005a6c:	9908      	ldr	r1, [sp, #32]
10005a6e:	f800 cb08 	strb.w	ip, [r0], #8
10005a72:	f8bd 502c 	ldrh.w	r5, [sp, #44]	@ 0x2c
10005a76:	9203      	str	r2, [sp, #12]
10005a78:	f000 f8f2 	bl	10005c60 <tu_fifo_config>
10005a7c:	9b08      	ldr	r3, [sp, #32]
10005a7e:	b10b      	cbz	r3, 10005a84 <tu_edpt_stream_init+0x30>
10005a80:	9a03      	ldr	r2, [sp, #12]
10005a82:	b92a      	cbnz	r2, 10005a90 <tu_edpt_stream_init+0x3c>
10005a84:	2001      	movs	r0, #1
10005a86:	9b0a      	ldr	r3, [sp, #40]	@ 0x28
10005a88:	8065      	strh	r5, [r4, #2]
10005a8a:	6063      	str	r3, [r4, #4]
10005a8c:	b004      	add	sp, #16
10005a8e:	bd70      	pop	{r4, r5, r6, pc}
10005a90:	f104 001c 	add.w	r0, r4, #28
10005a94:	9003      	str	r0, [sp, #12]
10005a96:	f7fb f823 	bl	10000ae0 <mutex_init>
10005a9a:	9803      	ldr	r0, [sp, #12]
10005a9c:	b91e      	cbnz	r6, 10005aa6 <tu_edpt_stream_init+0x52>
10005a9e:	4633      	mov	r3, r6
10005aa0:	e9c4 3005 	strd	r3, r0, [r4, #20]
10005aa4:	e7ee      	b.n	10005a84 <tu_edpt_stream_init+0x30>
10005aa6:	4603      	mov	r3, r0
10005aa8:	2000      	movs	r0, #0
10005aaa:	e7f9      	b.n	10005aa0 <tu_edpt_stream_init+0x4c>

10005aac <tu_edpt_stream_deinit>:
10005aac:	2001      	movs	r0, #1
10005aae:	4770      	bx	lr

10005ab0 <tu_edpt_stream_write_zlp_if_needed>:
10005ab0:	b570      	push	{r4, r5, r6, lr}
10005ab2:	4606      	mov	r6, r0
10005ab4:	4608      	mov	r0, r1
10005ab6:	f240 13ff 	movw	r3, #511	@ 0x1ff
10005aba:	460c      	mov	r4, r1
10005abc:	f810 1b08 	ldrb.w	r1, [r0], #8
10005ac0:	b082      	sub	sp, #8
10005ac2:	f011 0f02 	tst.w	r1, #2
10005ac6:	9201      	str	r2, [sp, #4]
10005ac8:	bf0c      	ite	eq
10005aca:	253f      	moveq	r5, #63	@ 0x3f
10005acc:	461d      	movne	r5, r3
10005ace:	f000 f8f7 	bl	10005cc0 <tu_fifo_count>
10005ad2:	9a01      	ldr	r2, [sp, #4]
10005ad4:	b928      	cbnz	r0, 10005ae2 <tu_edpt_stream_write_zlp_if_needed+0x32>
10005ad6:	b122      	cbz	r2, 10005ae2 <tu_edpt_stream_write_zlp_if_needed+0x32>
10005ad8:	4215      	tst	r5, r2
10005ada:	d102      	bne.n	10005ae2 <tu_edpt_stream_write_zlp_if_needed+0x32>
10005adc:	7823      	ldrb	r3, [r4, #0]
10005ade:	07da      	lsls	r2, r3, #31
10005ae0:	d502      	bpl.n	10005ae8 <tu_edpt_stream_write_zlp_if_needed+0x38>
10005ae2:	2000      	movs	r0, #0
10005ae4:	b002      	add	sp, #8
10005ae6:	bd70      	pop	{r4, r5, r6, pc}
10005ae8:	4630      	mov	r0, r6
10005aea:	7861      	ldrb	r1, [r4, #1]
10005aec:	f7ff f972 	bl	10004dd4 <usbd_edpt_claim>
10005af0:	2800      	cmp	r0, #0
10005af2:	d0f6      	beq.n	10005ae2 <tu_edpt_stream_write_zlp_if_needed+0x32>
10005af4:	7823      	ldrb	r3, [r4, #0]
10005af6:	f013 0301 	ands.w	r3, r3, #1
10005afa:	d007      	beq.n	10005b0c <tu_edpt_stream_write_zlp_if_needed+0x5c>
10005afc:	f04f 23e0 	mov.w	r3, #3758153728	@ 0xe000e000
10005b00:	f8d3 3df0 	ldr.w	r3, [r3, #3568]	@ 0xdf0
10005b04:	07db      	lsls	r3, r3, #31
10005b06:	d5ec      	bpl.n	10005ae2 <tu_edpt_stream_write_zlp_if_needed+0x32>
10005b08:	be00      	bkpt	0x0000
10005b0a:	e7ea      	b.n	10005ae2 <tu_edpt_stream_write_zlp_if_needed+0x32>
10005b0c:	461a      	mov	r2, r3
10005b0e:	4630      	mov	r0, r6
10005b10:	7861      	ldrb	r1, [r4, #1]
10005b12:	f7ff f983 	bl	10004e1c <usbd_edpt_xfer>
10005b16:	2800      	cmp	r0, #0
10005b18:	d1e4      	bne.n	10005ae4 <tu_edpt_stream_write_zlp_if_needed+0x34>
10005b1a:	e7ef      	b.n	10005afc <tu_edpt_stream_write_zlp_if_needed+0x4c>

10005b1c <tu_edpt_stream_write_xfer>:
10005b1c:	b570      	push	{r4, r5, r6, lr}
10005b1e:	4605      	mov	r5, r0
10005b20:	b082      	sub	sp, #8
10005b22:	f101 0008 	add.w	r0, r1, #8
10005b26:	460c      	mov	r4, r1
10005b28:	f000 f8ca 	bl	10005cc0 <tu_fifo_count>
10005b2c:	b110      	cbz	r0, 10005b34 <tu_edpt_stream_write_xfer+0x18>
10005b2e:	7823      	ldrb	r3, [r4, #0]
10005b30:	07da      	lsls	r2, r3, #31
10005b32:	d502      	bpl.n	10005b3a <tu_edpt_stream_write_xfer+0x1e>
10005b34:	2000      	movs	r0, #0
10005b36:	b002      	add	sp, #8
10005b38:	bd70      	pop	{r4, r5, r6, pc}
10005b3a:	4628      	mov	r0, r5
10005b3c:	7861      	ldrb	r1, [r4, #1]
10005b3e:	f7ff f949 	bl	10004dd4 <usbd_edpt_claim>
10005b42:	2800      	cmp	r0, #0
10005b44:	d0f6      	beq.n	10005b34 <tu_edpt_stream_write_xfer+0x18>
10005b46:	8862      	ldrh	r2, [r4, #2]
10005b48:	6861      	ldr	r1, [r4, #4]
10005b4a:	f104 0008 	add.w	r0, r4, #8
10005b4e:	f000 f931 	bl	10005db4 <tu_fifo_read_n>
10005b52:	7822      	ldrb	r2, [r4, #0]
10005b54:	4603      	mov	r3, r0
10005b56:	f002 0201 	and.w	r2, r2, #1
10005b5a:	b140      	cbz	r0, 10005b6e <tu_edpt_stream_write_xfer+0x52>
10005b5c:	b172      	cbz	r2, 10005b7c <tu_edpt_stream_write_xfer+0x60>
10005b5e:	f04f 23e0 	mov.w	r3, #3758153728	@ 0xe000e000
10005b62:	f8d3 3df0 	ldr.w	r3, [r3, #3568]	@ 0xdf0
10005b66:	07db      	lsls	r3, r3, #31
10005b68:	d5e4      	bpl.n	10005b34 <tu_edpt_stream_write_xfer+0x18>
10005b6a:	be00      	bkpt	0x0000
10005b6c:	e7e2      	b.n	10005b34 <tu_edpt_stream_write_xfer+0x18>
10005b6e:	2a00      	cmp	r2, #0
10005b70:	d1e0      	bne.n	10005b34 <tu_edpt_stream_write_xfer+0x18>
10005b72:	4628      	mov	r0, r5
10005b74:	7861      	ldrb	r1, [r4, #1]
10005b76:	f7ff f93f 	bl	10004df8 <usbd_edpt_release>
10005b7a:	e7db      	b.n	10005b34 <tu_edpt_stream_write_xfer+0x18>
10005b7c:	9001      	str	r0, [sp, #4]
10005b7e:	6862      	ldr	r2, [r4, #4]
10005b80:	4628      	mov	r0, r5
10005b82:	7861      	ldrb	r1, [r4, #1]
10005b84:	f7ff f94a 	bl	10004e1c <usbd_edpt_xfer>
10005b88:	2800      	cmp	r0, #0
10005b8a:	d0e8      	beq.n	10005b5e <tu_edpt_stream_write_xfer+0x42>
10005b8c:	9801      	ldr	r0, [sp, #4]
10005b8e:	e7d2      	b.n	10005b36 <tu_edpt_stream_write_xfer+0x1a>

10005b90 <tu_edpt_stream_read_xfer>:
10005b90:	e92d 41f0 	stmdb	sp!, {r4, r5, r6, r7, r8, lr}
10005b94:	898a      	ldrh	r2, [r1, #12]
10005b96:	460c      	mov	r4, r1
10005b98:	4605      	mov	r5, r0
10005b9a:	780b      	ldrb	r3, [r1, #0]
10005b9c:	b082      	sub	sp, #8
10005b9e:	b92a      	cbnz	r2, 10005bac <tu_edpt_stream_read_xfer+0x1c>
10005ba0:	07de      	lsls	r6, r3, #31
10005ba2:	d537      	bpl.n	10005c14 <tu_edpt_stream_read_xfer+0x84>
10005ba4:	2000      	movs	r0, #0
10005ba6:	b002      	add	sp, #8
10005ba8:	e8bd 81f0 	ldmia.w	sp!, {r4, r5, r6, r7, r8, pc}
10005bac:	0799      	lsls	r1, r3, #30
10005bae:	f104 0008 	add.w	r0, r4, #8
10005bb2:	bf47      	ittee	mi
10005bb4:	f44f 487e 	movmi.w	r8, #65024	@ 0xfe00
10005bb8:	f44f 7600 	movmi.w	r6, #512	@ 0x200
10005bbc:	f64f 78c0 	movwpl	r8, #65472	@ 0xffc0
10005bc0:	2640      	movpl	r6, #64	@ 0x40
10005bc2:	f000 f897 	bl	10005cf4 <tu_fifo_remaining>
10005bc6:	4286      	cmp	r6, r0
10005bc8:	f104 0708 	add.w	r7, r4, #8
10005bcc:	d8ea      	bhi.n	10005ba4 <tu_edpt_stream_read_xfer+0x14>
10005bce:	7823      	ldrb	r3, [r4, #0]
10005bd0:	07da      	lsls	r2, r3, #31
10005bd2:	d4e7      	bmi.n	10005ba4 <tu_edpt_stream_read_xfer+0x14>
10005bd4:	4628      	mov	r0, r5
10005bd6:	7861      	ldrb	r1, [r4, #1]
10005bd8:	f7ff f8fc 	bl	10004dd4 <usbd_edpt_claim>
10005bdc:	2800      	cmp	r0, #0
10005bde:	d0e1      	beq.n	10005ba4 <tu_edpt_stream_read_xfer+0x14>
10005be0:	4638      	mov	r0, r7
10005be2:	f000 f887 	bl	10005cf4 <tu_fifo_remaining>
10005be6:	7823      	ldrb	r3, [r4, #0]
10005be8:	4286      	cmp	r6, r0
10005bea:	f003 0301 	and.w	r3, r3, #1
10005bee:	d82e      	bhi.n	10005c4e <tu_edpt_stream_read_xfer+0xbe>
10005bf0:	b9c3      	cbnz	r3, 10005c24 <tu_edpt_stream_read_xfer+0x94>
10005bf2:	8863      	ldrh	r3, [r4, #2]
10005bf4:	ea08 0200 	and.w	r2, r8, r0
10005bf8:	4293      	cmp	r3, r2
10005bfa:	bf28      	it	cs
10005bfc:	4613      	movcs	r3, r2
10005bfe:	7861      	ldrb	r1, [r4, #1]
10005c00:	2b00      	cmp	r3, #0
10005c02:	d02b      	beq.n	10005c5c <tu_edpt_stream_read_xfer+0xcc>
10005c04:	6862      	ldr	r2, [r4, #4]
10005c06:	4628      	mov	r0, r5
10005c08:	9301      	str	r3, [sp, #4]
10005c0a:	f7ff f907 	bl	10004e1c <usbd_edpt_xfer>
10005c0e:	b148      	cbz	r0, 10005c24 <tu_edpt_stream_read_xfer+0x94>
10005c10:	9801      	ldr	r0, [sp, #4]
10005c12:	e7c8      	b.n	10005ba6 <tu_edpt_stream_read_xfer+0x16>
10005c14:	7849      	ldrb	r1, [r1, #1]
10005c16:	f7ff f8dd 	bl	10004dd4 <usbd_edpt_claim>
10005c1a:	2800      	cmp	r0, #0
10005c1c:	d0c2      	beq.n	10005ba4 <tu_edpt_stream_read_xfer+0x14>
10005c1e:	7823      	ldrb	r3, [r4, #0]
10005c20:	07d8      	lsls	r0, r3, #31
10005c22:	d507      	bpl.n	10005c34 <tu_edpt_stream_read_xfer+0xa4>
10005c24:	f04f 23e0 	mov.w	r3, #3758153728	@ 0xe000e000
10005c28:	f8d3 3df0 	ldr.w	r3, [r3, #3568]	@ 0xdf0
10005c2c:	07db      	lsls	r3, r3, #31
10005c2e:	d5b9      	bpl.n	10005ba4 <tu_edpt_stream_read_xfer+0x14>
10005c30:	be00      	bkpt	0x0000
10005c32:	e7b7      	b.n	10005ba4 <tu_edpt_stream_read_xfer+0x14>
10005c34:	8863      	ldrh	r3, [r4, #2]
10005c36:	7861      	ldrb	r1, [r4, #1]
10005c38:	b13b      	cbz	r3, 10005c4a <tu_edpt_stream_read_xfer+0xba>
10005c3a:	6862      	ldr	r2, [r4, #4]
10005c3c:	4628      	mov	r0, r5
10005c3e:	f7ff f8ed 	bl	10004e1c <usbd_edpt_xfer>
10005c42:	2800      	cmp	r0, #0
10005c44:	d0ee      	beq.n	10005c24 <tu_edpt_stream_read_xfer+0x94>
10005c46:	8860      	ldrh	r0, [r4, #2]
10005c48:	e7ad      	b.n	10005ba6 <tu_edpt_stream_read_xfer+0x16>
10005c4a:	461a      	mov	r2, r3
10005c4c:	e7f6      	b.n	10005c3c <tu_edpt_stream_read_xfer+0xac>
10005c4e:	2b00      	cmp	r3, #0
10005c50:	d1a8      	bne.n	10005ba4 <tu_edpt_stream_read_xfer+0x14>
10005c52:	4628      	mov	r0, r5
10005c54:	7861      	ldrb	r1, [r4, #1]
10005c56:	f7ff f8cf 	bl	10004df8 <usbd_edpt_release>
10005c5a:	e7a3      	b.n	10005ba4 <tu_edpt_stream_read_xfer+0x14>
10005c5c:	461a      	mov	r2, r3
10005c5e:	e7d2      	b.n	10005c06 <tu_edpt_stream_read_xfer+0x76>

10005c60 <tu_fifo_config>:
10005c60:	e92d 41f0 	stmdb	sp!, {r4, r5, r6, r7, r8, lr}
10005c64:	f5b2 4f00 	cmp.w	r2, #32768	@ 0x8000
10005c68:	f89d 5018 	ldrb.w	r5, [sp, #24]
10005c6c:	d824      	bhi.n	10005cb8 <tu_fifo_config+0x58>
10005c6e:	4604      	mov	r4, r0
10005c70:	68c0      	ldr	r0, [r0, #12]
10005c72:	4698      	mov	r8, r3
10005c74:	460f      	mov	r7, r1
10005c76:	4616      	mov	r6, r2
10005c78:	b118      	cbz	r0, 10005c82 <tu_fifo_config+0x22>
10005c7a:	f04f 31ff 	mov.w	r1, #4294967295	@ 0xffffffff
10005c7e:	f001 f8ff 	bl	10006e80 <__mutex_enter_timeout_ms_veneer>
10005c82:	6920      	ldr	r0, [r4, #16]
10005c84:	b118      	cbz	r0, 10005c8e <tu_fifo_config+0x2e>
10005c86:	f04f 31ff 	mov.w	r1, #4294967295	@ 0xffffffff
10005c8a:	f001 f8f9 	bl	10006e80 <__mutex_enter_timeout_ms_veneer>
10005c8e:	2200      	movs	r2, #0
10005c90:	f3c8 030e 	ubfx	r3, r8, #0, #15
10005c94:	68e0      	ldr	r0, [r4, #12]
10005c96:	ea43 33c5 	orr.w	r3, r3, r5, lsl #15
10005c9a:	8162      	strh	r2, [r4, #10]
10005c9c:	6027      	str	r7, [r4, #0]
10005c9e:	80a6      	strh	r6, [r4, #4]
10005ca0:	80e3      	strh	r3, [r4, #6]
10005ca2:	8122      	strh	r2, [r4, #8]
10005ca4:	b108      	cbz	r0, 10005caa <tu_fifo_config+0x4a>
10005ca6:	f001 f8fb 	bl	10006ea0 <__mutex_exit_veneer>
10005caa:	6920      	ldr	r0, [r4, #16]
10005cac:	b108      	cbz	r0, 10005cb2 <tu_fifo_config+0x52>
10005cae:	f001 f8f7 	bl	10006ea0 <__mutex_exit_veneer>
10005cb2:	2001      	movs	r0, #1
10005cb4:	e8bd 81f0 	ldmia.w	sp!, {r4, r5, r6, r7, r8, pc}
10005cb8:	2000      	movs	r0, #0
10005cba:	e8bd 81f0 	ldmia.w	sp!, {r4, r5, r6, r7, r8, pc}
10005cbe:	bf00      	nop

10005cc0 <tu_fifo_count>:
10005cc0:	8903      	ldrh	r3, [r0, #8]
10005cc2:	8942      	ldrh	r2, [r0, #10]
10005cc4:	b29b      	uxth	r3, r3
10005cc6:	b292      	uxth	r2, r2
10005cc8:	8880      	ldrh	r0, [r0, #4]
10005cca:	4293      	cmp	r3, r2
10005ccc:	bf36      	itet	cc
10005cce:	ebc2 0240 	rsbcc	r2, r2, r0, lsl #1
10005cd2:	1a9b      	subcs	r3, r3, r2
10005cd4:	189b      	addcc	r3, r3, r2
10005cd6:	b29b      	uxth	r3, r3
10005cd8:	4298      	cmp	r0, r3
10005cda:	bf28      	it	cs
10005cdc:	4618      	movcs	r0, r3
10005cde:	4770      	bx	lr

10005ce0 <tu_fifo_empty>:
10005ce0:	8902      	ldrh	r2, [r0, #8]
10005ce2:	8943      	ldrh	r3, [r0, #10]
10005ce4:	b290      	uxth	r0, r2
10005ce6:	b29b      	uxth	r3, r3
10005ce8:	1ac0      	subs	r0, r0, r3
10005cea:	fab0 f080 	clz	r0, r0
10005cee:	0940      	lsrs	r0, r0, #5
10005cf0:	4770      	bx	lr
10005cf2:	bf00      	nop

10005cf4 <tu_fifo_remaining>:
10005cf4:	8903      	ldrh	r3, [r0, #8]
10005cf6:	8942      	ldrh	r2, [r0, #10]
10005cf8:	b29b      	uxth	r3, r3
10005cfa:	8880      	ldrh	r0, [r0, #4]
10005cfc:	b292      	uxth	r2, r2
10005cfe:	4293      	cmp	r3, r2
10005d00:	bf36      	itet	cc
10005d02:	ebc2 0240 	rsbcc	r2, r2, r0, lsl #1
10005d06:	1a9b      	subcs	r3, r3, r2
10005d08:	189b      	addcc	r3, r3, r2
10005d0a:	b29b      	uxth	r3, r3
10005d0c:	4298      	cmp	r0, r3
10005d0e:	bf86      	itte	hi
10005d10:	1ac0      	subhi	r0, r0, r3
10005d12:	b280      	uxthhi	r0, r0
10005d14:	2000      	movls	r0, #0
10005d16:	4770      	bx	lr

10005d18 <tu_fifo_read>:
10005d18:	b530      	push	{r4, r5, lr}
10005d1a:	4604      	mov	r4, r0
10005d1c:	6900      	ldr	r0, [r0, #16]
10005d1e:	460d      	mov	r5, r1
10005d20:	b083      	sub	sp, #12
10005d22:	b118      	cbz	r0, 10005d2c <tu_fifo_read+0x14>
10005d24:	f04f 31ff 	mov.w	r1, #4294967295	@ 0xffffffff
10005d28:	f001 f8aa 	bl	10006e80 <__mutex_enter_timeout_ms_veneer>
10005d2c:	8922      	ldrh	r2, [r4, #8]
10005d2e:	8961      	ldrh	r1, [r4, #10]
10005d30:	b292      	uxth	r2, r2
10005d32:	b289      	uxth	r1, r1
10005d34:	88a3      	ldrh	r3, [r4, #4]
10005d36:	428a      	cmp	r2, r1
10005d38:	bf36      	itet	cc
10005d3a:	ebc1 0043 	rsbcc	r0, r1, r3, lsl #1
10005d3e:	1a50      	subcs	r0, r2, r1
10005d40:	1880      	addcc	r0, r0, r2
10005d42:	b280      	uxth	r0, r0
10005d44:	b368      	cbz	r0, 10005da2 <tu_fifo_read+0x8a>
10005d46:	4283      	cmp	r3, r0
10005d48:	d209      	bcs.n	10005d5e <tu_fifo_read+0x46>
10005d4a:	429a      	cmp	r2, r3
10005d4c:	bf2c      	ite	cs
10005d4e:	1ad2      	subcs	r2, r2, r3
10005d50:	18d2      	addcc	r2, r2, r3
10005d52:	b291      	uxth	r1, r2
10005d54:	428b      	cmp	r3, r1
10005d56:	8161      	strh	r1, [r4, #10]
10005d58:	d803      	bhi.n	10005d62 <tu_fifo_read+0x4a>
10005d5a:	1ac9      	subs	r1, r1, r3
10005d5c:	b289      	uxth	r1, r1
10005d5e:	428b      	cmp	r3, r1
10005d60:	d9fb      	bls.n	10005d5a <tu_fifo_read+0x42>
10005d62:	88e2      	ldrh	r2, [r4, #6]
10005d64:	6823      	ldr	r3, [r4, #0]
10005d66:	f3c2 020e 	ubfx	r2, r2, #0, #15
10005d6a:	fb02 3101 	mla	r1, r2, r1, r3
10005d6e:	4628      	mov	r0, r5
10005d70:	f000 ffe0 	bl	10006d34 <memcpy>
10005d74:	8962      	ldrh	r2, [r4, #10]
10005d76:	88a3      	ldrh	r3, [r4, #4]
10005d78:	b292      	uxth	r2, r2
10005d7a:	1c51      	adds	r1, r2, #1
10005d7c:	b289      	uxth	r1, r1
10005d7e:	428a      	cmp	r2, r1
10005d80:	f04f 0201 	mov.w	r2, #1
10005d84:	d910      	bls.n	10005da8 <tu_fifo_read+0x90>
10005d86:	2100      	movs	r1, #0
10005d88:	fa03 f002 	lsl.w	r0, r3, r2
10005d8c:	1a09      	subs	r1, r1, r0
10005d8e:	6920      	ldr	r0, [r4, #16]
10005d90:	8161      	strh	r1, [r4, #10]
10005d92:	b118      	cbz	r0, 10005d9c <tu_fifo_read+0x84>
10005d94:	9201      	str	r2, [sp, #4]
10005d96:	f001 f883 	bl	10006ea0 <__mutex_exit_veneer>
10005d9a:	9a01      	ldr	r2, [sp, #4]
10005d9c:	4610      	mov	r0, r2
10005d9e:	b003      	add	sp, #12
10005da0:	bd30      	pop	{r4, r5, pc}
10005da2:	4602      	mov	r2, r0
10005da4:	8961      	ldrh	r1, [r4, #10]
10005da6:	b289      	uxth	r1, r1
10005da8:	ebb1 0f43 	cmp.w	r1, r3, lsl #1
10005dac:	ea4f 0043 	mov.w	r0, r3, lsl #1
10005db0:	dbed      	blt.n	10005d8e <tu_fifo_read+0x76>
10005db2:	e7eb      	b.n	10005d8c <tu_fifo_read+0x74>

10005db4 <tu_fifo_read_n>:
10005db4:	e92d 41f0 	stmdb	sp!, {r4, r5, r6, r7, r8, lr}
10005db8:	4605      	mov	r5, r0
10005dba:	6900      	ldr	r0, [r0, #16]
10005dbc:	4688      	mov	r8, r1
10005dbe:	b082      	sub	sp, #8
10005dc0:	b128      	cbz	r0, 10005dce <tu_fifo_read_n+0x1a>
10005dc2:	f04f 31ff 	mov.w	r1, #4294967295	@ 0xffffffff
10005dc6:	9200      	str	r2, [sp, #0]
10005dc8:	f001 f85a 	bl	10006e80 <__mutex_enter_timeout_ms_veneer>
10005dcc:	9a00      	ldr	r2, [sp, #0]
10005dce:	8929      	ldrh	r1, [r5, #8]
10005dd0:	896b      	ldrh	r3, [r5, #10]
10005dd2:	b289      	uxth	r1, r1
10005dd4:	b29b      	uxth	r3, r3
10005dd6:	88ac      	ldrh	r4, [r5, #4]
10005dd8:	4299      	cmp	r1, r3
10005dda:	bf36      	itet	cc
10005ddc:	ebc3 0644 	rsbcc	r6, r3, r4, lsl #1
10005de0:	1ace      	subcs	r6, r1, r3
10005de2:	1876      	addcc	r6, r6, r1
10005de4:	b2b6      	uxth	r6, r6
10005de6:	2e00      	cmp	r6, #0
10005de8:	d04b      	beq.n	10005e82 <tu_fifo_read_n+0xce>
10005dea:	42b4      	cmp	r4, r6
10005dec:	d341      	bcc.n	10005e72 <tu_fifo_read_n+0xbe>
10005dee:	42b2      	cmp	r2, r6
10005df0:	bf28      	it	cs
10005df2:	4632      	movcs	r2, r6
10005df4:	429c      	cmp	r4, r3
10005df6:	b296      	uxth	r6, r2
10005df8:	d803      	bhi.n	10005e02 <tu_fifo_read_n+0x4e>
10005dfa:	1b1b      	subs	r3, r3, r4
10005dfc:	b29b      	uxth	r3, r3
10005dfe:	429c      	cmp	r4, r3
10005e00:	d9fb      	bls.n	10005dfa <tu_fifo_read_n+0x46>
10005e02:	f8b5 c006 	ldrh.w	ip, [r5, #6]
10005e06:	1ae0      	subs	r0, r4, r3
10005e08:	6829      	ldr	r1, [r5, #0]
10005e0a:	b280      	uxth	r0, r0
10005e0c:	f3cc 020e 	ubfx	r2, ip, #0, #15
10005e10:	4286      	cmp	r6, r0
10005e12:	4617      	mov	r7, r2
10005e14:	fb02 1103 	mla	r1, r2, r3, r1
10005e18:	d925      	bls.n	10005e66 <tu_fifo_read_n+0xb2>
10005e1a:	fb10 f202 	smulbb	r2, r0, r2
10005e1e:	4640      	mov	r0, r8
10005e20:	b292      	uxth	r2, r2
10005e22:	9301      	str	r3, [sp, #4]
10005e24:	9200      	str	r2, [sp, #0]
10005e26:	f000 ff85 	bl	10006d34 <memcpy>
10005e2a:	9b01      	ldr	r3, [sp, #4]
10005e2c:	9a00      	ldr	r2, [sp, #0]
10005e2e:	1b34      	subs	r4, r6, r4
10005e30:	4423      	add	r3, r4
10005e32:	eb08 0002 	add.w	r0, r8, r2
10005e36:	fb13 f207 	smulbb	r2, r3, r7
10005e3a:	6829      	ldr	r1, [r5, #0]
10005e3c:	b292      	uxth	r2, r2
10005e3e:	f000 ff79 	bl	10006d34 <memcpy>
10005e42:	896a      	ldrh	r2, [r5, #10]
10005e44:	88ac      	ldrh	r4, [r5, #4]
10005e46:	b292      	uxth	r2, r2
10005e48:	1993      	adds	r3, r2, r6
10005e4a:	b29b      	uxth	r3, r3
10005e4c:	429a      	cmp	r2, r3
10005e4e:	d91a      	bls.n	10005e86 <tu_fifo_read_n+0xd2>
10005e50:	0062      	lsls	r2, r4, #1
10005e52:	1a9b      	subs	r3, r3, r2
10005e54:	6928      	ldr	r0, [r5, #16]
10005e56:	816b      	strh	r3, [r5, #10]
10005e58:	b108      	cbz	r0, 10005e5e <tu_fifo_read_n+0xaa>
10005e5a:	f001 f821 	bl	10006ea0 <__mutex_exit_veneer>
10005e5e:	4630      	mov	r0, r6
10005e60:	b002      	add	sp, #8
10005e62:	e8bd 81f0 	ldmia.w	sp!, {r4, r5, r6, r7, r8, pc}
10005e66:	4640      	mov	r0, r8
10005e68:	fb06 f202 	mul.w	r2, r6, r2
10005e6c:	f000 ff62 	bl	10006d34 <memcpy>
10005e70:	e7e7      	b.n	10005e42 <tu_fifo_read_n+0x8e>
10005e72:	42a1      	cmp	r1, r4
10005e74:	bf2c      	ite	cs
10005e76:	1b09      	subcs	r1, r1, r4
10005e78:	1909      	addcc	r1, r1, r4
10005e7a:	b28b      	uxth	r3, r1
10005e7c:	4626      	mov	r6, r4
10005e7e:	816b      	strh	r3, [r5, #10]
10005e80:	e7b5      	b.n	10005dee <tu_fifo_read_n+0x3a>
10005e82:	896b      	ldrh	r3, [r5, #10]
10005e84:	b29b      	uxth	r3, r3
10005e86:	ebb3 0f44 	cmp.w	r3, r4, lsl #1
10005e8a:	ea4f 0244 	mov.w	r2, r4, lsl #1
10005e8e:	dbe1      	blt.n	10005e54 <tu_fifo_read_n+0xa0>
10005e90:	e7df      	b.n	10005e52 <tu_fifo_read_n+0x9e>
10005e92:	bf00      	nop

10005e94 <tu_fifo_write>:
10005e94:	b570      	push	{r4, r5, r6, lr}
10005e96:	4604      	mov	r4, r0
10005e98:	68c0      	ldr	r0, [r0, #12]
10005e9a:	460e      	mov	r6, r1
10005e9c:	b082      	sub	sp, #8
10005e9e:	b118      	cbz	r0, 10005ea8 <tu_fifo_write+0x14>
10005ea0:	f04f 31ff 	mov.w	r1, #4294967295	@ 0xffffffff
10005ea4:	f000 ffec 	bl	10006e80 <__mutex_enter_timeout_ms_veneer>
10005ea8:	8925      	ldrh	r5, [r4, #8]
10005eaa:	8923      	ldrh	r3, [r4, #8]
10005eac:	8961      	ldrh	r1, [r4, #10]
10005eae:	b29b      	uxth	r3, r3
10005eb0:	b289      	uxth	r1, r1
10005eb2:	88a2      	ldrh	r2, [r4, #4]
10005eb4:	428b      	cmp	r3, r1
10005eb6:	bf36      	itet	cc
10005eb8:	ebc1 0142 	rsbcc	r1, r1, r2, lsl #1
10005ebc:	1a5b      	subcs	r3, r3, r1
10005ebe:	185b      	addcc	r3, r3, r1
10005ec0:	b29b      	uxth	r3, r3
10005ec2:	429a      	cmp	r2, r3
10005ec4:	b2ad      	uxth	r5, r5
10005ec6:	d80b      	bhi.n	10005ee0 <tu_fifo_write+0x4c>
10005ec8:	79e1      	ldrb	r1, [r4, #7]
10005eca:	09c9      	lsrs	r1, r1, #7
10005ecc:	d108      	bne.n	10005ee0 <tu_fifo_write+0x4c>
10005ece:	68e0      	ldr	r0, [r4, #12]
10005ed0:	b118      	cbz	r0, 10005eda <tu_fifo_write+0x46>
10005ed2:	9101      	str	r1, [sp, #4]
10005ed4:	f000 ffe4 	bl	10006ea0 <__mutex_exit_veneer>
10005ed8:	9901      	ldr	r1, [sp, #4]
10005eda:	4608      	mov	r0, r1
10005edc:	b002      	add	sp, #8
10005ede:	bd70      	pop	{r4, r5, r6, pc}
10005ee0:	4295      	cmp	r5, r2
10005ee2:	bf28      	it	cs
10005ee4:	462b      	movcs	r3, r5
10005ee6:	d317      	bcc.n	10005f18 <tu_fifo_write+0x84>
10005ee8:	1a9b      	subs	r3, r3, r2
10005eea:	b29b      	uxth	r3, r3
10005eec:	4293      	cmp	r3, r2
10005eee:	d2fb      	bcs.n	10005ee8 <tu_fifo_write+0x54>
10005ef0:	88e2      	ldrh	r2, [r4, #6]
10005ef2:	6820      	ldr	r0, [r4, #0]
10005ef4:	f3c2 020e 	ubfx	r2, r2, #0, #15
10005ef8:	fb02 0003 	mla	r0, r2, r3, r0
10005efc:	4631      	mov	r1, r6
10005efe:	f000 ff19 	bl	10006d34 <memcpy>
10005f02:	1c6b      	adds	r3, r5, #1
10005f04:	b29b      	uxth	r3, r3
10005f06:	429d      	cmp	r5, r3
10005f08:	88a2      	ldrh	r2, [r4, #4]
10005f0a:	d911      	bls.n	10005f30 <tu_fifo_write+0x9c>
10005f0c:	2300      	movs	r3, #0
10005f0e:	0051      	lsls	r1, r2, #1
10005f10:	1a5b      	subs	r3, r3, r1
10005f12:	2101      	movs	r1, #1
10005f14:	8123      	strh	r3, [r4, #8]
10005f16:	e7da      	b.n	10005ece <tu_fifo_write+0x3a>
10005f18:	88e2      	ldrh	r2, [r4, #6]
10005f1a:	6820      	ldr	r0, [r4, #0]
10005f1c:	f3c2 020e 	ubfx	r2, r2, #0, #15
10005f20:	fb05 0002 	mla	r0, r5, r2, r0
10005f24:	4631      	mov	r1, r6
10005f26:	f000 ff05 	bl	10006d34 <memcpy>
10005f2a:	3501      	adds	r5, #1
10005f2c:	88a2      	ldrh	r2, [r4, #4]
10005f2e:	b2ab      	uxth	r3, r5
10005f30:	ebb3 0f42 	cmp.w	r3, r2, lsl #1
10005f34:	ea4f 0142 	mov.w	r1, r2, lsl #1
10005f38:	dbeb      	blt.n	10005f12 <tu_fifo_write+0x7e>
10005f3a:	e7e9      	b.n	10005f10 <tu_fifo_write+0x7c>

10005f3c <tu_fifo_write_n>:
10005f3c:	e92d 47f0 	stmdb	sp!, {r4, r5, r6, r7, r8, r9, sl, lr}
10005f40:	4615      	mov	r5, r2
10005f42:	b082      	sub	sp, #8
10005f44:	2a00      	cmp	r2, #0
10005f46:	d04a      	beq.n	10005fde <tu_fifo_write_n+0xa2>
10005f48:	4604      	mov	r4, r0
10005f4a:	68c0      	ldr	r0, [r0, #12]
10005f4c:	4688      	mov	r8, r1
10005f4e:	b118      	cbz	r0, 10005f58 <tu_fifo_write_n+0x1c>
10005f50:	f04f 31ff 	mov.w	r1, #4294967295	@ 0xffffffff
10005f54:	f000 ff94 	bl	10006e80 <__mutex_enter_timeout_ms_veneer>
10005f58:	79e1      	ldrb	r1, [r4, #7]
10005f5a:	8926      	ldrh	r6, [r4, #8]
10005f5c:	8963      	ldrh	r3, [r4, #10]
10005f5e:	09c9      	lsrs	r1, r1, #7
10005f60:	88a2      	ldrh	r2, [r4, #4]
10005f62:	b2b6      	uxth	r6, r6
10005f64:	b29b      	uxth	r3, r3
10005f66:	d13e      	bne.n	10005fe6 <tu_fifo_write_n+0xaa>
10005f68:	429e      	cmp	r6, r3
10005f6a:	bf36      	itet	cc
10005f6c:	ebc3 0342 	rsbcc	r3, r3, r2, lsl #1
10005f70:	1af3      	subcs	r3, r6, r3
10005f72:	199b      	addcc	r3, r3, r6
10005f74:	b29b      	uxth	r3, r3
10005f76:	4293      	cmp	r3, r2
10005f78:	d253      	bcs.n	10006022 <tu_fifo_write_n+0xe6>
10005f7a:	1ad3      	subs	r3, r2, r3
10005f7c:	b29b      	uxth	r3, r3
10005f7e:	42ab      	cmp	r3, r5
10005f80:	bf28      	it	cs
10005f82:	462b      	movcs	r3, r5
10005f84:	b29d      	uxth	r5, r3
10005f86:	1973      	adds	r3, r6, r5
10005f88:	f8b4 c006 	ldrh.w	ip, [r4, #6]
10005f8c:	fa1f f983 	uxth.w	r9, r3
10005f90:	eba5 0a02 	sub.w	sl, r5, r2
10005f94:	4296      	cmp	r6, r2
10005f96:	4633      	mov	r3, r6
10005f98:	d303      	bcc.n	10005fa2 <tu_fifo_write_n+0x66>
10005f9a:	1a9b      	subs	r3, r3, r2
10005f9c:	b29b      	uxth	r3, r3
10005f9e:	4293      	cmp	r3, r2
10005fa0:	d2fb      	bcs.n	10005f9a <tu_fifo_write_n+0x5e>
10005fa2:	1ad2      	subs	r2, r2, r3
10005fa4:	b291      	uxth	r1, r2
10005fa6:	6820      	ldr	r0, [r4, #0]
10005fa8:	f3cc 020e 	ubfx	r2, ip, #0, #15
10005fac:	42a9      	cmp	r1, r5
10005fae:	4617      	mov	r7, r2
10005fb0:	fb02 0003 	mla	r0, r2, r3, r0
10005fb4:	d352      	bcc.n	1000605c <tu_fifo_write_n+0x120>
10005fb6:	4641      	mov	r1, r8
10005fb8:	fb05 f202 	mul.w	r2, r5, r2
10005fbc:	f000 feba 	bl	10006d34 <memcpy>
10005fc0:	88a3      	ldrh	r3, [r4, #4]
10005fc2:	454e      	cmp	r6, r9
10005fc4:	ea4f 0243 	mov.w	r2, r3, lsl #1
10005fc8:	d802      	bhi.n	10005fd0 <tu_fifo_write_n+0x94>
10005fca:	ebb9 0f43 	cmp.w	r9, r3, lsl #1
10005fce:	db01      	blt.n	10005fd4 <tu_fifo_write_n+0x98>
10005fd0:	eba9 0902 	sub.w	r9, r9, r2
10005fd4:	68e0      	ldr	r0, [r4, #12]
10005fd6:	462a      	mov	r2, r5
10005fd8:	f8a4 9008 	strh.w	r9, [r4, #8]
10005fdc:	bb28      	cbnz	r0, 1000602a <tu_fifo_write_n+0xee>
10005fde:	4610      	mov	r0, r2
10005fe0:	b002      	add	sp, #8
10005fe2:	e8bd 87f0 	ldmia.w	sp!, {r4, r5, r6, r7, r8, r9, sl, pc}
10005fe6:	4295      	cmp	r5, r2
10005fe8:	d227      	bcs.n	1000603a <tu_fifo_write_n+0xfe>
10005fea:	429e      	cmp	r6, r3
10005fec:	bf36      	itet	cc
10005fee:	ebc3 0142 	rsbcc	r1, r3, r2, lsl #1
10005ff2:	1af1      	subcs	r1, r6, r3
10005ff4:	1989      	addcc	r1, r1, r6
10005ff6:	b289      	uxth	r1, r1
10005ff8:	0050      	lsls	r0, r2, #1
10005ffa:	4429      	add	r1, r5
10005ffc:	1aaf      	subs	r7, r5, r2
10005ffe:	4281      	cmp	r1, r0
10006000:	46ba      	mov	sl, r7
10006002:	db08      	blt.n	10006016 <tu_fifo_write_n+0xda>
10006004:	1899      	adds	r1, r3, r2
10006006:	b289      	uxth	r1, r1
10006008:	1b4e      	subs	r6, r1, r5
1000600a:	b2b6      	uxth	r6, r6
1000600c:	42b3      	cmp	r3, r6
1000600e:	4689      	mov	r9, r1
10006010:	d938      	bls.n	10006084 <tu_fifo_write_n+0x148>
10006012:	1a30      	subs	r0, r6, r0
10006014:	b286      	uxth	r6, r0
10006016:	19ab      	adds	r3, r5, r6
10006018:	fa1f f983 	uxth.w	r9, r3
1000601c:	f8b4 c006 	ldrh.w	ip, [r4, #6]
10006020:	e7b8      	b.n	10005f94 <tu_fifo_write_n+0x58>
10006022:	2200      	movs	r2, #0
10006024:	68e0      	ldr	r0, [r4, #12]
10006026:	2800      	cmp	r0, #0
10006028:	d0d9      	beq.n	10005fde <tu_fifo_write_n+0xa2>
1000602a:	9200      	str	r2, [sp, #0]
1000602c:	f000 ff38 	bl	10006ea0 <__mutex_exit_veneer>
10006030:	9a00      	ldr	r2, [sp, #0]
10006032:	4610      	mov	r0, r2
10006034:	b002      	add	sp, #8
10006036:	e8bd 87f0 	ldmia.w	sp!, {r4, r5, r6, r7, r8, r9, sl, pc}
1000603a:	2a00      	cmp	r2, #0
1000603c:	d0f2      	beq.n	10006024 <tu_fifo_write_n+0xe8>
1000603e:	f8b4 c006 	ldrh.w	ip, [r4, #6]
10006042:	1aad      	subs	r5, r5, r2
10006044:	1899      	adds	r1, r3, r2
10006046:	461e      	mov	r6, r3
10006048:	f3cc 030e 	ubfx	r3, ip, #0, #15
1000604c:	fb03 8805 	mla	r8, r3, r5, r8
10006050:	f04f 0a00 	mov.w	sl, #0
10006054:	4615      	mov	r5, r2
10006056:	fa1f f981 	uxth.w	r9, r1
1000605a:	e79b      	b.n	10005f94 <tu_fifo_write_n+0x58>
1000605c:	fb11 f202 	smulbb	r2, r1, r2
10006060:	4641      	mov	r1, r8
10006062:	b292      	uxth	r2, r2
10006064:	9301      	str	r3, [sp, #4]
10006066:	9200      	str	r2, [sp, #0]
10006068:	f000 fe64 	bl	10006d34 <memcpy>
1000606c:	9b01      	ldr	r3, [sp, #4]
1000606e:	9a00      	ldr	r2, [sp, #0]
10006070:	4453      	add	r3, sl
10006072:	fb13 f307 	smulbb	r3, r3, r7
10006076:	eb08 0102 	add.w	r1, r8, r2
1000607a:	6820      	ldr	r0, [r4, #0]
1000607c:	b29a      	uxth	r2, r3
1000607e:	f000 fe59 	bl	10006d34 <memcpy>
10006082:	e79d      	b.n	10005fc0 <tu_fifo_write_n+0x84>
10006084:	42b0      	cmp	r0, r6
10006086:	ddc4      	ble.n	10006012 <tu_fifo_write_n+0xd6>
10006088:	e7c8      	b.n	1000601c <tu_fifo_write_n+0xe0>
1000608a:	bf00      	nop

1000608c <tu_fifo_clear>:
1000608c:	b510      	push	{r4, lr}
1000608e:	4604      	mov	r4, r0
10006090:	68c0      	ldr	r0, [r0, #12]
10006092:	b118      	cbz	r0, 1000609c <tu_fifo_clear+0x10>
10006094:	f04f 31ff 	mov.w	r1, #4294967295	@ 0xffffffff
10006098:	f000 fef2 	bl	10006e80 <__mutex_enter_timeout_ms_veneer>
1000609c:	6920      	ldr	r0, [r4, #16]
1000609e:	b118      	cbz	r0, 100060a8 <tu_fifo_clear+0x1c>
100060a0:	f04f 31ff 	mov.w	r1, #4294967295	@ 0xffffffff
100060a4:	f000 feec 	bl	10006e80 <__mutex_enter_timeout_ms_veneer>
100060a8:	2300      	movs	r3, #0
100060aa:	68e0      	ldr	r0, [r4, #12]
100060ac:	8163      	strh	r3, [r4, #10]
100060ae:	8123      	strh	r3, [r4, #8]
100060b0:	b108      	cbz	r0, 100060b6 <tu_fifo_clear+0x2a>
100060b2:	f000 fef5 	bl	10006ea0 <__mutex_exit_veneer>
100060b6:	6920      	ldr	r0, [r4, #16]
100060b8:	b108      	cbz	r0, 100060be <tu_fifo_clear+0x32>
100060ba:	f000 fef1 	bl	10006ea0 <__mutex_exit_veneer>
100060be:	2001      	movs	r0, #1
100060c0:	bd10      	pop	{r4, pc}
100060c2:	bf00      	nop

100060c4 <tu_fifo_set_overwritable>:
100060c4:	b538      	push	{r3, r4, r5, lr}
100060c6:	4604      	mov	r4, r0
100060c8:	68c0      	ldr	r0, [r0, #12]
100060ca:	460d      	mov	r5, r1
100060cc:	b118      	cbz	r0, 100060d6 <tu_fifo_set_overwritable+0x12>
100060ce:	f04f 31ff 	mov.w	r1, #4294967295	@ 0xffffffff
100060d2:	f000 fed5 	bl	10006e80 <__mutex_enter_timeout_ms_veneer>
100060d6:	6920      	ldr	r0, [r4, #16]
100060d8:	b118      	cbz	r0, 100060e2 <tu_fifo_set_overwritable+0x1e>
100060da:	f04f 31ff 	mov.w	r1, #4294967295	@ 0xffffffff
100060de:	f000 fecf 	bl	10006e80 <__mutex_enter_timeout_ms_veneer>
100060e2:	79e3      	ldrb	r3, [r4, #7]
100060e4:	68e0      	ldr	r0, [r4, #12]
100060e6:	f365 13c7 	bfi	r3, r5, #7, #1
100060ea:	71e3      	strb	r3, [r4, #7]
100060ec:	b108      	cbz	r0, 100060f2 <tu_fifo_set_overwritable+0x2e>
100060ee:	f000 fed7 	bl	10006ea0 <__mutex_exit_veneer>
100060f2:	6920      	ldr	r0, [r4, #16]
100060f4:	b108      	cbz	r0, 100060fa <tu_fifo_set_overwritable+0x36>
100060f6:	f000 fed3 	bl	10006ea0 <__mutex_exit_veneer>
100060fa:	2001      	movs	r0, #1
100060fc:	bd38      	pop	{r3, r4, r5, pc}
100060fe:	bf00      	nop

10006100 <poll_write_complete>:
10006100:	2301      	movs	r3, #1
10006102:	e92d 4ff0 	stmdb	sp!, {r4, r5, r6, r7, r8, r9, sl, fp, lr}
10006106:	4604      	mov	r4, r0
10006108:	b085      	sub	sp, #20
1000610a:	9200      	str	r2, [sp, #0]
1000610c:	6b42      	ldr	r2, [r0, #52]	@ 0x34
1000610e:	6b80      	ldr	r0, [r0, #56]	@ 0x38
10006110:	fa03 f202 	lsl.w	r2, r3, r2
10006114:	fa03 f000 	lsl.w	r0, r3, r0
10006118:	4310      	orrs	r0, r2
1000611a:	6be2      	ldr	r2, [r4, #60]	@ 0x3c
1000611c:	fa03 f202 	lsl.w	r2, r3, r2
10006120:	4310      	orrs	r0, r2
10006122:	6c22      	ldr	r2, [r4, #64]	@ 0x40
10006124:	fa03 f202 	lsl.w	r2, r3, r2
10006128:	4310      	orrs	r0, r2
1000612a:	6c62      	ldr	r2, [r4, #68]	@ 0x44
1000612c:	fa03 f202 	lsl.w	r2, r3, r2
10006130:	4310      	orrs	r0, r2
10006132:	6ca2      	ldr	r2, [r4, #72]	@ 0x48
10006134:	fa03 f202 	lsl.w	r2, r3, r2
10006138:	4310      	orrs	r0, r2
1000613a:	6ce2      	ldr	r2, [r4, #76]	@ 0x4c
1000613c:	fa03 f202 	lsl.w	r2, r3, r2
10006140:	4310      	orrs	r0, r2
10006142:	6d22      	ldr	r2, [r4, #80]	@ 0x50
10006144:	fa03 f202 	lsl.w	r2, r3, r2
10006148:	4302      	orrs	r2, r0
1000614a:	ee10 0010 			gpioc_lo_out_get r0
1000614e:	4010      	ands	r0, r2
10006150:	ee20 0010 			gpioc_lo_out_xor r0
10006154:	ee10 0014 			gpioc_lo_oe_get r0
10006158:	4002      	ands	r2, r0
1000615a:	ee20 2014 			gpioc_lo_oe_xor r2
1000615e:	f8d4 e008 	ldr.w	lr, [r4, #8]
10006162:	e9d4 c800 	ldrd	ip, r8, [r4]
10006166:	68e7      	ldr	r7, [r4, #12]
10006168:	fa03 f00c 	lsl.w	r0, r3, ip
1000616c:	fa03 f208 	lsl.w	r2, r3, r8
10006170:	4302      	orrs	r2, r0
10006172:	6926      	ldr	r6, [r4, #16]
10006174:	fa03 f00e 	lsl.w	r0, r3, lr
10006178:	4310      	orrs	r0, r2
1000617a:	fa03 f207 	lsl.w	r2, r3, r7
1000617e:	4302      	orrs	r2, r0
10006180:	fa03 f006 	lsl.w	r0, r3, r6
10006184:	4310      	orrs	r0, r2
10006186:	6962      	ldr	r2, [r4, #20]
10006188:	6aa5      	ldr	r5, [r4, #40]	@ 0x28
1000618a:	fa03 f202 	lsl.w	r2, r3, r2
1000618e:	4302      	orrs	r2, r0
10006190:	69a0      	ldr	r0, [r4, #24]
10006192:	fa03 f905 	lsl.w	r9, r3, r5
10006196:	fa03 f000 	lsl.w	r0, r3, r0
1000619a:	4310      	orrs	r0, r2
1000619c:	69e2      	ldr	r2, [r4, #28]
1000619e:	fa03 f202 	lsl.w	r2, r3, r2
100061a2:	4302      	orrs	r2, r0
100061a4:	e9d4 0b08 	ldrd	r0, fp, [r4, #32]
100061a8:	fa03 f000 	lsl.w	r0, r3, r0
100061ac:	4310      	orrs	r0, r2
100061ae:	fa03 f20b 	lsl.w	r2, r3, fp
100061b2:	4302      	orrs	r2, r0
100061b4:	6ae0      	ldr	r0, [r4, #44]	@ 0x2c
100061b6:	ea49 0202 	orr.w	r2, r9, r2
100061ba:	fa03 fa00 	lsl.w	sl, r3, r0
100061be:	ea4a 0a02 	orr.w	sl, sl, r2
100061c2:	6b22      	ldr	r2, [r4, #48]	@ 0x30
100061c4:	ee10 9010 			gpioc_lo_out_get r9
100061c8:	4093      	lsls	r3, r2
100061ca:	ea43 030a 	orr.w	r3, r3, sl
100061ce:	f3c1 0a40 	ubfx	sl, r1, #1, #1
100061d2:	fa0a fa08 	lsl.w	sl, sl, r8
100061d6:	f3c1 0880 	ubfx	r8, r1, #2, #1
100061da:	fa08 f80e 	lsl.w	r8, r8, lr
100061de:	f001 0e01 	and.w	lr, r1, #1
100061e2:	ea4a 0808 	orr.w	r8, sl, r8
100061e6:	fa0e fe0c 	lsl.w	lr, lr, ip
100061ea:	f3c1 0cc0 	ubfx	ip, r1, #3, #1
100061ee:	9301      	str	r3, [sp, #4]
100061f0:	ea48 0e0e 	orr.w	lr, r8, lr
100061f4:	6963      	ldr	r3, [r4, #20]
100061f6:	fa0c fc07 	lsl.w	ip, ip, r7
100061fa:	f3c1 1700 	ubfx	r7, r1, #4, #1
100061fe:	ea4e 0c0c 	orr.w	ip, lr, ip
10006202:	40b7      	lsls	r7, r6
10006204:	f3c1 1640 	ubfx	r6, r1, #5, #1
10006208:	ea4c 0707 	orr.w	r7, ip, r7
1000620c:	409e      	lsls	r6, r3
1000620e:	69a3      	ldr	r3, [r4, #24]
10006210:	433e      	orrs	r6, r7
10006212:	f3c1 1780 	ubfx	r7, r1, #6, #1
10006216:	409f      	lsls	r7, r3
10006218:	69e3      	ldr	r3, [r4, #28]
1000621a:	433e      	orrs	r6, r7
1000621c:	f3c1 17c0 	ubfx	r7, r1, #7, #1
10006220:	409f      	lsls	r7, r3
10006222:	6a23      	ldr	r3, [r4, #32]
10006224:	433e      	orrs	r6, r7
10006226:	f3c1 2700 	ubfx	r7, r1, #8, #1
1000622a:	409f      	lsls	r7, r3
1000622c:	433e      	orrs	r6, r7
1000622e:	f3c1 2740 	ubfx	r7, r1, #9, #1
10006232:	fa07 f70b 	lsl.w	r7, r7, fp
10006236:	433e      	orrs	r6, r7
10006238:	f3c1 2780 	ubfx	r7, r1, #10, #1
1000623c:	fa07 f505 	lsl.w	r5, r7, r5
10006240:	4335      	orrs	r5, r6
10006242:	f3c1 26c0 	ubfx	r6, r1, #11, #1
10006246:	fa06 f000 	lsl.w	r0, r6, r0
1000624a:	f3c1 3100 	ubfx	r1, r1, #12, #1
1000624e:	4328      	orrs	r0, r5
10006250:	4091      	lsls	r1, r2
10006252:	9b01      	ldr	r3, [sp, #4]
10006254:	4308      	orrs	r0, r1
10006256:	ea80 0009 	eor.w	r0, r0, r9
1000625a:	4018      	ands	r0, r3
1000625c:	ee20 0010 			gpioc_lo_out_xor r0
10006260:	2064      	movs	r0, #100	@ 0x64
10006262:	f7fb f937 	bl	100014d4 <busy_wait_us_32>
10006266:	f7fb f92b 	bl	100014c0 <time_us_64>
1000626a:	f642 63e0 	movw	r3, #12000	@ 0x2ee0
1000626e:	f04f 35ff 	mov.w	r5, #4294967295	@ 0xffffffff
10006272:	f06f 4200 	mvn.w	r2, #2147483648	@ 0x80000000
10006276:	eb10 0a03 	adds.w	sl, r0, r3
1000627a:	f141 0600 	adc.w	r6, r1, #0
1000627e:	4555      	cmp	r5, sl
10006280:	eb72 0306 	sbcs.w	r3, r2, r6
10006284:	bf38      	it	cc
10006286:	46aa      	movcc	sl, r5
10006288:	4623      	mov	r3, r4
1000628a:	bf38      	it	cc
1000628c:	4616      	movcc	r6, r2
1000628e:	4654      	mov	r4, sl
10006290:	f04f 0b01 	mov.w	fp, #1
10006294:	f04f 0900 	mov.w	r9, #0
10006298:	2700      	movs	r7, #0
1000629a:	4635      	mov	r5, r6
1000629c:	469a      	mov	sl, r3
1000629e:	f8df 8114 	ldr.w	r8, [pc, #276]	@ 100063b4 <poll_write_complete+0x2b4>
100062a2:	f8d8 3024 	ldr.w	r3, [r8, #36]	@ 0x24
100062a6:	429d      	cmp	r5, r3
100062a8:	d80a      	bhi.n	100062c0 <poll_write_complete+0x1c0>
100062aa:	f8d8 2028 	ldr.w	r2, [r8, #40]	@ 0x28
100062ae:	42a2      	cmp	r2, r4
100062b0:	d201      	bcs.n	100062b6 <poll_write_complete+0x1b6>
100062b2:	429d      	cmp	r5, r3
100062b4:	d004      	beq.n	100062c0 <poll_write_complete+0x1c0>
100062b6:	2500      	movs	r5, #0
100062b8:	4628      	mov	r0, r5
100062ba:	b005      	add	sp, #20
100062bc:	e8bd 8ff0 	ldmia.w	sp!, {r4, r5, r6, r7, r8, r9, sl, fp, pc}
100062c0:	f8da 3054 	ldr.w	r3, [sl, #84]	@ 0x54
100062c4:	ec49 3040 	gpioc_bit_out_put r3, r9
100062c8:	f8da 3058 	ldr.w	r3, [sl, #88]	@ 0x58
100062cc:	ec49 3040 	gpioc_bit_out_put r3, r9
100062d0:	2001      	movs	r0, #1
100062d2:	f7fb f8ff 	bl	100014d4 <busy_wait_us_32>
100062d6:	ee10 e018 			gpioc_lo_in_get lr
100062da:	e9da 0113 	ldrd	r0, r1, [sl, #76]	@ 0x4c
100062de:	e9da 230d 	ldrd	r2, r3, [sl, #52]	@ 0x34
100062e2:	f04f 0c01 	mov.w	ip, #1
100062e6:	9103      	str	r1, [sp, #12]
100062e8:	f8da 1044 	ldr.w	r1, [sl, #68]	@ 0x44
100062ec:	fa0c f202 	lsl.w	r2, ip, r2
100062f0:	fa0c f101 	lsl.w	r1, ip, r1
100062f4:	9101      	str	r1, [sp, #4]
100062f6:	f8da 1048 	ldr.w	r1, [sl, #72]	@ 0x48
100062fa:	ea12 0f0e 	tst.w	r2, lr
100062fe:	fa0c f101 	lsl.w	r1, ip, r1
10006302:	9102      	str	r1, [sp, #8]
10006304:	f8da 6040 	ldr.w	r6, [sl, #64]	@ 0x40
10006308:	9903      	ldr	r1, [sp, #12]
1000630a:	f8da 203c 	ldr.w	r2, [sl, #60]	@ 0x3c
1000630e:	fa0c f303 	lsl.w	r3, ip, r3
10006312:	fa0c f202 	lsl.w	r2, ip, r2
10006316:	fa0c f606 	lsl.w	r6, ip, r6
1000631a:	fa0c f000 	lsl.w	r0, ip, r0
1000631e:	fa0c fc01 	lsl.w	ip, ip, r1
10006322:	bf14      	ite	ne
10006324:	2101      	movne	r1, #1
10006326:	2100      	moveq	r1, #0
10006328:	ea13 0f0e 	tst.w	r3, lr
1000632c:	f041 0302 	orr.w	r3, r1, #2
10006330:	bf18      	it	ne
10006332:	4619      	movne	r1, r3
10006334:	ea12 0f0e 	tst.w	r2, lr
10006338:	f041 0304 	orr.w	r3, r1, #4
1000633c:	bf18      	it	ne
1000633e:	4619      	movne	r1, r3
10006340:	f041 0308 	orr.w	r3, r1, #8
10006344:	ea16 0f0e 	tst.w	r6, lr
10006348:	b2db      	uxtb	r3, r3
1000634a:	bf18      	it	ne
1000634c:	4619      	movne	r1, r3
1000634e:	9b01      	ldr	r3, [sp, #4]
10006350:	ea13 0f0e 	tst.w	r3, lr
10006354:	f041 0310 	orr.w	r3, r1, #16
10006358:	b2db      	uxtb	r3, r3
1000635a:	bf18      	it	ne
1000635c:	4619      	movne	r1, r3
1000635e:	9b02      	ldr	r3, [sp, #8]
10006360:	ea13 0f0e 	tst.w	r3, lr
10006364:	f041 0320 	orr.w	r3, r1, #32
10006368:	b2db      	uxtb	r3, r3
1000636a:	bf18      	it	ne
1000636c:	4619      	movne	r1, r3
1000636e:	f041 0340 	orr.w	r3, r1, #64	@ 0x40
10006372:	ea10 0f0e 	tst.w	r0, lr
10006376:	b2db      	uxtb	r3, r3
10006378:	bf18      	it	ne
1000637a:	4619      	movne	r1, r3
1000637c:	f061 037f 	orn	r3, r1, #127	@ 0x7f
10006380:	ea1c 0f0e 	tst.w	ip, lr
10006384:	b2db      	uxtb	r3, r3
10006386:	bf18      	it	ne
10006388:	4619      	movne	r1, r3
1000638a:	f8da 3058 	ldr.w	r3, [sl, #88]	@ 0x58
1000638e:	ec4b 3040 	gpioc_bit_out_put r3, fp
10006392:	f8da 3054 	ldr.w	r3, [sl, #84]	@ 0x54
10006396:	ec4b 3040 	gpioc_bit_out_put r3, fp
1000639a:	9b00      	ldr	r3, [sp, #0]
1000639c:	404b      	eors	r3, r1
1000639e:	b927      	cbnz	r7, 100063aa <poll_write_complete+0x2aa>
100063a0:	9b00      	ldr	r3, [sp, #0]
100063a2:	4059      	eors	r1, r3
100063a4:	f3c1 17c0 	ubfx	r7, r1, #7, #1
100063a8:	e77b      	b.n	100062a2 <poll_write_complete+0x1a2>
100063aa:	061b      	lsls	r3, r3, #24
100063ac:	f53f af79 	bmi.w	100062a2 <poll_write_complete+0x1a2>
100063b0:	463d      	mov	r5, r7
100063b2:	e781      	b.n	100062b8 <poll_write_complete+0x1b8>
100063b4:	400b0000 	.word	0x400b0000

100063b8 <at28bv64b_init>:
100063b8:	e92d 41f0 	stmdb	sp!, {r4, r5, r6, r7, r8, lr}
100063bc:	4680      	mov	r8, r0
100063be:	f04f 0701 	mov.w	r7, #1
100063c2:	f04f 0600 	mov.w	r6, #0
100063c6:	1f04      	subs	r4, r0, #4
100063c8:	f100 0530 	add.w	r5, r0, #48	@ 0x30
100063cc:	f854 0f04 	ldr.w	r0, [r4, #4]!
100063d0:	f7fa f86c 	bl	100004ac <gpio_init>
100063d4:	6823      	ldr	r3, [r4, #0]
100063d6:	ec47 3044 	gpioc_bit_oe_put r3, r7
100063da:	ec46 3040 	gpioc_bit_out_put r3, r6
100063de:	42ac      	cmp	r4, r5
100063e0:	d1f4      	bne.n	100063cc <at28bv64b_init+0x14>
100063e2:	f04f 0600 	mov.w	r6, #0
100063e6:	f108 0450 	add.w	r4, r8, #80	@ 0x50
100063ea:	f855 0f04 	ldr.w	r0, [r5, #4]!
100063ee:	f7fa f85d 	bl	100004ac <gpio_init>
100063f2:	6828      	ldr	r0, [r5, #0]
100063f4:	ec46 0044 	gpioc_bit_oe_put r0, r6
100063f8:	2201      	movs	r2, #1
100063fa:	2100      	movs	r1, #0
100063fc:	f7fa f844 	bl	10000488 <gpio_set_pulls>
10006400:	42a5      	cmp	r5, r4
10006402:	d1f2      	bne.n	100063ea <at28bv64b_init+0x32>
10006404:	f8d8 0054 	ldr.w	r0, [r8, #84]	@ 0x54
10006408:	f7fa f850 	bl	100004ac <gpio_init>
1000640c:	f04f 0401 	mov.w	r4, #1
10006410:	f8d8 3054 	ldr.w	r3, [r8, #84]	@ 0x54
10006414:	ec44 3044 	gpioc_bit_oe_put r3, r4
10006418:	ec44 3040 	gpioc_bit_out_put r3, r4
1000641c:	f8d8 0058 	ldr.w	r0, [r8, #88]	@ 0x58
10006420:	f7fa f844 	bl	100004ac <gpio_init>
10006424:	f8d8 3058 	ldr.w	r3, [r8, #88]	@ 0x58
10006428:	ec44 3044 	gpioc_bit_oe_put r3, r4
1000642c:	ec44 3040 	gpioc_bit_out_put r3, r4
10006430:	f8d8 005c 	ldr.w	r0, [r8, #92]	@ 0x5c
10006434:	f7fa f83a 	bl	100004ac <gpio_init>
10006438:	f8d8 305c 	ldr.w	r3, [r8, #92]	@ 0x5c
1000643c:	ec44 3044 	gpioc_bit_oe_put r3, r4
10006440:	ec44 3040 	gpioc_bit_out_put r3, r4
10006444:	2001      	movs	r0, #1
10006446:	e8bd 81f0 	ldmia.w	sp!, {r4, r5, r6, r7, r8, pc}
1000644a:	bf00      	nop

1000644c <at28bv64b_read_byte>:
1000644c:	e92d 47f0 	stmdb	sp!, {r4, r5, r6, r7, r8, r9, sl, lr}
10006450:	e9d0 320d 	ldrd	r3, r2, [r0, #52]	@ 0x34
10006454:	2501      	movs	r5, #1
10006456:	fa05 f303 	lsl.w	r3, r5, r3
1000645a:	fa05 f202 	lsl.w	r2, r5, r2
1000645e:	431a      	orrs	r2, r3
10006460:	6bc3      	ldr	r3, [r0, #60]	@ 0x3c
10006462:	4604      	mov	r4, r0
10006464:	fa05 f303 	lsl.w	r3, r5, r3
10006468:	431a      	orrs	r2, r3
1000646a:	6c03      	ldr	r3, [r0, #64]	@ 0x40
1000646c:	fa05 f303 	lsl.w	r3, r5, r3
10006470:	431a      	orrs	r2, r3
10006472:	6c43      	ldr	r3, [r0, #68]	@ 0x44
10006474:	fa05 f303 	lsl.w	r3, r5, r3
10006478:	431a      	orrs	r2, r3
1000647a:	6c83      	ldr	r3, [r0, #72]	@ 0x48
1000647c:	fa05 f303 	lsl.w	r3, r5, r3
10006480:	431a      	orrs	r2, r3
10006482:	6cc3      	ldr	r3, [r0, #76]	@ 0x4c
10006484:	fa05 f303 	lsl.w	r3, r5, r3
10006488:	431a      	orrs	r2, r3
1000648a:	6d03      	ldr	r3, [r0, #80]	@ 0x50
1000648c:	fa05 f303 	lsl.w	r3, r5, r3
10006490:	4313      	orrs	r3, r2
10006492:	ee10 2010 			gpioc_lo_out_get r2
10006496:	401a      	ands	r2, r3
10006498:	ee20 2010 			gpioc_lo_out_xor r2
1000649c:	ee10 2014 			gpioc_lo_oe_get r2
100064a0:	4013      	ands	r3, r2
100064a2:	ee20 3014 			gpioc_lo_oe_xor r3
100064a6:	e9d0 3200 	ldrd	r3, r2, [r0]
100064aa:	fa05 f002 	lsl.w	r0, r5, r2
100064ae:	fa05 f303 	lsl.w	r3, r5, r3
100064b2:	4303      	orrs	r3, r0
100064b4:	68a0      	ldr	r0, [r4, #8]
100064b6:	f8d4 8028 	ldr.w	r8, [r4, #40]	@ 0x28
100064ba:	fa05 f000 	lsl.w	r0, r5, r0
100064be:	4318      	orrs	r0, r3
100064c0:	68e3      	ldr	r3, [r4, #12]
100064c2:	f8d4 e02c 	ldr.w	lr, [r4, #44]	@ 0x2c
100064c6:	fa05 f303 	lsl.w	r3, r5, r3
100064ca:	4303      	orrs	r3, r0
100064cc:	e9d4 0704 	ldrd	r0, r7, [r4, #16]
100064d0:	fa05 f000 	lsl.w	r0, r5, r0
100064d4:	4318      	orrs	r0, r3
100064d6:	fa05 f307 	lsl.w	r3, r5, r7
100064da:	4303      	orrs	r3, r0
100064dc:	69a0      	ldr	r0, [r4, #24]
100064de:	f8d4 a030 	ldr.w	sl, [r4, #48]	@ 0x30
100064e2:	fa05 f000 	lsl.w	r0, r5, r0
100064e6:	4318      	orrs	r0, r3
100064e8:	69e3      	ldr	r3, [r4, #28]
100064ea:	fa05 f303 	lsl.w	r3, r5, r3
100064ee:	4303      	orrs	r3, r0
100064f0:	e9d4 0908 	ldrd	r0, r9, [r4, #32]
100064f4:	fa05 f000 	lsl.w	r0, r5, r0
100064f8:	4318      	orrs	r0, r3
100064fa:	fa05 f309 	lsl.w	r3, r5, r9
100064fe:	4303      	orrs	r3, r0
10006500:	fa05 f008 	lsl.w	r0, r5, r8
10006504:	4303      	orrs	r3, r0
10006506:	fa05 f00e 	lsl.w	r0, r5, lr
1000650a:	4318      	orrs	r0, r3
1000650c:	ee10 6010 			gpioc_lo_out_get r6
10006510:	68a3      	ldr	r3, [r4, #8]
10006512:	f3c1 0c40 	ubfx	ip, r1, #1, #1
10006516:	fa0c fc02 	lsl.w	ip, ip, r2
1000651a:	f3c1 0280 	ubfx	r2, r1, #2, #1
1000651e:	409a      	lsls	r2, r3
10006520:	6823      	ldr	r3, [r4, #0]
10006522:	ea4c 0202 	orr.w	r2, ip, r2
10006526:	ea01 0c05 	and.w	ip, r1, r5
1000652a:	fa0c fc03 	lsl.w	ip, ip, r3
1000652e:	68e3      	ldr	r3, [r4, #12]
10006530:	ea42 0c0c 	orr.w	ip, r2, ip
10006534:	f3c1 02c0 	ubfx	r2, r1, #3, #1
10006538:	409a      	lsls	r2, r3
1000653a:	6923      	ldr	r3, [r4, #16]
1000653c:	ea4c 0202 	orr.w	r2, ip, r2
10006540:	f3c1 1c00 	ubfx	ip, r1, #4, #1
10006544:	fa0c fc03 	lsl.w	ip, ip, r3
10006548:	ea42 0c0c 	orr.w	ip, r2, ip
1000654c:	69a3      	ldr	r3, [r4, #24]
1000654e:	f3c1 1240 	ubfx	r2, r1, #5, #1
10006552:	40ba      	lsls	r2, r7
10006554:	f3c1 1780 	ubfx	r7, r1, #6, #1
10006558:	409f      	lsls	r7, r3
1000655a:	ea4c 0202 	orr.w	r2, ip, r2
1000655e:	69e3      	ldr	r3, [r4, #28]
10006560:	433a      	orrs	r2, r7
10006562:	f3c1 17c0 	ubfx	r7, r1, #7, #1
10006566:	409f      	lsls	r7, r3
10006568:	6a23      	ldr	r3, [r4, #32]
1000656a:	433a      	orrs	r2, r7
1000656c:	f3c1 2700 	ubfx	r7, r1, #8, #1
10006570:	409f      	lsls	r7, r3
10006572:	433a      	orrs	r2, r7
10006574:	f3c1 2740 	ubfx	r7, r1, #9, #1
10006578:	fa07 f709 	lsl.w	r7, r7, r9
1000657c:	433a      	orrs	r2, r7
1000657e:	f3c1 2780 	ubfx	r7, r1, #10, #1
10006582:	fa07 f708 	lsl.w	r7, r7, r8
10006586:	433a      	orrs	r2, r7
10006588:	f3c1 27c0 	ubfx	r7, r1, #11, #1
1000658c:	fa07 f70e 	lsl.w	r7, r7, lr
10006590:	f3c1 3100 	ubfx	r1, r1, #12, #1
10006594:	433a      	orrs	r2, r7
10006596:	fa01 f10a 	lsl.w	r1, r1, sl
1000659a:	430a      	orrs	r2, r1
1000659c:	fa05 f30a 	lsl.w	r3, r5, sl
100065a0:	4072      	eors	r2, r6
100065a2:	4303      	orrs	r3, r0
100065a4:	401a      	ands	r2, r3
100065a6:	ee20 2010 			gpioc_lo_out_xor r2
100065aa:	f04f 0300 	mov.w	r3, #0
100065ae:	6d62      	ldr	r2, [r4, #84]	@ 0x54
100065b0:	ec43 2040 	gpioc_bit_out_put r2, r3
100065b4:	6da2      	ldr	r2, [r4, #88]	@ 0x58
100065b6:	ec43 2040 	gpioc_bit_out_put r2, r3
100065ba:	4628      	mov	r0, r5
100065bc:	f7fa ff8a 	bl	100014d4 <busy_wait_us_32>
100065c0:	ee10 3018 			gpioc_lo_in_get r3
100065c4:	e9d4 120d 	ldrd	r1, r2, [r4, #52]	@ 0x34
100065c8:	fa05 f101 	lsl.w	r1, r5, r1
100065cc:	4219      	tst	r1, r3
100065ce:	bf14      	ite	ne
100065d0:	4628      	movne	r0, r5
100065d2:	2000      	moveq	r0, #0
100065d4:	fa05 f202 	lsl.w	r2, r5, r2
100065d8:	f040 0902 	orr.w	r9, r0, #2
100065dc:	421a      	tst	r2, r3
100065de:	bf18      	it	ne
100065e0:	4648      	movne	r0, r9
100065e2:	6be2      	ldr	r2, [r4, #60]	@ 0x3c
100065e4:	6c27      	ldr	r7, [r4, #64]	@ 0x40
100065e6:	fa05 f802 	lsl.w	r8, r5, r2
100065ea:	ea18 0f03 	tst.w	r8, r3
100065ee:	f040 0804 	orr.w	r8, r0, #4
100065f2:	bf18      	it	ne
100065f4:	4640      	movne	r0, r8
100065f6:	fa05 f707 	lsl.w	r7, r5, r7
100065fa:	421f      	tst	r7, r3
100065fc:	f040 0708 	orr.w	r7, r0, #8
10006600:	b2ff      	uxtb	r7, r7
10006602:	bf18      	it	ne
10006604:	4638      	movne	r0, r7
10006606:	6c62      	ldr	r2, [r4, #68]	@ 0x44
10006608:	6ce6      	ldr	r6, [r4, #76]	@ 0x4c
1000660a:	fa05 fe02 	lsl.w	lr, r5, r2
1000660e:	ea1e 0f03 	tst.w	lr, r3
10006612:	f040 0e10 	orr.w	lr, r0, #16
10006616:	fa5f fe8e 	uxtb.w	lr, lr
1000661a:	bf18      	it	ne
1000661c:	4670      	movne	r0, lr
1000661e:	6ca2      	ldr	r2, [r4, #72]	@ 0x48
10006620:	fa05 f606 	lsl.w	r6, r5, r6
10006624:	fa05 fc02 	lsl.w	ip, r5, r2
10006628:	ea1c 0f03 	tst.w	ip, r3
1000662c:	f040 0c20 	orr.w	ip, r0, #32
10006630:	fa5f fc8c 	uxtb.w	ip, ip
10006634:	bf18      	it	ne
10006636:	4660      	movne	r0, ip
10006638:	421e      	tst	r6, r3
1000663a:	f040 0640 	orr.w	r6, r0, #64	@ 0x40
1000663e:	b2f6      	uxtb	r6, r6
10006640:	bf18      	it	ne
10006642:	4630      	movne	r0, r6
10006644:	6d22      	ldr	r2, [r4, #80]	@ 0x50
10006646:	6da1      	ldr	r1, [r4, #88]	@ 0x58
10006648:	fa05 f202 	lsl.w	r2, r5, r2
1000664c:	421a      	tst	r2, r3
1000664e:	f060 037f 	orn	r3, r0, #127	@ 0x7f
10006652:	b2db      	uxtb	r3, r3
10006654:	bf18      	it	ne
10006656:	4618      	movne	r0, r3
10006658:	ec45 1040 	gpioc_bit_out_put r1, r5
1000665c:	6d63      	ldr	r3, [r4, #84]	@ 0x54
1000665e:	ec45 3040 	gpioc_bit_out_put r3, r5
10006662:	e8bd 87f0 	ldmia.w	sp!, {r4, r5, r6, r7, r8, r9, sl, pc}
10006666:	bf00      	nop

10006668 <at28bv64b_read_buf>:
10006668:	b5f8      	push	{r3, r4, r5, r6, r7, lr}
1000666a:	18cc      	adds	r4, r1, r3
1000666c:	f5b4 5f00 	cmp.w	r4, #8192	@ 0x2000
10006670:	d810      	bhi.n	10006694 <at28bv64b_read_buf+0x2c>
10006672:	b16b      	cbz	r3, 10006690 <at28bv64b_read_buf+0x28>
10006674:	1e55      	subs	r5, r2, #1
10006676:	462c      	mov	r4, r5
10006678:	4607      	mov	r7, r0
1000667a:	441d      	add	r5, r3
1000667c:	1b0e      	subs	r6, r1, r4
1000667e:	1931      	adds	r1, r6, r4
10006680:	4638      	mov	r0, r7
10006682:	b289      	uxth	r1, r1
10006684:	f7ff fee2 	bl	1000644c <at28bv64b_read_byte>
10006688:	f804 0f01 	strb.w	r0, [r4, #1]!
1000668c:	42ac      	cmp	r4, r5
1000668e:	d1f6      	bne.n	1000667e <at28bv64b_read_buf+0x16>
10006690:	2001      	movs	r0, #1
10006692:	bdf8      	pop	{r3, r4, r5, r6, r7, pc}
10006694:	2000      	movs	r0, #0
10006696:	bdf8      	pop	{r3, r4, r5, r6, r7, pc}

10006698 <at28bv64b_write_page>:
10006698:	e92d 4ff0 	stmdb	sp!, {r4, r5, r6, r7, r8, r9, sl, fp, lr}
1000669c:	461d      	mov	r5, r3
1000669e:	3b01      	subs	r3, #1
100066a0:	2b3f      	cmp	r3, #63	@ 0x3f
100066a2:	b085      	sub	sp, #20
100066a4:	f200 813c 	bhi.w	10006920 <at28bv64b_write_page+0x288>
100066a8:	f021 063f 	bic.w	r6, r1, #63	@ 0x3f
100066ac:	3640      	adds	r6, #64	@ 0x40
100066ae:	194c      	adds	r4, r1, r5
100066b0:	42b4      	cmp	r4, r6
100066b2:	f200 8135 	bhi.w	10006920 <at28bv64b_write_page+0x288>
100066b6:	e9cd 1201 	strd	r1, r2, [sp, #4]
100066ba:	4604      	mov	r4, r0
100066bc:	46ab      	mov	fp, r5
100066be:	2101      	movs	r1, #1
100066c0:	6d82      	ldr	r2, [r0, #88]	@ 0x58
100066c2:	ec41 2040 	gpioc_bit_out_put r2, r1
100066c6:	f04f 0500 	mov.w	r5, #0
100066ca:	6d42      	ldr	r2, [r0, #84]	@ 0x54
100066cc:	ec45 2040 	gpioc_bit_out_put r2, r5
100066d0:	f890 2060 	ldrb.w	r2, [r0, #96]	@ 0x60
100066d4:	2a00      	cmp	r2, #0
100066d6:	f040 8127 	bne.w	10006928 <at28bv64b_write_page+0x290>
100066da:	f8d0 c05c 	ldr.w	ip, [r0, #92]	@ 0x5c
100066de:	9a02      	ldr	r2, [sp, #8]
100066e0:	2501      	movs	r5, #1
100066e2:	3a01      	subs	r2, #1
100066e4:	eb02 070b 	add.w	r7, r2, fp
100066e8:	4616      	mov	r6, r2
100066ea:	46ba      	mov	sl, r7
100066ec:	f04f 0800 	mov.w	r8, #0
100066f0:	4667      	mov	r7, ip
100066f2:	9a01      	ldr	r2, [sp, #4]
100066f4:	9303      	str	r3, [sp, #12]
100066f6:	eba2 0906 	sub.w	r9, r2, r6
100066fa:	6820      	ldr	r0, [r4, #0]
100066fc:	eb09 0206 	add.w	r2, r9, r6
10006700:	fa05 f000 	lsl.w	r0, r5, r0
10006704:	f012 0f01 	tst.w	r2, #1
10006708:	bf14      	ite	ne
1000670a:	4601      	movne	r1, r0
1000670c:	2100      	moveq	r1, #0
1000670e:	6863      	ldr	r3, [r4, #4]
10006710:	fa05 fe03 	lsl.w	lr, r5, r3
10006714:	ea40 0c0e 	orr.w	ip, r0, lr
10006718:	0790      	lsls	r0, r2, #30
1000671a:	68a0      	ldr	r0, [r4, #8]
1000671c:	bf48      	it	mi
1000671e:	ea41 010e 	orrmi.w	r1, r1, lr
10006722:	fa05 f000 	lsl.w	r0, r5, r0
10006726:	f012 0f04 	tst.w	r2, #4
1000672a:	bf18      	it	ne
1000672c:	4301      	orrne	r1, r0
1000672e:	ea4c 0c00 	orr.w	ip, ip, r0
10006732:	68e0      	ldr	r0, [r4, #12]
10006734:	f012 0f08 	tst.w	r2, #8
10006738:	fa05 f000 	lsl.w	r0, r5, r0
1000673c:	bf18      	it	ne
1000673e:	4301      	orrne	r1, r0
10006740:	ea4c 0c00 	orr.w	ip, ip, r0
10006744:	6920      	ldr	r0, [r4, #16]
10006746:	f012 0f10 	tst.w	r2, #16
1000674a:	fa05 f000 	lsl.w	r0, r5, r0
1000674e:	bf18      	it	ne
10006750:	4301      	orrne	r1, r0
10006752:	ea4c 0c00 	orr.w	ip, ip, r0
10006756:	6960      	ldr	r0, [r4, #20]
10006758:	f012 0f20 	tst.w	r2, #32
1000675c:	fa05 f000 	lsl.w	r0, r5, r0
10006760:	bf18      	it	ne
10006762:	4301      	orrne	r1, r0
10006764:	ea4c 0c00 	orr.w	ip, ip, r0
10006768:	69a0      	ldr	r0, [r4, #24]
1000676a:	f012 0f40 	tst.w	r2, #64	@ 0x40
1000676e:	fa05 f000 	lsl.w	r0, r5, r0
10006772:	bf18      	it	ne
10006774:	4301      	orrne	r1, r0
10006776:	ea4c 0c00 	orr.w	ip, ip, r0
1000677a:	69e0      	ldr	r0, [r4, #28]
1000677c:	f012 0f80 	tst.w	r2, #128	@ 0x80
10006780:	fa05 f000 	lsl.w	r0, r5, r0
10006784:	bf18      	it	ne
10006786:	4301      	orrne	r1, r0
10006788:	ea4c 0c00 	orr.w	ip, ip, r0
1000678c:	6a20      	ldr	r0, [r4, #32]
1000678e:	f412 7f80 	tst.w	r2, #256	@ 0x100
10006792:	fa05 f000 	lsl.w	r0, r5, r0
10006796:	bf18      	it	ne
10006798:	4301      	orrne	r1, r0
1000679a:	ea4c 0c00 	orr.w	ip, ip, r0
1000679e:	6a60      	ldr	r0, [r4, #36]	@ 0x24
100067a0:	f412 7f00 	tst.w	r2, #512	@ 0x200
100067a4:	fa05 f000 	lsl.w	r0, r5, r0
100067a8:	bf18      	it	ne
100067aa:	4301      	orrne	r1, r0
100067ac:	ea4c 0c00 	orr.w	ip, ip, r0
100067b0:	6aa0      	ldr	r0, [r4, #40]	@ 0x28
100067b2:	f412 6f80 	tst.w	r2, #1024	@ 0x400
100067b6:	fa05 f000 	lsl.w	r0, r5, r0
100067ba:	bf18      	it	ne
100067bc:	4301      	orrne	r1, r0
100067be:	ea4c 0c00 	orr.w	ip, ip, r0
100067c2:	6ae0      	ldr	r0, [r4, #44]	@ 0x2c
100067c4:	f412 6f00 	tst.w	r2, #2048	@ 0x800
100067c8:	fa05 f000 	lsl.w	r0, r5, r0
100067cc:	bf18      	it	ne
100067ce:	4301      	orrne	r1, r0
100067d0:	ea4c 0c00 	orr.w	ip, ip, r0
100067d4:	6b20      	ldr	r0, [r4, #48]	@ 0x30
100067d6:	04d2      	lsls	r2, r2, #19
100067d8:	fa05 f000 	lsl.w	r0, r5, r0
100067dc:	f816 3f01 	ldrb.w	r3, [r6, #1]!
100067e0:	ea4c 0c00 	orr.w	ip, ip, r0
100067e4:	bf48      	it	mi
100067e6:	4301      	orrmi	r1, r0
100067e8:	ee10 2010 			gpioc_lo_out_get r2
100067ec:	404a      	eors	r2, r1
100067ee:	ea02 020c 	and.w	r2, r2, ip
100067f2:	ee20 2010 			gpioc_lo_out_xor r2
100067f6:	6b62      	ldr	r2, [r4, #52]	@ 0x34
100067f8:	f013 0f01 	tst.w	r3, #1
100067fc:	fa05 f202 	lsl.w	r2, r5, r2
10006800:	bf14      	ite	ne
10006802:	4610      	movne	r0, r2
10006804:	2000      	moveq	r0, #0
10006806:	6ba1      	ldr	r1, [r4, #56]	@ 0x38
10006808:	f013 0f02 	tst.w	r3, #2
1000680c:	fa05 f101 	lsl.w	r1, r5, r1
10006810:	bf18      	it	ne
10006812:	4308      	orrne	r0, r1
10006814:	430a      	orrs	r2, r1
10006816:	6be1      	ldr	r1, [r4, #60]	@ 0x3c
10006818:	f013 0f04 	tst.w	r3, #4
1000681c:	fa05 f101 	lsl.w	r1, r5, r1
10006820:	bf18      	it	ne
10006822:	4308      	orrne	r0, r1
10006824:	430a      	orrs	r2, r1
10006826:	6c21      	ldr	r1, [r4, #64]	@ 0x40
10006828:	fa05 fc01 	lsl.w	ip, r5, r1
1000682c:	ea42 010c 	orr.w	r1, r2, ip
10006830:	071a      	lsls	r2, r3, #28
10006832:	6c62      	ldr	r2, [r4, #68]	@ 0x44
10006834:	bf48      	it	mi
10006836:	ea40 000c 	orrmi.w	r0, r0, ip
1000683a:	fa05 f202 	lsl.w	r2, r5, r2
1000683e:	f013 0f10 	tst.w	r3, #16
10006842:	bf18      	it	ne
10006844:	4310      	orrne	r0, r2
10006846:	4311      	orrs	r1, r2
10006848:	6ca2      	ldr	r2, [r4, #72]	@ 0x48
1000684a:	f013 0f20 	tst.w	r3, #32
1000684e:	fa05 f202 	lsl.w	r2, r5, r2
10006852:	bf18      	it	ne
10006854:	4310      	orrne	r0, r2
10006856:	4311      	orrs	r1, r2
10006858:	6ce2      	ldr	r2, [r4, #76]	@ 0x4c
1000685a:	f8d4 c050 	ldr.w	ip, [r4, #80]	@ 0x50
1000685e:	fa05 f202 	lsl.w	r2, r5, r2
10006862:	f013 0f40 	tst.w	r3, #64	@ 0x40
10006866:	ea41 0102 	orr.w	r1, r1, r2
1000686a:	bf18      	it	ne
1000686c:	4310      	orrne	r0, r2
1000686e:	fa05 f20c 	lsl.w	r2, r5, ip
10006872:	430a      	orrs	r2, r1
10006874:	ee10 1014 			gpioc_lo_oe_get r1
10006878:	ea22 0101 	bic.w	r1, r2, r1
1000687c:	ee20 1014 			gpioc_lo_oe_xor r1
10006880:	ee10 1010 			gpioc_lo_out_get r1
10006884:	09db      	lsrs	r3, r3, #7
10006886:	fa03 f30c 	lsl.w	r3, r3, ip
1000688a:	4303      	orrs	r3, r0
1000688c:	404b      	eors	r3, r1
1000688e:	4013      	ands	r3, r2
10006890:	ee20 3010 			gpioc_lo_out_xor r3
10006894:	ec48 7040 	gpioc_bit_out_put r7, r8
10006898:	2001      	movs	r0, #1
1000689a:	f7fa fe1b 	bl	100014d4 <busy_wait_us_32>
1000689e:	f04f 0201 	mov.w	r2, #1
100068a2:	6de7      	ldr	r7, [r4, #92]	@ 0x5c
100068a4:	ec42 7040 	gpioc_bit_out_put r7, r2
100068a8:	4556      	cmp	r6, sl
100068aa:	f47f af26 	bne.w	100066fa <at28bv64b_write_page+0x62>
100068ae:	9b03      	ldr	r3, [sp, #12]
100068b0:	6d61      	ldr	r1, [r4, #84]	@ 0x54
100068b2:	ec42 1040 	gpioc_bit_out_put r1, r2
100068b6:	6ba2      	ldr	r2, [r4, #56]	@ 0x38
100068b8:	6b61      	ldr	r1, [r4, #52]	@ 0x34
100068ba:	fa05 f202 	lsl.w	r2, r5, r2
100068be:	fa05 f101 	lsl.w	r1, r5, r1
100068c2:	4311      	orrs	r1, r2
100068c4:	6be2      	ldr	r2, [r4, #60]	@ 0x3c
100068c6:	fa05 f202 	lsl.w	r2, r5, r2
100068ca:	4311      	orrs	r1, r2
100068cc:	6c22      	ldr	r2, [r4, #64]	@ 0x40
100068ce:	fa05 f202 	lsl.w	r2, r5, r2
100068d2:	4311      	orrs	r1, r2
100068d4:	6c62      	ldr	r2, [r4, #68]	@ 0x44
100068d6:	fa05 f202 	lsl.w	r2, r5, r2
100068da:	4311      	orrs	r1, r2
100068dc:	6ca2      	ldr	r2, [r4, #72]	@ 0x48
100068de:	fa05 f202 	lsl.w	r2, r5, r2
100068e2:	4311      	orrs	r1, r2
100068e4:	6ce2      	ldr	r2, [r4, #76]	@ 0x4c
100068e6:	fa05 f202 	lsl.w	r2, r5, r2
100068ea:	4311      	orrs	r1, r2
100068ec:	6d22      	ldr	r2, [r4, #80]	@ 0x50
100068ee:	fa05 f202 	lsl.w	r2, r5, r2
100068f2:	430a      	orrs	r2, r1
100068f4:	ee10 1010 			gpioc_lo_out_get r1
100068f8:	4011      	ands	r1, r2
100068fa:	ee20 1010 			gpioc_lo_out_xor r1
100068fe:	ee10 1014 			gpioc_lo_oe_get r1
10006902:	400a      	ands	r2, r1
10006904:	ee20 2014 			gpioc_lo_oe_xor r2
10006908:	4620      	mov	r0, r4
1000690a:	9a01      	ldr	r2, [sp, #4]
1000690c:	1e51      	subs	r1, r2, #1
1000690e:	9a02      	ldr	r2, [sp, #8]
10006910:	4459      	add	r1, fp
10006912:	5cd2      	ldrb	r2, [r2, r3]
10006914:	b289      	uxth	r1, r1
10006916:	b005      	add	sp, #20
10006918:	e8bd 4ff0 	ldmia.w	sp!, {r4, r5, r6, r7, r8, r9, sl, fp, lr}
1000691c:	f7ff bbf0 	b.w	10006100 <poll_write_complete>
10006920:	2000      	movs	r0, #0
10006922:	b005      	add	sp, #20
10006924:	e8bd 8ff0 	ldmia.w	sp!, {r4, r5, r6, r7, r8, r9, sl, fp, pc}
10006928:	9303      	str	r3, [sp, #12]
1000692a:	460b      	mov	r3, r1
1000692c:	6802      	ldr	r2, [r0, #0]
1000692e:	68a6      	ldr	r6, [r4, #8]
10006930:	fa01 f202 	lsl.w	r2, r1, r2
10006934:	6841      	ldr	r1, [r0, #4]
10006936:	fa03 f606 	lsl.w	r6, r3, r6
1000693a:	fa03 f001 	lsl.w	r0, r3, r1
1000693e:	68e1      	ldr	r1, [r4, #12]
10006940:	4310      	orrs	r0, r2
10006942:	4330      	orrs	r0, r6
10006944:	fa03 f701 	lsl.w	r7, r3, r1
10006948:	4307      	orrs	r7, r0
1000694a:	6920      	ldr	r0, [r4, #16]
1000694c:	6961      	ldr	r1, [r4, #20]
1000694e:	fa03 f000 	lsl.w	r0, r3, r0
10006952:	4307      	orrs	r7, r0
10006954:	fa03 fc01 	lsl.w	ip, r3, r1
10006958:	ea4c 0c07 	orr.w	ip, ip, r7
1000695c:	69e1      	ldr	r1, [r4, #28]
1000695e:	69a7      	ldr	r7, [r4, #24]
10006960:	fa03 fe01 	lsl.w	lr, r3, r1
10006964:	fa03 f707 	lsl.w	r7, r3, r7
10006968:	6a21      	ldr	r1, [r4, #32]
1000696a:	ea4c 0c07 	orr.w	ip, ip, r7
1000696e:	ea4e 0e0c 	orr.w	lr, lr, ip
10006972:	fa03 fc01 	lsl.w	ip, r3, r1
10006976:	6a61      	ldr	r1, [r4, #36]	@ 0x24
10006978:	ea4e 0e0c 	orr.w	lr, lr, ip
1000697c:	fa03 f901 	lsl.w	r9, r3, r1
10006980:	6aa1      	ldr	r1, [r4, #40]	@ 0x28
10006982:	ea49 090e 	orr.w	r9, r9, lr
10006986:	fa03 fe01 	lsl.w	lr, r3, r1
1000698a:	6ae1      	ldr	r1, [r4, #44]	@ 0x2c
1000698c:	ea49 090e 	orr.w	r9, r9, lr
10006990:	fa03 f101 	lsl.w	r1, r3, r1
10006994:	ea41 0809 	orr.w	r8, r1, r9
10006998:	6b21      	ldr	r1, [r4, #48]	@ 0x30
1000699a:	fa03 f101 	lsl.w	r1, r3, r1
1000699e:	ee10 9010 			gpioc_lo_out_get r9
100069a2:	4332      	orrs	r2, r6
100069a4:	4302      	orrs	r2, r0
100069a6:	433a      	orrs	r2, r7
100069a8:	ea42 020c 	orr.w	r2, r2, ip
100069ac:	ea42 020e 	orr.w	r2, r2, lr
100069b0:	430a      	orrs	r2, r1
100069b2:	ea82 0209 	eor.w	r2, r2, r9
100069b6:	ea41 0108 	orr.w	r1, r1, r8
100069ba:	400a      	ands	r2, r1
100069bc:	ee20 2010 			gpioc_lo_out_xor r2
100069c0:	6ba2      	ldr	r2, [r4, #56]	@ 0x38
100069c2:	6b61      	ldr	r1, [r4, #52]	@ 0x34
100069c4:	6be7      	ldr	r7, [r4, #60]	@ 0x3c
100069c6:	fa03 f202 	lsl.w	r2, r3, r2
100069ca:	fa03 f101 	lsl.w	r1, r3, r1
100069ce:	4311      	orrs	r1, r2
100069d0:	fa03 f707 	lsl.w	r7, r3, r7
100069d4:	6c26      	ldr	r6, [r4, #64]	@ 0x40
100069d6:	430f      	orrs	r7, r1
100069d8:	6c61      	ldr	r1, [r4, #68]	@ 0x44
100069da:	fa03 f606 	lsl.w	r6, r3, r6
100069de:	fa03 f001 	lsl.w	r0, r3, r1
100069e2:	6ca1      	ldr	r1, [r4, #72]	@ 0x48
100069e4:	4337      	orrs	r7, r6
100069e6:	4338      	orrs	r0, r7
100069e8:	fa03 f701 	lsl.w	r7, r3, r1
100069ec:	6ce1      	ldr	r1, [r4, #76]	@ 0x4c
100069ee:	4338      	orrs	r0, r7
100069f0:	fa03 f101 	lsl.w	r1, r3, r1
100069f4:	4301      	orrs	r1, r0
100069f6:	6d20      	ldr	r0, [r4, #80]	@ 0x50
100069f8:	4698      	mov	r8, r3
100069fa:	fa03 f000 	lsl.w	r0, r3, r0
100069fe:	4301      	orrs	r1, r0
10006a00:	ee10 c014 			gpioc_lo_oe_get ip
10006a04:	ea21 0c0c 	bic.w	ip, r1, ip
10006a08:	ee20 c014 			gpioc_lo_oe_xor ip
10006a0c:	ee10 c010 			gpioc_lo_out_get ip
10006a10:	4332      	orrs	r2, r6
10006a12:	433a      	orrs	r2, r7
10006a14:	4302      	orrs	r2, r0
10006a16:	ea82 020c 	eor.w	r2, r2, ip
10006a1a:	400a      	ands	r2, r1
10006a1c:	ee20 2010 			gpioc_lo_out_xor r2
10006a20:	6de2      	ldr	r2, [r4, #92]	@ 0x5c
10006a22:	ec45 2040 	gpioc_bit_out_put r2, r5
10006a26:	4618      	mov	r0, r3
10006a28:	f7fa fd54 	bl	100014d4 <busy_wait_us_32>
10006a2c:	4643      	mov	r3, r8
10006a2e:	6de6      	ldr	r6, [r4, #92]	@ 0x5c
10006a30:	ec48 6040 	gpioc_bit_out_put r6, r8
10006a34:	6862      	ldr	r2, [r4, #4]
10006a36:	6821      	ldr	r1, [r4, #0]
10006a38:	fa08 f202 	lsl.w	r2, r8, r2
10006a3c:	fa08 f101 	lsl.w	r1, r8, r1
10006a40:	ea41 0002 	orr.w	r0, r1, r2
10006a44:	68a1      	ldr	r1, [r4, #8]
10006a46:	fa08 f701 	lsl.w	r7, r8, r1
10006a4a:	4307      	orrs	r7, r0
10006a4c:	68e0      	ldr	r0, [r4, #12]
10006a4e:	6921      	ldr	r1, [r4, #16]
10006a50:	fa08 f000 	lsl.w	r0, r8, r0
10006a54:	4307      	orrs	r7, r0
10006a56:	fa08 fc01 	lsl.w	ip, r8, r1
10006a5a:	ea4c 0c07 	orr.w	ip, ip, r7
10006a5e:	69a1      	ldr	r1, [r4, #24]
10006a60:	6967      	ldr	r7, [r4, #20]
10006a62:	fa08 fe01 	lsl.w	lr, r8, r1
10006a66:	fa08 f707 	lsl.w	r7, r8, r7
10006a6a:	69e1      	ldr	r1, [r4, #28]
10006a6c:	ea4c 0c07 	orr.w	ip, ip, r7
10006a70:	ea4e 0e0c 	orr.w	lr, lr, ip
10006a74:	fa08 fc01 	lsl.w	ip, r8, r1
10006a78:	6a21      	ldr	r1, [r4, #32]
10006a7a:	ea4e 0e0c 	orr.w	lr, lr, ip
10006a7e:	fa08 f901 	lsl.w	r9, r8, r1
10006a82:	6a61      	ldr	r1, [r4, #36]	@ 0x24
10006a84:	ea49 090e 	orr.w	r9, r9, lr
10006a88:	fa08 f801 	lsl.w	r8, r8, r1
10006a8c:	6aa1      	ldr	r1, [r4, #40]	@ 0x28
10006a8e:	ea49 0908 	orr.w	r9, r9, r8
10006a92:	fa03 fe01 	lsl.w	lr, r3, r1
10006a96:	6ae1      	ldr	r1, [r4, #44]	@ 0x2c
10006a98:	ea4e 0e09 	orr.w	lr, lr, r9
10006a9c:	fa03 f101 	lsl.w	r1, r3, r1
10006aa0:	ea4e 0e01 	orr.w	lr, lr, r1
10006aa4:	ee10 9010 			gpioc_lo_out_get r9
10006aa8:	4302      	orrs	r2, r0
10006aaa:	433a      	orrs	r2, r7
10006aac:	ea42 020c 	orr.w	r2, r2, ip
10006ab0:	ea42 0208 	orr.w	r2, r2, r8
10006ab4:	430a      	orrs	r2, r1
10006ab6:	ea82 0109 	eor.w	r1, r2, r9
10006aba:	6b22      	ldr	r2, [r4, #48]	@ 0x30
10006abc:	fa03 f202 	lsl.w	r2, r3, r2
10006ac0:	ea42 020e 	orr.w	r2, r2, lr
10006ac4:	400a      	ands	r2, r1
10006ac6:	ee20 2010 			gpioc_lo_out_xor r2
10006aca:	6ba2      	ldr	r2, [r4, #56]	@ 0x38
10006acc:	6b60      	ldr	r0, [r4, #52]	@ 0x34
10006ace:	6c21      	ldr	r1, [r4, #64]	@ 0x40
10006ad0:	fa03 fc02 	lsl.w	ip, r3, r2
10006ad4:	6be2      	ldr	r2, [r4, #60]	@ 0x3c
10006ad6:	fa03 f000 	lsl.w	r0, r3, r0
10006ada:	fa03 f701 	lsl.w	r7, r3, r1
10006ade:	ea4c 0c00 	orr.w	ip, ip, r0
10006ae2:	6c61      	ldr	r1, [r4, #68]	@ 0x44
10006ae4:	fa03 f202 	lsl.w	r2, r3, r2
10006ae8:	ea42 0c0c 	orr.w	ip, r2, ip
10006aec:	ea47 070c 	orr.w	r7, r7, ip
10006af0:	fa03 fc01 	lsl.w	ip, r3, r1
10006af4:	6ca1      	ldr	r1, [r4, #72]	@ 0x48
10006af6:	ea4c 0707 	orr.w	r7, ip, r7
10006afa:	fa03 f801 	lsl.w	r8, r3, r1
10006afe:	6ce1      	ldr	r1, [r4, #76]	@ 0x4c
10006b00:	ea48 0807 	orr.w	r8, r8, r7
10006b04:	fa03 fe01 	lsl.w	lr, r3, r1
10006b08:	6d21      	ldr	r1, [r4, #80]	@ 0x50
10006b0a:	ea48 080e 	orr.w	r8, r8, lr
10006b0e:	fa03 f101 	lsl.w	r1, r3, r1
10006b12:	4699      	mov	r9, r3
10006b14:	ea41 0708 	orr.w	r7, r1, r8
10006b18:	ee10 1014 			gpioc_lo_oe_get r1
10006b1c:	ea27 0101 	bic.w	r1, r7, r1
10006b20:	ee20 1014 			gpioc_lo_oe_xor r1
10006b24:	ee10 1010 			gpioc_lo_out_get r1
10006b28:	4302      	orrs	r2, r0
10006b2a:	ea42 020c 	orr.w	r2, r2, ip
10006b2e:	ea42 020e 	orr.w	r2, r2, lr
10006b32:	404a      	eors	r2, r1
10006b34:	403a      	ands	r2, r7
10006b36:	ee20 2010 			gpioc_lo_out_xor r2
10006b3a:	ec45 6040 	gpioc_bit_out_put r6, r5
10006b3e:	4618      	mov	r0, r3
10006b40:	f7fa fcc8 	bl	100014d4 <busy_wait_us_32>
10006b44:	6de3      	ldr	r3, [r4, #92]	@ 0x5c
10006b46:	ec49 3040 	gpioc_bit_out_put r3, r9
10006b4a:	464b      	mov	r3, r9
10006b4c:	6862      	ldr	r2, [r4, #4]
10006b4e:	6826      	ldr	r6, [r4, #0]
10006b50:	fa09 f002 	lsl.w	r0, r9, r2
10006b54:	68a2      	ldr	r2, [r4, #8]
10006b56:	68e1      	ldr	r1, [r4, #12]
10006b58:	fa09 f606 	lsl.w	r6, r9, r6
10006b5c:	fa09 f202 	lsl.w	r2, r9, r2
10006b60:	4330      	orrs	r0, r6
10006b62:	4310      	orrs	r0, r2
10006b64:	fa09 fc01 	lsl.w	ip, r9, r1
10006b68:	ea4c 0c00 	orr.w	ip, ip, r0
10006b6c:	6961      	ldr	r1, [r4, #20]
10006b6e:	6920      	ldr	r0, [r4, #16]
10006b70:	fa09 fe01 	lsl.w	lr, r9, r1
10006b74:	fa09 f000 	lsl.w	r0, r9, r0
10006b78:	69a1      	ldr	r1, [r4, #24]
10006b7a:	ea40 0c0c 	orr.w	ip, r0, ip
10006b7e:	ea4e 0e0c 	orr.w	lr, lr, ip
10006b82:	fa09 fc01 	lsl.w	ip, r9, r1
10006b86:	69e1      	ldr	r1, [r4, #28]
10006b88:	ea4c 0e0e 	orr.w	lr, ip, lr
10006b8c:	fa09 f801 	lsl.w	r8, r9, r1
10006b90:	6a21      	ldr	r1, [r4, #32]
10006b92:	ea48 080e 	orr.w	r8, r8, lr
10006b96:	fa09 fe01 	lsl.w	lr, r9, r1
10006b9a:	6a61      	ldr	r1, [r4, #36]	@ 0x24
10006b9c:	ea4e 0808 	orr.w	r8, lr, r8
10006ba0:	fa09 f901 	lsl.w	r9, r9, r1
10006ba4:	6aa1      	ldr	r1, [r4, #40]	@ 0x28
10006ba6:	ea49 0908 	orr.w	r9, r9, r8
10006baa:	fa03 f801 	lsl.w	r8, r3, r1
10006bae:	6ae1      	ldr	r1, [r4, #44]	@ 0x2c
10006bb0:	ea48 0909 	orr.w	r9, r8, r9
10006bb4:	fa03 f101 	lsl.w	r1, r3, r1
10006bb8:	ea41 0909 	orr.w	r9, r1, r9
10006bbc:	6b21      	ldr	r1, [r4, #48]	@ 0x30
10006bbe:	fa03 f101 	lsl.w	r1, r3, r1
10006bc2:	ee10 7010 			gpioc_lo_out_get r7
10006bc6:	4332      	orrs	r2, r6
10006bc8:	4302      	orrs	r2, r0
10006bca:	ea42 020c 	orr.w	r2, r2, ip
10006bce:	ea42 020e 	orr.w	r2, r2, lr
10006bd2:	ea42 0208 	orr.w	r2, r2, r8
10006bd6:	430a      	orrs	r2, r1
10006bd8:	407a      	eors	r2, r7
10006bda:	ea41 0109 	orr.w	r1, r1, r9
10006bde:	400a      	ands	r2, r1
10006be0:	ee20 2010 			gpioc_lo_out_xor r2
10006be4:	6ba2      	ldr	r2, [r4, #56]	@ 0x38
10006be6:	6b60      	ldr	r0, [r4, #52]	@ 0x34
10006be8:	fa03 f202 	lsl.w	r2, r3, r2
10006bec:	fa03 f000 	lsl.w	r0, r3, r0
10006bf0:	ea42 0100 	orr.w	r1, r2, r0
10006bf4:	6be2      	ldr	r2, [r4, #60]	@ 0x3c
10006bf6:	461f      	mov	r7, r3
10006bf8:	fa03 f202 	lsl.w	r2, r3, r2
10006bfc:	4311      	orrs	r1, r2
10006bfe:	6c22      	ldr	r2, [r4, #64]	@ 0x40
10006c00:	fa03 f202 	lsl.w	r2, r3, r2
10006c04:	430a      	orrs	r2, r1
10006c06:	6c61      	ldr	r1, [r4, #68]	@ 0x44
10006c08:	fa03 f101 	lsl.w	r1, r3, r1
10006c0c:	4311      	orrs	r1, r2
10006c0e:	6ca2      	ldr	r2, [r4, #72]	@ 0x48
10006c10:	fa03 f002 	lsl.w	r0, r3, r2
10006c14:	6ce2      	ldr	r2, [r4, #76]	@ 0x4c
10006c16:	4301      	orrs	r1, r0
10006c18:	fa03 f202 	lsl.w	r2, r3, r2
10006c1c:	4311      	orrs	r1, r2
10006c1e:	6d22      	ldr	r2, [r4, #80]	@ 0x50
10006c20:	fa03 f202 	lsl.w	r2, r3, r2
10006c24:	4311      	orrs	r1, r2
10006c26:	ee10 6014 			gpioc_lo_oe_get r6
10006c2a:	ea21 0606 	bic.w	r6, r1, r6
10006c2e:	ee20 6014 			gpioc_lo_oe_xor r6
10006c32:	ee10 6010 			gpioc_lo_out_get r6
10006c36:	4302      	orrs	r2, r0
10006c38:	4072      	eors	r2, r6
10006c3a:	400a      	ands	r2, r1
10006c3c:	ee20 2010 			gpioc_lo_out_xor r2
10006c40:	6de3      	ldr	r3, [r4, #92]	@ 0x5c
10006c42:	ec45 3040 	gpioc_bit_out_put r3, r5
10006c46:	4638      	mov	r0, r7
10006c48:	f7fa fc44 	bl	100014d4 <busy_wait_us_32>
10006c4c:	f8d4 c05c 	ldr.w	ip, [r4, #92]	@ 0x5c
10006c50:	ec47 c040 	gpioc_bit_out_put ip, r7
10006c54:	9b03      	ldr	r3, [sp, #12]
10006c56:	e542      	b.n	100066de <at28bv64b_write_page+0x46>

10006c58 <at28bv64b_write_buf>:
10006c58:	e92d 43f8 	stmdb	sp!, {r3, r4, r5, r6, r7, r8, r9, lr}
10006c5c:	18cc      	adds	r4, r1, r3
10006c5e:	f5b4 5f00 	cmp.w	r4, #8192	@ 0x2000
10006c62:	d81c      	bhi.n	10006c9e <at28bv64b_write_buf+0x46>
10006c64:	b1f3      	cbz	r3, 10006ca4 <at28bv64b_write_buf+0x4c>
10006c66:	4691      	mov	r9, r2
10006c68:	4680      	mov	r8, r0
10006c6a:	461e      	mov	r6, r3
10006c6c:	460f      	mov	r7, r1
10006c6e:	2500      	movs	r5, #0
10006c70:	e001      	b.n	10006c76 <at28bv64b_write_buf+0x1e>
10006c72:	42ae      	cmp	r6, r5
10006c74:	d916      	bls.n	10006ca4 <at28bv64b_write_buf+0x4c>
10006c76:	1979      	adds	r1, r7, r5
10006c78:	b289      	uxth	r1, r1
10006c7a:	f021 043f 	bic.w	r4, r1, #63	@ 0x3f
10006c7e:	3440      	adds	r4, #64	@ 0x40
10006c80:	b2a4      	uxth	r4, r4
10006c82:	1a64      	subs	r4, r4, r1
10006c84:	1b73      	subs	r3, r6, r5
10006c86:	429c      	cmp	r4, r3
10006c88:	bf28      	it	cs
10006c8a:	461c      	movcs	r4, r3
10006c8c:	eb09 0205 	add.w	r2, r9, r5
10006c90:	4640      	mov	r0, r8
10006c92:	4623      	mov	r3, r4
10006c94:	f7ff fd00 	bl	10006698 <at28bv64b_write_page>
10006c98:	4425      	add	r5, r4
10006c9a:	2800      	cmp	r0, #0
10006c9c:	d1e9      	bne.n	10006c72 <at28bv64b_write_buf+0x1a>
10006c9e:	2000      	movs	r0, #0
10006ca0:	e8bd 83f8 	ldmia.w	sp!, {r3, r4, r5, r6, r7, r8, r9, pc}
10006ca4:	2001      	movs	r0, #1
10006ca6:	e8bd 83f8 	ldmia.w	sp!, {r3, r4, r5, r6, r7, r8, r9, pc}
10006caa:	bf00      	nop

10006cac <memset>:
10006cac:	b530      	push	{r4, r5, lr}
10006cae:	0784      	lsls	r4, r0, #30
10006cb0:	4686      	mov	lr, r0
10006cb2:	4603      	mov	r3, r0
10006cb4:	d006      	beq.n	10006cc4 <memset+0x18>
10006cb6:	b3a2      	cbz	r2, 10006d22 <memset+0x76>
10006cb8:	f803 1b01 	strb.w	r1, [r3], #1
10006cbc:	0798      	lsls	r0, r3, #30
10006cbe:	f102 32ff 	add.w	r2, r2, #4294967295	@ 0xffffffff
10006cc2:	d1f8      	bne.n	10006cb6 <memset+0xa>
10006cc4:	2a03      	cmp	r2, #3
10006cc6:	d926      	bls.n	10006d16 <memset+0x6a>
10006cc8:	fa5f fc81 	uxtb.w	ip, r1
10006ccc:	2a0f      	cmp	r2, #15
10006cce:	eb0c 2c0c 	add.w	ip, ip, ip, lsl #8
10006cd2:	eb0c 400c 	add.w	r0, ip, ip, lsl #16
10006cd6:	d92a      	bls.n	10006d2e <memset+0x82>
10006cd8:	f022 0c0f 	bic.w	ip, r2, #15
10006cdc:	449c      	add	ip, r3
10006cde:	e9c3 0000 	strd	r0, r0, [r3]
10006ce2:	e9c3 0002 	strd	r0, r0, [r3, #8]
10006ce6:	3310      	adds	r3, #16
10006ce8:	4563      	cmp	r3, ip
10006cea:	d1f8      	bne.n	10006cde <memset+0x32>
10006cec:	f012 0f0c 	tst.w	r2, #12
10006cf0:	f002 050f 	and.w	r5, r2, #15
10006cf4:	d017      	beq.n	10006d26 <memset+0x7a>
10006cf6:	ea4f 0c95 	mov.w	ip, r5, lsr #2
10006cfa:	461a      	mov	r2, r3
10006cfc:	f10c 34ff 	add.w	r4, ip, #4294967295	@ 0xffffffff
10006d00:	eb03 0c8c 	add.w	ip, r3, ip, lsl #2
10006d04:	f842 0b04 	str.w	r0, [r2], #4
10006d08:	4562      	cmp	r2, ip
10006d0a:	d1fb      	bne.n	10006d04 <memset+0x58>
10006d0c:	3304      	adds	r3, #4
10006d0e:	f005 0203 	and.w	r2, r5, #3
10006d12:	eb03 0384 	add.w	r3, r3, r4, lsl #2
10006d16:	b122      	cbz	r2, 10006d22 <memset+0x76>
10006d18:	441a      	add	r2, r3
10006d1a:	f803 1b01 	strb.w	r1, [r3], #1
10006d1e:	429a      	cmp	r2, r3
10006d20:	d1fb      	bne.n	10006d1a <memset+0x6e>
10006d22:	4670      	mov	r0, lr
10006d24:	bd30      	pop	{r4, r5, pc}
10006d26:	462a      	mov	r2, r5
10006d28:	2a00      	cmp	r2, #0
10006d2a:	d1f5      	bne.n	10006d18 <memset+0x6c>
10006d2c:	e7f9      	b.n	10006d22 <memset+0x76>
10006d2e:	4615      	mov	r5, r2
10006d30:	e7e1      	b.n	10006cf6 <memset+0x4a>
10006d32:	bf00      	nop

10006d34 <memcpy>:
10006d34:	4684      	mov	ip, r0
10006d36:	ea41 0300 	orr.w	r3, r1, r0
10006d3a:	f013 0303 	ands.w	r3, r3, #3
10006d3e:	d149      	bne.n	10006dd4 <memcpy+0xa0>
10006d40:	3a40      	subs	r2, #64	@ 0x40
10006d42:	d323      	bcc.n	10006d8c <memcpy+0x58>
10006d44:	680b      	ldr	r3, [r1, #0]
10006d46:	6003      	str	r3, [r0, #0]
10006d48:	684b      	ldr	r3, [r1, #4]
10006d4a:	6043      	str	r3, [r0, #4]
10006d4c:	688b      	ldr	r3, [r1, #8]
10006d4e:	6083      	str	r3, [r0, #8]
10006d50:	68cb      	ldr	r3, [r1, #12]
10006d52:	60c3      	str	r3, [r0, #12]
10006d54:	690b      	ldr	r3, [r1, #16]
10006d56:	6103      	str	r3, [r0, #16]
10006d58:	694b      	ldr	r3, [r1, #20]
10006d5a:	6143      	str	r3, [r0, #20]
10006d5c:	698b      	ldr	r3, [r1, #24]
10006d5e:	6183      	str	r3, [r0, #24]
10006d60:	69cb      	ldr	r3, [r1, #28]
10006d62:	61c3      	str	r3, [r0, #28]
10006d64:	6a0b      	ldr	r3, [r1, #32]
10006d66:	6203      	str	r3, [r0, #32]
10006d68:	6a4b      	ldr	r3, [r1, #36]	@ 0x24
10006d6a:	6243      	str	r3, [r0, #36]	@ 0x24
10006d6c:	6a8b      	ldr	r3, [r1, #40]	@ 0x28
10006d6e:	6283      	str	r3, [r0, #40]	@ 0x28
10006d70:	6acb      	ldr	r3, [r1, #44]	@ 0x2c
10006d72:	62c3      	str	r3, [r0, #44]	@ 0x2c
10006d74:	6b0b      	ldr	r3, [r1, #48]	@ 0x30
10006d76:	6303      	str	r3, [r0, #48]	@ 0x30
10006d78:	6b4b      	ldr	r3, [r1, #52]	@ 0x34
10006d7a:	6343      	str	r3, [r0, #52]	@ 0x34
10006d7c:	6b8b      	ldr	r3, [r1, #56]	@ 0x38
10006d7e:	6383      	str	r3, [r0, #56]	@ 0x38
10006d80:	6bcb      	ldr	r3, [r1, #60]	@ 0x3c
10006d82:	63c3      	str	r3, [r0, #60]	@ 0x3c
10006d84:	3040      	adds	r0, #64	@ 0x40
10006d86:	3140      	adds	r1, #64	@ 0x40
10006d88:	3a40      	subs	r2, #64	@ 0x40
10006d8a:	d2db      	bcs.n	10006d44 <memcpy+0x10>
10006d8c:	3230      	adds	r2, #48	@ 0x30
10006d8e:	d30b      	bcc.n	10006da8 <memcpy+0x74>
10006d90:	680b      	ldr	r3, [r1, #0]
10006d92:	6003      	str	r3, [r0, #0]
10006d94:	684b      	ldr	r3, [r1, #4]
10006d96:	6043      	str	r3, [r0, #4]
10006d98:	688b      	ldr	r3, [r1, #8]
10006d9a:	6083      	str	r3, [r0, #8]
10006d9c:	68cb      	ldr	r3, [r1, #12]
10006d9e:	60c3      	str	r3, [r0, #12]
10006da0:	3010      	adds	r0, #16
10006da2:	3110      	adds	r1, #16
10006da4:	3a10      	subs	r2, #16
10006da6:	d2f3      	bcs.n	10006d90 <memcpy+0x5c>
10006da8:	320c      	adds	r2, #12
10006daa:	d305      	bcc.n	10006db8 <memcpy+0x84>
10006dac:	f851 3b04 	ldr.w	r3, [r1], #4
10006db0:	f840 3b04 	str.w	r3, [r0], #4
10006db4:	3a04      	subs	r2, #4
10006db6:	d2f9      	bcs.n	10006dac <memcpy+0x78>
10006db8:	3204      	adds	r2, #4
10006dba:	d008      	beq.n	10006dce <memcpy+0x9a>
10006dbc:	07d2      	lsls	r2, r2, #31
10006dbe:	bf1c      	itt	ne
10006dc0:	f811 3b01 	ldrbne.w	r3, [r1], #1
10006dc4:	f800 3b01 	strbne.w	r3, [r0], #1
10006dc8:	d301      	bcc.n	10006dce <memcpy+0x9a>
10006dca:	880b      	ldrh	r3, [r1, #0]
10006dcc:	8003      	strh	r3, [r0, #0]
10006dce:	4660      	mov	r0, ip
10006dd0:	4770      	bx	lr
10006dd2:	bf00      	nop
10006dd4:	2a08      	cmp	r2, #8
10006dd6:	d313      	bcc.n	10006e00 <memcpy+0xcc>
10006dd8:	078b      	lsls	r3, r1, #30
10006dda:	d0b1      	beq.n	10006d40 <memcpy+0xc>
10006ddc:	f010 0303 	ands.w	r3, r0, #3
10006de0:	d0ae      	beq.n	10006d40 <memcpy+0xc>
10006de2:	f1c3 0304 	rsb	r3, r3, #4
10006de6:	1ad2      	subs	r2, r2, r3
10006de8:	07db      	lsls	r3, r3, #31
10006dea:	bf1c      	itt	ne
10006dec:	f811 3b01 	ldrbne.w	r3, [r1], #1
10006df0:	f800 3b01 	strbne.w	r3, [r0], #1
10006df4:	d3a4      	bcc.n	10006d40 <memcpy+0xc>
10006df6:	f831 3b02 	ldrh.w	r3, [r1], #2
10006dfa:	f820 3b02 	strh.w	r3, [r0], #2
10006dfe:	e79f      	b.n	10006d40 <memcpy+0xc>
10006e00:	3a04      	subs	r2, #4
10006e02:	d3d9      	bcc.n	10006db8 <memcpy+0x84>
10006e04:	3a01      	subs	r2, #1
10006e06:	f811 3b01 	ldrb.w	r3, [r1], #1
10006e0a:	f800 3b01 	strb.w	r3, [r0], #1
10006e0e:	d2f9      	bcs.n	10006e04 <memcpy+0xd0>
10006e10:	780b      	ldrb	r3, [r1, #0]
10006e12:	7003      	strb	r3, [r0, #0]
10006e14:	784b      	ldrb	r3, [r1, #1]
10006e16:	7043      	strb	r3, [r0, #1]
10006e18:	788b      	ldrb	r3, [r1, #2]
10006e1a:	7083      	strb	r3, [r0, #2]
10006e1c:	4660      	mov	r0, ip
10006e1e:	4770      	bx	lr

10006e20 <strlen>:
10006e20:	f020 0103 	bic.w	r1, r0, #3
10006e24:	f010 0003 	ands.w	r0, r0, #3
10006e28:	f1c0 0000 	rsb	r0, r0, #0
10006e2c:	f851 3b04 	ldr.w	r3, [r1], #4
10006e30:	f100 0c04 	add.w	ip, r0, #4
10006e34:	ea4f 0ccc 	mov.w	ip, ip, lsl #3
10006e38:	f06f 0200 	mvn.w	r2, #0
10006e3c:	bf1c      	itt	ne
10006e3e:	fa22 f20c 	lsrne.w	r2, r2, ip
10006e42:	4313      	orrne	r3, r2
10006e44:	f04f 0c01 	mov.w	ip, #1
10006e48:	ea4c 2c0c 	orr.w	ip, ip, ip, lsl #8
10006e4c:	ea4c 4c0c 	orr.w	ip, ip, ip, lsl #16
10006e50:	eba3 020c 	sub.w	r2, r3, ip
10006e54:	ea22 0203 	bic.w	r2, r2, r3
10006e58:	ea12 12cc 	ands.w	r2, r2, ip, lsl #7
10006e5c:	bf04      	itt	eq
10006e5e:	f851 3b04 	ldreq.w	r3, [r1], #4
10006e62:	3004      	addeq	r0, #4
10006e64:	d0f4      	beq.n	10006e50 <strlen+0x30>
10006e66:	f1c2 0100 	rsb	r1, r2, #0
10006e6a:	ea02 0201 	and.w	r2, r2, r1
10006e6e:	fab2 f282 	clz	r2, r2
10006e72:	f1c2 021f 	rsb	r2, r2, #31
10006e76:	eb00 00d2 	add.w	r0, r0, r2, lsr #3
10006e7a:	4770      	bx	lr

10006e7c <_fini>:
10006e7c:	b5f8      	push	{r3, r4, r5, r6, r7, lr}
10006e7e:	bf00      	nop

10006e80 <__mutex_enter_timeout_ms_veneer>:
10006e80:	f85f f000 	ldr.w	pc, [pc]	@ 10006e84 <__mutex_enter_timeout_ms_veneer+0x4>
10006e84:	20000235 	.word	0x20000235

10006e88 <__hw_endpoint_start_next_buffer_veneer>:
10006e88:	f85f f000 	ldr.w	pc, [pc]	@ 10006e8c <__hw_endpoint_start_next_buffer_veneer+0x4>
10006e8c:	20000af9 	.word	0x20000af9

10006e90 <__e15_is_critical_frame_period_veneer>:
10006e90:	f85f f000 	ldr.w	pc, [pc]	@ 10006e94 <__e15_is_critical_frame_period_veneer+0x4>
10006e94:	20000a7d 	.word	0x20000a7d

10006e98 <____aeabi_uldivmod_veneer>:
10006e98:	f85f f000 	ldr.w	pc, [pc]	@ 10006e9c <____aeabi_uldivmod_veneer+0x4>
10006e9c:	20000db1 	.word	0x20000db1

10006ea0 <__mutex_exit_veneer>:
10006ea0:	f85f f000 	ldr.w	pc, [pc]	@ 10006ea4 <__mutex_exit_veneer+0x4>
10006ea4:	2000026d 	.word	0x2000026d

10006ea8 <__e15_is_bulkin_ep_veneer>:
10006ea8:	f85f f000 	ldr.w	pc, [pc]	@ 10006eac <__e15_is_bulkin_ep_veneer+0x4>
10006eac:	20000a55 	.word	0x20000a55

10006eb0 <___hw_endpoint_buffer_control_update32_veneer>:
10006eb0:	f85f f000 	ldr.w	pc, [pc]	@ 10006eb4 <___hw_endpoint_buffer_control_update32_veneer+0x4>
10006eb4:	20000ab1 	.word	0x20000ab1

10006eb8 <__mutex_try_enter_block_until_veneer>:
10006eb8:	f85f f000 	ldr.w	pc, [pc]	@ 10006ebc <__mutex_try_enter_block_until_veneer+0x4>
10006ebc:	200001cd 	.word	0x200001cd

10006ec0 <__reset_non_control_endpoints_veneer>:
10006ec0:	f85f f000 	ldr.w	pc, [pc]	@ 10006ec4 <__reset_non_control_endpoints_veneer+0x4>
10006ec4:	200002a9 	.word	0x200002a9

10006ec8 <__mutex_try_enter_veneer>:
10006ec8:	f85f f000 	ldr.w	pc, [pc]	@ 10006ecc <__mutex_try_enter_veneer+0x4>
10006ecc:	20000111 	.word	0x20000111

10006ed0 <__pre_init_runtime_init_bootrom_reset>:
10006ed0:	10001985                                ....

10006ed4 <__pre_init_runtime_init_early_resets>:
10006ed4:	100018fd                                ....

10006ed8 <__pre_init_runtime_init_usb_power_down>:
10006ed8:	1000192d                                -...

10006edc <__pre_init_runtime_init_clocks>:
10006edc:	100019cd                                ....

10006ee0 <__pre_init_runtime_init_post_clock_resets>:
10006ee0:	10001965                                e...

10006ee4 <__pre_init_runtime_init_boot_locks_reset>:
10006ee4:	10001885                                ....

10006ee8 <__pre_init_runtime_init_spin_locks_reset>:
10006ee8:	100019ad                                ....

10006eec <__pre_init_runtime_init_bootrom_locking_enable>:
10006eec:	10001871                                q...

10006ef0 <__pre_init_runtime_init_mutex>:
10006ef0:	10000a95                                ....

10006ef4 <__pre_init_runtime_init_install_ram_vector_table>:
10006ef4:	100019b1                                ....

10006ef8 <__pre_init_runtime_init_default_alarm_pool>:
10006ef8:	10000e55                                U...

10006efc <__pre_init_first_per_core_initializer>:
10006efc:	100018cd                                ....

10006f00 <__pre_init_runtime_init_per_core_bootrom_reset>:
10006f00:	10001999                                ....

10006f04 <__pre_init_runtime_init_per_core_enable_coprocessors>:
10006f04:	10001949                                I...

10006f08 <__pre_init_spinlock_set_extexclall>:
10006f08:	10000641                                A...

10006f0c <__pre_init_runtime_init_per_core_irq_priorities>:
10006f0c:	10000669                                i...

10006f10 <__frame_dummy_init_array_entry>:
10006f10:	10000219 10003e9d                       .....>..

Disassembly of section .data:

20000110 <mutex_try_enter>:
20000110:	4603      	mov	r3, r0
20000112:	b500      	push	{lr}
20000114:	6802      	ldr	r2, [r0, #0]
20000116:	f3ef 8c10 	mrs	ip, PRIMASK
2000011a:	b672      	cpsid	i
2000011c:	e8d2 efcf 	ldaexb	lr, [r2]
20000120:	2001      	movs	r0, #1
20000122:	f1be 0f00 	cmp.w	lr, #0
20000126:	d1f9      	bne.n	2000011c <mutex_try_enter+0xc>
20000128:	e8c2 0f4e 	strexb	lr, r0, [r2]
2000012c:	f1be 0f00 	cmp.w	lr, #0
20000130:	d1f4      	bne.n	2000011c <mutex_try_enter+0xc>
20000132:	f3bf 8f5f 	dmb	sy
20000136:	f993 2004 	ldrsb.w	r2, [r3, #4]
2000013a:	2a00      	cmp	r2, #0
2000013c:	db09      	blt.n	20000152 <mutex_try_enter+0x42>
2000013e:	b101      	cbz	r1, 20000142 <mutex_try_enter+0x32>
20000140:	600a      	str	r2, [r1, #0]
20000142:	2000      	movs	r0, #0
20000144:	2200      	movs	r2, #0
20000146:	681b      	ldr	r3, [r3, #0]
20000148:	e8c3 2f8f 	stlb	r2, [r3]
2000014c:	f38c 8810 	msr	PRIMASK, ip
20000150:	bd00      	pop	{pc}
20000152:	f04f 4250 	mov.w	r2, #3489660928	@ 0xd0000000
20000156:	6812      	ldr	r2, [r2, #0]
20000158:	2001      	movs	r0, #1
2000015a:	711a      	strb	r2, [r3, #4]
2000015c:	e7f2      	b.n	20000144 <mutex_try_enter+0x34>
2000015e:	bf00      	nop

20000160 <mutex_enter_block_until>:
20000160:	f04f 4150 	mov.w	r1, #3489660928	@ 0xd0000000
20000164:	e92d 41f0 	stmdb	sp!, {r4, r5, r6, r7, r8, lr}
20000168:	461f      	mov	r7, r3
2000016a:	680b      	ldr	r3, [r1, #0]
2000016c:	4604      	mov	r4, r0
2000016e:	4616      	mov	r6, r2
20000170:	2500      	movs	r5, #0
20000172:	4698      	mov	r8, r3
20000174:	e008      	b.n	20000188 <mutex_enter_block_until+0x28>
20000176:	e8c3 5f8f 	stlb	r5, [r3]
2000017a:	f382 8810 	msr	PRIMASK, r2
2000017e:	4630      	mov	r0, r6
20000180:	4639      	mov	r1, r7
20000182:	f000 ffe1 	bl	20001148 <__best_effort_wfe_or_timeout_veneer>
20000186:	b9e8      	cbnz	r0, 200001c4 <mutex_enter_block_until+0x64>
20000188:	6823      	ldr	r3, [r4, #0]
2000018a:	f3ef 8210 	mrs	r2, PRIMASK
2000018e:	b672      	cpsid	i
20000190:	e8d3 0fcf 	ldaexb	r0, [r3]
20000194:	2101      	movs	r1, #1
20000196:	2800      	cmp	r0, #0
20000198:	d1fa      	bne.n	20000190 <mutex_enter_block_until+0x30>
2000019a:	e8c3 1f40 	strexb	r0, r1, [r3]
2000019e:	2800      	cmp	r0, #0
200001a0:	d1f6      	bne.n	20000190 <mutex_enter_block_until+0x30>
200001a2:	f3bf 8f5f 	dmb	sy
200001a6:	f994 1004 	ldrsb.w	r1, [r4, #4]
200001aa:	6823      	ldr	r3, [r4, #0]
200001ac:	2900      	cmp	r1, #0
200001ae:	dae2      	bge.n	20000176 <mutex_enter_block_until+0x16>
200001b0:	2100      	movs	r1, #0
200001b2:	f884 8004 	strb.w	r8, [r4, #4]
200001b6:	e8c3 1f8f 	stlb	r1, [r3]
200001ba:	f382 8810 	msr	PRIMASK, r2
200001be:	2001      	movs	r0, #1
200001c0:	e8bd 81f0 	ldmia.w	sp!, {r4, r5, r6, r7, r8, pc}
200001c4:	2000      	movs	r0, #0
200001c6:	e8bd 81f0 	ldmia.w	sp!, {r4, r5, r6, r7, r8, pc}
200001ca:	bf00      	nop

200001cc <mutex_try_enter_block_until>:
200001cc:	b510      	push	{r4, lr}
200001ce:	6801      	ldr	r1, [r0, #0]
200001d0:	f3ef 8e10 	mrs	lr, PRIMASK
200001d4:	b672      	cpsid	i
200001d6:	e8d1 cfcf 	ldaexb	ip, [r1]
200001da:	2401      	movs	r4, #1
200001dc:	f1bc 0f00 	cmp.w	ip, #0
200001e0:	d1f9      	bne.n	200001d6 <mutex_try_enter_block_until+0xa>
200001e2:	e8c1 4f4c 	strexb	ip, r4, [r1]
200001e6:	f1bc 0f00 	cmp.w	ip, #0
200001ea:	d1f4      	bne.n	200001d6 <mutex_try_enter_block_until+0xa>
200001ec:	f3bf 8f5f 	dmb	sy
200001f0:	f990 c004 	ldrsb.w	ip, [r0, #4]
200001f4:	6804      	ldr	r4, [r0, #0]
200001f6:	f1bc 0f00 	cmp.w	ip, #0
200001fa:	db10      	blt.n	2000021e <mutex_try_enter_block_until+0x52>
200001fc:	2100      	movs	r1, #0
200001fe:	e8c4 1f8f 	stlb	r1, [r4]
20000202:	f38e 8810 	msr	PRIMASK, lr
20000206:	f04f 4450 	mov.w	r4, #3489660928	@ 0xd0000000
2000020a:	f994 4000 	ldrsb.w	r4, [r4]
2000020e:	4564      	cmp	r4, ip
20000210:	d101      	bne.n	20000216 <mutex_try_enter_block_until+0x4a>
20000212:	4608      	mov	r0, r1
20000214:	bd10      	pop	{r4, pc}
20000216:	e8bd 4010 	ldmia.w	sp!, {r4, lr}
2000021a:	f7ff bfa1 	b.w	20000160 <mutex_enter_block_until>
2000021e:	f04f 4250 	mov.w	r2, #3489660928	@ 0xd0000000
20000222:	6812      	ldr	r2, [r2, #0]
20000224:	2300      	movs	r3, #0
20000226:	7102      	strb	r2, [r0, #4]
20000228:	e8c4 3f8f 	stlb	r3, [r4]
2000022c:	f38e 8810 	msr	PRIMASK, lr
20000230:	2001      	movs	r0, #1
20000232:	bd10      	pop	{r4, pc}

20000234 <mutex_enter_timeout_ms>:
20000234:	b570      	push	{r4, r5, r6, lr}
20000236:	4605      	mov	r5, r0
20000238:	460c      	mov	r4, r1
2000023a:	f000 ff79 	bl	20001130 <__time_us_64_veneer>
2000023e:	4602      	mov	r2, r0
20000240:	460b      	mov	r3, r1
20000242:	f44f 707a 	mov.w	r0, #1000	@ 0x3e8
20000246:	f04f 3eff 	mov.w	lr, #4294967295	@ 0xffffffff
2000024a:	f06f 4c00 	mvn.w	ip, #2147483648	@ 0x80000000
2000024e:	fbe4 2300 	umlal	r2, r3, r4, r0
20000252:	4596      	cmp	lr, r2
20000254:	eb7c 0103 	sbcs.w	r1, ip, r3
20000258:	bf38      	it	cc
2000025a:	4672      	movcc	r2, lr
2000025c:	4628      	mov	r0, r5
2000025e:	e8bd 4070 	ldmia.w	sp!, {r4, r5, r6, lr}
20000262:	bf38      	it	cc
20000264:	4663      	movcc	r3, ip
20000266:	f7ff bf7b 	b.w	20000160 <mutex_enter_block_until>
2000026a:	bf00      	nop

2000026c <mutex_exit>:
2000026c:	6803      	ldr	r3, [r0, #0]
2000026e:	f3ef 8210 	mrs	r2, PRIMASK
20000272:	b672      	cpsid	i
20000274:	e8d3 cfcf 	ldaexb	ip, [r3]
20000278:	2101      	movs	r1, #1
2000027a:	f1bc 0f00 	cmp.w	ip, #0
2000027e:	d1f9      	bne.n	20000274 <mutex_exit+0x8>
20000280:	e8c3 1f4c 	strexb	ip, r1, [r3]
20000284:	f1bc 0f00 	cmp.w	ip, #0
20000288:	d1f4      	bne.n	20000274 <mutex_exit+0x8>
2000028a:	f3bf 8f5f 	dmb	sy
2000028e:	f04f 0cff 	mov.w	ip, #255	@ 0xff
20000292:	2300      	movs	r3, #0
20000294:	6801      	ldr	r1, [r0, #0]
20000296:	f880 c004 	strb.w	ip, [r0, #4]
2000029a:	e8c1 3f8f 	stlb	r3, [r1]
2000029e:	f382 8810 	msr	PRIMASK, r2
200002a2:	bf40      	sev
200002a4:	4770      	bx	lr
200002a6:	bf00      	nop

200002a8 <reset_non_control_endpoints>:
200002a8:	2100      	movs	r1, #0
200002aa:	b508      	push	{r3, lr}
200002ac:	4b13      	ldr	r3, [pc, #76]	@ (200002fc <reset_non_control_endpoints+0x54>)
200002ae:	f44f 7270 	mov.w	r2, #960	@ 0x3c0
200002b2:	6099      	str	r1, [r3, #8]
200002b4:	4812      	ldr	r0, [pc, #72]	@ (20000300 <reset_non_control_endpoints+0x58>)
200002b6:	60d9      	str	r1, [r3, #12]
200002b8:	6119      	str	r1, [r3, #16]
200002ba:	6159      	str	r1, [r3, #20]
200002bc:	6199      	str	r1, [r3, #24]
200002be:	61d9      	str	r1, [r3, #28]
200002c0:	6219      	str	r1, [r3, #32]
200002c2:	6259      	str	r1, [r3, #36]	@ 0x24
200002c4:	6299      	str	r1, [r3, #40]	@ 0x28
200002c6:	62d9      	str	r1, [r3, #44]	@ 0x2c
200002c8:	6319      	str	r1, [r3, #48]	@ 0x30
200002ca:	6359      	str	r1, [r3, #52]	@ 0x34
200002cc:	6399      	str	r1, [r3, #56]	@ 0x38
200002ce:	63d9      	str	r1, [r3, #60]	@ 0x3c
200002d0:	6419      	str	r1, [r3, #64]	@ 0x40
200002d2:	6459      	str	r1, [r3, #68]	@ 0x44
200002d4:	6499      	str	r1, [r3, #72]	@ 0x48
200002d6:	64d9      	str	r1, [r3, #76]	@ 0x4c
200002d8:	6519      	str	r1, [r3, #80]	@ 0x50
200002da:	6559      	str	r1, [r3, #84]	@ 0x54
200002dc:	6599      	str	r1, [r3, #88]	@ 0x58
200002de:	65d9      	str	r1, [r3, #92]	@ 0x5c
200002e0:	6619      	str	r1, [r3, #96]	@ 0x60
200002e2:	6659      	str	r1, [r3, #100]	@ 0x64
200002e4:	6699      	str	r1, [r3, #104]	@ 0x68
200002e6:	66d9      	str	r1, [r3, #108]	@ 0x6c
200002e8:	6719      	str	r1, [r3, #112]	@ 0x70
200002ea:	6759      	str	r1, [r3, #116]	@ 0x74
200002ec:	6799      	str	r1, [r3, #120]	@ 0x78
200002ee:	67d9      	str	r1, [r3, #124]	@ 0x7c
200002f0:	f000 ff22 	bl	20001138 <__memset_veneer>
200002f4:	4b03      	ldr	r3, [pc, #12]	@ (20000304 <reset_non_control_endpoints+0x5c>)
200002f6:	4a04      	ldr	r2, [pc, #16]	@ (20000308 <reset_non_control_endpoints+0x60>)
200002f8:	601a      	str	r2, [r3, #0]
200002fa:	bd08      	pop	{r3, pc}
200002fc:	50100000 	.word	0x50100000
20000300:	20001a4c 	.word	0x20001a4c
20000304:	20001e14 	.word	0x20001e14
20000308:	50100180 	.word	0x50100180

2000030c <hw_handle_buff_status>:
2000030c:	e92d 47f0 	stmdb	sp!, {r4, r5, r6, r7, r8, r9, sl, lr}
20000310:	4b1e      	ldr	r3, [pc, #120]	@ (2000038c <hw_handle_buff_status+0x80>)
20000312:	b084      	sub	sp, #16
20000314:	f8d3 a058 	ldr.w	sl, [r3, #88]	@ 0x58
20000318:	f1ba 0f00 	cmp.w	sl, #0
2000031c:	d021      	beq.n	20000362 <hw_handle_buff_status+0x56>
2000031e:	2400      	movs	r4, #0
20000320:	2501      	movs	r5, #1
20000322:	f44f 69e0 	mov.w	r9, #1792	@ 0x700
20000326:	f8df 806c 	ldr.w	r8, [pc, #108]	@ 20000394 <hw_handle_buff_status+0x88>
2000032a:	4f19      	ldr	r7, [pc, #100]	@ (20000390 <hw_handle_buff_status+0x84>)
2000032c:	e005      	b.n	2000033a <hw_handle_buff_status+0x2e>
2000032e:	3401      	adds	r4, #1
20000330:	b2e4      	uxtb	r4, r4
20000332:	2c20      	cmp	r4, #32
20000334:	ea4f 0545 	mov.w	r5, r5, lsl #1
20000338:	d013      	beq.n	20000362 <hw_handle_buff_status+0x56>
2000033a:	ea1a 0f05 	tst.w	sl, r5
2000033e:	d0f6      	beq.n	2000032e <hw_handle_buff_status+0x22>
20000340:	43e3      	mvns	r3, r4
20000342:	f004 06fe 	and.w	r6, r4, #254	@ 0xfe
20000346:	f003 0301 	and.w	r3, r3, #1
2000034a:	441e      	add	r6, r3
2000034c:	eb07 1646 	add.w	r6, r7, r6, lsl #5
20000350:	4630      	mov	r0, r6
20000352:	f8c8 5058 	str.w	r5, [r8, #88]	@ 0x58
20000356:	f000 fc01 	bl	20000b5c <hw_endpoint_xfer_continue>
2000035a:	b928      	cbnz	r0, 20000368 <hw_handle_buff_status+0x5c>
2000035c:	ea3a 0a05 	bics.w	sl, sl, r5
20000360:	d1e5      	bne.n	2000032e <hw_handle_buff_status+0x22>
20000362:	b004      	add	sp, #16
20000364:	e8bd 87f0 	ldmia.w	sp!, {r4, r5, r6, r7, r8, r9, sl, pc}
20000368:	78b3      	ldrb	r3, [r6, #2]
2000036a:	8af2      	ldrh	r2, [r6, #22]
2000036c:	f88d 3008 	strb.w	r3, [sp, #8]
20000370:	2300      	movs	r3, #0
20000372:	a801      	add	r0, sp, #4
20000374:	2101      	movs	r1, #1
20000376:	f8ad 9004 	strh.w	r9, [sp, #4]
2000037a:	9203      	str	r2, [sp, #12]
2000037c:	f88d 3009 	strb.w	r3, [sp, #9]
20000380:	f000 fc0a 	bl	20000b98 <dcd_event_handler>
20000384:	4630      	mov	r0, r6
20000386:	f000 fb8d 	bl	20000aa4 <hw_endpoint_reset_transfer>
2000038a:	e7e7      	b.n	2000035c <hw_handle_buff_status+0x50>
2000038c:	50110000 	.word	0x50110000
20000390:	20001a0c 	.word	0x20001a0c
20000394:	50113000 	.word	0x50113000

20000398 <dcd_rp2040_irq>:
20000398:	b570      	push	{r4, r5, r6, lr}
2000039a:	4bb2      	ldr	r3, [pc, #712]	@ (20000664 <dcd_rp2040_irq+0x2cc>)
2000039c:	b086      	sub	sp, #24
2000039e:	f8d3 4098 	ldr.w	r4, [r3, #152]	@ 0x98
200003a2:	f414 3500 	ands.w	r5, r4, #131072	@ 0x20000
200003a6:	d074      	beq.n	20000492 <dcd_rp2040_irq+0xfa>
200003a8:	4aaf      	ldr	r2, [pc, #700]	@ (20000668 <dcd_rp2040_irq+0x2d0>)
200003aa:	4bb0      	ldr	r3, [pc, #704]	@ (2000066c <dcd_rp2040_irq+0x2d4>)
200003ac:	6a90      	ldr	r0, [r2, #40]	@ 0x28
200003ae:	f893 203b 	ldrb.w	r2, [r3, #59]	@ 0x3b
200003b2:	49af      	ldr	r1, [pc, #700]	@ (20000670 <dcd_rp2040_irq+0x2d8>)
200003b4:	2a02      	cmp	r2, #2
200003b6:	6008      	str	r0, [r1, #0]
200003b8:	f000 80e6 	beq.w	20000588 <dcd_rp2040_irq+0x1f0>
200003bc:	2500      	movs	r5, #0
200003be:	f893 207b 	ldrb.w	r2, [r3, #123]	@ 0x7b
200003c2:	2a02      	cmp	r2, #2
200003c4:	f000 81b2 	beq.w	2000072c <dcd_rp2040_irq+0x394>
200003c8:	f893 20bb 	ldrb.w	r2, [r3, #187]	@ 0xbb
200003cc:	2a02      	cmp	r2, #2
200003ce:	f000 81a2 	beq.w	20000716 <dcd_rp2040_irq+0x37e>
200003d2:	f893 20fb 	ldrb.w	r2, [r3, #251]	@ 0xfb
200003d6:	2a02      	cmp	r2, #2
200003d8:	f000 8192 	beq.w	20000700 <dcd_rp2040_irq+0x368>
200003dc:	f893 213b 	ldrb.w	r2, [r3, #315]	@ 0x13b
200003e0:	2a02      	cmp	r2, #2
200003e2:	f000 8181 	beq.w	200006e8 <dcd_rp2040_irq+0x350>
200003e6:	f893 217b 	ldrb.w	r2, [r3, #379]	@ 0x17b
200003ea:	2a02      	cmp	r2, #2
200003ec:	f000 8171 	beq.w	200006d2 <dcd_rp2040_irq+0x33a>
200003f0:	f893 21bb 	ldrb.w	r2, [r3, #443]	@ 0x1bb
200003f4:	2a02      	cmp	r2, #2
200003f6:	f000 8161 	beq.w	200006bc <dcd_rp2040_irq+0x324>
200003fa:	f893 21fb 	ldrb.w	r2, [r3, #507]	@ 0x1fb
200003fe:	2a02      	cmp	r2, #2
20000400:	f000 8150 	beq.w	200006a4 <dcd_rp2040_irq+0x30c>
20000404:	f893 223b 	ldrb.w	r2, [r3, #571]	@ 0x23b
20000408:	2a02      	cmp	r2, #2
2000040a:	f000 813f 	beq.w	2000068c <dcd_rp2040_irq+0x2f4>
2000040e:	f893 227b 	ldrb.w	r2, [r3, #635]	@ 0x27b
20000412:	2a02      	cmp	r2, #2
20000414:	f000 811a 	beq.w	2000064c <dcd_rp2040_irq+0x2b4>
20000418:	f893 22bb 	ldrb.w	r2, [r3, #699]	@ 0x2bb
2000041c:	2a02      	cmp	r2, #2
2000041e:	f000 8109 	beq.w	20000634 <dcd_rp2040_irq+0x29c>
20000422:	f893 22fb 	ldrb.w	r2, [r3, #763]	@ 0x2fb
20000426:	2a02      	cmp	r2, #2
20000428:	f000 80f8 	beq.w	2000061c <dcd_rp2040_irq+0x284>
2000042c:	f893 233b 	ldrb.w	r2, [r3, #827]	@ 0x33b
20000430:	2a02      	cmp	r2, #2
20000432:	f000 80e7 	beq.w	20000604 <dcd_rp2040_irq+0x26c>
20000436:	f893 237b 	ldrb.w	r2, [r3, #891]	@ 0x37b
2000043a:	2a02      	cmp	r2, #2
2000043c:	f000 80b7 	beq.w	200005ae <dcd_rp2040_irq+0x216>
20000440:	f893 23bb 	ldrb.w	r2, [r3, #955]	@ 0x3bb
20000444:	2a02      	cmp	r2, #2
20000446:	f000 817c 	beq.w	20000742 <dcd_rp2040_irq+0x3aa>
2000044a:	f893 23fb 	ldrb.w	r2, [r3, #1019]	@ 0x3fb
2000044e:	2a02      	cmp	r2, #2
20000450:	f000 80c7 	beq.w	200005e2 <dcd_rp2040_irq+0x24a>
20000454:	b93d      	cbnz	r5, 20000466 <dcd_rp2040_irq+0xce>
20000456:	4b87      	ldr	r3, [pc, #540]	@ (20000674 <dcd_rp2040_irq+0x2dc>)
20000458:	781b      	ldrb	r3, [r3, #0]
2000045a:	b923      	cbnz	r3, 20000466 <dcd_rp2040_irq+0xce>
2000045c:	f44f 3200 	mov.w	r2, #131072	@ 0x20000
20000460:	4b85      	ldr	r3, [pc, #532]	@ (20000678 <dcd_rp2040_irq+0x2e0>)
20000462:	f8c3 2090 	str.w	r2, [r3, #144]	@ 0x90
20000466:	f44f 7240 	mov.w	r2, #768	@ 0x300
2000046a:	4b7e      	ldr	r3, [pc, #504]	@ (20000664 <dcd_rp2040_irq+0x2cc>)
2000046c:	2101      	movs	r1, #1
2000046e:	6c9b      	ldr	r3, [r3, #72]	@ 0x48
20000470:	a803      	add	r0, sp, #12
20000472:	f3c3 030a 	ubfx	r3, r3, #0, #11
20000476:	9304      	str	r3, [sp, #16]
20000478:	f8ad 200c 	strh.w	r2, [sp, #12]
2000047c:	f000 fb8c 	bl	20000b98 <dcd_event_handler>
20000480:	06e3      	lsls	r3, r4, #27
20000482:	f44f 3500 	mov.w	r5, #131072	@ 0x20000
20000486:	4e7d      	ldr	r6, [pc, #500]	@ (2000067c <dcd_rp2040_irq+0x2e4>)
20000488:	d507      	bpl.n	2000049a <dcd_rp2040_irq+0x102>
2000048a:	f7ff ff3f 	bl	2000030c <hw_handle_buff_status>
2000048e:	4635      	mov	r5, r6
20000490:	e003      	b.n	2000049a <dcd_rp2040_irq+0x102>
20000492:	06e3      	lsls	r3, r4, #27
20000494:	f04f 0610 	mov.w	r6, #16
20000498:	d4f7      	bmi.n	2000048a <dcd_rp2040_irq+0xf2>
2000049a:	03e0      	lsls	r0, r4, #15
2000049c:	d51d      	bpl.n	200004da <dcd_rp2040_irq+0x142>
2000049e:	4873      	ldr	r0, [pc, #460]	@ (2000066c <dcd_rp2040_irq+0x2d4>)
200004a0:	2602      	movs	r6, #2
200004a2:	7e83      	ldrb	r3, [r0, #26]
200004a4:	f445 3580 	orr.w	r5, r5, #65536	@ 0x10000
200004a8:	bb33      	cbnz	r3, 200004f8 <dcd_rp2040_irq+0x160>
200004aa:	f04f 0301 	mov.w	r3, #1
200004ae:	2e01      	cmp	r6, #1
200004b0:	70c3      	strb	r3, [r0, #3]
200004b2:	f100 0020 	add.w	r0, r0, #32
200004b6:	d11b      	bne.n	200004f0 <dcd_rp2040_irq+0x158>
200004b8:	f44f 62c0 	mov.w	r2, #1536	@ 0x600
200004bc:	4b70      	ldr	r3, [pc, #448]	@ (20000680 <dcd_rp2040_irq+0x2e8>)
200004be:	f8ad 200c 	strh.w	r2, [sp, #12]
200004c2:	e893 0003 	ldmia.w	r3, {r0, r1}
200004c6:	e9cd 0104 	strd	r0, r1, [sp, #16]
200004ca:	4631      	mov	r1, r6
200004cc:	a803      	add	r0, sp, #12
200004ce:	f000 fb63 	bl	20000b98 <dcd_event_handler>
200004d2:	f44f 3200 	mov.w	r2, #131072	@ 0x20000
200004d6:	4b68      	ldr	r3, [pc, #416]	@ (20000678 <dcd_rp2040_irq+0x2e0>)
200004d8:	651a      	str	r2, [r3, #80]	@ 0x50
200004da:	04e1      	lsls	r1, r4, #19
200004dc:	d43e      	bmi.n	2000055c <dcd_rp2040_irq+0x1c4>
200004de:	0462      	lsls	r2, r4, #17
200004e0:	d42e      	bmi.n	20000540 <dcd_rp2040_irq+0x1a8>
200004e2:	0423      	lsls	r3, r4, #16
200004e4:	d41d      	bmi.n	20000522 <dcd_rp2040_irq+0x18a>
200004e6:	42a5      	cmp	r5, r4
200004e8:	f040 81bb 	bne.w	20000862 <dcd_rp2040_irq+0x4ca>
200004ec:	b006      	add	sp, #24
200004ee:	bd70      	pop	{r4, r5, r6, pc}
200004f0:	7e83      	ldrb	r3, [r0, #26]
200004f2:	2601      	movs	r6, #1
200004f4:	2b00      	cmp	r3, #0
200004f6:	d0d8      	beq.n	200004aa <dcd_rp2040_irq+0x112>
200004f8:	4b62      	ldr	r3, [pc, #392]	@ (20000684 <dcd_rp2040_irq+0x2ec>)
200004fa:	4a5a      	ldr	r2, [pc, #360]	@ (20000664 <dcd_rp2040_irq+0x2cc>)
200004fc:	661e      	str	r6, [r3, #96]	@ 0x60
200004fe:	6e53      	ldr	r3, [r2, #100]	@ 0x64
20000500:	ea36 0303 	bics.w	r3, r6, r3
20000504:	d1fb      	bne.n	200004fe <dcd_rp2040_irq+0x166>
20000506:	f44f 5240 	mov.w	r2, #12288	@ 0x3000
2000050a:	2100      	movs	r1, #0
2000050c:	9001      	str	r0, [sp, #4]
2000050e:	f000 facf 	bl	20000ab0 <_hw_endpoint_buffer_control_update32>
20000512:	9801      	ldr	r0, [sp, #4]
20000514:	f000 fac6 	bl	20000aa4 <hw_endpoint_reset_transfer>
20000518:	4b57      	ldr	r3, [pc, #348]	@ (20000678 <dcd_rp2040_irq+0x2e0>)
2000051a:	9801      	ldr	r0, [sp, #4]
2000051c:	665e      	str	r6, [r3, #100]	@ 0x64
2000051e:	661e      	str	r6, [r3, #96]	@ 0x60
20000520:	e7c3      	b.n	200004aa <dcd_rp2040_irq+0x112>
20000522:	f44f 63a0 	mov.w	r3, #1280	@ 0x500
20000526:	2101      	movs	r1, #1
20000528:	a803      	add	r0, sp, #12
2000052a:	f8ad 300c 	strh.w	r3, [sp, #12]
2000052e:	f000 fb33 	bl	20000b98 <dcd_event_handler>
20000532:	f44f 6200 	mov.w	r2, #2048	@ 0x800
20000536:	4b50      	ldr	r3, [pc, #320]	@ (20000678 <dcd_rp2040_irq+0x2e0>)
20000538:	f445 4500 	orr.w	r5, r5, #32768	@ 0x8000
2000053c:	651a      	str	r2, [r3, #80]	@ 0x50
2000053e:	e7d2      	b.n	200004e6 <dcd_rp2040_irq+0x14e>
20000540:	f44f 6380 	mov.w	r3, #1024	@ 0x400
20000544:	2101      	movs	r1, #1
20000546:	a803      	add	r0, sp, #12
20000548:	f8ad 300c 	strh.w	r3, [sp, #12]
2000054c:	f000 fb24 	bl	20000b98 <dcd_event_handler>
20000550:	2210      	movs	r2, #16
20000552:	4b49      	ldr	r3, [pc, #292]	@ (20000678 <dcd_rp2040_irq+0x2e0>)
20000554:	f445 4580 	orr.w	r5, r5, #16384	@ 0x4000
20000558:	651a      	str	r2, [r3, #80]	@ 0x50
2000055a:	e7c2      	b.n	200004e2 <dcd_rp2040_irq+0x14a>
2000055c:	2600      	movs	r6, #0
2000055e:	4b41      	ldr	r3, [pc, #260]	@ (20000664 <dcd_rp2040_irq+0x2cc>)
20000560:	f445 5580 	orr.w	r5, r5, #4096	@ 0x1000
20000564:	601e      	str	r6, [r3, #0]
20000566:	f7ff fe9f 	bl	200002a8 <reset_non_control_endpoints>
2000056a:	f44f 7380 	mov.w	r3, #256	@ 0x100
2000056e:	2101      	movs	r1, #1
20000570:	a803      	add	r0, sp, #12
20000572:	f8ad 300c 	strh.w	r3, [sp, #12]
20000576:	f88d 6010 	strb.w	r6, [sp, #16]
2000057a:	f000 fb0d 	bl	20000b98 <dcd_event_handler>
2000057e:	f44f 2200 	mov.w	r2, #524288	@ 0x80000
20000582:	4b3d      	ldr	r3, [pc, #244]	@ (20000678 <dcd_rp2040_irq+0x2e0>)
20000584:	651a      	str	r2, [r3, #80]	@ 0x50
20000586:	e7aa      	b.n	200004de <dcd_rp2040_irq+0x146>
20000588:	f893 503a 	ldrb.w	r5, [r3, #58]	@ 0x3a
2000058c:	2d00      	cmp	r5, #0
2000058e:	f43f af16 	beq.w	200003be <dcd_rp2040_irq+0x26>
20000592:	f893 203c 	ldrb.w	r2, [r3, #60]	@ 0x3c
20000596:	2a00      	cmp	r2, #0
20000598:	f43f af11 	beq.w	200003be <dcd_rp2040_irq+0x26>
2000059c:	2200      	movs	r2, #0
2000059e:	f103 0020 	add.w	r0, r3, #32
200005a2:	f883 203c 	strb.w	r2, [r3, #60]	@ 0x3c
200005a6:	f000 faa7 	bl	20000af8 <hw_endpoint_start_next_buffer>
200005aa:	4b30      	ldr	r3, [pc, #192]	@ (2000066c <dcd_rp2040_irq+0x2d4>)
200005ac:	e707      	b.n	200003be <dcd_rp2040_irq+0x26>
200005ae:	f893 637a 	ldrb.w	r6, [r3, #890]	@ 0x37a
200005b2:	2e00      	cmp	r6, #0
200005b4:	f43f af44 	beq.w	20000440 <dcd_rp2040_irq+0xa8>
200005b8:	f893 237c 	ldrb.w	r2, [r3, #892]	@ 0x37c
200005bc:	2a00      	cmp	r2, #0
200005be:	f040 8140 	bne.w	20000842 <dcd_rp2040_irq+0x4aa>
200005c2:	f893 23bb 	ldrb.w	r2, [r3, #955]	@ 0x3bb
200005c6:	2a02      	cmp	r2, #2
200005c8:	f040 80c4 	bne.w	20000754 <dcd_rp2040_irq+0x3bc>
200005cc:	f893 23ba 	ldrb.w	r2, [r3, #954]	@ 0x3ba
200005d0:	2a00      	cmp	r2, #0
200005d2:	f040 80bb 	bne.w	2000074c <dcd_rp2040_irq+0x3b4>
200005d6:	f893 23fb 	ldrb.w	r2, [r3, #1019]	@ 0x3fb
200005da:	2a02      	cmp	r2, #2
200005dc:	f47f af43 	bne.w	20000466 <dcd_rp2040_irq+0xce>
200005e0:	4635      	mov	r5, r6
200005e2:	f893 23fa 	ldrb.w	r2, [r3, #1018]	@ 0x3fa
200005e6:	2a00      	cmp	r2, #0
200005e8:	f43f af34 	beq.w	20000454 <dcd_rp2040_irq+0xbc>
200005ec:	f893 23fc 	ldrb.w	r2, [r3, #1020]	@ 0x3fc
200005f0:	2a00      	cmp	r2, #0
200005f2:	f43f af38 	beq.w	20000466 <dcd_rp2040_irq+0xce>
200005f6:	2200      	movs	r2, #0
200005f8:	4823      	ldr	r0, [pc, #140]	@ (20000688 <dcd_rp2040_irq+0x2f0>)
200005fa:	f883 23fc 	strb.w	r2, [r3, #1020]	@ 0x3fc
200005fe:	f000 fa7b 	bl	20000af8 <hw_endpoint_start_next_buffer>
20000602:	e730      	b.n	20000466 <dcd_rp2040_irq+0xce>
20000604:	f893 633a 	ldrb.w	r6, [r3, #826]	@ 0x33a
20000608:	2e00      	cmp	r6, #0
2000060a:	f43f af14 	beq.w	20000436 <dcd_rp2040_irq+0x9e>
2000060e:	f893 233c 	ldrb.w	r2, [r3, #828]	@ 0x33c
20000612:	2a00      	cmp	r2, #0
20000614:	f040 80a9 	bne.w	2000076a <dcd_rp2040_irq+0x3d2>
20000618:	4635      	mov	r5, r6
2000061a:	e70c      	b.n	20000436 <dcd_rp2040_irq+0x9e>
2000061c:	f893 62fa 	ldrb.w	r6, [r3, #762]	@ 0x2fa
20000620:	2e00      	cmp	r6, #0
20000622:	f43f af03 	beq.w	2000042c <dcd_rp2040_irq+0x94>
20000626:	f893 22fc 	ldrb.w	r2, [r3, #764]	@ 0x2fc
2000062a:	2a00      	cmp	r2, #0
2000062c:	f040 80af 	bne.w	2000078e <dcd_rp2040_irq+0x3f6>
20000630:	4635      	mov	r5, r6
20000632:	e6fb      	b.n	2000042c <dcd_rp2040_irq+0x94>
20000634:	f893 62ba 	ldrb.w	r6, [r3, #698]	@ 0x2ba
20000638:	2e00      	cmp	r6, #0
2000063a:	f43f aef2 	beq.w	20000422 <dcd_rp2040_irq+0x8a>
2000063e:	f893 22bc 	ldrb.w	r2, [r3, #700]	@ 0x2bc
20000642:	2a00      	cmp	r2, #0
20000644:	f040 809a 	bne.w	2000077c <dcd_rp2040_irq+0x3e4>
20000648:	4635      	mov	r5, r6
2000064a:	e6ea      	b.n	20000422 <dcd_rp2040_irq+0x8a>
2000064c:	f893 627a 	ldrb.w	r6, [r3, #634]	@ 0x27a
20000650:	2e00      	cmp	r6, #0
20000652:	f43f aee1 	beq.w	20000418 <dcd_rp2040_irq+0x80>
20000656:	f893 227c 	ldrb.w	r2, [r3, #636]	@ 0x27c
2000065a:	2a00      	cmp	r2, #0
2000065c:	f040 80cd 	bne.w	200007fa <dcd_rp2040_irq+0x462>
20000660:	4635      	mov	r5, r6
20000662:	e6d9      	b.n	20000418 <dcd_rp2040_irq+0x80>
20000664:	50110000 	.word	0x50110000
20000668:	400b0000 	.word	0x400b0000
2000066c:	20001a0c 	.word	0x20001a0c
20000670:	20001a04 	.word	0x20001a04
20000674:	20001e7e 	.word	0x20001e7e
20000678:	50113000 	.word	0x50113000
2000067c:	00020010 	.word	0x00020010
20000680:	50100000 	.word	0x50100000
20000684:	50112000 	.word	0x50112000
20000688:	20001dec 	.word	0x20001dec
2000068c:	f893 623a 	ldrb.w	r6, [r3, #570]	@ 0x23a
20000690:	2e00      	cmp	r6, #0
20000692:	f43f aebc 	beq.w	2000040e <dcd_rp2040_irq+0x76>
20000696:	f893 223c 	ldrb.w	r2, [r3, #572]	@ 0x23c
2000069a:	2a00      	cmp	r2, #0
2000069c:	f040 80a4 	bne.w	200007e8 <dcd_rp2040_irq+0x450>
200006a0:	4635      	mov	r5, r6
200006a2:	e6b4      	b.n	2000040e <dcd_rp2040_irq+0x76>
200006a4:	f893 61fa 	ldrb.w	r6, [r3, #506]	@ 0x1fa
200006a8:	2e00      	cmp	r6, #0
200006aa:	f43f aeab 	beq.w	20000404 <dcd_rp2040_irq+0x6c>
200006ae:	f893 21fc 	ldrb.w	r2, [r3, #508]	@ 0x1fc
200006b2:	2a00      	cmp	r2, #0
200006b4:	f040 808f 	bne.w	200007d6 <dcd_rp2040_irq+0x43e>
200006b8:	4635      	mov	r5, r6
200006ba:	e6a3      	b.n	20000404 <dcd_rp2040_irq+0x6c>
200006bc:	f893 61ba 	ldrb.w	r6, [r3, #442]	@ 0x1ba
200006c0:	2e00      	cmp	r6, #0
200006c2:	f43f ae9a 	beq.w	200003fa <dcd_rp2040_irq+0x62>
200006c6:	f893 21bc 	ldrb.w	r2, [r3, #444]	@ 0x1bc
200006ca:	2a00      	cmp	r2, #0
200006cc:	d17a      	bne.n	200007c4 <dcd_rp2040_irq+0x42c>
200006ce:	4635      	mov	r5, r6
200006d0:	e693      	b.n	200003fa <dcd_rp2040_irq+0x62>
200006d2:	f893 617a 	ldrb.w	r6, [r3, #378]	@ 0x17a
200006d6:	2e00      	cmp	r6, #0
200006d8:	f43f ae8a 	beq.w	200003f0 <dcd_rp2040_irq+0x58>
200006dc:	f893 217c 	ldrb.w	r2, [r3, #380]	@ 0x17c
200006e0:	2a00      	cmp	r2, #0
200006e2:	d166      	bne.n	200007b2 <dcd_rp2040_irq+0x41a>
200006e4:	4635      	mov	r5, r6
200006e6:	e683      	b.n	200003f0 <dcd_rp2040_irq+0x58>
200006e8:	f893 613a 	ldrb.w	r6, [r3, #314]	@ 0x13a
200006ec:	2e00      	cmp	r6, #0
200006ee:	f43f ae7a 	beq.w	200003e6 <dcd_rp2040_irq+0x4e>
200006f2:	f893 213c 	ldrb.w	r2, [r3, #316]	@ 0x13c
200006f6:	2a00      	cmp	r2, #0
200006f8:	f040 8091 	bne.w	2000081e <dcd_rp2040_irq+0x486>
200006fc:	4635      	mov	r5, r6
200006fe:	e672      	b.n	200003e6 <dcd_rp2040_irq+0x4e>
20000700:	f893 60fa 	ldrb.w	r6, [r3, #250]	@ 0xfa
20000704:	2e00      	cmp	r6, #0
20000706:	f43f ae69 	beq.w	200003dc <dcd_rp2040_irq+0x44>
2000070a:	f893 20fc 	ldrb.w	r2, [r3, #252]	@ 0xfc
2000070e:	2a00      	cmp	r2, #0
20000710:	d17c      	bne.n	2000080c <dcd_rp2040_irq+0x474>
20000712:	4635      	mov	r5, r6
20000714:	e662      	b.n	200003dc <dcd_rp2040_irq+0x44>
20000716:	f893 60ba 	ldrb.w	r6, [r3, #186]	@ 0xba
2000071a:	2e00      	cmp	r6, #0
2000071c:	f43f ae59 	beq.w	200003d2 <dcd_rp2040_irq+0x3a>
20000720:	f893 20bc 	ldrb.w	r2, [r3, #188]	@ 0xbc
20000724:	2a00      	cmp	r2, #0
20000726:	d13b      	bne.n	200007a0 <dcd_rp2040_irq+0x408>
20000728:	4635      	mov	r5, r6
2000072a:	e652      	b.n	200003d2 <dcd_rp2040_irq+0x3a>
2000072c:	f893 607a 	ldrb.w	r6, [r3, #122]	@ 0x7a
20000730:	2e00      	cmp	r6, #0
20000732:	f43f ae49 	beq.w	200003c8 <dcd_rp2040_irq+0x30>
20000736:	f893 207c 	ldrb.w	r2, [r3, #124]	@ 0x7c
2000073a:	2a00      	cmp	r2, #0
2000073c:	d178      	bne.n	20000830 <dcd_rp2040_irq+0x498>
2000073e:	4635      	mov	r5, r6
20000740:	e642      	b.n	200003c8 <dcd_rp2040_irq+0x30>
20000742:	f893 23ba 	ldrb.w	r2, [r3, #954]	@ 0x3ba
20000746:	2a00      	cmp	r2, #0
20000748:	f43f ae7f 	beq.w	2000044a <dcd_rp2040_irq+0xb2>
2000074c:	f893 23bc 	ldrb.w	r2, [r3, #956]	@ 0x3bc
20000750:	2a00      	cmp	r2, #0
20000752:	d17e      	bne.n	20000852 <dcd_rp2040_irq+0x4ba>
20000754:	f893 23fb 	ldrb.w	r2, [r3, #1019]	@ 0x3fb
20000758:	2a02      	cmp	r2, #2
2000075a:	f47f ae84 	bne.w	20000466 <dcd_rp2040_irq+0xce>
2000075e:	f893 23fa 	ldrb.w	r2, [r3, #1018]	@ 0x3fa
20000762:	2a00      	cmp	r2, #0
20000764:	f43f ae7f 	beq.w	20000466 <dcd_rp2040_irq+0xce>
20000768:	e740      	b.n	200005ec <dcd_rp2040_irq+0x254>
2000076a:	2200      	movs	r2, #0
2000076c:	483f      	ldr	r0, [pc, #252]	@ (2000086c <dcd_rp2040_irq+0x4d4>)
2000076e:	f883 233c 	strb.w	r2, [r3, #828]	@ 0x33c
20000772:	4635      	mov	r5, r6
20000774:	f000 f9c0 	bl	20000af8 <hw_endpoint_start_next_buffer>
20000778:	4b3d      	ldr	r3, [pc, #244]	@ (20000870 <dcd_rp2040_irq+0x4d8>)
2000077a:	e65c      	b.n	20000436 <dcd_rp2040_irq+0x9e>
2000077c:	2200      	movs	r2, #0
2000077e:	483d      	ldr	r0, [pc, #244]	@ (20000874 <dcd_rp2040_irq+0x4dc>)
20000780:	f883 22bc 	strb.w	r2, [r3, #700]	@ 0x2bc
20000784:	4635      	mov	r5, r6
20000786:	f000 f9b7 	bl	20000af8 <hw_endpoint_start_next_buffer>
2000078a:	4b39      	ldr	r3, [pc, #228]	@ (20000870 <dcd_rp2040_irq+0x4d8>)
2000078c:	e649      	b.n	20000422 <dcd_rp2040_irq+0x8a>
2000078e:	2200      	movs	r2, #0
20000790:	4839      	ldr	r0, [pc, #228]	@ (20000878 <dcd_rp2040_irq+0x4e0>)
20000792:	f883 22fc 	strb.w	r2, [r3, #764]	@ 0x2fc
20000796:	4635      	mov	r5, r6
20000798:	f000 f9ae 	bl	20000af8 <hw_endpoint_start_next_buffer>
2000079c:	4b34      	ldr	r3, [pc, #208]	@ (20000870 <dcd_rp2040_irq+0x4d8>)
2000079e:	e645      	b.n	2000042c <dcd_rp2040_irq+0x94>
200007a0:	2200      	movs	r2, #0
200007a2:	4836      	ldr	r0, [pc, #216]	@ (2000087c <dcd_rp2040_irq+0x4e4>)
200007a4:	f883 20bc 	strb.w	r2, [r3, #188]	@ 0xbc
200007a8:	4635      	mov	r5, r6
200007aa:	f000 f9a5 	bl	20000af8 <hw_endpoint_start_next_buffer>
200007ae:	4b30      	ldr	r3, [pc, #192]	@ (20000870 <dcd_rp2040_irq+0x4d8>)
200007b0:	e60f      	b.n	200003d2 <dcd_rp2040_irq+0x3a>
200007b2:	2200      	movs	r2, #0
200007b4:	4832      	ldr	r0, [pc, #200]	@ (20000880 <dcd_rp2040_irq+0x4e8>)
200007b6:	f883 217c 	strb.w	r2, [r3, #380]	@ 0x17c
200007ba:	4635      	mov	r5, r6
200007bc:	f000 f99c 	bl	20000af8 <hw_endpoint_start_next_buffer>
200007c0:	4b2b      	ldr	r3, [pc, #172]	@ (20000870 <dcd_rp2040_irq+0x4d8>)
200007c2:	e615      	b.n	200003f0 <dcd_rp2040_irq+0x58>
200007c4:	2200      	movs	r2, #0
200007c6:	482f      	ldr	r0, [pc, #188]	@ (20000884 <dcd_rp2040_irq+0x4ec>)
200007c8:	f883 21bc 	strb.w	r2, [r3, #444]	@ 0x1bc
200007cc:	4635      	mov	r5, r6
200007ce:	f000 f993 	bl	20000af8 <hw_endpoint_start_next_buffer>
200007d2:	4b27      	ldr	r3, [pc, #156]	@ (20000870 <dcd_rp2040_irq+0x4d8>)
200007d4:	e611      	b.n	200003fa <dcd_rp2040_irq+0x62>
200007d6:	2200      	movs	r2, #0
200007d8:	482b      	ldr	r0, [pc, #172]	@ (20000888 <dcd_rp2040_irq+0x4f0>)
200007da:	f883 21fc 	strb.w	r2, [r3, #508]	@ 0x1fc
200007de:	4635      	mov	r5, r6
200007e0:	f000 f98a 	bl	20000af8 <hw_endpoint_start_next_buffer>
200007e4:	4b22      	ldr	r3, [pc, #136]	@ (20000870 <dcd_rp2040_irq+0x4d8>)
200007e6:	e60d      	b.n	20000404 <dcd_rp2040_irq+0x6c>
200007e8:	2200      	movs	r2, #0
200007ea:	4828      	ldr	r0, [pc, #160]	@ (2000088c <dcd_rp2040_irq+0x4f4>)
200007ec:	f883 223c 	strb.w	r2, [r3, #572]	@ 0x23c
200007f0:	4635      	mov	r5, r6
200007f2:	f000 f981 	bl	20000af8 <hw_endpoint_start_next_buffer>
200007f6:	4b1e      	ldr	r3, [pc, #120]	@ (20000870 <dcd_rp2040_irq+0x4d8>)
200007f8:	e609      	b.n	2000040e <dcd_rp2040_irq+0x76>
200007fa:	2200      	movs	r2, #0
200007fc:	4824      	ldr	r0, [pc, #144]	@ (20000890 <dcd_rp2040_irq+0x4f8>)
200007fe:	f883 227c 	strb.w	r2, [r3, #636]	@ 0x27c
20000802:	4635      	mov	r5, r6
20000804:	f000 f978 	bl	20000af8 <hw_endpoint_start_next_buffer>
20000808:	4b19      	ldr	r3, [pc, #100]	@ (20000870 <dcd_rp2040_irq+0x4d8>)
2000080a:	e605      	b.n	20000418 <dcd_rp2040_irq+0x80>
2000080c:	2200      	movs	r2, #0
2000080e:	4821      	ldr	r0, [pc, #132]	@ (20000894 <dcd_rp2040_irq+0x4fc>)
20000810:	f883 20fc 	strb.w	r2, [r3, #252]	@ 0xfc
20000814:	4635      	mov	r5, r6
20000816:	f000 f96f 	bl	20000af8 <hw_endpoint_start_next_buffer>
2000081a:	4b15      	ldr	r3, [pc, #84]	@ (20000870 <dcd_rp2040_irq+0x4d8>)
2000081c:	e5de      	b.n	200003dc <dcd_rp2040_irq+0x44>
2000081e:	2200      	movs	r2, #0
20000820:	481d      	ldr	r0, [pc, #116]	@ (20000898 <dcd_rp2040_irq+0x500>)
20000822:	f883 213c 	strb.w	r2, [r3, #316]	@ 0x13c
20000826:	4635      	mov	r5, r6
20000828:	f000 f966 	bl	20000af8 <hw_endpoint_start_next_buffer>
2000082c:	4b10      	ldr	r3, [pc, #64]	@ (20000870 <dcd_rp2040_irq+0x4d8>)
2000082e:	e5da      	b.n	200003e6 <dcd_rp2040_irq+0x4e>
20000830:	2200      	movs	r2, #0
20000832:	481a      	ldr	r0, [pc, #104]	@ (2000089c <dcd_rp2040_irq+0x504>)
20000834:	f883 207c 	strb.w	r2, [r3, #124]	@ 0x7c
20000838:	4635      	mov	r5, r6
2000083a:	f000 f95d 	bl	20000af8 <hw_endpoint_start_next_buffer>
2000083e:	4b0c      	ldr	r3, [pc, #48]	@ (20000870 <dcd_rp2040_irq+0x4d8>)
20000840:	e5c2      	b.n	200003c8 <dcd_rp2040_irq+0x30>
20000842:	2200      	movs	r2, #0
20000844:	4816      	ldr	r0, [pc, #88]	@ (200008a0 <dcd_rp2040_irq+0x508>)
20000846:	f883 237c 	strb.w	r2, [r3, #892]	@ 0x37c
2000084a:	f000 f955 	bl	20000af8 <hw_endpoint_start_next_buffer>
2000084e:	4b08      	ldr	r3, [pc, #32]	@ (20000870 <dcd_rp2040_irq+0x4d8>)
20000850:	e6b7      	b.n	200005c2 <dcd_rp2040_irq+0x22a>
20000852:	2200      	movs	r2, #0
20000854:	4813      	ldr	r0, [pc, #76]	@ (200008a4 <dcd_rp2040_irq+0x50c>)
20000856:	f883 23bc 	strb.w	r2, [r3, #956]	@ 0x3bc
2000085a:	f000 f94d 	bl	20000af8 <hw_endpoint_start_next_buffer>
2000085e:	4b04      	ldr	r3, [pc, #16]	@ (20000870 <dcd_rp2040_irq+0x4d8>)
20000860:	e778      	b.n	20000754 <dcd_rp2040_irq+0x3bc>
20000862:	4811      	ldr	r0, [pc, #68]	@ (200008a8 <dcd_rp2040_irq+0x510>)
20000864:	ea85 0104 	eor.w	r1, r5, r4
20000868:	f000 fc6a 	bl	20001140 <__panic_veneer>
2000086c:	20001d2c 	.word	0x20001d2c
20000870:	20001a0c 	.word	0x20001a0c
20000874:	20001cac 	.word	0x20001cac
20000878:	20001cec 	.word	0x20001cec
2000087c:	20001aac 	.word	0x20001aac
20000880:	20001b6c 	.word	0x20001b6c
20000884:	20001bac 	.word	0x20001bac
20000888:	20001bec 	.word	0x20001bec
2000088c:	20001c2c 	.word	0x20001c2c
20000890:	20001c6c 	.word	0x20001c6c
20000894:	20001aec 	.word	0x20001aec
20000898:	20001b2c 	.word	0x20001b2c
2000089c:	20001a6c 	.word	0x20001a6c
200008a0:	20001d6c 	.word	0x20001d6c
200008a4:	20001dac 	.word	0x20001dac
200008a8:	100073a0 	.word	0x100073a0

200008ac <prepare_ep_buffer>:
200008ac:	e92d 43f0 	stmdb	sp!, {r4, r5, r6, r7, r8, r9, lr}
200008b0:	8a82      	ldrh	r2, [r0, #20]
200008b2:	f8b0 e018 	ldrh.w	lr, [r0, #24]
200008b6:	4603      	mov	r3, r0
200008b8:	4596      	cmp	lr, r2
200008ba:	78c0      	ldrb	r0, [r0, #3]
200008bc:	bf28      	it	cs
200008be:	4696      	movcs	lr, r2
200008c0:	1e04      	subs	r4, r0, #0
200008c2:	bf18      	it	ne
200008c4:	2401      	movne	r4, #1
200008c6:	f080 0001 	eor.w	r0, r0, #1
200008ca:	460d      	mov	r5, r1
200008cc:	eba2 020e 	sub.w	r2, r2, lr
200008d0:	7859      	ldrb	r1, [r3, #1]
200008d2:	70d8      	strb	r0, [r3, #3]
200008d4:	b292      	uxth	r2, r2
200008d6:	f44e 6080 	orr.w	r0, lr, #1024	@ 0x400
200008da:	829a      	strh	r2, [r3, #20]
200008dc:	ea40 3044 	orr.w	r0, r0, r4, lsl #13
200008e0:	bba1      	cbnz	r1, 2000094c <prepare_ep_buffer+0xa0>
200008e2:	6919      	ldr	r1, [r3, #16]
200008e4:	f1be 0f00 	cmp.w	lr, #0
200008e8:	d02c      	beq.n	20000944 <prepare_ep_buffer+0x98>
200008ea:	f10e 34ff 	add.w	r4, lr, #4294967295	@ 0xffffffff
200008ee:	68da      	ldr	r2, [r3, #12]
200008f0:	2c05      	cmp	r4, #5
200008f2:	46a1      	mov	r9, r4
200008f4:	eb02 1885 	add.w	r8, r2, r5, lsl #6
200008f8:	d92f      	bls.n	2000095a <prepare_ep_buffer+0xae>
200008fa:	eba8 0401 	sub.w	r4, r8, r1
200008fe:	3c01      	subs	r4, #1
20000900:	2c02      	cmp	r4, #2
20000902:	46c4      	mov	ip, r8
20000904:	460a      	mov	r2, r1
20000906:	d928      	bls.n	2000095a <prepare_ep_buffer+0xae>
20000908:	ea4f 079e 	mov.w	r7, lr, lsr #2
2000090c:	eb01 0687 	add.w	r6, r1, r7, lsl #2
20000910:	f852 4b04 	ldr.w	r4, [r2], #4
20000914:	4296      	cmp	r6, r2
20000916:	f84c 4b04 	str.w	r4, [ip], #4
2000091a:	d1f9      	bne.n	20000910 <prepare_ep_buffer+0x64>
2000091c:	ebbe 0f87 	cmp.w	lr, r7, lsl #2
20000920:	d00e      	beq.n	20000940 <prepare_ep_buffer+0x94>
20000922:	f811 2027 	ldrb.w	r2, [r1, r7, lsl #2]
20000926:	ebb9 0187 	subs.w	r1, r9, r7, lsl #2
2000092a:	f808 2027 	strb.w	r2, [r8, r7, lsl #2]
2000092e:	eb08 0287 	add.w	r2, r8, r7, lsl #2
20000932:	d005      	beq.n	20000940 <prepare_ep_buffer+0x94>
20000934:	7874      	ldrb	r4, [r6, #1]
20000936:	2901      	cmp	r1, #1
20000938:	7054      	strb	r4, [r2, #1]
2000093a:	d001      	beq.n	20000940 <prepare_ep_buffer+0x94>
2000093c:	78b1      	ldrb	r1, [r6, #2]
2000093e:	7091      	strb	r1, [r2, #2]
20000940:	6919      	ldr	r1, [r3, #16]
20000942:	8a9a      	ldrh	r2, [r3, #20]
20000944:	4471      	add	r1, lr
20000946:	6119      	str	r1, [r3, #16]
20000948:	f440 4000 	orr.w	r0, r0, #32768	@ 0x8000
2000094c:	b90a      	cbnz	r2, 20000952 <prepare_ep_buffer+0xa6>
2000094e:	f440 4080 	orr.w	r0, r0, #16384	@ 0x4000
20000952:	b105      	cbz	r5, 20000956 <prepare_ep_buffer+0xaa>
20000954:	0400      	lsls	r0, r0, #16
20000956:	e8bd 83f0 	ldmia.w	sp!, {r4, r5, r6, r7, r8, r9, pc}
2000095a:	f108 32ff 	add.w	r2, r8, #4294967295	@ 0xffffffff
2000095e:	eb01 060e 	add.w	r6, r1, lr
20000962:	f811 4b01 	ldrb.w	r4, [r1], #1
20000966:	42b1      	cmp	r1, r6
20000968:	f802 4f01 	strb.w	r4, [r2, #1]!
2000096c:	d1f9      	bne.n	20000962 <prepare_ep_buffer+0xb6>
2000096e:	e7e7      	b.n	20000940 <prepare_ep_buffer+0x94>

20000970 <sync_ep_buffer>:
20000970:	6883      	ldr	r3, [r0, #8]
20000972:	e92d 41f0 	stmdb	sp!, {r4, r5, r6, r7, r8, lr}
20000976:	4605      	mov	r5, r0
20000978:	6818      	ldr	r0, [r3, #0]
2000097a:	b101      	cbz	r1, 2000097e <sync_ep_buffer+0xe>
2000097c:	0c00      	lsrs	r0, r0, #16
2000097e:	786a      	ldrb	r2, [r5, #1]
20000980:	f3c0 0009 	ubfx	r0, r0, #0, #10
20000984:	b94a      	cbnz	r2, 2000099a <sync_ep_buffer+0x2a>
20000986:	8aeb      	ldrh	r3, [r5, #22]
20000988:	4403      	add	r3, r0
2000098a:	82eb      	strh	r3, [r5, #22]
2000098c:	8b2b      	ldrh	r3, [r5, #24]
2000098e:	4283      	cmp	r3, r0
20000990:	bf84      	itt	hi
20000992:	2300      	movhi	r3, #0
20000994:	82ab      	strhhi	r3, [r5, #20]
20000996:	e8bd 81f0 	ldmia.w	sp!, {r4, r5, r6, r7, r8, pc}
2000099a:	f8d5 c010 	ldr.w	ip, [r5, #16]
2000099e:	b388      	cbz	r0, 20000a04 <sync_ep_buffer+0x94>
200009a0:	1e42      	subs	r2, r0, #1
200009a2:	68eb      	ldr	r3, [r5, #12]
200009a4:	2a05      	cmp	r2, #5
200009a6:	4616      	mov	r6, r2
200009a8:	eb03 1e81 	add.w	lr, r3, r1, lsl #6
200009ac:	d931      	bls.n	20000a12 <sync_ep_buffer+0xa2>
200009ae:	0189      	lsls	r1, r1, #6
200009b0:	1c4c      	adds	r4, r1, #1
200009b2:	441c      	add	r4, r3
200009b4:	ebac 0404 	sub.w	r4, ip, r4
200009b8:	2c02      	cmp	r4, #2
200009ba:	4662      	mov	r2, ip
200009bc:	d929      	bls.n	20000a12 <sync_ep_buffer+0xa2>
200009be:	f400 717f 	and.w	r1, r0, #1020	@ 0x3fc
200009c2:	4673      	mov	r3, lr
200009c4:	460f      	mov	r7, r1
200009c6:	ea4f 0890 	mov.w	r8, r0, lsr #2
200009ca:	185c      	adds	r4, r3, r1
200009cc:	f853 1b04 	ldr.w	r1, [r3], #4
200009d0:	42a3      	cmp	r3, r4
200009d2:	f842 1b04 	str.w	r1, [r2], #4
200009d6:	d1f9      	bne.n	200009cc <sync_ep_buffer+0x5c>
200009d8:	42b8      	cmp	r0, r7
200009da:	d011      	beq.n	20000a00 <sync_ep_buffer+0x90>
200009dc:	f81e 3028 	ldrb.w	r3, [lr, r8, lsl #2]
200009e0:	44be      	add	lr, r7
200009e2:	f80c 3028 	strb.w	r3, [ip, r8, lsl #2]
200009e6:	1bf3      	subs	r3, r6, r7
200009e8:	44bc      	add	ip, r7
200009ea:	d009      	beq.n	20000a00 <sync_ep_buffer+0x90>
200009ec:	f89e 2001 	ldrb.w	r2, [lr, #1]
200009f0:	2b01      	cmp	r3, #1
200009f2:	f88c 2001 	strb.w	r2, [ip, #1]
200009f6:	d003      	beq.n	20000a00 <sync_ep_buffer+0x90>
200009f8:	f89e 3002 	ldrb.w	r3, [lr, #2]
200009fc:	f88c 3002 	strb.w	r3, [ip, #2]
20000a00:	f8d5 c010 	ldr.w	ip, [r5, #16]
20000a04:	8aea      	ldrh	r2, [r5, #22]
20000a06:	eb0c 0300 	add.w	r3, ip, r0
20000a0a:	4402      	add	r2, r0
20000a0c:	82ea      	strh	r2, [r5, #22]
20000a0e:	612b      	str	r3, [r5, #16]
20000a10:	e7bc      	b.n	2000098c <sync_ep_buffer+0x1c>
20000a12:	f10c 3cff 	add.w	ip, ip, #4294967295	@ 0xffffffff
20000a16:	eb0e 0200 	add.w	r2, lr, r0
20000a1a:	f81e 3b01 	ldrb.w	r3, [lr], #1
20000a1e:	4572      	cmp	r2, lr
20000a20:	f80c 3f01 	strb.w	r3, [ip, #1]!
20000a24:	d1f9      	bne.n	20000a1a <sync_ep_buffer+0xaa>
20000a26:	e7eb      	b.n	20000a00 <sync_ep_buffer+0x90>

20000a28 <_hw_endpoint_xfer_sync>:
20000a28:	b510      	push	{r4, lr}
20000a2a:	4604      	mov	r4, r0
20000a2c:	6883      	ldr	r3, [r0, #8]
20000a2e:	2100      	movs	r1, #0
20000a30:	681b      	ldr	r3, [r3, #0]
20000a32:	f7ff ff9d 	bl	20000970 <sync_ep_buffer>
20000a36:	6863      	ldr	r3, [r4, #4]
20000a38:	681b      	ldr	r3, [r3, #0]
20000a3a:	005b      	lsls	r3, r3, #1
20000a3c:	d502      	bpl.n	20000a44 <_hw_endpoint_xfer_sync+0x1c>
20000a3e:	8b23      	ldrh	r3, [r4, #24]
20000a40:	4283      	cmp	r3, r0
20000a42:	d000      	beq.n	20000a46 <_hw_endpoint_xfer_sync+0x1e>
20000a44:	bd10      	pop	{r4, pc}
20000a46:	4620      	mov	r0, r4
20000a48:	e8bd 4010 	ldmia.w	sp!, {r4, lr}
20000a4c:	2101      	movs	r1, #1
20000a4e:	f7ff bf8f 	b.w	20000970 <sync_ep_buffer>
20000a52:	bf00      	nop

20000a54 <e15_is_bulkin_ep>:
20000a54:	4b08      	ldr	r3, [pc, #32]	@ (20000a78 <e15_is_bulkin_ep+0x24>)
20000a56:	6c1b      	ldr	r3, [r3, #64]	@ 0x40
20000a58:	f013 0302 	ands.w	r3, r3, #2
20000a5c:	d102      	bne.n	20000a64 <e15_is_bulkin_ep+0x10>
20000a5e:	7882      	ldrb	r2, [r0, #2]
20000a60:	09d2      	lsrs	r2, r2, #7
20000a62:	d101      	bne.n	20000a68 <e15_is_bulkin_ep+0x14>
20000a64:	2000      	movs	r0, #0
20000a66:	4770      	bx	lr
20000a68:	7ec0      	ldrb	r0, [r0, #27]
20000a6a:	f1a0 0002 	sub.w	r0, r0, #2
20000a6e:	fab0 f080 	clz	r0, r0
20000a72:	0940      	lsrs	r0, r0, #5
20000a74:	4770      	bx	lr
20000a76:	bf00      	nop
20000a78:	50110000 	.word	0x50110000

20000a7c <e15_is_critical_frame_period>:
20000a7c:	b508      	push	{r3, lr}
20000a7e:	f7ff ffe9 	bl	20000a54 <e15_is_bulkin_ep>
20000a82:	b150      	cbz	r0, 20000a9a <e15_is_critical_frame_period+0x1e>
20000a84:	4a05      	ldr	r2, [pc, #20]	@ (20000a9c <e15_is_critical_frame_period+0x20>)
20000a86:	4b06      	ldr	r3, [pc, #24]	@ (20000aa0 <e15_is_critical_frame_period+0x24>)
20000a88:	6a90      	ldr	r0, [r2, #40]	@ 0x28
20000a8a:	681b      	ldr	r3, [r3, #0]
20000a8c:	f5a0 7048 	sub.w	r0, r0, #800	@ 0x320
20000a90:	1ac0      	subs	r0, r0, r3
20000a92:	28c6      	cmp	r0, #198	@ 0xc6
20000a94:	bf8c      	ite	hi
20000a96:	2000      	movhi	r0, #0
20000a98:	2001      	movls	r0, #1
20000a9a:	bd08      	pop	{r3, pc}
20000a9c:	400b0000 	.word	0x400b0000
20000aa0:	20001a04 	.word	0x20001a04

20000aa4 <hw_endpoint_reset_transfer>:
20000aa4:	2300      	movs	r3, #0
20000aa6:	e9c0 3304 	strd	r3, r3, [r0, #16]
20000aaa:	7683      	strb	r3, [r0, #26]
20000aac:	4770      	bx	lr
20000aae:	bf00      	nop

20000ab0 <_hw_endpoint_buffer_control_update32>:
20000ab0:	b508      	push	{r3, lr}
20000ab2:	6883      	ldr	r3, [r0, #8]
20000ab4:	b119      	cbz	r1, 20000abe <_hw_endpoint_buffer_control_update32+0xe>
20000ab6:	f8d3 c000 	ldr.w	ip, [r3]
20000aba:	ea01 010c 	and.w	r1, r1, ip
20000abe:	b18a      	cbz	r2, 20000ae4 <_hw_endpoint_buffer_control_update32+0x34>
20000ac0:	4311      	orrs	r1, r2
20000ac2:	0552      	lsls	r2, r2, #21
20000ac4:	d50e      	bpl.n	20000ae4 <_hw_endpoint_buffer_control_update32+0x34>
20000ac6:	681a      	ldr	r2, [r3, #0]
20000ac8:	0552      	lsls	r2, r2, #21
20000aca:	d40d      	bmi.n	20000ae8 <_hw_endpoint_buffer_control_update32+0x38>
20000acc:	4a08      	ldr	r2, [pc, #32]	@ (20000af0 <_hw_endpoint_buffer_control_update32+0x40>)
20000ace:	f421 6c80 	bic.w	ip, r1, #1024	@ 0x400
20000ad2:	f8c3 c000 	str.w	ip, [r3]
20000ad6:	6c12      	ldr	r2, [r2, #64]	@ 0x40
20000ad8:	0792      	lsls	r2, r2, #30
20000ada:	d403      	bmi.n	20000ae4 <_hw_endpoint_buffer_control_update32+0x34>
20000adc:	230c      	movs	r3, #12
20000ade:	3b03      	subs	r3, #3
20000ae0:	d2fd      	bcs.n	20000ade <_hw_endpoint_buffer_control_update32+0x2e>
20000ae2:	6883      	ldr	r3, [r0, #8]
20000ae4:	6019      	str	r1, [r3, #0]
20000ae6:	bd08      	pop	{r3, pc}
20000ae8:	7881      	ldrb	r1, [r0, #2]
20000aea:	4802      	ldr	r0, [pc, #8]	@ (20000af4 <_hw_endpoint_buffer_control_update32+0x44>)
20000aec:	f000 fb28 	bl	20001140 <__panic_veneer>
20000af0:	50110000 	.word	0x50110000
20000af4:	100073b4 	.word	0x100073b4

20000af8 <hw_endpoint_start_next_buffer>:
20000af8:	b530      	push	{r4, r5, lr}
20000afa:	6843      	ldr	r3, [r0, #4]
20000afc:	2100      	movs	r1, #0
20000afe:	b083      	sub	sp, #12
20000b00:	4605      	mov	r5, r0
20000b02:	681c      	ldr	r4, [r3, #0]
20000b04:	f7ff fed2 	bl	200008ac <prepare_ep_buffer>
20000b08:	4b13      	ldr	r3, [pc, #76]	@ (20000b58 <hw_endpoint_start_next_buffer+0x60>)
20000b0a:	f440 5280 	orr.w	r2, r0, #4096	@ 0x1000
20000b0e:	6c19      	ldr	r1, [r3, #64]	@ 0x40
20000b10:	78ab      	ldrb	r3, [r5, #2]
20000b12:	0789      	lsls	r1, r1, #30
20000b14:	d50e      	bpl.n	20000b34 <hw_endpoint_start_next_buffer+0x3c>
20000b16:	065b      	lsls	r3, r3, #25
20000b18:	d00e      	beq.n	20000b38 <hw_endpoint_start_next_buffer+0x40>
20000b1a:	f024 44a0 	bic.w	r4, r4, #1342177280	@ 0x50000000
20000b1e:	f044 5400 	orr.w	r4, r4, #536870912	@ 0x20000000
20000b22:	2100      	movs	r1, #0
20000b24:	4628      	mov	r0, r5
20000b26:	686b      	ldr	r3, [r5, #4]
20000b28:	601c      	str	r4, [r3, #0]
20000b2a:	b003      	add	sp, #12
20000b2c:	e8bd 4030 	ldmia.w	sp!, {r4, r5, lr}
20000b30:	f7ff bfbe 	b.w	20000ab0 <_hw_endpoint_buffer_control_update32>
20000b34:	09db      	lsrs	r3, r3, #7
20000b36:	d0f0      	beq.n	20000b1a <hw_endpoint_start_next_buffer+0x22>
20000b38:	8aab      	ldrh	r3, [r5, #20]
20000b3a:	2b00      	cmp	r3, #0
20000b3c:	d0ed      	beq.n	20000b1a <hw_endpoint_start_next_buffer+0x22>
20000b3e:	2101      	movs	r1, #1
20000b40:	4628      	mov	r0, r5
20000b42:	9201      	str	r2, [sp, #4]
20000b44:	f7ff feb2 	bl	200008ac <prepare_ep_buffer>
20000b48:	9a01      	ldr	r2, [sp, #4]
20000b4a:	f024 5400 	bic.w	r4, r4, #536870912	@ 0x20000000
20000b4e:	4302      	orrs	r2, r0
20000b50:	f044 44a0 	orr.w	r4, r4, #1342177280	@ 0x50000000
20000b54:	e7e5      	b.n	20000b22 <hw_endpoint_start_next_buffer+0x2a>
20000b56:	bf00      	nop
20000b58:	50110000 	.word	0x50110000

20000b5c <hw_endpoint_xfer_continue>:
20000b5c:	b538      	push	{r3, r4, r5, lr}
20000b5e:	7e85      	ldrb	r5, [r0, #26]
20000b60:	4604      	mov	r4, r0
20000b62:	b195      	cbz	r5, 20000b8a <hw_endpoint_xfer_continue+0x2e>
20000b64:	f7ff ff60 	bl	20000a28 <_hw_endpoint_xfer_sync>
20000b68:	8aa3      	ldrh	r3, [r4, #20]
20000b6a:	b90b      	cbnz	r3, 20000b70 <hw_endpoint_xfer_continue+0x14>
20000b6c:	4628      	mov	r0, r5
20000b6e:	bd38      	pop	{r3, r4, r5, pc}
20000b70:	4620      	mov	r0, r4
20000b72:	f7ff ff83 	bl	20000a7c <e15_is_critical_frame_period>
20000b76:	b120      	cbz	r0, 20000b82 <hw_endpoint_xfer_continue+0x26>
20000b78:	2301      	movs	r3, #1
20000b7a:	7723      	strb	r3, [r4, #28]
20000b7c:	2500      	movs	r5, #0
20000b7e:	4628      	mov	r0, r5
20000b80:	bd38      	pop	{r3, r4, r5, pc}
20000b82:	4620      	mov	r0, r4
20000b84:	f7ff ffb8 	bl	20000af8 <hw_endpoint_start_next_buffer>
20000b88:	e7f8      	b.n	20000b7c <hw_endpoint_xfer_continue+0x20>
20000b8a:	7881      	ldrb	r1, [r0, #2]
20000b8c:	4801      	ldr	r0, [pc, #4]	@ (20000b94 <hw_endpoint_xfer_continue+0x38>)
20000b8e:	f000 fad7 	bl	20001140 <__panic_veneer>
20000b92:	bf00      	nop
20000b94:	100073d4 	.word	0x100073d4

20000b98 <dcd_event_handler>:
20000b98:	b570      	push	{r4, r5, r6, lr}
20000b9a:	7843      	ldrb	r3, [r0, #1]
20000b9c:	4604      	mov	r4, r0
20000b9e:	3b02      	subs	r3, #2
20000ba0:	460e      	mov	r6, r1
20000ba2:	b086      	sub	sp, #24
20000ba4:	2b04      	cmp	r3, #4
20000ba6:	d813      	bhi.n	20000bd0 <dcd_event_handler+0x38>
20000ba8:	e8df f003 	tbb	[pc, r3]
20000bac:	72694903 	.word	0x72694903
20000bb0:	44          	.byte	0x44
20000bb1:	00          	.byte	0x00
20000bb2:	2100      	movs	r1, #0
20000bb4:	4b78      	ldr	r3, [pc, #480]	@ (20000d98 <dcd_event_handler+0x200>)
20000bb6:	781a      	ldrb	r2, [r3, #0]
20000bb8:	f022 0201 	bic.w	r2, r2, #1
20000bbc:	701a      	strb	r2, [r3, #0]
20000bbe:	781a      	ldrb	r2, [r3, #0]
20000bc0:	f022 0202 	bic.w	r2, r2, #2
20000bc4:	701a      	strb	r2, [r3, #0]
20000bc6:	7059      	strb	r1, [r3, #1]
20000bc8:	781a      	ldrb	r2, [r3, #0]
20000bca:	f361 0282 	bfi	r2, r1, #2, #1
20000bce:	701a      	strb	r2, [r3, #0]
20000bd0:	4b72      	ldr	r3, [pc, #456]	@ (20000d9c <dcd_event_handler+0x204>)
20000bd2:	681b      	ldr	r3, [r3, #0]
20000bd4:	695a      	ldr	r2, [r3, #20]
20000bd6:	f3ef 8010 	mrs	r0, PRIMASK
20000bda:	b672      	cpsid	i
20000bdc:	e8d2 cfcf 	ldaexb	ip, [r2]
20000be0:	2101      	movs	r1, #1
20000be2:	f1bc 0f00 	cmp.w	ip, #0
20000be6:	d1f9      	bne.n	20000bdc <dcd_event_handler+0x44>
20000be8:	e8c2 1f4c 	strexb	ip, r1, [r2]
20000bec:	f1bc 0f00 	cmp.w	ip, #0
20000bf0:	d1f4      	bne.n	20000bdc <dcd_event_handler+0x44>
20000bf2:	f3bf 8f5f 	dmb	sy
20000bf6:	4621      	mov	r1, r4
20000bf8:	6198      	str	r0, [r3, #24]
20000bfa:	4618      	mov	r0, r3
20000bfc:	9301      	str	r3, [sp, #4]
20000bfe:	f000 fa93 	bl	20001128 <__tu_fifo_write_veneer>
20000c02:	9b01      	ldr	r3, [sp, #4]
20000c04:	2200      	movs	r2, #0
20000c06:	6959      	ldr	r1, [r3, #20]
20000c08:	e8c1 2f8f 	stlb	r2, [r1]
20000c0c:	699b      	ldr	r3, [r3, #24]
20000c0e:	f383 8810 	msr	PRIMASK, r3
20000c12:	b940      	cbnz	r0, 20000c26 <dcd_event_handler+0x8e>
20000c14:	f04f 23e0 	mov.w	r3, #3758153728	@ 0xe000e000
20000c18:	f8d3 3df0 	ldr.w	r3, [r3, #3568]	@ 0xdf0
20000c1c:	07db      	lsls	r3, r3, #31
20000c1e:	d507      	bpl.n	20000c30 <dcd_event_handler+0x98>
20000c20:	be00      	bkpt	0x0000
20000c22:	b006      	add	sp, #24
20000c24:	bd70      	pop	{r4, r5, r6, pc}
20000c26:	4632      	mov	r2, r6
20000c28:	7861      	ldrb	r1, [r4, #1]
20000c2a:	7820      	ldrb	r0, [r4, #0]
20000c2c:	f000 fa90 	bl	20001150 <__tud_event_hook_cb_veneer>
20000c30:	b006      	add	sp, #24
20000c32:	bd70      	pop	{r4, r5, r6, pc}
20000c34:	4a5a      	ldr	r2, [pc, #360]	@ (20000da0 <dcd_event_handler+0x208>)
20000c36:	7813      	ldrb	r3, [r2, #0]
20000c38:	3301      	adds	r3, #1
20000c3a:	7013      	strb	r3, [r2, #0]
20000c3c:	e7c8      	b.n	20000bd0 <dcd_event_handler+0x38>
20000c3e:	2300      	movs	r3, #0
20000c40:	4a58      	ldr	r2, [pc, #352]	@ (20000da4 <dcd_event_handler+0x20c>)
20000c42:	7810      	ldrb	r0, [r2, #0]
20000c44:	461a      	mov	r2, r3
20000c46:	e013      	b.n	20000c70 <dcd_event_handler+0xd8>
20000c48:	4a57      	ldr	r2, [pc, #348]	@ (20000da8 <dcd_event_handler+0x210>)
20000c4a:	6812      	ldr	r2, [r2, #0]
20000c4c:	eb12 1243 	adds.w	r2, r2, r3, lsl #5
20000c50:	d008      	beq.n	20000c64 <dcd_event_handler+0xcc>
20000c52:	69d2      	ldr	r2, [r2, #28]
20000c54:	b132      	cbz	r2, 20000c64 <dcd_event_handler+0xcc>
20000c56:	7820      	ldrb	r0, [r4, #0]
20000c58:	6861      	ldr	r1, [r4, #4]
20000c5a:	9301      	str	r3, [sp, #4]
20000c5c:	4790      	blx	r2
20000c5e:	4b51      	ldr	r3, [pc, #324]	@ (20000da4 <dcd_event_handler+0x20c>)
20000c60:	7818      	ldrb	r0, [r3, #0]
20000c62:	9b01      	ldr	r3, [sp, #4]
20000c64:	3301      	adds	r3, #1
20000c66:	b2db      	uxtb	r3, r3
20000c68:	1c41      	adds	r1, r0, #1
20000c6a:	4299      	cmp	r1, r3
20000c6c:	461a      	mov	r2, r3
20000c6e:	db18      	blt.n	20000ca2 <dcd_event_handler+0x10a>
20000c70:	4298      	cmp	r0, r3
20000c72:	d8e9      	bhi.n	20000c48 <dcd_event_handler+0xb0>
20000c74:	494d      	ldr	r1, [pc, #308]	@ (20000dac <dcd_event_handler+0x214>)
20000c76:	1a12      	subs	r2, r2, r0
20000c78:	eb01 1242 	add.w	r2, r1, r2, lsl #5
20000c7c:	e7e9      	b.n	20000c52 <dcd_event_handler+0xba>
20000c7e:	4b46      	ldr	r3, [pc, #280]	@ (20000d98 <dcd_event_handler+0x200>)
20000c80:	781a      	ldrb	r2, [r3, #0]
20000c82:	07d2      	lsls	r2, r2, #31
20000c84:	d5d4      	bpl.n	20000c30 <dcd_event_handler+0x98>
20000c86:	781a      	ldrb	r2, [r3, #0]
20000c88:	f042 0204 	orr.w	r2, r2, #4
20000c8c:	701a      	strb	r2, [r3, #0]
20000c8e:	e79f      	b.n	20000bd0 <dcd_event_handler+0x38>
20000c90:	4b41      	ldr	r3, [pc, #260]	@ (20000d98 <dcd_event_handler+0x200>)
20000c92:	781a      	ldrb	r2, [r3, #0]
20000c94:	07d5      	lsls	r5, r2, #31
20000c96:	d5cb      	bpl.n	20000c30 <dcd_event_handler+0x98>
20000c98:	781a      	ldrb	r2, [r3, #0]
20000c9a:	f022 0204 	bic.w	r2, r2, #4
20000c9e:	701a      	strb	r2, [r3, #0]
20000ca0:	e796      	b.n	20000bd0 <dcd_event_handler+0x38>
20000ca2:	4b3d      	ldr	r3, [pc, #244]	@ (20000d98 <dcd_event_handler+0x200>)
20000ca4:	781a      	ldrb	r2, [r3, #0]
20000ca6:	0750      	lsls	r0, r2, #29
20000ca8:	d433      	bmi.n	20000d12 <dcd_event_handler+0x17a>
20000caa:	78db      	ldrb	r3, [r3, #3]
20000cac:	07da      	lsls	r2, r3, #31
20000cae:	d5bf      	bpl.n	20000c30 <dcd_event_handler+0x98>
20000cb0:	2203      	movs	r2, #3
20000cb2:	4b3a      	ldr	r3, [pc, #232]	@ (20000d9c <dcd_event_handler+0x204>)
20000cb4:	7820      	ldrb	r0, [r4, #0]
20000cb6:	6861      	ldr	r1, [r4, #4]
20000cb8:	681b      	ldr	r3, [r3, #0]
20000cba:	f88d 000c 	strb.w	r0, [sp, #12]
20000cbe:	f88d 200d 	strb.w	r2, [sp, #13]
20000cc2:	695a      	ldr	r2, [r3, #20]
20000cc4:	9104      	str	r1, [sp, #16]
20000cc6:	f3ef 8110 	mrs	r1, PRIMASK
20000cca:	b672      	cpsid	i
20000ccc:	e8d2 4fcf 	ldaexb	r4, [r2]
20000cd0:	2001      	movs	r0, #1
20000cd2:	2c00      	cmp	r4, #0
20000cd4:	d1fa      	bne.n	20000ccc <dcd_event_handler+0x134>
20000cd6:	e8c2 0f44 	strexb	r4, r0, [r2]
20000cda:	2c00      	cmp	r4, #0
20000cdc:	d1f6      	bne.n	20000ccc <dcd_event_handler+0x134>
20000cde:	f3bf 8f5f 	dmb	sy
20000ce2:	6199      	str	r1, [r3, #24]
20000ce4:	4618      	mov	r0, r3
20000ce6:	a903      	add	r1, sp, #12
20000ce8:	9301      	str	r3, [sp, #4]
20000cea:	f000 fa1d 	bl	20001128 <__tu_fifo_write_veneer>
20000cee:	9b01      	ldr	r3, [sp, #4]
20000cf0:	2200      	movs	r2, #0
20000cf2:	6959      	ldr	r1, [r3, #20]
20000cf4:	e8c1 2f8f 	stlb	r2, [r1]
20000cf8:	699b      	ldr	r3, [r3, #24]
20000cfa:	f383 8810 	msr	PRIMASK, r3
20000cfe:	2800      	cmp	r0, #0
20000d00:	d088      	beq.n	20000c14 <dcd_event_handler+0x7c>
20000d02:	4632      	mov	r2, r6
20000d04:	f89d 100d 	ldrb.w	r1, [sp, #13]
20000d08:	f89d 000c 	ldrb.w	r0, [sp, #12]
20000d0c:	f000 fa20 	bl	20001150 <__tud_event_hook_cb_veneer>
20000d10:	e78e      	b.n	20000c30 <dcd_event_handler+0x98>
20000d12:	2500      	movs	r5, #0
20000d14:	2005      	movs	r0, #5
20000d16:	7819      	ldrb	r1, [r3, #0]
20000d18:	e9cd 5504 	strd	r5, r5, [sp, #16]
20000d1c:	f021 0104 	bic.w	r1, r1, #4
20000d20:	9503      	str	r5, [sp, #12]
20000d22:	7019      	strb	r1, [r3, #0]
20000d24:	f88d 000d 	strb.w	r0, [sp, #13]
20000d28:	4a1c      	ldr	r2, [pc, #112]	@ (20000d9c <dcd_event_handler+0x204>)
20000d2a:	7821      	ldrb	r1, [r4, #0]
20000d2c:	6812      	ldr	r2, [r2, #0]
20000d2e:	f88d 100c 	strb.w	r1, [sp, #12]
20000d32:	6951      	ldr	r1, [r2, #20]
20000d34:	f3ef 8010 	mrs	r0, PRIMASK
20000d38:	b672      	cpsid	i
20000d3a:	e8d1 efcf 	ldaexb	lr, [r1]
20000d3e:	f05f 0c01 	movs.w	ip, #1
20000d42:	f1be 0f00 	cmp.w	lr, #0
20000d46:	d1f8      	bne.n	20000d3a <dcd_event_handler+0x1a2>
20000d48:	e8c1 cf4e 	strexb	lr, ip, [r1]
20000d4c:	f1be 0f00 	cmp.w	lr, #0
20000d50:	d1f3      	bne.n	20000d3a <dcd_event_handler+0x1a2>
20000d52:	f3bf 8f5f 	dmb	sy
20000d56:	6190      	str	r0, [r2, #24]
20000d58:	a903      	add	r1, sp, #12
20000d5a:	4610      	mov	r0, r2
20000d5c:	9201      	str	r2, [sp, #4]
20000d5e:	f000 f9e3 	bl	20001128 <__tu_fifo_write_veneer>
20000d62:	9a01      	ldr	r2, [sp, #4]
20000d64:	6951      	ldr	r1, [r2, #20]
20000d66:	e8c1 5f8f 	stlb	r5, [r1]
20000d6a:	6992      	ldr	r2, [r2, #24]
20000d6c:	f382 8810 	msr	PRIMASK, r2
20000d70:	4b09      	ldr	r3, [pc, #36]	@ (20000d98 <dcd_event_handler+0x200>)
20000d72:	b938      	cbnz	r0, 20000d84 <dcd_event_handler+0x1ec>
20000d74:	f04f 22e0 	mov.w	r2, #3758153728	@ 0xe000e000
20000d78:	f8d2 2df0 	ldr.w	r2, [r2, #3568]	@ 0xdf0
20000d7c:	07d1      	lsls	r1, r2, #31
20000d7e:	d594      	bpl.n	20000caa <dcd_event_handler+0x112>
20000d80:	be00      	bkpt	0x0000
20000d82:	e792      	b.n	20000caa <dcd_event_handler+0x112>
20000d84:	4632      	mov	r2, r6
20000d86:	f89d 100d 	ldrb.w	r1, [sp, #13]
20000d8a:	f89d 000c 	ldrb.w	r0, [sp, #12]
20000d8e:	f000 f9df 	bl	20001150 <__tud_event_hook_cb_veneer>
20000d92:	4b01      	ldr	r3, [pc, #4]	@ (20000d98 <dcd_event_handler+0x200>)
20000d94:	e789      	b.n	20000caa <dcd_event_handler+0x112>
20000d96:	bf00      	nop
20000d98:	200015b8 	.word	0x200015b8
20000d9c:	20001610 	.word	0x20001610
20000da0:	20001e7f 	.word	0x20001e7f
20000da4:	20001e7d 	.word	0x20001e7d
20000da8:	200014b0 	.word	0x200014b0
20000dac:	1000769c 	.word	0x1000769c

20000db0 <__aeabi_uldivmod>:
20000db0:	b953      	cbnz	r3, 20000dc8 <__aeabi_uldivmod+0x18>
20000db2:	b94a      	cbnz	r2, 20000dc8 <__aeabi_uldivmod+0x18>
20000db4:	2900      	cmp	r1, #0
20000db6:	bf08      	it	eq
20000db8:	2800      	cmpeq	r0, #0
20000dba:	bf1c      	itt	ne
20000dbc:	f04f 31ff 	movne.w	r1, #4294967295	@ 0xffffffff
20000dc0:	f04f 30ff 	movne.w	r0, #4294967295	@ 0xffffffff
20000dc4:	f000 b9ac 	b.w	20001120 <__aeabi_idiv0>
20000dc8:	f1ad 0c08 	sub.w	ip, sp, #8
20000dcc:	e96d ce04 	strd	ip, lr, [sp, #-16]!
20000dd0:	f000 f806 	bl	20000de0 <__udivmoddi4>
20000dd4:	f8dd e004 	ldr.w	lr, [sp, #4]
20000dd8:	e9dd 2302 	ldrd	r2, r3, [sp, #8]
20000ddc:	b004      	add	sp, #16
20000dde:	4770      	bx	lr

20000de0 <__udivmoddi4>:
20000de0:	e92d 47f0 	stmdb	sp!, {r4, r5, r6, r7, r8, r9, sl, lr}
20000de4:	4606      	mov	r6, r0
20000de6:	b082      	sub	sp, #8
20000de8:	4617      	mov	r7, r2
20000dea:	4608      	mov	r0, r1
20000dec:	9a0a      	ldr	r2, [sp, #40]	@ 0x28
20000dee:	46b4      	mov	ip, r6
20000df0:	460d      	mov	r5, r1
20000df2:	2b00      	cmp	r3, #0
20000df4:	d14d      	bne.n	20000e92 <__udivmoddi4+0xb2>
20000df6:	428f      	cmp	r7, r1
20000df8:	46be      	mov	lr, r7
20000dfa:	d965      	bls.n	20000ec8 <__udivmoddi4+0xe8>
20000dfc:	fab7 f187 	clz	r1, r7
20000e00:	b149      	cbz	r1, 20000e16 <__udivmoddi4+0x36>
20000e02:	f1c1 0320 	rsb	r3, r1, #32
20000e06:	408d      	lsls	r5, r1
20000e08:	fa07 fe01 	lsl.w	lr, r7, r1
20000e0c:	fa06 fc01 	lsl.w	ip, r6, r1
20000e10:	fa26 f303 	lsr.w	r3, r6, r3
20000e14:	431d      	orrs	r5, r3
20000e16:	ea4f 461e 	mov.w	r6, lr, lsr #16
20000e1a:	fa1f f08e 	uxth.w	r0, lr
20000e1e:	ea4f 431c 	mov.w	r3, ip, lsr #16
20000e22:	fbb5 f4f6 	udiv	r4, r5, r6
20000e26:	fb06 5514 	mls	r5, r6, r4, r5
20000e2a:	ea43 4305 	orr.w	r3, r3, r5, lsl #16
20000e2e:	fb04 f500 	mul.w	r5, r4, r0
20000e32:	429d      	cmp	r5, r3
20000e34:	d906      	bls.n	20000e44 <__udivmoddi4+0x64>
20000e36:	eb1e 0303 	adds.w	r3, lr, r3
20000e3a:	d202      	bcs.n	20000e42 <__udivmoddi4+0x62>
20000e3c:	429d      	cmp	r5, r3
20000e3e:	f200 814c 	bhi.w	200010da <__udivmoddi4+0x2fa>
20000e42:	3c01      	subs	r4, #1
20000e44:	1b5b      	subs	r3, r3, r5
20000e46:	fa1f fc8c 	uxth.w	ip, ip
20000e4a:	fbb3 f5f6 	udiv	r5, r3, r6
20000e4e:	fb06 3315 	mls	r3, r6, r5, r3
20000e52:	fb05 f000 	mul.w	r0, r5, r0
20000e56:	ea4c 4c03 	orr.w	ip, ip, r3, lsl #16
20000e5a:	4560      	cmp	r0, ip
20000e5c:	d90a      	bls.n	20000e74 <__udivmoddi4+0x94>
20000e5e:	eb1e 0c0c 	adds.w	ip, lr, ip
20000e62:	bf2c      	ite	cs
20000e64:	2301      	movcs	r3, #1
20000e66:	2300      	movcc	r3, #0
20000e68:	4560      	cmp	r0, ip
20000e6a:	d902      	bls.n	20000e72 <__udivmoddi4+0x92>
20000e6c:	2b00      	cmp	r3, #0
20000e6e:	f000 8137 	beq.w	200010e0 <__udivmoddi4+0x300>
20000e72:	3d01      	subs	r5, #1
20000e74:	ebac 0c00 	sub.w	ip, ip, r0
20000e78:	ea45 4004 	orr.w	r0, r5, r4, lsl #16
20000e7c:	2400      	movs	r4, #0
20000e7e:	b122      	cbz	r2, 20000e8a <__udivmoddi4+0xaa>
20000e80:	fa2c f301 	lsr.w	r3, ip, r1
20000e84:	2100      	movs	r1, #0
20000e86:	e9c2 3100 	strd	r3, r1, [r2]
20000e8a:	4621      	mov	r1, r4
20000e8c:	b002      	add	sp, #8
20000e8e:	e8bd 87f0 	ldmia.w	sp!, {r4, r5, r6, r7, r8, r9, sl, pc}
20000e92:	428b      	cmp	r3, r1
20000e94:	d908      	bls.n	20000ea8 <__udivmoddi4+0xc8>
20000e96:	b10a      	cbz	r2, 20000e9c <__udivmoddi4+0xbc>
20000e98:	e9c2 6100 	strd	r6, r1, [r2]
20000e9c:	2400      	movs	r4, #0
20000e9e:	4620      	mov	r0, r4
20000ea0:	4621      	mov	r1, r4
20000ea2:	b002      	add	sp, #8
20000ea4:	e8bd 87f0 	ldmia.w	sp!, {r4, r5, r6, r7, r8, r9, sl, pc}
20000ea8:	fab3 f483 	clz	r4, r3
20000eac:	2c00      	cmp	r4, #0
20000eae:	d14d      	bne.n	20000f4c <__udivmoddi4+0x16c>
20000eb0:	428b      	cmp	r3, r1
20000eb2:	f0c0 8105 	bcc.w	200010c0 <__udivmoddi4+0x2e0>
20000eb6:	42b7      	cmp	r7, r6
20000eb8:	f240 8102 	bls.w	200010c0 <__udivmoddi4+0x2e0>
20000ebc:	4620      	mov	r0, r4
20000ebe:	2a00      	cmp	r2, #0
20000ec0:	d0e3      	beq.n	20000e8a <__udivmoddi4+0xaa>
20000ec2:	e9c2 c500 	strd	ip, r5, [r2]
20000ec6:	e7e0      	b.n	20000e8a <__udivmoddi4+0xaa>
20000ec8:	2f00      	cmp	r7, #0
20000eca:	f000 80a2 	beq.w	20001012 <__udivmoddi4+0x232>
20000ece:	4619      	mov	r1, r3
20000ed0:	fab7 f387 	clz	r3, r7
20000ed4:	2b00      	cmp	r3, #0
20000ed6:	f040 80b4 	bne.w	20001042 <__udivmoddi4+0x262>
20000eda:	1bc3      	subs	r3, r0, r7
20000edc:	fa1f f88e 	uxth.w	r8, lr
20000ee0:	0c3f      	lsrs	r7, r7, #16
20000ee2:	2401      	movs	r4, #1
20000ee4:	ea4f 401c 	mov.w	r0, ip, lsr #16
20000ee8:	fbb3 f5f7 	udiv	r5, r3, r7
20000eec:	fb07 3315 	mls	r3, r7, r5, r3
20000ef0:	ea40 4303 	orr.w	r3, r0, r3, lsl #16
20000ef4:	fb08 f005 	mul.w	r0, r8, r5
20000ef8:	4298      	cmp	r0, r3
20000efa:	d90a      	bls.n	20000f12 <__udivmoddi4+0x132>
20000efc:	eb1e 0303 	adds.w	r3, lr, r3
20000f00:	bf2c      	ite	cs
20000f02:	2601      	movcs	r6, #1
20000f04:	2600      	movcc	r6, #0
20000f06:	4298      	cmp	r0, r3
20000f08:	d902      	bls.n	20000f10 <__udivmoddi4+0x130>
20000f0a:	2e00      	cmp	r6, #0
20000f0c:	f000 80e2 	beq.w	200010d4 <__udivmoddi4+0x2f4>
20000f10:	3d01      	subs	r5, #1
20000f12:	1a1b      	subs	r3, r3, r0
20000f14:	fa1f fc8c 	uxth.w	ip, ip
20000f18:	fbb3 f0f7 	udiv	r0, r3, r7
20000f1c:	fb07 3310 	mls	r3, r7, r0, r3
20000f20:	ea4c 4c03 	orr.w	ip, ip, r3, lsl #16
20000f24:	fb08 f300 	mul.w	r3, r8, r0
20000f28:	4563      	cmp	r3, ip
20000f2a:	d90a      	bls.n	20000f42 <__udivmoddi4+0x162>
20000f2c:	eb1e 0c0c 	adds.w	ip, lr, ip
20000f30:	bf2c      	ite	cs
20000f32:	2601      	movcs	r6, #1
20000f34:	2600      	movcc	r6, #0
20000f36:	4563      	cmp	r3, ip
20000f38:	d902      	bls.n	20000f40 <__udivmoddi4+0x160>
20000f3a:	2e00      	cmp	r6, #0
20000f3c:	f000 80c7 	beq.w	200010ce <__udivmoddi4+0x2ee>
20000f40:	3801      	subs	r0, #1
20000f42:	ebac 0c03 	sub.w	ip, ip, r3
20000f46:	ea40 4005 	orr.w	r0, r0, r5, lsl #16
20000f4a:	e798      	b.n	20000e7e <__udivmoddi4+0x9e>
20000f4c:	f1c4 0820 	rsb	r8, r4, #32
20000f50:	40a3      	lsls	r3, r4
20000f52:	fa06 fa04 	lsl.w	sl, r6, r4
20000f56:	40a1      	lsls	r1, r4
20000f58:	fa27 fc08 	lsr.w	ip, r7, r8
20000f5c:	fa20 f008 	lsr.w	r0, r0, r8
20000f60:	fa07 f904 	lsl.w	r9, r7, r4
20000f64:	ea4c 0c03 	orr.w	ip, ip, r3
20000f68:	fa26 f308 	lsr.w	r3, r6, r8
20000f6c:	ea4f 461c 	mov.w	r6, ip, lsr #16
20000f70:	430b      	orrs	r3, r1
20000f72:	fa1f fe8c 	uxth.w	lr, ip
20000f76:	0c19      	lsrs	r1, r3, #16
20000f78:	fbb0 f7f6 	udiv	r7, r0, r6
20000f7c:	fb06 0017 	mls	r0, r6, r7, r0
20000f80:	ea41 4100 	orr.w	r1, r1, r0, lsl #16
20000f84:	fb07 f00e 	mul.w	r0, r7, lr
20000f88:	4288      	cmp	r0, r1
20000f8a:	d90a      	bls.n	20000fa2 <__udivmoddi4+0x1c2>
20000f8c:	eb1c 0101 	adds.w	r1, ip, r1
20000f90:	bf2c      	ite	cs
20000f92:	2501      	movcs	r5, #1
20000f94:	2500      	movcc	r5, #0
20000f96:	4288      	cmp	r0, r1
20000f98:	d902      	bls.n	20000fa0 <__udivmoddi4+0x1c0>
20000f9a:	2d00      	cmp	r5, #0
20000f9c:	f000 80b2 	beq.w	20001104 <__udivmoddi4+0x324>
20000fa0:	3f01      	subs	r7, #1
20000fa2:	1a09      	subs	r1, r1, r0
20000fa4:	b29b      	uxth	r3, r3
20000fa6:	fbb1 f0f6 	udiv	r0, r1, r6
20000faa:	fb06 1110 	mls	r1, r6, r0, r1
20000fae:	fb00 fe0e 	mul.w	lr, r0, lr
20000fb2:	ea43 4301 	orr.w	r3, r3, r1, lsl #16
20000fb6:	459e      	cmp	lr, r3
20000fb8:	d90a      	bls.n	20000fd0 <__udivmoddi4+0x1f0>
20000fba:	eb1c 0303 	adds.w	r3, ip, r3
20000fbe:	bf2c      	ite	cs
20000fc0:	2101      	movcs	r1, #1
20000fc2:	2100      	movcc	r1, #0
20000fc4:	459e      	cmp	lr, r3
20000fc6:	d902      	bls.n	20000fce <__udivmoddi4+0x1ee>
20000fc8:	2900      	cmp	r1, #0
20000fca:	f000 809e 	beq.w	2000110a <__udivmoddi4+0x32a>
20000fce:	3801      	subs	r0, #1
20000fd0:	ea40 4007 	orr.w	r0, r0, r7, lsl #16
20000fd4:	eba3 030e 	sub.w	r3, r3, lr
20000fd8:	fba0 e109 	umull	lr, r1, r0, r9
20000fdc:	428b      	cmp	r3, r1
20000fde:	4676      	mov	r6, lr
20000fe0:	460f      	mov	r7, r1
20000fe2:	d302      	bcc.n	20000fea <__udivmoddi4+0x20a>
20000fe4:	d107      	bne.n	20000ff6 <__udivmoddi4+0x216>
20000fe6:	45f2      	cmp	sl, lr
20000fe8:	d205      	bcs.n	20000ff6 <__udivmoddi4+0x216>
20000fea:	ebbe 0609 	subs.w	r6, lr, r9
20000fee:	eb61 010c 	sbc.w	r1, r1, ip
20000ff2:	3801      	subs	r0, #1
20000ff4:	460f      	mov	r7, r1
20000ff6:	b152      	cbz	r2, 2000100e <__udivmoddi4+0x22e>
20000ff8:	ebba 0106 	subs.w	r1, sl, r6
20000ffc:	eb63 0307 	sbc.w	r3, r3, r7
20001000:	fa03 f508 	lsl.w	r5, r3, r8
20001004:	40e1      	lsrs	r1, r4
20001006:	40e3      	lsrs	r3, r4
20001008:	430d      	orrs	r5, r1
2000100a:	e9c2 5300 	strd	r5, r3, [r2]
2000100e:	2400      	movs	r4, #0
20001010:	e73b      	b.n	20000e8a <__udivmoddi4+0xaa>
20001012:	0873      	lsrs	r3, r6, #1
20001014:	46b8      	mov	r8, r7
20001016:	0849      	lsrs	r1, r1, #1
20001018:	9701      	str	r7, [sp, #4]
2000101a:	ea43 73c0 	orr.w	r3, r3, r0, lsl #31
2000101e:	ea4f 7cc6 	mov.w	ip, r6, lsl #31
20001022:	0c1c      	lsrs	r4, r3, #16
20001024:	b29b      	uxth	r3, r3
20001026:	ea44 4401 	orr.w	r4, r4, r1, lsl #16
2000102a:	ea43 4304 	orr.w	r3, r3, r4, lsl #16
2000102e:	fbb4 f4f7 	udiv	r4, r4, r7
20001032:	fbb1 f5f7 	udiv	r5, r1, r7
20001036:	211f      	movs	r1, #31
20001038:	9801      	ldr	r0, [sp, #4]
2000103a:	ea44 4405 	orr.w	r4, r4, r5, lsl #16
2000103e:	1a1b      	subs	r3, r3, r0
20001040:	e750      	b.n	20000ee4 <__udivmoddi4+0x104>
20001042:	4619      	mov	r1, r3
20001044:	fa07 fe03 	lsl.w	lr, r7, r3
20001048:	f1c3 0320 	rsb	r3, r3, #32
2000104c:	fa00 f401 	lsl.w	r4, r0, r1
20001050:	ea4f 471e 	mov.w	r7, lr, lsr #16
20001054:	40d8      	lsrs	r0, r3
20001056:	fa26 f303 	lsr.w	r3, r6, r3
2000105a:	fa1f f88e 	uxth.w	r8, lr
2000105e:	fa06 fc01 	lsl.w	ip, r6, r1
20001062:	4323      	orrs	r3, r4
20001064:	fbb0 f5f7 	udiv	r5, r0, r7
20001068:	0c1c      	lsrs	r4, r3, #16
2000106a:	fb07 0015 	mls	r0, r7, r5, r0
2000106e:	ea44 4000 	orr.w	r0, r4, r0, lsl #16
20001072:	fb05 f408 	mul.w	r4, r5, r8
20001076:	4284      	cmp	r4, r0
20001078:	d94a      	bls.n	20001110 <__udivmoddi4+0x330>
2000107a:	eb1e 0000 	adds.w	r0, lr, r0
2000107e:	bf2c      	ite	cs
20001080:	2601      	movcs	r6, #1
20001082:	2600      	movcc	r6, #0
20001084:	4284      	cmp	r4, r0
20001086:	d900      	bls.n	2000108a <__udivmoddi4+0x2aa>
20001088:	b38e      	cbz	r6, 200010ee <__udivmoddi4+0x30e>
2000108a:	1b00      	subs	r0, r0, r4
2000108c:	3d01      	subs	r5, #1
2000108e:	fbb0 f4f7 	udiv	r4, r0, r7
20001092:	fb04 f608 	mul.w	r6, r4, r8
20001096:	46a1      	mov	r9, r4
20001098:	9601      	str	r6, [sp, #4]
2000109a:	fb07 0019 	mls	r0, r7, r9, r0
2000109e:	b29b      	uxth	r3, r3
200010a0:	9e01      	ldr	r6, [sp, #4]
200010a2:	ea43 4300 	orr.w	r3, r3, r0, lsl #16
200010a6:	42b3      	cmp	r3, r6
200010a8:	d2c6      	bcs.n	20001038 <__udivmoddi4+0x258>
200010aa:	eb1e 0303 	adds.w	r3, lr, r3
200010ae:	bf2c      	ite	cs
200010b0:	2001      	movcs	r0, #1
200010b2:	2000      	movcc	r0, #0
200010b4:	42b3      	cmp	r3, r6
200010b6:	d200      	bcs.n	200010ba <__udivmoddi4+0x2da>
200010b8:	b1a8      	cbz	r0, 200010e6 <__udivmoddi4+0x306>
200010ba:	f109 34ff 	add.w	r4, r9, #4294967295	@ 0xffffffff
200010be:	e7bb      	b.n	20001038 <__udivmoddi4+0x258>
200010c0:	ebb6 0c07 	subs.w	ip, r6, r7
200010c4:	eb60 0303 	sbc.w	r3, r0, r3
200010c8:	2001      	movs	r0, #1
200010ca:	461d      	mov	r5, r3
200010cc:	e6f7      	b.n	20000ebe <__udivmoddi4+0xde>
200010ce:	44f4      	add	ip, lr
200010d0:	3802      	subs	r0, #2
200010d2:	e736      	b.n	20000f42 <__udivmoddi4+0x162>
200010d4:	3d02      	subs	r5, #2
200010d6:	4473      	add	r3, lr
200010d8:	e71b      	b.n	20000f12 <__udivmoddi4+0x132>
200010da:	3c02      	subs	r4, #2
200010dc:	4473      	add	r3, lr
200010de:	e6b1      	b.n	20000e44 <__udivmoddi4+0x64>
200010e0:	44f4      	add	ip, lr
200010e2:	3d02      	subs	r5, #2
200010e4:	e6c6      	b.n	20000e74 <__udivmoddi4+0x94>
200010e6:	f1a9 0402 	sub.w	r4, r9, #2
200010ea:	4473      	add	r3, lr
200010ec:	e7a4      	b.n	20001038 <__udivmoddi4+0x258>
200010ee:	ebae 0404 	sub.w	r4, lr, r4
200010f2:	3d02      	subs	r5, #2
200010f4:	4420      	add	r0, r4
200010f6:	fbb0 f4f7 	udiv	r4, r0, r7
200010fa:	fb04 f608 	mul.w	r6, r4, r8
200010fe:	46a1      	mov	r9, r4
20001100:	9601      	str	r6, [sp, #4]
20001102:	e7ca      	b.n	2000109a <__udivmoddi4+0x2ba>
20001104:	3f02      	subs	r7, #2
20001106:	4461      	add	r1, ip
20001108:	e74b      	b.n	20000fa2 <__udivmoddi4+0x1c2>
2000110a:	3802      	subs	r0, #2
2000110c:	4463      	add	r3, ip
2000110e:	e75f      	b.n	20000fd0 <__udivmoddi4+0x1f0>
20001110:	1b00      	subs	r0, r0, r4
20001112:	fbb0 f4f7 	udiv	r4, r0, r7
20001116:	fb04 f608 	mul.w	r6, r4, r8
2000111a:	46a1      	mov	r9, r4
2000111c:	9601      	str	r6, [sp, #4]
2000111e:	e7bc      	b.n	2000109a <__udivmoddi4+0x2ba>

20001120 <__aeabi_idiv0>:
20001120:	4770      	bx	lr
20001122:	bf00      	nop
20001124:	0000      	movs	r0, r0
	...

20001128 <__tu_fifo_write_veneer>:
20001128:	f85f f000 	ldr.w	pc, [pc]	@ 2000112c <__tu_fifo_write_veneer+0x4>
2000112c:	10005e95 	.word	0x10005e95

20001130 <__time_us_64_veneer>:
20001130:	f85f f000 	ldr.w	pc, [pc]	@ 20001134 <__time_us_64_veneer+0x4>
20001134:	100014c1 	.word	0x100014c1

20001138 <__memset_veneer>:
20001138:	f85f f000 	ldr.w	pc, [pc]	@ 2000113c <__memset_veneer+0x4>
2000113c:	10006cad 	.word	0x10006cad

20001140 <__panic_veneer>:
20001140:	f85f f000 	ldr.w	pc, [pc]	@ 20001144 <__panic_veneer+0x4>
20001144:	100004f9 	.word	0x100004f9

20001148 <__best_effort_wfe_or_timeout_veneer>:
20001148:	f85f f000 	ldr.w	pc, [pc]	@ 2000114c <__best_effort_wfe_or_timeout_veneer+0x4>
2000114c:	10001275 	.word	0x10001275

20001150 <__tud_event_hook_cb_veneer>:
20001150:	f85f f000 	ldr.w	pc, [pc]	@ 20001154 <__tud_event_hook_cb_veneer+0x4>
20001154:	100043dd 	.word	0x100043dd

20001158 <dev>:
20001158:	00000000 00000001 00000002 00000003     ................
20001168:	00000004 00000005 00000006 00000007     ................
20001178:	00000008 00000009 0000000a 0000000b     ................
20001188:	0000000c 0000000d 0000000e 0000000f     ................
20001198:	00000010 00000011 00000012 00000013     ................
200011a8:	00000014 00000015 00000016 0000001a     ................
200011b8:	00000000                                ....

200011bc <striped_spin_lock_num>:
200011bc:	00000010                                ....

200011c0 <irq_handler_chain_slots>:
200011c0:	00000000 	.word	0x00000000
200011c4:	00010000 	.word	0x00010000
	...
200011d0:	00020000 	.word	0x00020000
	...
200011dc:	00030000 	.word	0x00030000
	...
200011e8:	00ff0000 	.word	0x00ff0000
200011ec:	00000000 	.word	0x00000000

200011f0 <irq_handler_chain_first_slot>:
200011f0:	b501      	push	{r0, lr}
200011f2:	6848      	ldr	r0, [r1, #4]
200011f4:	3101      	adds	r1, #1
200011f6:	468e      	mov	lr, r1
200011f8:	4700      	bx	r0

200011fa <irq_handler_chain_remove_tail>:
200011fa:	4670      	mov	r0, lr
200011fc:	3809      	subs	r0, #9
200011fe:	4901      	ldr	r1, [pc, #4]	@ (20001204 <irq_handler_chain_remove_tail+0xa>)
20001200:	4788      	blx	r1
20001202:	bd01      	pop	{r0, pc}
20001204:	10000991 	.word	0x10000991

20001208 <default_alarm_pool>:
	...
2000121c:	20001328                                (.. 

20001220 <stdio_usb>:
20001220:	10003b3d 10003ae9 10003a61 100039d1     =;...:..a:...9..
20001230:	00000000 00000100                       ........

20001238 <_usbd_qdef>:
20001238:	20001614 000c0010 00000000 00000000     ... ............
	...

20001254 <_usbd_rhport>:
20001254:	000000ff                                ....

20001258 <print_mutex>:
	...
