
/Users/cgtolley/Desktop/elsie/pico-sdk/eeprom_api/build/program_paths/select_path.elf:     file format elf32-littlearm

Sections:
Idx Name          Size      VMA       LMA       File off  Algn
  0 .text         00006658  10000000  10000000  00001000  2**3
                  CONTENTS, ALLOC, LOAD, READONLY, CODE
  1 .rodata       00000868  10006680  10006680  00007680  2**6
                  CONTENTS, ALLOC, LOAD, READONLY, DATA
  2 .ARM.exidx    00000008  10006ee8  10006ee8  00007ee8  2**2
                  CONTENTS, ALLOC, LOAD, READONLY, DATA
  3 .binary_info  00000020  10006ef0  10006ef0  00007ef0  2**2
                  CONTENTS, ALLOC, LOAD, READONLY, DATA
  4 .ram_vector_table 00000110  20000000  20000000  0000b000  2**2
                  ALLOC
  5 .uninitialized_data 00000000  20000110  20000110  0000a21c  2**0
                  CONTENTS
  6 .data         000012f8  20000110  10006f10  00008110  2**3
                  CONTENTS, ALLOC, LOAD, READONLY, CODE
  7 .tdata        00000000  20001408  20001408  0000a21c  2**0
                  CONTENTS, ALLOC, LOAD, DATA, THREAD_LOCAL
  8 .tbss         00000000  20001408  20001408  00000000  2**0
                  ALLOC, THREAD_LOCAL
  9 .bss          00000d78  20001408  10008208  0000a408  2**3
                  ALLOC
 10 .heap         00000800  20002180  20002180  0000a21c  2**2
                  CONTENTS, READONLY
 11 .scratch_x    00000000  20080000  20080000  0000aa1c  2**0
                  CONTENTS
 12 .scratch_y    00000000  20081000  20081000  0000aa1c  2**0
                  CONTENTS
 13 .stack_dummy  00000800  20081000  20081000  0000aa20  2**5
                  CONTENTS, READONLY
 14 .flash_end    00000014  10008208  10008208  0000a208  2**2
                  CONTENTS, ALLOC, LOAD, READONLY, DATA
 15 .ARM.attributes 00000034  00000000  00000000  0000b220  2**0
                  CONTENTS, READONLY
 16 .comment      00000045  00000000  00000000  0000b254  2**0
                  CONTENTS, READONLY
 17 .debug_info   00032c78  00000000  00000000  0000b299  2**0
                  CONTENTS, READONLY, DEBUGGING, OCTETS
 18 .debug_abbrev 00008cf4  00000000  00000000  0003df11  2**0
                  CONTENTS, READONLY, DEBUGGING, OCTETS
 19 .debug_loclists 00018a39  00000000  00000000  00046c05  2**0
                  CONTENTS, READONLY, DEBUGGING, OCTETS
 20 .debug_aranges 00001288  00000000  00000000  0005f640  2**3
                  CONTENTS, READONLY, DEBUGGING, OCTETS
 21 .debug_rnglists 00004586  00000000  00000000  000608c8  2**0
                  CONTENTS, READONLY, DEBUGGING, OCTETS
 22 .debug_line   00020e9f  00000000  00000000  00064e4e  2**0
                  CONTENTS, READONLY, DEBUGGING, OCTETS
 23 .debug_str    00008f11  00000000  00000000  00085ced  2**0
                  CONTENTS, READONLY, DEBUGGING, OCTETS
 24 .debug_frame  000032b8  00000000  00000000  0008ec00  2**2
                  CONTENTS, READONLY, DEBUGGING, OCTETS
 25 .debug_line_str 000002b8  00000000  00000000  00091eb8  2**0
                  CONTENTS, READONLY, DEBUGGING, OCTETS

/Users/cgtolley/Desktop/elsie/pico-sdk/eeprom_api/build/program_paths/select_path.elf:     file format elf32-littlearm


Disassembly of section .text:

10000000 <__VECTOR_TABLE>:
10000000:	20082000 	.word	0x20082000
10000004:	1000015d 	.word	0x1000015d
10000008:	10000113 	.word	0x10000113
1000000c:	10000115 	.word	0x10000115
10000010:	10000111 	.word	0x10000111
10000014:	10000111 	.word	0x10000111
10000018:	10000111 	.word	0x10000111
1000001c:	10000111 	.word	0x10000111
10000020:	10000111 	.word	0x10000111
10000024:	10000111 	.word	0x10000111
10000028:	10000111 	.word	0x10000111
1000002c:	10000117 	.word	0x10000117
10000030:	10000111 	.word	0x10000111
10000034:	10000111 	.word	0x10000111
10000038:	10000119 	.word	0x10000119
1000003c:	1000011b 	.word	0x1000011b
10000040:	1000011d 	.word	0x1000011d
10000044:	1000011d 	.word	0x1000011d
10000048:	1000011d 	.word	0x1000011d
1000004c:	1000011d 	.word	0x1000011d
10000050:	1000011d 	.word	0x1000011d
10000054:	1000011d 	.word	0x1000011d
10000058:	1000011d 	.word	0x1000011d
1000005c:	1000011d 	.word	0x1000011d
10000060:	1000011d 	.word	0x1000011d
10000064:	1000011d 	.word	0x1000011d
10000068:	1000011d 	.word	0x1000011d
1000006c:	1000011d 	.word	0x1000011d
10000070:	1000011d 	.word	0x1000011d
10000074:	1000011d 	.word	0x1000011d
10000078:	1000011d 	.word	0x1000011d
1000007c:	1000011d 	.word	0x1000011d
10000080:	1000011d 	.word	0x1000011d
10000084:	1000011d 	.word	0x1000011d
10000088:	1000011d 	.word	0x1000011d
1000008c:	1000011d 	.word	0x1000011d
10000090:	1000011d 	.word	0x1000011d
10000094:	1000011d 	.word	0x1000011d
10000098:	1000011d 	.word	0x1000011d
1000009c:	1000011d 	.word	0x1000011d
100000a0:	1000011d 	.word	0x1000011d
100000a4:	1000011d 	.word	0x1000011d
100000a8:	1000011d 	.word	0x1000011d
100000ac:	1000011d 	.word	0x1000011d
100000b0:	1000011d 	.word	0x1000011d
100000b4:	1000011d 	.word	0x1000011d
100000b8:	1000011d 	.word	0x1000011d
100000bc:	1000011d 	.word	0x1000011d
100000c0:	1000011d 	.word	0x1000011d
100000c4:	1000011d 	.word	0x1000011d
100000c8:	1000011d 	.word	0x1000011d
100000cc:	1000011d 	.word	0x1000011d
100000d0:	1000011d 	.word	0x1000011d
100000d4:	1000011d 	.word	0x1000011d
100000d8:	1000011d 	.word	0x1000011d
100000dc:	1000011d 	.word	0x1000011d
100000e0:	1000011d 	.word	0x1000011d
100000e4:	1000011d 	.word	0x1000011d
100000e8:	1000011d 	.word	0x1000011d
100000ec:	1000011d 	.word	0x1000011d
100000f0:	1000011d 	.word	0x1000011d
100000f4:	1000011d 	.word	0x1000011d
100000f8:	1000011d 	.word	0x1000011d
100000fc:	1000011d 	.word	0x1000011d
10000100:	1000011d 	.word	0x1000011d
10000104:	1000011d 	.word	0x1000011d
10000108:	1000011d 	.word	0x1000011d
1000010c:	1000011d 	.word	0x1000011d

10000110 <isr_invalid>:
10000110:	be00      	bkpt	0x0000

10000112 <isr_nmi>:
10000112:	be00      	bkpt	0x0000

10000114 <isr_hardfault>:
10000114:	be00      	bkpt	0x0000

10000116 <isr_svcall>:
10000116:	be00      	bkpt	0x0000

10000118 <isr_pendsv>:
10000118:	be00      	bkpt	0x0000

1000011a <isr_systick>:
1000011a:	be00      	bkpt	0x0000

1000011c <__unhandled_user_irq>:
1000011c:	f3ef 8005 	mrs	r0, IPSR
10000120:	3810      	subs	r0, #16

10000122 <unhandled_user_irq_num_in_r0>:
10000122:	be00      	bkpt	0x0000

10000124 <binary_info_header>:
10000124:	7188ebf2 	.word	0x7188ebf2
10000128:	10006ef0 	.word	0x10006ef0
1000012c:	10006f10 	.word	0x10006f10
10000130:	100001a8 	.word	0x100001a8
10000134:	e71aa390 	.word	0xe71aa390

10000138 <__binary_info_header_end>:
10000138:	ffffded3 	.word	0xffffded3
1000013c:	10210142 	.word	0x10210142
10000140:	000001ff 	.word	0x000001ff
10000144:	000080d0 	.word	0x000080d0
10000148:	ab123579 	.word	0xab123579

1000014c <_entry_point>:
1000014c:	f04f 0000 	mov.w	r0, #0

10000150 <_enter_vtable_in_r0>:
10000150:	4920      	ldr	r1, [pc, #128]	@ (100001d4 <data_cpy_table+0x2c>)
10000152:	6008      	str	r0, [r1, #0]
10000154:	c806      	ldmia	r0!, {r1, r2}
10000156:	f381 8808 	msr	MSP, r1
1000015a:	4710      	bx	r2

1000015c <_reset_handler>:
1000015c:	f04f 4050 	mov.w	r0, #3489660928	@ 0xd0000000
10000160:	6800      	ldr	r0, [r0, #0]
10000162:	b110      	cbz	r0, 1000016a <hold_non_core0_in_bootrom+0x6>

10000164 <hold_non_core0_in_bootrom>:
10000164:	f04f 0000 	mov.w	r0, #0
10000168:	e7f2      	b.n	10000150 <_enter_vtable_in_r0>
1000016a:	a40f      	add	r4, pc, #60	@ (adr r4, 100001a8 <data_cpy_table>)
1000016c:	cc0e      	ldmia	r4!, {r1, r2, r3}
1000016e:	2900      	cmp	r1, #0
10000170:	d002      	beq.n	10000178 <hold_non_core0_in_bootrom+0x14>
10000172:	f000 f815 	bl	100001a0 <data_cpy>
10000176:	e7f9      	b.n	1000016c <hold_non_core0_in_bootrom+0x8>
10000178:	4917      	ldr	r1, [pc, #92]	@ (100001d8 <data_cpy_table+0x30>)
1000017a:	4a18      	ldr	r2, [pc, #96]	@ (100001dc <data_cpy_table+0x34>)
1000017c:	2000      	movs	r0, #0
1000017e:	e000      	b.n	10000182 <bss_fill_test>

10000180 <bss_fill_loop>:
10000180:	c101      	stmia	r1!, {r0}

10000182 <bss_fill_test>:
10000182:	4291      	cmp	r1, r2
10000184:	d1fc      	bne.n	10000180 <bss_fill_loop>

10000186 <platform_entry>:
10000186:	2000      	movs	r0, #0
10000188:	f380 880a 	msr	MSPLIM, r0
1000018c:	4914      	ldr	r1, [pc, #80]	@ (100001e0 <data_cpy_table+0x38>)
1000018e:	4788      	blx	r1
10000190:	4914      	ldr	r1, [pc, #80]	@ (100001e4 <data_cpy_table+0x3c>)
10000192:	4788      	blx	r1
10000194:	4914      	ldr	r1, [pc, #80]	@ (100001e8 <data_cpy_table+0x40>)
10000196:	4788      	blx	r1
10000198:	be00      	bkpt	0x0000
1000019a:	e7fd      	b.n	10000198 <platform_entry+0x12>

1000019c <data_cpy_loop>:
1000019c:	c901      	ldmia	r1!, {r0}
1000019e:	c201      	stmia	r2!, {r0}

100001a0 <data_cpy>:
100001a0:	429a      	cmp	r2, r3
100001a2:	d3fb      	bcc.n	1000019c <data_cpy_loop>
100001a4:	4770      	bx	lr
100001a6:	bf00      	nop

100001a8 <data_cpy_table>:
100001a8:	10006f10 	.word	0x10006f10
100001ac:	20000110 	.word	0x20000110
100001b0:	20001408 	.word	0x20001408
100001b4:	10008208 	.word	0x10008208
100001b8:	20080000 	.word	0x20080000
100001bc:	20080000 	.word	0x20080000
100001c0:	10008208 	.word	0x10008208
100001c4:	20081000 	.word	0x20081000
100001c8:	20081000 	.word	0x20081000
100001cc:	00000000 	.word	0x00000000
100001d0:	4770      	bx	lr
100001d2:	0000      	.short	0x0000
100001d4:	e000ed08 	.word	0xe000ed08
100001d8:	20001408 	.word	0x20001408
100001dc:	20002180 	.word	0x20002180
100001e0:	1000353d 	.word	0x1000353d
100001e4:	10000321 	.word	0x10000321
100001e8:	10003535 	.word	0x10003535

100001ec <_init>:
100001ec:	b5f8      	push	{r3, r4, r5, r6, r7, lr}
100001ee:	bf00      	nop

100001f0 <register_tm_clones>:
100001f0:	4b06      	ldr	r3, [pc, #24]	@ (1000020c <register_tm_clones+0x1c>)
100001f2:	4907      	ldr	r1, [pc, #28]	@ (10000210 <register_tm_clones+0x20>)
100001f4:	1ac9      	subs	r1, r1, r3
100001f6:	1089      	asrs	r1, r1, #2
100001f8:	bf48      	it	mi
100001fa:	3101      	addmi	r1, #1
100001fc:	1049      	asrs	r1, r1, #1
100001fe:	d003      	beq.n	10000208 <register_tm_clones+0x18>
10000200:	4b04      	ldr	r3, [pc, #16]	@ (10000214 <register_tm_clones+0x24>)
10000202:	b10b      	cbz	r3, 10000208 <register_tm_clones+0x18>
10000204:	4801      	ldr	r0, [pc, #4]	@ (1000020c <register_tm_clones+0x1c>)
10000206:	4718      	bx	r3
10000208:	4770      	bx	lr
1000020a:	bf00      	nop
1000020c:	20001408 	.word	0x20001408
10000210:	20001408 	.word	0x20001408
10000214:	00000000 	.word	0x00000000

10000218 <frame_dummy>:
10000218:	b508      	push	{r3, lr}
1000021a:	4b05      	ldr	r3, [pc, #20]	@ (10000230 <frame_dummy+0x18>)
1000021c:	b11b      	cbz	r3, 10000226 <frame_dummy+0xe>
1000021e:	4905      	ldr	r1, [pc, #20]	@ (10000234 <frame_dummy+0x1c>)
10000220:	4805      	ldr	r0, [pc, #20]	@ (10000238 <frame_dummy+0x20>)
10000222:	f3af 8000 	nop.w
10000226:	e8bd 4008 	ldmia.w	sp!, {r3, lr}
1000022a:	f7ff bfe1 	b.w	100001f0 <register_tm_clones>
1000022e:	bf00      	nop
10000230:	00000000 	.word	0x00000000
10000234:	20002110 	.word	0x20002110
10000238:	10006658 	.word	0x10006658

1000023c <led_cb>:
1000023c:	f04f 7300 	mov.w	r3, #33554432	@ 0x2000000
10000240:	ee20 3010 			gpioc_lo_out_xor r3
10000244:	2001      	movs	r0, #1
10000246:	4770      	bx	lr

10000248 <set_address>:
10000248:	b538      	push	{r3, r4, r5, lr}
1000024a:	f000 0201 	and.w	r2, r0, #1
1000024e:	4605      	mov	r5, r0
10000250:	2308      	movs	r3, #8
10000252:	ec42 3040 	gpioc_bit_out_put r3, r2
10000256:	2309      	movs	r3, #9
10000258:	f3c0 0240 	ubfx	r2, r0, #1, #1
1000025c:	ec42 3040 	gpioc_bit_out_put r3, r2
10000260:	230a      	movs	r3, #10
10000262:	f3c0 0280 	ubfx	r2, r0, #2, #1
10000266:	ec42 3040 	gpioc_bit_out_put r3, r2
1000026a:	230b      	movs	r3, #11
1000026c:	f3c0 02c0 	ubfx	r2, r0, #3, #1
10000270:	ec42 3040 	gpioc_bit_out_put r3, r2
10000274:	230c      	movs	r3, #12
10000276:	f3c0 1200 	ubfx	r2, r0, #4, #1
1000027a:	ec42 3040 	gpioc_bit_out_put r3, r2
1000027e:	4b22      	ldr	r3, [pc, #136]	@ (10000308 <set_address+0xc0>)
10000280:	6018      	str	r0, [r3, #0]
10000282:	b1f8      	cbz	r0, 100002c4 <set_address+0x7c>
10000284:	2801      	cmp	r0, #1
10000286:	d01d      	beq.n	100002c4 <set_address+0x7c>
10000288:	2802      	cmp	r0, #2
1000028a:	d01b      	beq.n	100002c4 <set_address+0x7c>
1000028c:	2803      	cmp	r0, #3
1000028e:	d019      	beq.n	100002c4 <set_address+0x7c>
10000290:	2804      	cmp	r0, #4
10000292:	d017      	beq.n	100002c4 <set_address+0x7c>
10000294:	2805      	cmp	r0, #5
10000296:	d015      	beq.n	100002c4 <set_address+0x7c>
10000298:	2806      	cmp	r0, #6
1000029a:	d013      	beq.n	100002c4 <set_address+0x7c>
1000029c:	2807      	cmp	r0, #7
1000029e:	d011      	beq.n	100002c4 <set_address+0x7c>
100002a0:	2808      	cmp	r0, #8
100002a2:	d00f      	beq.n	100002c4 <set_address+0x7c>
100002a4:	2809      	cmp	r0, #9
100002a6:	d00d      	beq.n	100002c4 <set_address+0x7c>
100002a8:	280a      	cmp	r0, #10
100002aa:	d00b      	beq.n	100002c4 <set_address+0x7c>
100002ac:	280b      	cmp	r0, #11
100002ae:	d009      	beq.n	100002c4 <set_address+0x7c>
100002b0:	280c      	cmp	r0, #12
100002b2:	d007      	beq.n	100002c4 <set_address+0x7c>
100002b4:	280d      	cmp	r0, #13
100002b6:	d005      	beq.n	100002c4 <set_address+0x7c>
100002b8:	280e      	cmp	r0, #14
100002ba:	d003      	beq.n	100002c4 <set_address+0x7c>
100002bc:	280f      	cmp	r0, #15
100002be:	d001      	beq.n	100002c4 <set_address+0x7c>
100002c0:	4b12      	ldr	r3, [pc, #72]	@ (1000030c <set_address+0xc4>)
100002c2:	e007      	b.n	100002d4 <set_address+0x8c>
100002c4:	4b12      	ldr	r3, [pc, #72]	@ (10000310 <set_address+0xc8>)
100002c6:	4a11      	ldr	r2, [pc, #68]	@ (1000030c <set_address+0xc4>)
100002c8:	eb03 03c5 	add.w	r3, r3, r5, lsl #3
100002cc:	685b      	ldr	r3, [r3, #4]
100002ce:	2b00      	cmp	r3, #0
100002d0:	bf08      	it	eq
100002d2:	4613      	moveq	r3, r2
100002d4:	462a      	mov	r2, r5
100002d6:	4629      	mov	r1, r5
100002d8:	480e      	ldr	r0, [pc, #56]	@ (10000314 <set_address+0xcc>)
100002da:	f003 fb65 	bl	100039a8 <__wrap_printf>
100002de:	480e      	ldr	r0, [pc, #56]	@ (10000318 <set_address+0xd0>)
100002e0:	f003 fb62 	bl	100039a8 <__wrap_printf>
100002e4:	2404      	movs	r4, #4
100002e6:	fa25 f304 	lsr.w	r3, r5, r4
100002ea:	4621      	mov	r1, r4
100002ec:	f104 0208 	add.w	r2, r4, #8
100002f0:	480a      	ldr	r0, [pc, #40]	@ (1000031c <set_address+0xd4>)
100002f2:	f003 0301 	and.w	r3, r3, #1
100002f6:	f003 fb57 	bl	100039a8 <__wrap_printf>
100002fa:	3c01      	subs	r4, #1
100002fc:	d2f3      	bcs.n	100002e6 <set_address+0x9e>
100002fe:	e8bd 4038 	ldmia.w	sp!, {r3, r4, r5, lr}
10000302:	200a      	movs	r0, #10
10000304:	f003 ba90 	b.w	10003828 <__wrap_putchar>
10000308:	20001158 	.word	0x20001158
1000030c:	10006680 	.word	0x10006680
10000310:	10006b00 	.word	0x10006b00
10000314:	100066a4 	.word	0x100066a4
10000318:	100066cc 	.word	0x100066cc
1000031c:	100066d8 	.word	0x100066d8

10000320 <main>:
10000320:	e92d 43f0 	stmdb	sp!, {r4, r5, r6, r7, r8, r9, lr}
10000324:	b08b      	sub	sp, #44	@ 0x2c
10000326:	f003 fa37 	bl	10003798 <stdio_init_all>
1000032a:	2019      	movs	r0, #25
1000032c:	f000 f962 	bl	100005f4 <gpio_init>
10000330:	f04f 0601 	mov.w	r6, #1
10000334:	2319      	movs	r3, #25
10000336:	ec46 3044 	gpioc_bit_oe_put r3, r6
1000033a:	2500      	movs	r5, #0
1000033c:	f000 feb0 	bl	100010a0 <alarm_pool_get_default>
10000340:	4a8b      	ldr	r2, [pc, #556]	@ (10000570 <main+0x250>)
10000342:	4b8c      	ldr	r3, [pc, #560]	@ (10000574 <main+0x254>)
10000344:	e9cd 5201 	strd	r5, r2, [sp, #4]
10000348:	9300      	str	r3, [sp, #0]
1000034a:	4a8b      	ldr	r2, [pc, #556]	@ (10000578 <main+0x258>)
1000034c:	2300      	movs	r3, #0
1000034e:	f001 f8b1 	bl	100014b4 <alarm_pool_add_repeating_timer_us>
10000352:	2408      	movs	r4, #8
10000354:	4620      	mov	r0, r4
10000356:	f000 f94d 	bl	100005f4 <gpio_init>
1000035a:	ec46 4044 	gpioc_bit_oe_put r4, r6
1000035e:	ec45 4040 	gpioc_bit_out_put r4, r5
10000362:	3401      	adds	r4, #1
10000364:	2c0d      	cmp	r4, #13
10000366:	d1f5      	bne.n	10000354 <main+0x34>
10000368:	f003 fdb8 	bl	10003edc <stdio_usb_connected>
1000036c:	b930      	cbnz	r0, 1000037c <main+0x5c>
1000036e:	2064      	movs	r0, #100	@ 0x64
10000370:	f000 ffb6 	bl	100012e0 <sleep_ms>
10000374:	f003 fdb2 	bl	10003edc <stdio_usb_connected>
10000378:	2800      	cmp	r0, #0
1000037a:	d0f8      	beq.n	1000036e <main+0x4e>
1000037c:	2000      	movs	r0, #0
1000037e:	f7ff ff63 	bl	10000248 <set_address>
10000382:	f8df 820c 	ldr.w	r8, [pc, #524]	@ 10000590 <main+0x270>
10000386:	4e7d      	ldr	r6, [pc, #500]	@ (1000057c <main+0x25c>)
10000388:	f108 0580 	add.w	r5, r8, #128	@ 0x80
1000038c:	af06      	add	r7, sp, #24
1000038e:	487c      	ldr	r0, [pc, #496]	@ (10000580 <main+0x260>)
10000390:	f003 fa8c 	bl	100038ac <__wrap_puts>
10000394:	6831      	ldr	r1, [r6, #0]
10000396:	2900      	cmp	r1, #0
10000398:	f2c0 80a1 	blt.w	100004de <main+0x1be>
1000039c:	f000 80c3 	beq.w	10000526 <main+0x206>
100003a0:	2901      	cmp	r1, #1
100003a2:	f000 80c2 	beq.w	1000052a <main+0x20a>
100003a6:	2902      	cmp	r1, #2
100003a8:	f000 80c1 	beq.w	1000052e <main+0x20e>
100003ac:	2903      	cmp	r1, #3
100003ae:	f000 80c0 	beq.w	10000532 <main+0x212>
100003b2:	2904      	cmp	r1, #4
100003b4:	f000 80bf 	beq.w	10000536 <main+0x216>
100003b8:	2905      	cmp	r1, #5
100003ba:	f000 80be 	beq.w	1000053a <main+0x21a>
100003be:	2906      	cmp	r1, #6
100003c0:	f000 80bd 	beq.w	1000053e <main+0x21e>
100003c4:	2907      	cmp	r1, #7
100003c6:	f000 80bc 	beq.w	10000542 <main+0x222>
100003ca:	2908      	cmp	r1, #8
100003cc:	f000 80bb 	beq.w	10000546 <main+0x226>
100003d0:	2909      	cmp	r1, #9
100003d2:	f000 80bc 	beq.w	1000054e <main+0x22e>
100003d6:	290a      	cmp	r1, #10
100003d8:	f000 80b7 	beq.w	1000054a <main+0x22a>
100003dc:	290b      	cmp	r1, #11
100003de:	f000 80b8 	beq.w	10000552 <main+0x232>
100003e2:	290c      	cmp	r1, #12
100003e4:	f000 80b7 	beq.w	10000556 <main+0x236>
100003e8:	290d      	cmp	r1, #13
100003ea:	f000 80b6 	beq.w	1000055a <main+0x23a>
100003ee:	290e      	cmp	r1, #14
100003f0:	f000 80b5 	beq.w	1000055e <main+0x23e>
100003f4:	290f      	cmp	r1, #15
100003f6:	f000 80b4 	beq.w	10000562 <main+0x242>
100003fa:	4a62      	ldr	r2, [pc, #392]	@ (10000584 <main+0x264>)
100003fc:	4862      	ldr	r0, [pc, #392]	@ (10000588 <main+0x268>)
100003fe:	f003 fad3 	bl	100039a8 <__wrap_printf>
10000402:	4862      	ldr	r0, [pc, #392]	@ (1000058c <main+0x26c>)
10000404:	f003 fa52 	bl	100038ac <__wrap_puts>
10000408:	4c61      	ldr	r4, [pc, #388]	@ (10000590 <main+0x270>)
1000040a:	6862      	ldr	r2, [r4, #4]
1000040c:	f814 1b08 	ldrb.w	r1, [r4], #8
10000410:	4860      	ldr	r0, [pc, #384]	@ (10000594 <main+0x274>)
10000412:	f003 fac9 	bl	100039a8 <__wrap_printf>
10000416:	42ac      	cmp	r4, r5
10000418:	d1f7      	bne.n	1000040a <main+0xea>
1000041a:	485f      	ldr	r0, [pc, #380]	@ (10000598 <main+0x278>)
1000041c:	f003 fac4 	bl	100039a8 <__wrap_printf>
10000420:	2400      	movs	r4, #0
10000422:	485e      	ldr	r0, [pc, #376]	@ (1000059c <main+0x27c>)
10000424:	f003 f9ba 	bl	1000379c <stdio_getchar_timeout_us>
10000428:	4b5d      	ldr	r3, [pc, #372]	@ (100005a0 <main+0x280>)
1000042a:	f1a0 0209 	sub.w	r2, r0, #9
1000042e:	f110 0f02 	cmn.w	r0, #2
10000432:	4681      	mov	r9, r0
10000434:	fa23 f302 	lsr.w	r3, r3, r2
10000438:	d055      	beq.n	100004e6 <main+0x1c6>
1000043a:	2a17      	cmp	r2, #23
1000043c:	d856      	bhi.n	100004ec <main+0x1cc>
1000043e:	07db      	lsls	r3, r3, #31
10000440:	d554      	bpl.n	100004ec <main+0x1cc>
10000442:	2c00      	cmp	r4, #0
10000444:	d0ed      	beq.n	10000422 <main+0x102>
10000446:	f04f 0900 	mov.w	r9, #0
1000044a:	446c      	add	r4, sp
1000044c:	200a      	movs	r0, #10
1000044e:	f884 9018 	strb.w	r9, [r4, #24]
10000452:	f003 f9e9 	bl	10003828 <__wrap_putchar>
10000456:	f89d 3018 	ldrb.w	r3, [sp, #24]
1000045a:	f003 03df 	and.w	r3, r3, #223	@ 0xdf
1000045e:	2b4d      	cmp	r3, #77	@ 0x4d
10000460:	d095      	beq.n	1000038e <main+0x6e>
10000462:	464a      	mov	r2, r9
10000464:	4638      	mov	r0, r7
10000466:	a905      	add	r1, sp, #20
10000468:	f8cd 9014 	str.w	r9, [sp, #20]
1000046c:	f005 ffa0 	bl	100063b0 <strtol>
10000470:	9b05      	ldr	r3, [sp, #20]
10000472:	4604      	mov	r4, r0
10000474:	42bb      	cmp	r3, r7
10000476:	d045      	beq.n	10000504 <main+0x1e4>
10000478:	781b      	ldrb	r3, [r3, #0]
1000047a:	2b00      	cmp	r3, #0
1000047c:	d142      	bne.n	10000504 <main+0x1e4>
1000047e:	281f      	cmp	r0, #31
10000480:	d845      	bhi.n	1000050e <main+0x1ee>
10000482:	2800      	cmp	r0, #0
10000484:	d048      	beq.n	10000518 <main+0x1f8>
10000486:	2801      	cmp	r0, #1
10000488:	d046      	beq.n	10000518 <main+0x1f8>
1000048a:	2802      	cmp	r0, #2
1000048c:	d044      	beq.n	10000518 <main+0x1f8>
1000048e:	2803      	cmp	r0, #3
10000490:	d042      	beq.n	10000518 <main+0x1f8>
10000492:	2804      	cmp	r0, #4
10000494:	d040      	beq.n	10000518 <main+0x1f8>
10000496:	2805      	cmp	r0, #5
10000498:	d065      	beq.n	10000566 <main+0x246>
1000049a:	2806      	cmp	r0, #6
1000049c:	d03c      	beq.n	10000518 <main+0x1f8>
1000049e:	2807      	cmp	r0, #7
100004a0:	d03a      	beq.n	10000518 <main+0x1f8>
100004a2:	2808      	cmp	r0, #8
100004a4:	d038      	beq.n	10000518 <main+0x1f8>
100004a6:	2809      	cmp	r0, #9
100004a8:	d036      	beq.n	10000518 <main+0x1f8>
100004aa:	280a      	cmp	r0, #10
100004ac:	d034      	beq.n	10000518 <main+0x1f8>
100004ae:	280b      	cmp	r0, #11
100004b0:	d032      	beq.n	10000518 <main+0x1f8>
100004b2:	280c      	cmp	r0, #12
100004b4:	d030      	beq.n	10000518 <main+0x1f8>
100004b6:	280d      	cmp	r0, #13
100004b8:	d02e      	beq.n	10000518 <main+0x1f8>
100004ba:	280e      	cmp	r0, #14
100004bc:	d02c      	beq.n	10000518 <main+0x1f8>
100004be:	280f      	cmp	r0, #15
100004c0:	d053      	beq.n	1000056a <main+0x24a>
100004c2:	4621      	mov	r1, r4
100004c4:	4837      	ldr	r0, [pc, #220]	@ (100005a4 <main+0x284>)
100004c6:	f003 fa6f 	bl	100039a8 <__wrap_printf>
100004ca:	4620      	mov	r0, r4
100004cc:	f7ff febc 	bl	10000248 <set_address>
100004d0:	482b      	ldr	r0, [pc, #172]	@ (10000580 <main+0x260>)
100004d2:	f003 f9eb 	bl	100038ac <__wrap_puts>
100004d6:	6831      	ldr	r1, [r6, #0]
100004d8:	2900      	cmp	r1, #0
100004da:	f6bf af5f 	bge.w	1000039c <main+0x7c>
100004de:	4832      	ldr	r0, [pc, #200]	@ (100005a8 <main+0x288>)
100004e0:	f003 f9e4 	bl	100038ac <__wrap_puts>
100004e4:	e78d      	b.n	10000402 <main+0xe2>
100004e6:	2c00      	cmp	r4, #0
100004e8:	d1ad      	bne.n	10000446 <main+0x126>
100004ea:	e750      	b.n	1000038e <main+0x6e>
100004ec:	4648      	mov	r0, r9
100004ee:	f003 f99b 	bl	10003828 <__wrap_putchar>
100004f2:	eb0d 0304 	add.w	r3, sp, r4
100004f6:	2c0e      	cmp	r4, #14
100004f8:	f883 9018 	strb.w	r9, [r3, #24]
100004fc:	f104 0401 	add.w	r4, r4, #1
10000500:	d18f      	bne.n	10000422 <main+0x102>
10000502:	e7a0      	b.n	10000446 <main+0x126>
10000504:	4639      	mov	r1, r7
10000506:	4829      	ldr	r0, [pc, #164]	@ (100005ac <main+0x28c>)
10000508:	f003 fa4e 	bl	100039a8 <__wrap_printf>
1000050c:	e73f      	b.n	1000038e <main+0x6e>
1000050e:	211f      	movs	r1, #31
10000510:	4827      	ldr	r0, [pc, #156]	@ (100005b0 <main+0x290>)
10000512:	f003 fa49 	bl	100039a8 <__wrap_printf>
10000516:	e73a      	b.n	1000038e <main+0x6e>
10000518:	4623      	mov	r3, r4
1000051a:	eb08 03c3 	add.w	r3, r8, r3, lsl #3
1000051e:	685b      	ldr	r3, [r3, #4]
10000520:	2b00      	cmp	r3, #0
10000522:	d1d2      	bne.n	100004ca <main+0x1aa>
10000524:	e7cd      	b.n	100004c2 <main+0x1a2>
10000526:	4a23      	ldr	r2, [pc, #140]	@ (100005b4 <main+0x294>)
10000528:	e768      	b.n	100003fc <main+0xdc>
1000052a:	4a23      	ldr	r2, [pc, #140]	@ (100005b8 <main+0x298>)
1000052c:	e766      	b.n	100003fc <main+0xdc>
1000052e:	4a23      	ldr	r2, [pc, #140]	@ (100005bc <main+0x29c>)
10000530:	e764      	b.n	100003fc <main+0xdc>
10000532:	4a23      	ldr	r2, [pc, #140]	@ (100005c0 <main+0x2a0>)
10000534:	e762      	b.n	100003fc <main+0xdc>
10000536:	4a23      	ldr	r2, [pc, #140]	@ (100005c4 <main+0x2a4>)
10000538:	e760      	b.n	100003fc <main+0xdc>
1000053a:	4a23      	ldr	r2, [pc, #140]	@ (100005c8 <main+0x2a8>)
1000053c:	e75e      	b.n	100003fc <main+0xdc>
1000053e:	4a23      	ldr	r2, [pc, #140]	@ (100005cc <main+0x2ac>)
10000540:	e75c      	b.n	100003fc <main+0xdc>
10000542:	4a23      	ldr	r2, [pc, #140]	@ (100005d0 <main+0x2b0>)
10000544:	e75a      	b.n	100003fc <main+0xdc>
10000546:	4a23      	ldr	r2, [pc, #140]	@ (100005d4 <main+0x2b4>)
10000548:	e758      	b.n	100003fc <main+0xdc>
1000054a:	4a23      	ldr	r2, [pc, #140]	@ (100005d8 <main+0x2b8>)
1000054c:	e756      	b.n	100003fc <main+0xdc>
1000054e:	4a23      	ldr	r2, [pc, #140]	@ (100005dc <main+0x2bc>)
10000550:	e754      	b.n	100003fc <main+0xdc>
10000552:	4a23      	ldr	r2, [pc, #140]	@ (100005e0 <main+0x2c0>)
10000554:	e752      	b.n	100003fc <main+0xdc>
10000556:	4a23      	ldr	r2, [pc, #140]	@ (100005e4 <main+0x2c4>)
10000558:	e750      	b.n	100003fc <main+0xdc>
1000055a:	4a23      	ldr	r2, [pc, #140]	@ (100005e8 <main+0x2c8>)
1000055c:	e74e      	b.n	100003fc <main+0xdc>
1000055e:	4a23      	ldr	r2, [pc, #140]	@ (100005ec <main+0x2cc>)
10000560:	e74c      	b.n	100003fc <main+0xdc>
10000562:	4a23      	ldr	r2, [pc, #140]	@ (100005f0 <main+0x2d0>)
10000564:	e74a      	b.n	100003fc <main+0xdc>
10000566:	2305      	movs	r3, #5
10000568:	e7d7      	b.n	1000051a <main+0x1fa>
1000056a:	230f      	movs	r3, #15
1000056c:	e7d5      	b.n	1000051a <main+0x1fa>
1000056e:	bf00      	nop
10000570:	20001658 	.word	0x20001658
10000574:	1000023d 	.word	0x1000023d
10000578:	0007a120 	.word	0x0007a120
1000057c:	20001158 	.word	0x20001158
10000580:	1000682c 	.word	0x1000682c
10000584:	10006700 	.word	0x10006700
10000588:	10006854 	.word	0x10006854
1000058c:	10006884 	.word	0x10006884
10000590:	10006b00 	.word	0x10006b00
10000594:	100068a8 	.word	0x100068a8
10000598:	100068b8 	.word	0x100068b8
1000059c:	03938700 	.word	0x03938700
100005a0:	00800013 	.word	0x00800013
100005a4:	10006938 	.word	0x10006938
100005a8:	1000686c 	.word	0x1000686c
100005ac:	100068f8 	.word	0x100068f8
100005b0:	10006914 	.word	0x10006914
100005b4:	100066e8 	.word	0x100066e8
100005b8:	10006818 	.word	0x10006818
100005bc:	10006804 	.word	0x10006804
100005c0:	100067ec 	.word	0x100067ec
100005c4:	100067e0 	.word	0x100067e0
100005c8:	100067c8 	.word	0x100067c8
100005cc:	100067b0 	.word	0x100067b0
100005d0:	100067a4 	.word	0x100067a4
100005d4:	10006790 	.word	0x10006790
100005d8:	10006770 	.word	0x10006770
100005dc:	10006780 	.word	0x10006780
100005e0:	10006758 	.word	0x10006758
100005e4:	10006740 	.word	0x10006740
100005e8:	1000672c 	.word	0x1000672c
100005ec:	1000671c 	.word	0x1000671c
100005f0:	1000670c 	.word	0x1000670c

100005f4 <gpio_init>:
100005f4:	f04f 0300 	mov.w	r3, #0
100005f8:	b500      	push	{lr}
100005fa:	ec43 0044 	gpioc_bit_oe_put r0, r3
100005fe:	ec43 0040 	gpioc_bit_out_put r0, r3
10000602:	f04f 0e05 	mov.w	lr, #5
10000606:	f44f 7c80 	mov.w	ip, #256	@ 0x100
1000060a:	4b0c      	ldr	r3, [pc, #48]	@ (1000063c <gpio_init+0x48>)
1000060c:	00c2      	lsls	r2, r0, #3
1000060e:	f853 1020 	ldr.w	r1, [r3, r0, lsl #2]
10000612:	eb03 0080 	add.w	r0, r3, r0, lsl #2
10000616:	f081 0140 	eor.w	r1, r1, #64	@ 0x40
1000061a:	f102 4380 	add.w	r3, r2, #1073741824	@ 0x40000000
1000061e:	f503 3320 	add.w	r3, r3, #163840	@ 0x28000
10000622:	f001 02c0 	and.w	r2, r1, #192	@ 0xc0
10000626:	f500 5180 	add.w	r1, r0, #4096	@ 0x1000
1000062a:	f500 5040 	add.w	r0, r0, #12288	@ 0x3000
1000062e:	600a      	str	r2, [r1, #0]
10000630:	f8c3 e004 	str.w	lr, [r3, #4]
10000634:	f8c0 c000 	str.w	ip, [r0]
10000638:	bd00      	pop	{pc}
1000063a:	bf00      	nop
1000063c:	40038004 	.word	0x40038004

10000640 <panic>:
10000640:	b40f      	push	{r0, r1, r2, r3}
10000642:	b500      	push	{lr}
10000644:	4808      	ldr	r0, [pc, #32]	@ (10000668 <panic+0x28>)
10000646:	b083      	sub	sp, #12
10000648:	f003 f930 	bl	100038ac <__wrap_puts>
1000064c:	9b04      	ldr	r3, [sp, #16]
1000064e:	b13b      	cbz	r3, 10000660 <panic+0x20>
10000650:	a905      	add	r1, sp, #20
10000652:	4618      	mov	r0, r3
10000654:	9101      	str	r1, [sp, #4]
10000656:	f002 ff53 	bl	10003500 <weak_raw_vprintf>
1000065a:	4804      	ldr	r0, [pc, #16]	@ (1000066c <panic+0x2c>)
1000065c:	f003 f926 	bl	100038ac <__wrap_puts>
10000660:	2001      	movs	r0, #1
10000662:	f002 ff65 	bl	10003530 <_exit>
10000666:	bf00      	nop
10000668:	10006974 	.word	0x10006974
1000066c:	10006910 	.word	0x10006910

10000670 <hw_claim_or_assert>:
10000670:	b570      	push	{r4, r5, r6, lr}
10000672:	4616      	mov	r6, r2
10000674:	f3ef 8410 	mrs	r4, PRIMASK
10000678:	b672      	cpsid	i
1000067a:	f8df e048 	ldr.w	lr, [pc, #72]	@ 100006c4 <hw_claim_or_assert+0x54>
1000067e:	e8de 2fcf 	ldaexb	r2, [lr]
10000682:	2301      	movs	r3, #1
10000684:	2a00      	cmp	r2, #0
10000686:	d1fa      	bne.n	1000067e <hw_claim_or_assert+0xe>
10000688:	e8ce 3f42 	strexb	r2, r3, [lr]
1000068c:	2a00      	cmp	r2, #0
1000068e:	d1f6      	bne.n	1000067e <hw_claim_or_assert+0xe>
10000690:	f3bf 8f5f 	dmb	sy
10000694:	2301      	movs	r3, #1
10000696:	f001 0c07 	and.w	ip, r1, #7
1000069a:	08ca      	lsrs	r2, r1, #3
1000069c:	fa03 f30c 	lsl.w	r3, r3, ip
100006a0:	f810 c002 	ldrb.w	ip, [r0, r2]
100006a4:	ea1c 0503 	ands.w	r5, ip, r3
100006a8:	d108      	bne.n	100006bc <hw_claim_or_assert+0x4c>
100006aa:	ea4c 0c03 	orr.w	ip, ip, r3
100006ae:	f800 c002 	strb.w	ip, [r0, r2]
100006b2:	e8ce 5f8f 	stlb	r5, [lr]
100006b6:	f384 8810 	msr	PRIMASK, r4
100006ba:	bd70      	pop	{r4, r5, r6, pc}
100006bc:	4630      	mov	r0, r6
100006be:	f7ff ffbf 	bl	10000640 <panic>
100006c2:	bf00      	nop
100006c4:	2000188f 	.word	0x2000188f

100006c8 <hw_claim_unused_from_range>:
100006c8:	b5f8      	push	{r3, r4, r5, r6, r7, lr}
100006ca:	460f      	mov	r7, r1
100006cc:	4619      	mov	r1, r3
100006ce:	f3ef 8610 	mrs	r6, PRIMASK
100006d2:	b672      	cpsid	i
100006d4:	4d1c      	ldr	r5, [pc, #112]	@ (10000748 <hw_claim_unused_from_range+0x80>)
100006d6:	e8d5 4fcf 	ldaexb	r4, [r5]
100006da:	2301      	movs	r3, #1
100006dc:	2c00      	cmp	r4, #0
100006de:	d1fa      	bne.n	100006d6 <hw_claim_unused_from_range+0xe>
100006e0:	e8c5 3f44 	strexb	r4, r3, [r5]
100006e4:	2c00      	cmp	r4, #0
100006e6:	d1f6      	bne.n	100006d6 <hw_claim_unused_from_range+0xe>
100006e8:	f3bf 8f5f 	dmb	sy
100006ec:	428a      	cmp	r2, r1
100006ee:	d81b      	bhi.n	10000728 <hw_claim_unused_from_range+0x60>
100006f0:	2401      	movs	r4, #1
100006f2:	e002      	b.n	100006fa <hw_claim_unused_from_range+0x32>
100006f4:	3201      	adds	r2, #1
100006f6:	4291      	cmp	r1, r2
100006f8:	d322      	bcc.n	10000740 <hw_claim_unused_from_range+0x78>
100006fa:	08d3      	lsrs	r3, r2, #3
100006fc:	f810 e003 	ldrb.w	lr, [r0, r3]
10000700:	f002 0c07 	and.w	ip, r2, #7
10000704:	fa04 fc0c 	lsl.w	ip, r4, ip
10000708:	ea1e 0f0c 	tst.w	lr, ip
1000070c:	d1f2      	bne.n	100006f4 <hw_claim_unused_from_range+0x2c>
1000070e:	ea4e 0e0c 	orr.w	lr, lr, ip
10000712:	f800 e003 	strb.w	lr, [r0, r3]
10000716:	4610      	mov	r0, r2
10000718:	2300      	movs	r3, #0
1000071a:	e8c5 3f8f 	stlb	r3, [r5]
1000071e:	f386 8810 	msr	PRIMASK, r6
10000722:	4298      	cmp	r0, r3
10000724:	db07      	blt.n	10000736 <hw_claim_unused_from_range+0x6e>
10000726:	bdf8      	pop	{r3, r4, r5, r6, r7, pc}
10000728:	2300      	movs	r3, #0
1000072a:	e8c5 3f8f 	stlb	r3, [r5]
1000072e:	f386 8810 	msr	PRIMASK, r6
10000732:	f04f 30ff 	mov.w	r0, #4294967295	@ 0xffffffff
10000736:	2f00      	cmp	r7, #0
10000738:	d0f5      	beq.n	10000726 <hw_claim_unused_from_range+0x5e>
1000073a:	9806      	ldr	r0, [sp, #24]
1000073c:	f7ff ff80 	bl	10000640 <panic>
10000740:	f04f 30ff 	mov.w	r0, #4294967295	@ 0xffffffff
10000744:	e7e8      	b.n	10000718 <hw_claim_unused_from_range+0x50>
10000746:	bf00      	nop
10000748:	2000188f 	.word	0x2000188f

1000074c <next_striped_spin_lock_num>:
1000074c:	4a04      	ldr	r2, [pc, #16]	@ (10000760 <next_striped_spin_lock_num+0x14>)
1000074e:	7810      	ldrb	r0, [r2, #0]
10000750:	1c43      	adds	r3, r0, #1
10000752:	b2db      	uxtb	r3, r3
10000754:	2b18      	cmp	r3, #24
10000756:	bf28      	it	cs
10000758:	2310      	movcs	r3, #16
1000075a:	7013      	strb	r3, [r2, #0]
1000075c:	4770      	bx	lr
1000075e:	bf00      	nop
10000760:	2000115c 	.word	0x2000115c

10000764 <spin_lock_claim_unused>:
10000764:	b500      	push	{lr}
10000766:	f8df c01c 	ldr.w	ip, [pc, #28]	@ 10000784 <spin_lock_claim_unused+0x20>
1000076a:	b083      	sub	sp, #12
1000076c:	4601      	mov	r1, r0
1000076e:	231f      	movs	r3, #31
10000770:	2218      	movs	r2, #24
10000772:	f8cd c000 	str.w	ip, [sp]
10000776:	4802      	ldr	r0, [pc, #8]	@ (10000780 <spin_lock_claim_unused+0x1c>)
10000778:	f7ff ffa6 	bl	100006c8 <hw_claim_unused_from_range>
1000077c:	b003      	add	sp, #12
1000077e:	bd00      	pop	{pc}
10000780:	20001ca0 	.word	0x20001ca0
10000784:	10006984 	.word	0x10006984

10000788 <spinlock_set_extexclall>:
10000788:	f04f 22e0 	mov.w	r2, #3758153728	@ 0xe000e000
1000078c:	6893      	ldr	r3, [r2, #8]
1000078e:	f043 5300 	orr.w	r3, r3, #536870912	@ 0x20000000
10000792:	6093      	str	r3, [r2, #8]
10000794:	4770      	bx	lr
10000796:	bf00      	nop

10000798 <spin_locks_reset>:
10000798:	2100      	movs	r1, #0
1000079a:	4b04      	ldr	r3, [pc, #16]	@ (100007ac <spin_locks_reset+0x14>)
1000079c:	f103 0220 	add.w	r2, r3, #32
100007a0:	e8c3 1f8f 	stlb	r1, [r3]
100007a4:	3301      	adds	r3, #1
100007a6:	4293      	cmp	r3, r2
100007a8:	d1fa      	bne.n	100007a0 <spin_locks_reset+0x8>
100007aa:	4770      	bx	lr
100007ac:	20001884 	.word	0x20001884

100007b0 <runtime_init_per_core_irq_priorities>:
100007b0:	f04f 23e0 	mov.w	r3, #3758153728	@ 0xe000e000
100007b4:	f04f 3280 	mov.w	r2, #2155905152	@ 0x80808080
100007b8:	f8c3 2400 	str.w	r2, [r3, #1024]	@ 0x400
100007bc:	f8c3 2404 	str.w	r2, [r3, #1028]	@ 0x404
100007c0:	f8c3 2408 	str.w	r2, [r3, #1032]	@ 0x408
100007c4:	f8c3 240c 	str.w	r2, [r3, #1036]	@ 0x40c
100007c8:	f8c3 2410 	str.w	r2, [r3, #1040]	@ 0x410
100007cc:	f8c3 2414 	str.w	r2, [r3, #1044]	@ 0x414
100007d0:	f8c3 2418 	str.w	r2, [r3, #1048]	@ 0x418
100007d4:	f8c3 241c 	str.w	r2, [r3, #1052]	@ 0x41c
100007d8:	f8c3 2420 	str.w	r2, [r3, #1056]	@ 0x420
100007dc:	f8c3 2424 	str.w	r2, [r3, #1060]	@ 0x424
100007e0:	f8c3 2428 	str.w	r2, [r3, #1064]	@ 0x428
100007e4:	f8c3 242c 	str.w	r2, [r3, #1068]	@ 0x42c
100007e8:	f8c3 2430 	str.w	r2, [r3, #1072]	@ 0x430
100007ec:	4770      	bx	lr
100007ee:	bf00      	nop

100007f0 <irq_set_enabled>:
100007f0:	2301      	movs	r3, #1
100007f2:	f000 021f 	and.w	r2, r0, #31
100007f6:	4093      	lsls	r3, r2
100007f8:	0940      	lsrs	r0, r0, #5
100007fa:	b141      	cbz	r1, 1000080e <irq_set_enabled+0x1e>
100007fc:	0080      	lsls	r0, r0, #2
100007fe:	f100 4060 	add.w	r0, r0, #3758096384	@ 0xe0000000
10000802:	f500 4061 	add.w	r0, r0, #57600	@ 0xe100
10000806:	f8c0 3180 	str.w	r3, [r0, #384]	@ 0x180
1000080a:	6003      	str	r3, [r0, #0]
1000080c:	4770      	bx	lr
1000080e:	4a02      	ldr	r2, [pc, #8]	@ (10000818 <irq_set_enabled+0x28>)
10000810:	3020      	adds	r0, #32
10000812:	f842 3020 	str.w	r3, [r2, r0, lsl #2]
10000816:	4770      	bx	lr
10000818:	e000e100 	.word	0xe000e100

1000081c <irq_is_enabled>:
1000081c:	2301      	movs	r3, #1
1000081e:	4a06      	ldr	r2, [pc, #24]	@ (10000838 <irq_is_enabled+0x1c>)
10000820:	0941      	lsrs	r1, r0, #5
10000822:	f852 2021 	ldr.w	r2, [r2, r1, lsl #2]
10000826:	f000 001f 	and.w	r0, r0, #31
1000082a:	4083      	lsls	r3, r0
1000082c:	4213      	tst	r3, r2
1000082e:	bf14      	ite	ne
10000830:	2001      	movne	r0, #1
10000832:	2000      	moveq	r0, #0
10000834:	4770      	bx	lr
10000836:	bf00      	nop
10000838:	e000e100 	.word	0xe000e100

1000083c <irq_set_pending>:
1000083c:	2201      	movs	r2, #1
1000083e:	0943      	lsrs	r3, r0, #5
10000840:	4903      	ldr	r1, [pc, #12]	@ (10000850 <irq_set_pending+0x14>)
10000842:	f000 001f 	and.w	r0, r0, #31
10000846:	4082      	lsls	r2, r0
10000848:	3340      	adds	r3, #64	@ 0x40
1000084a:	f841 2023 	str.w	r2, [r1, r3, lsl #2]
1000084e:	4770      	bx	lr
10000850:	e000e100 	.word	0xe000e100

10000854 <irq_has_shared_handler>:
10000854:	4a05      	ldr	r2, [pc, #20]	@ (1000086c <irq_has_shared_handler+0x18>)
10000856:	3010      	adds	r0, #16
10000858:	6892      	ldr	r2, [r2, #8]
1000085a:	4b05      	ldr	r3, [pc, #20]	@ (10000870 <irq_has_shared_handler+0x1c>)
1000085c:	f852 0020 	ldr.w	r0, [r2, r0, lsl #2]
10000860:	1ac0      	subs	r0, r0, r3
10000862:	282f      	cmp	r0, #47	@ 0x2f
10000864:	bf8c      	ite	hi
10000866:	2000      	movhi	r0, #0
10000868:	2001      	movls	r0, #1
1000086a:	4770      	bx	lr
1000086c:	e000ed00 	.word	0xe000ed00
10000870:	20001160 	.word	0x20001160

10000874 <irq_set_exclusive_handler>:
10000874:	b510      	push	{r4, lr}
10000876:	b082      	sub	sp, #8
10000878:	f3ef 8410 	mrs	r4, PRIMASK
1000087c:	b672      	cpsid	i
1000087e:	4b16      	ldr	r3, [pc, #88]	@ (100008d8 <irq_set_exclusive_handler+0x64>)
10000880:	e8d3 cfcf 	ldaexb	ip, [r3]
10000884:	2201      	movs	r2, #1
10000886:	f1bc 0f00 	cmp.w	ip, #0
1000088a:	d1f9      	bne.n	10000880 <irq_set_exclusive_handler+0xc>
1000088c:	e8c3 2f4c 	strexb	ip, r2, [r3]
10000890:	f1bc 0f00 	cmp.w	ip, #0
10000894:	d1f4      	bne.n	10000880 <irq_set_exclusive_handler+0xc>
10000896:	f3bf 8f5f 	dmb	sy
1000089a:	4a10      	ldr	r2, [pc, #64]	@ (100008dc <irq_set_exclusive_handler+0x68>)
1000089c:	3010      	adds	r0, #16
1000089e:	6892      	ldr	r2, [r2, #8]
100008a0:	f8df c03c 	ldr.w	ip, [pc, #60]	@ 100008e0 <irq_set_exclusive_handler+0x6c>
100008a4:	f852 2020 	ldr.w	r2, [r2, r0, lsl #2]
100008a8:	4562      	cmp	r2, ip
100008aa:	d008      	beq.n	100008be <irq_set_exclusive_handler+0x4a>
100008ac:	4291      	cmp	r1, r2
100008ae:	d006      	beq.n	100008be <irq_set_exclusive_handler+0x4a>
100008b0:	e9cd 0100 	strd	r0, r1, [sp]
100008b4:	f001 f878 	bl	100019a8 <hard_assertion_failure>
100008b8:	9901      	ldr	r1, [sp, #4]
100008ba:	4b07      	ldr	r3, [pc, #28]	@ (100008d8 <irq_set_exclusive_handler+0x64>)
100008bc:	9800      	ldr	r0, [sp, #0]
100008be:	4a07      	ldr	r2, [pc, #28]	@ (100008dc <irq_set_exclusive_handler+0x68>)
100008c0:	6892      	ldr	r2, [r2, #8]
100008c2:	f842 1020 	str.w	r1, [r2, r0, lsl #2]
100008c6:	f3bf 8f5f 	dmb	sy
100008ca:	2200      	movs	r2, #0
100008cc:	e8c3 2f8f 	stlb	r2, [r3]
100008d0:	f384 8810 	msr	PRIMASK, r4
100008d4:	b002      	add	sp, #8
100008d6:	bd10      	pop	{r4, pc}
100008d8:	2000188d 	.word	0x2000188d
100008dc:	e000ed00 	.word	0xe000ed00
100008e0:	1000011d 	.word	0x1000011d

100008e4 <irq_add_shared_handler>:
100008e4:	e92d 4ff0 	stmdb	sp!, {r4, r5, r6, r7, r8, r9, sl, fp, lr}
100008e8:	4606      	mov	r6, r0
100008ea:	468a      	mov	sl, r1
100008ec:	4615      	mov	r5, r2
100008ee:	b083      	sub	sp, #12
100008f0:	f3ef 8810 	mrs	r8, PRIMASK
100008f4:	b672      	cpsid	i
100008f6:	4f71      	ldr	r7, [pc, #452]	@ (10000abc <irq_add_shared_handler+0x1d8>)
100008f8:	e8d7 2fcf 	ldaexb	r2, [r7]
100008fc:	2301      	movs	r3, #1
100008fe:	2a00      	cmp	r2, #0
10000900:	d1fa      	bne.n	100008f8 <irq_add_shared_handler+0x14>
10000902:	e8c7 3f42 	strexb	r2, r3, [r7]
10000906:	2a00      	cmp	r2, #0
10000908:	d1f6      	bne.n	100008f8 <irq_add_shared_handler+0x14>
1000090a:	f3bf 8f5f 	dmb	sy
1000090e:	496c      	ldr	r1, [pc, #432]	@ (10000ac0 <irq_add_shared_handler+0x1dc>)
10000910:	f991 2000 	ldrsb.w	r2, [r1]
10000914:	2a00      	cmp	r2, #0
10000916:	db7b      	blt.n	10000a10 <irq_add_shared_handler+0x12c>
10000918:	486a      	ldr	r0, [pc, #424]	@ (10000ac4 <irq_add_shared_handler+0x1e0>)
1000091a:	eb02 0442 	add.w	r4, r2, r2, lsl #1
1000091e:	eb00 0384 	add.w	r3, r0, r4, lsl #2
10000922:	f893 c006 	ldrb.w	ip, [r3, #6]
10000926:	3610      	adds	r6, #16
10000928:	f881 c000 	strb.w	ip, [r1]
1000092c:	4966      	ldr	r1, [pc, #408]	@ (10000ac8 <irq_add_shared_handler+0x1e4>)
1000092e:	00a4      	lsls	r4, r4, #2
10000930:	6889      	ldr	r1, [r1, #8]
10000932:	ea4f 0b42 	mov.w	fp, r2, lsl #1
10000936:	f851 e026 	ldr.w	lr, [r1, r6, lsl #2]
1000093a:	ebae 0100 	sub.w	r1, lr, r0
1000093e:	292f      	cmp	r1, #47	@ 0x2f
10000940:	d92e      	bls.n	100009a0 <irq_add_shared_handler+0xbc>
10000942:	4962      	ldr	r1, [pc, #392]	@ (10000acc <irq_add_shared_handler+0x1e8>)
10000944:	458e      	cmp	lr, r1
10000946:	f040 8084 	bne.w	10000a52 <irq_add_shared_handler+0x16e>
1000094a:	f043 0e01 	orr.w	lr, r3, #1
1000094e:	4b60      	ldr	r3, [pc, #384]	@ (10000ad0 <irq_add_shared_handler+0x1ec>)
10000950:	3402      	adds	r4, #2
10000952:	4404      	add	r4, r0
10000954:	3b04      	subs	r3, #4
10000956:	1b1b      	subs	r3, r3, r4
10000958:	f3c3 034a 	ubfx	r3, r3, #1, #11
1000095c:	ea6f 43c3 	mvn.w	r3, r3, lsl #19
10000960:	f44f 4121 	mov.w	r1, #41216	@ 0xa100
10000964:	ea6f 43d3 	mvn.w	r3, r3, lsr #19
10000968:	445a      	add	r2, fp
1000096a:	f820 1022 	strh.w	r1, [r0, r2, lsl #2]
1000096e:	eb00 0282 	add.w	r2, r0, r2, lsl #2
10000972:	8053      	strh	r3, [r2, #2]
10000974:	f64b 5301 	movw	r3, #48385	@ 0xbd01
10000978:	8093      	strh	r3, [r2, #4]
1000097a:	23ff      	movs	r3, #255	@ 0xff
1000097c:	71d5      	strb	r5, [r2, #7]
1000097e:	f8c2 a008 	str.w	sl, [r2, #8]
10000982:	7193      	strb	r3, [r2, #6]
10000984:	4b50      	ldr	r3, [pc, #320]	@ (10000ac8 <irq_add_shared_handler+0x1e4>)
10000986:	689b      	ldr	r3, [r3, #8]
10000988:	f843 e026 	str.w	lr, [r3, r6, lsl #2]
1000098c:	f3bf 8f5f 	dmb	sy
10000990:	2300      	movs	r3, #0
10000992:	e8c7 3f8f 	stlb	r3, [r7]
10000996:	f388 8810 	msr	PRIMASK, r8
1000099a:	b003      	add	sp, #12
1000099c:	e8bd 8ff0 	ldmia.w	sp!, {r4, r5, r6, r7, r8, r9, sl, fp, pc}
100009a0:	f02e 0c01 	bic.w	ip, lr, #1
100009a4:	f89c 1007 	ldrb.w	r1, [ip, #7]
100009a8:	42a9      	cmp	r1, r5
100009aa:	d95a      	bls.n	10000a62 <irq_add_shared_handler+0x17e>
100009ac:	46b1      	mov	r9, r6
100009ae:	9401      	str	r4, [sp, #4]
100009b0:	461e      	mov	r6, r3
100009b2:	e003      	b.n	100009bc <irq_add_shared_handler+0xd8>
100009b4:	79cb      	ldrb	r3, [r1, #7]
100009b6:	42ab      	cmp	r3, r5
100009b8:	d930      	bls.n	10000a1c <irq_add_shared_handler+0x138>
100009ba:	468c      	mov	ip, r1
100009bc:	f99c 4006 	ldrsb.w	r4, [ip, #6]
100009c0:	eb04 0144 	add.w	r1, r4, r4, lsl #1
100009c4:	2c00      	cmp	r4, #0
100009c6:	eb00 0181 	add.w	r1, r0, r1, lsl #2
100009ca:	daf3      	bge.n	100009b4 <irq_add_shared_handler+0xd0>
100009cc:	9400      	str	r4, [sp, #0]
100009ce:	f64b 5401 	movw	r4, #48385	@ 0xbd01
100009d2:	4633      	mov	r3, r6
100009d4:	464e      	mov	r6, r9
100009d6:	f10c 0904 	add.w	r9, ip, #4
100009da:	3b04      	subs	r3, #4
100009dc:	eba3 0309 	sub.w	r3, r3, r9
100009e0:	f3c3 034a 	ubfx	r3, r3, #1, #11
100009e4:	ea6f 43c3 	mvn.w	r3, r3, lsl #19
100009e8:	ea6f 43d3 	mvn.w	r3, r3, lsr #19
100009ec:	f8ac 3004 	strh.w	r3, [ip, #4]
100009f0:	4b38      	ldr	r3, [pc, #224]	@ (10000ad4 <irq_add_shared_handler+0x1f0>)
100009f2:	eb0b 0102 	add.w	r1, fp, r2
100009f6:	f88c 2006 	strb.w	r2, [ip, #6]
100009fa:	f840 3021 	str.w	r3, [r0, r1, lsl #2]
100009fe:	9b00      	ldr	r3, [sp, #0]
10000a00:	eb00 0281 	add.w	r2, r0, r1, lsl #2
10000a04:	8094      	strh	r4, [r2, #4]
10000a06:	7193      	strb	r3, [r2, #6]
10000a08:	71d5      	strb	r5, [r2, #7]
10000a0a:	f8c2 a008 	str.w	sl, [r2, #8]
10000a0e:	e7b9      	b.n	10000984 <irq_add_shared_handler+0xa0>
10000a10:	f000 ffca 	bl	100019a8 <hard_assertion_failure>
10000a14:	492a      	ldr	r1, [pc, #168]	@ (10000ac0 <irq_add_shared_handler+0x1dc>)
10000a16:	f991 2000 	ldrsb.w	r2, [r1]
10000a1a:	e77d      	b.n	10000918 <irq_add_shared_handler+0x34>
10000a1c:	f06f 0107 	mvn.w	r1, #7
10000a20:	9400      	str	r4, [sp, #0]
10000a22:	9c01      	ldr	r4, [sp, #4]
10000a24:	4633      	mov	r3, r6
10000a26:	1b0c      	subs	r4, r1, r4
10000a28:	4661      	mov	r1, ip
10000a2a:	1a24      	subs	r4, r4, r0
10000a2c:	9401      	str	r4, [sp, #4]
10000a2e:	f831 4f04 	ldrh.w	r4, [r1, #4]!
10000a32:	464e      	mov	r6, r9
10000a34:	f344 040a 	sbfx	r4, r4, #0, #11
10000a38:	3402      	adds	r4, #2
10000a3a:	eb01 0444 	add.w	r4, r1, r4, lsl #1
10000a3e:	4689      	mov	r9, r1
10000a40:	9901      	ldr	r1, [sp, #4]
10000a42:	440c      	add	r4, r1
10000a44:	f3c4 044a 	ubfx	r4, r4, #1, #11
10000a48:	ea6f 44c4 	mvn.w	r4, r4, lsl #19
10000a4c:	ea6f 44d4 	mvn.w	r4, r4, lsr #19
10000a50:	e7c3      	b.n	100009da <irq_add_shared_handler+0xf6>
10000a52:	e9cd 2300 	strd	r2, r3, [sp]
10000a56:	f000 ffa7 	bl	100019a8 <hard_assertion_failure>
10000a5a:	e9dd 2300 	ldrd	r2, r3, [sp]
10000a5e:	4819      	ldr	r0, [pc, #100]	@ (10000ac4 <irq_add_shared_handler+0x1e0>)
10000a60:	e773      	b.n	1000094a <irq_add_shared_handler+0x66>
10000a62:	4a1b      	ldr	r2, [pc, #108]	@ (10000ad0 <irq_add_shared_handler+0x1ec>)
10000a64:	1ca1      	adds	r1, r4, #2
10000a66:	71dd      	strb	r5, [r3, #7]
10000a68:	4401      	add	r1, r0
10000a6a:	3a04      	subs	r2, #4
10000a6c:	1d25      	adds	r5, r4, #4
10000a6e:	1a52      	subs	r2, r2, r1
10000a70:	4405      	add	r5, r0
10000a72:	f1ac 0104 	sub.w	r1, ip, #4
10000a76:	1b49      	subs	r1, r1, r5
10000a78:	f3c1 014a 	ubfx	r1, r1, #1, #11
10000a7c:	ea6f 41c1 	mvn.w	r1, r1, lsl #19
10000a80:	f3c2 024a 	ubfx	r2, r2, #1, #11
10000a84:	ea6f 42c2 	mvn.w	r2, r2, lsl #19
10000a88:	ea6f 41d1 	mvn.w	r1, r1, lsr #19
10000a8c:	f44f 4e21 	mov.w	lr, #41216	@ 0xa100
10000a90:	ea6f 42d2 	mvn.w	r2, r2, lsr #19
10000a94:	8099      	strh	r1, [r3, #4]
10000a96:	490f      	ldr	r1, [pc, #60]	@ (10000ad4 <irq_add_shared_handler+0x1f0>)
10000a98:	f820 e004 	strh.w	lr, [r0, r4]
10000a9c:	805a      	strh	r2, [r3, #2]
10000a9e:	f64a 25aa 	movw	r5, #43690	@ 0xaaaa
10000aa2:	4662      	mov	r2, ip
10000aa4:	1a12      	subs	r2, r2, r0
10000aa6:	4152      	adcs	r2, r2
10000aa8:	4355      	muls	r5, r2
10000aaa:	0d2d      	lsrs	r5, r5, #20
10000aac:	f8c3 a008 	str.w	sl, [r3, #8]
10000ab0:	719d      	strb	r5, [r3, #6]
10000ab2:	f043 0e01 	orr.w	lr, r3, #1
10000ab6:	f8cc 1000 	str.w	r1, [ip]
10000aba:	e763      	b.n	10000984 <irq_add_shared_handler+0xa0>
10000abc:	2000188d 	.word	0x2000188d
10000ac0:	20002178 	.word	0x20002178
10000ac4:	20001160 	.word	0x20001160
10000ac8:	e000ed00 	.word	0xe000ed00
10000acc:	1000011d 	.word	0x1000011d
10000ad0:	20001190 	.word	0x20001190
10000ad4:	47804801 	.word	0x47804801

10000ad8 <irq_add_tail_to_free_list>:
10000ad8:	e92d 41f0 	stmdb	sp!, {r4, r5, r6, r7, r8, lr}
10000adc:	f3ef 8305 	mrs	r3, IPSR
10000ae0:	b2db      	uxtb	r3, r3
10000ae2:	469e      	mov	lr, r3
10000ae4:	f3ef 8510 	mrs	r5, PRIMASK
10000ae8:	b672      	cpsid	i
10000aea:	4929      	ldr	r1, [pc, #164]	@ (10000b90 <irq_add_tail_to_free_list+0xb8>)
10000aec:	e8d1 2fcf 	ldaexb	r2, [r1]
10000af0:	2301      	movs	r3, #1
10000af2:	2a00      	cmp	r2, #0
10000af4:	d1fa      	bne.n	10000aec <irq_add_tail_to_free_list+0x14>
10000af6:	e8c1 3f42 	strexb	r2, r3, [r1]
10000afa:	2a00      	cmp	r2, #0
10000afc:	d1f6      	bne.n	10000aec <irq_add_tail_to_free_list+0x14>
10000afe:	f3bf 8f5f 	dmb	sy
10000b02:	f8df 809c 	ldr.w	r8, [pc, #156]	@ 10000ba0 <irq_add_tail_to_free_list+0xc8>
10000b06:	f040 0601 	orr.w	r6, r0, #1
10000b0a:	f8d8 7008 	ldr.w	r7, [r8, #8]
10000b0e:	f64a 23aa 	movw	r3, #43690	@ 0xaaaa
10000b12:	f857 702e 	ldr.w	r7, [r7, lr, lsl #2]
10000b16:	4604      	mov	r4, r0
10000b18:	4a1e      	ldr	r2, [pc, #120]	@ (10000b94 <irq_add_tail_to_free_list+0xbc>)
10000b1a:	1aa4      	subs	r4, r4, r2
10000b1c:	4164      	adcs	r4, r4
10000b1e:	4363      	muls	r3, r4
10000b20:	0d1b      	lsrs	r3, r3, #20
10000b22:	42b7      	cmp	r7, r6
10000b24:	b25b      	sxtb	r3, r3
10000b26:	d01e      	beq.n	10000b66 <irq_add_tail_to_free_list+0x8e>
10000b28:	f992 4006 	ldrsb.w	r4, [r2, #6]
10000b2c:	429c      	cmp	r4, r3
10000b2e:	d020      	beq.n	10000b72 <irq_add_tail_to_free_list+0x9a>
10000b30:	f992 4012 	ldrsb.w	r4, [r2, #18]
10000b34:	429c      	cmp	r4, r3
10000b36:	d027      	beq.n	10000b88 <irq_add_tail_to_free_list+0xb0>
10000b38:	f992 401e 	ldrsb.w	r4, [r2, #30]
10000b3c:	429c      	cmp	r4, r3
10000b3e:	d025      	beq.n	10000b8c <irq_add_tail_to_free_list+0xb4>
10000b40:	f992 402a 	ldrsb.w	r4, [r2, #42]	@ 0x2a
10000b44:	429c      	cmp	r4, r3
10000b46:	bf08      	it	eq
10000b48:	2403      	moveq	r4, #3
10000b4a:	d013      	beq.n	10000b74 <irq_add_tail_to_free_list+0x9c>
10000b4c:	4a12      	ldr	r2, [pc, #72]	@ (10000b98 <irq_add_tail_to_free_list+0xc0>)
10000b4e:	2400      	movs	r4, #0
10000b50:	f892 c000 	ldrb.w	ip, [r2]
10000b54:	7013      	strb	r3, [r2, #0]
10000b56:	f880 c006 	strb.w	ip, [r0, #6]
10000b5a:	e8c1 4f8f 	stlb	r4, [r1]
10000b5e:	f385 8810 	msr	PRIMASK, r5
10000b62:	e8bd 81f0 	ldmia.w	sp!, {r4, r5, r6, r7, r8, pc}
10000b66:	f8d8 2008 	ldr.w	r2, [r8, #8]
10000b6a:	4c0c      	ldr	r4, [pc, #48]	@ (10000b9c <irq_add_tail_to_free_list+0xc4>)
10000b6c:	f842 402e 	str.w	r4, [r2, lr, lsl #2]
10000b70:	e7ec      	b.n	10000b4c <irq_add_tail_to_free_list+0x74>
10000b72:	2400      	movs	r4, #0
10000b74:	eb04 0444 	add.w	r4, r4, r4, lsl #1
10000b78:	eb02 0284 	add.w	r2, r2, r4, lsl #2
10000b7c:	24ff      	movs	r4, #255	@ 0xff
10000b7e:	7194      	strb	r4, [r2, #6]
10000b80:	f64b 5401 	movw	r4, #48385	@ 0xbd01
10000b84:	8094      	strh	r4, [r2, #4]
10000b86:	e7e1      	b.n	10000b4c <irq_add_tail_to_free_list+0x74>
10000b88:	2401      	movs	r4, #1
10000b8a:	e7f3      	b.n	10000b74 <irq_add_tail_to_free_list+0x9c>
10000b8c:	2402      	movs	r4, #2
10000b8e:	e7f1      	b.n	10000b74 <irq_add_tail_to_free_list+0x9c>
10000b90:	2000188d 	.word	0x2000188d
10000b94:	20001160 	.word	0x20001160
10000b98:	20002178 	.word	0x20002178
10000b9c:	1000011d 	.word	0x1000011d
10000ba0:	e000ed00 	.word	0xe000ed00

10000ba4 <user_irq_claim_unused>:
10000ba4:	b500      	push	{lr}
10000ba6:	f8df c024 	ldr.w	ip, [pc, #36]	@ 10000bcc <user_irq_claim_unused+0x28>
10000baa:	b083      	sub	sp, #12
10000bac:	4601      	mov	r1, r0
10000bae:	2305      	movs	r3, #5
10000bb0:	2200      	movs	r2, #0
10000bb2:	f8cd c000 	str.w	ip, [sp]
10000bb6:	4804      	ldr	r0, [pc, #16]	@ (10000bc8 <user_irq_claim_unused+0x24>)
10000bb8:	f7ff fd86 	bl	100006c8 <hw_claim_unused_from_range>
10000bbc:	2800      	cmp	r0, #0
10000bbe:	bfa8      	it	ge
10000bc0:	f1c0 0033 	rsbge	r0, r0, #51	@ 0x33
10000bc4:	b003      	add	sp, #12
10000bc6:	bd00      	pop	{pc}
10000bc8:	2000217c 	.word	0x2000217c
10000bcc:	100069a0 	.word	0x100069a0

10000bd0 <lock_init>:
10000bd0:	4b01      	ldr	r3, [pc, #4]	@ (10000bd8 <lock_init+0x8>)
10000bd2:	440b      	add	r3, r1
10000bd4:	6003      	str	r3, [r0, #0]
10000bd6:	4770      	bx	lr
10000bd8:	20001884 	.word	0x20001884

10000bdc <runtime_init_mutex>:
10000bdc:	b570      	push	{r4, r5, r6, lr}
10000bde:	4c10      	ldr	r4, [pc, #64]	@ (10000c20 <runtime_init_mutex+0x44>)
10000be0:	4d10      	ldr	r5, [pc, #64]	@ (10000c24 <runtime_init_mutex+0x48>)
10000be2:	42ac      	cmp	r4, r5
10000be4:	d20e      	bcs.n	10000c04 <runtime_init_mutex+0x28>
10000be6:	26ff      	movs	r6, #255	@ 0xff
10000be8:	6823      	ldr	r3, [r4, #0]
10000bea:	b163      	cbz	r3, 10000c06 <runtime_init_mutex+0x2a>
10000bec:	f7ff fdae 	bl	1000074c <next_striped_spin_lock_num>
10000bf0:	4601      	mov	r1, r0
10000bf2:	4620      	mov	r0, r4
10000bf4:	f7ff ffec 	bl	10000bd0 <lock_init>
10000bf8:	80a6      	strh	r6, [r4, #4]
10000bfa:	f3bf 8f5f 	dmb	sy
10000bfe:	3408      	adds	r4, #8
10000c00:	42ac      	cmp	r4, r5
10000c02:	d3f1      	bcc.n	10000be8 <runtime_init_mutex+0xc>
10000c04:	bd70      	pop	{r4, r5, r6, pc}
10000c06:	f7ff fda1 	bl	1000074c <next_striped_spin_lock_num>
10000c0a:	4601      	mov	r1, r0
10000c0c:	4620      	mov	r0, r4
10000c0e:	f7ff ffdf 	bl	10000bd0 <lock_init>
10000c12:	7126      	strb	r6, [r4, #4]
10000c14:	f3bf 8f5f 	dmb	sy
10000c18:	3408      	adds	r4, #8
10000c1a:	42ac      	cmp	r4, r5
10000c1c:	d3e4      	bcc.n	10000be8 <runtime_init_mutex+0xc>
10000c1e:	bd70      	pop	{r4, r5, r6, pc}
10000c20:	20001400 	.word	0x20001400
10000c24:	20001408 	.word	0x20001408

10000c28 <mutex_init>:
10000c28:	b510      	push	{r4, lr}
10000c2a:	4604      	mov	r4, r0
10000c2c:	f7ff fd8e 	bl	1000074c <next_striped_spin_lock_num>
10000c30:	4601      	mov	r1, r0
10000c32:	4620      	mov	r0, r4
10000c34:	f7ff ffcc 	bl	10000bd0 <lock_init>
10000c38:	23ff      	movs	r3, #255	@ 0xff
10000c3a:	7123      	strb	r3, [r4, #4]
10000c3c:	f3bf 8f5f 	dmb	sy
10000c40:	bd10      	pop	{r4, pc}
10000c42:	bf00      	nop

10000c44 <critical_section_init>:
10000c44:	b510      	push	{r4, lr}
10000c46:	4604      	mov	r4, r0
10000c48:	2001      	movs	r0, #1
10000c4a:	f7ff fd8b 	bl	10000764 <spin_lock_claim_unused>
10000c4e:	4b03      	ldr	r3, [pc, #12]	@ (10000c5c <critical_section_init+0x18>)
10000c50:	4403      	add	r3, r0
10000c52:	6023      	str	r3, [r4, #0]
10000c54:	f3bf 8f5f 	dmb	sy
10000c58:	bd10      	pop	{r4, pc}
10000c5a:	bf00      	nop
10000c5c:	20001884 	.word	0x20001884

10000c60 <critical_section_init_with_lock_num>:
10000c60:	4b02      	ldr	r3, [pc, #8]	@ (10000c6c <critical_section_init_with_lock_num+0xc>)
10000c62:	440b      	add	r3, r1
10000c64:	6003      	str	r3, [r0, #0]
10000c66:	f3bf 8f5f 	dmb	sy
10000c6a:	4770      	bx	lr
10000c6c:	20001884 	.word	0x20001884

10000c70 <sleep_until_callback>:
10000c70:	4b0d      	ldr	r3, [pc, #52]	@ (10000ca8 <sleep_until_callback+0x38>)
10000c72:	681a      	ldr	r2, [r3, #0]
10000c74:	f3ef 8110 	mrs	r1, PRIMASK
10000c78:	b672      	cpsid	i
10000c7a:	e8d2 cfcf 	ldaexb	ip, [r2]
10000c7e:	2001      	movs	r0, #1
10000c80:	f1bc 0f00 	cmp.w	ip, #0
10000c84:	d1f9      	bne.n	10000c7a <sleep_until_callback+0xa>
10000c86:	e8c2 0f4c 	strexb	ip, r0, [r2]
10000c8a:	f1bc 0f00 	cmp.w	ip, #0
10000c8e:	d1f4      	bne.n	10000c7a <sleep_until_callback+0xa>
10000c90:	f3bf 8f5f 	dmb	sy
10000c94:	2200      	movs	r2, #0
10000c96:	681b      	ldr	r3, [r3, #0]
10000c98:	e8c3 2f8f 	stlb	r2, [r3]
10000c9c:	f381 8810 	msr	PRIMASK, r1
10000ca0:	bf40      	sev
10000ca2:	2000      	movs	r0, #0
10000ca4:	2100      	movs	r1, #0
10000ca6:	4770      	bx	lr
10000ca8:	20002158 	.word	0x20002158
10000cac:	00000000 	.word	0x00000000

10000cb0 <alarm_pool_irq_handler>:
10000cb0:	e92d 4ff0 	stmdb	sp!, {r4, r5, r6, r7, r8, r9, sl, fp, lr}
10000cb4:	ed2d 8b02 	vpush	{d8}
10000cb8:	b085      	sub	sp, #20
10000cba:	f3ef 8305 	mrs	r3, IPSR
10000cbe:	b2db      	uxtb	r3, r3
10000cc0:	3b10      	subs	r3, #16
10000cc2:	089a      	lsrs	r2, r3, #2
10000cc4:	bf18      	it	ne
10000cc6:	2201      	movne	r2, #1
10000cc8:	f04f 0101 	mov.w	r1, #1
10000ccc:	f003 0b03 	and.w	fp, r3, #3
10000cd0:	bf18      	it	ne
10000cd2:	4ca9      	ldrne	r4, [pc, #676]	@ (10000f78 <alarm_pool_irq_handler+0x2c8>)
10000cd4:	4ba9      	ldr	r3, [pc, #676]	@ (10000f7c <alarm_pool_irq_handler+0x2cc>)
10000cd6:	bf08      	it	eq
10000cd8:	4ca9      	ldreq	r4, [pc, #676]	@ (10000f80 <alarm_pool_irq_handler+0x2d0>)
10000cda:	eb0b 0282 	add.w	r2, fp, r2, lsl #2
10000cde:	f853 5022 	ldr.w	r5, [r3, r2, lsl #2]
10000ce2:	fa01 f20b 	lsl.w	r2, r1, fp
10000ce6:	f504 5341 	add.w	r3, r4, #12352	@ 0x3040
10000cea:	ed9f 8ba1 	vldr	d8, [pc, #644]	@ 10000f70 <alarm_pool_irq_handler+0x2c0>
10000cee:	9202      	str	r2, [sp, #8]
10000cf0:	605a      	str	r2, [r3, #4]
10000cf2:	e02f      	b.n	10000d54 <alarm_pool_irq_handler+0xa4>
10000cf4:	88ab      	ldrh	r3, [r5, #4]
10000cf6:	0419      	lsls	r1, r3, #16
10000cf8:	f140 8094 	bpl.w	10000e24 <alarm_pool_irq_handler+0x174>
10000cfc:	79ab      	ldrb	r3, [r5, #6]
10000cfe:	2b00      	cmp	r3, #0
10000d00:	f040 80de 	bne.w	10000ec0 <alarm_pool_irq_handler+0x210>
10000d04:	f9b5 6008 	ldrsh.w	r6, [r5, #8]
10000d08:	2e00      	cmp	r6, #0
10000d0a:	f2c0 811c 	blt.w	10000f46 <alarm_pool_irq_handler+0x296>
10000d0e:	696b      	ldr	r3, [r5, #20]
10000d10:	eb06 0646 	add.w	r6, r6, r6, lsl #1
10000d14:	eb03 03c6 	add.w	r3, r3, r6, lsl #3
10000d18:	e9d3 6702 	ldrd	r6, r7, [r3, #8]
10000d1c:	f1b7 3fff 	cmp.w	r7, #4294967295	@ 0xffffffff
10000d20:	bf08      	it	eq
10000d22:	f1b6 3fff 	cmpeq.w	r6, #4294967295	@ 0xffffffff
10000d26:	d00e      	beq.n	10000d46 <alarm_pool_irq_handler+0x96>
10000d28:	eb04 018b 	add.w	r1, r4, fp, lsl #2
10000d2c:	6aa3      	ldr	r3, [r4, #40]	@ 0x28
10000d2e:	690a      	ldr	r2, [r1, #16]
10000d30:	1ad2      	subs	r2, r2, r3
10000d32:	1af3      	subs	r3, r6, r3
10000d34:	4293      	cmp	r3, r2
10000d36:	d305      	bcc.n	10000d44 <alarm_pool_irq_handler+0x94>
10000d38:	2301      	movs	r3, #1
10000d3a:	6a22      	ldr	r2, [r4, #32]
10000d3c:	fa03 f30b 	lsl.w	r3, r3, fp
10000d40:	4213      	tst	r3, r2
10000d42:	d100      	bne.n	10000d46 <alarm_pool_irq_handler+0x96>
10000d44:	610e      	str	r6, [r1, #16]
10000d46:	4620      	mov	r0, r4
10000d48:	f000 fc56 	bl	100015f8 <timer_time_us_64>
10000d4c:	42b0      	cmp	r0, r6
10000d4e:	41b9      	sbcs	r1, r7
10000d50:	f2c0 80f9 	blt.w	10000f46 <alarm_pool_irq_handler+0x296>
10000d54:	f9b5 6008 	ldrsh.w	r6, [r5, #8]
10000d58:	9b02      	ldr	r3, [sp, #8]
10000d5a:	2e00      	cmp	r6, #0
10000d5c:	63e3      	str	r3, [r4, #60]	@ 0x3c
10000d5e:	dbc9      	blt.n	10000cf4 <alarm_pool_irq_handler+0x44>
10000d60:	f8d5 9014 	ldr.w	r9, [r5, #20]
10000d64:	eb06 0a46 	add.w	sl, r6, r6, lsl #1
10000d68:	eb09 07ca 	add.w	r7, r9, sl, lsl #3
10000d6c:	68bb      	ldr	r3, [r7, #8]
10000d6e:	4620      	mov	r0, r4
10000d70:	f8d7 800c 	ldr.w	r8, [r7, #12]
10000d74:	9301      	str	r3, [sp, #4]
10000d76:	f000 fc3f 	bl	100015f8 <timer_time_us_64>
10000d7a:	9b01      	ldr	r3, [sp, #4]
10000d7c:	4298      	cmp	r0, r3
10000d7e:	eb71 0108 	sbcs.w	r1, r1, r8
10000d82:	dbb7      	blt.n	10000cf4 <alarm_pool_irq_handler+0x44>
10000d84:	f1b8 0f00 	cmp.w	r8, #0
10000d88:	f2c0 80c0 	blt.w	10000f0c <alarm_pool_irq_handler+0x25c>
10000d8c:	e9d7 3104 	ldrd	r3, r1, [r7, #16]
10000d90:	4a7c      	ldr	r2, [pc, #496]	@ (10000f84 <alarm_pool_irq_handler+0x2d4>)
10000d92:	4293      	cmp	r3, r2
10000d94:	f000 80f8 	beq.w	10000f88 <alarm_pool_irq_handler+0x2d8>
10000d98:	887a      	ldrh	r2, [r7, #2]
10000d9a:	f9b5 0008 	ldrsh.w	r0, [r5, #8]
10000d9e:	b292      	uxth	r2, r2
10000da0:	ea42 4000 	orr.w	r0, r2, r0, lsl #16
10000da4:	4798      	blx	r3
10000da6:	4602      	mov	r2, r0
10000da8:	460b      	mov	r3, r1
10000daa:	ea52 0103 	orrs.w	r1, r2, r3
10000dae:	f000 80ad 	beq.w	10000f0c <alarm_pool_irq_handler+0x25c>
10000db2:	2b00      	cmp	r3, #0
10000db4:	f280 80cd 	bge.w	10000f52 <alarm_pool_irq_handler+0x2a2>
10000db8:	9901      	ldr	r1, [sp, #4]
10000dba:	ebb1 0e02 	subs.w	lr, r1, r2
10000dbe:	eb68 0803 	sbc.w	r8, r8, r3
10000dc2:	f939 303a 	ldrsh.w	r3, [r9, sl, lsl #3]
10000dc6:	e9c7 e802 	strd	lr, r8, [r7, #8]
10000dca:	2b00      	cmp	r3, #0
10000dcc:	db92      	blt.n	10000cf4 <alarm_pool_irq_handler+0x44>
10000dce:	6968      	ldr	r0, [r5, #20]
10000dd0:	eb03 0243 	add.w	r2, r3, r3, lsl #1
10000dd4:	eb00 02c2 	add.w	r2, r0, r2, lsl #3
10000dd8:	e9d2 7102 	ldrd	r7, r1, [r2, #8]
10000ddc:	45be      	cmp	lr, r7
10000dde:	eb78 0c01 	sbcs.w	ip, r8, r1
10000de2:	ea4f 0243 	mov.w	r2, r3, lsl #1
10000de6:	db85      	blt.n	10000cf4 <alarm_pool_irq_handler+0x44>
10000de8:	46ac      	mov	ip, r5
10000dea:	f82c 3f08 	strh.w	r3, [ip, #8]!
10000dee:	e006      	b.n	10000dfe <alarm_pool_irq_handler+0x14e>
10000df0:	eb03 0143 	add.w	r1, r3, r3, lsl #1
10000df4:	eb00 01c1 	add.w	r1, r0, r1, lsl #3
10000df8:	005a      	lsls	r2, r3, #1
10000dfa:	e9d1 7102 	ldrd	r7, r1, [r1, #8]
10000dfe:	45be      	cmp	lr, r7
10000e00:	eb78 0101 	sbcs.w	r1, r8, r1
10000e04:	441a      	add	r2, r3
10000e06:	db05      	blt.n	10000e14 <alarm_pool_irq_handler+0x164>
10000e08:	f930 3032 	ldrsh.w	r3, [r0, r2, lsl #3]
10000e0c:	eb00 0cc2 	add.w	ip, r0, r2, lsl #3
10000e10:	2b00      	cmp	r3, #0
10000e12:	daed      	bge.n	10000df0 <alarm_pool_irq_handler+0x140>
10000e14:	f829 303a 	strh.w	r3, [r9, sl, lsl #3]
10000e18:	f8ac 6000 	strh.w	r6, [ip]
10000e1c:	88ab      	ldrh	r3, [r5, #4]
10000e1e:	0419      	lsls	r1, r3, #16
10000e20:	f53f af6c 	bmi.w	10000cfc <alarm_pool_irq_handler+0x4c>
10000e24:	692b      	ldr	r3, [r5, #16]
10000e26:	f3ef 8210 	mrs	r2, PRIMASK
10000e2a:	b672      	cpsid	i
10000e2c:	e8d3 0fcf 	ldaexb	r0, [r3]
10000e30:	2101      	movs	r1, #1
10000e32:	2800      	cmp	r0, #0
10000e34:	d1fa      	bne.n	10000e2c <alarm_pool_irq_handler+0x17c>
10000e36:	e8c3 1f40 	strexb	r0, r1, [r3]
10000e3a:	2800      	cmp	r0, #0
10000e3c:	d1f6      	bne.n	10000e2c <alarm_pool_irq_handler+0x17c>
10000e3e:	f3bf 8f5f 	dmb	sy
10000e42:	f64f 76ff 	movw	r6, #65535	@ 0xffff
10000e46:	88a8      	ldrh	r0, [r5, #4]
10000e48:	2300      	movs	r3, #0
10000e4a:	6929      	ldr	r1, [r5, #16]
10000e4c:	b200      	sxth	r0, r0
10000e4e:	80ae      	strh	r6, [r5, #4]
10000e50:	e8c1 3f8f 	stlb	r3, [r1]
10000e54:	f382 8810 	msr	PRIMASK, r2
10000e58:	4298      	cmp	r0, r3
10000e5a:	f6ff af4f 	blt.w	10000cfc <alarm_pool_irq_handler+0x4c>
10000e5e:	4607      	mov	r7, r0
10000e60:	46a1      	mov	r9, r4
10000e62:	696e      	ldr	r6, [r5, #20]
10000e64:	f105 0808 	add.w	r8, r5, #8
10000e68:	f9b5 3008 	ldrsh.w	r3, [r5, #8]
10000e6c:	eb07 0e47 	add.w	lr, r7, r7, lsl #1
10000e70:	2b00      	cmp	r3, #0
10000e72:	46c4      	mov	ip, r8
10000e74:	eb06 02ce 	add.w	r2, r6, lr, lsl #3
10000e78:	db15      	blt.n	10000ea6 <alarm_pool_irq_handler+0x1f6>
10000e7a:	e9d2 4002 	ldrd	r4, r0, [r2, #8]
10000e7e:	46aa      	mov	sl, r5
10000e80:	9701      	str	r7, [sp, #4]
10000e82:	e004      	b.n	10000e8e <alarm_pool_irq_handler+0x1de>
10000e84:	f936 3035 	ldrsh.w	r3, [r6, r5, lsl #3]
10000e88:	4694      	mov	ip, r2
10000e8a:	2b00      	cmp	r3, #0
10000e8c:	db09      	blt.n	10000ea2 <alarm_pool_irq_handler+0x1f2>
10000e8e:	eb03 0543 	add.w	r5, r3, r3, lsl #1
10000e92:	eb06 02c5 	add.w	r2, r6, r5, lsl #3
10000e96:	e9d2 7102 	ldrd	r7, r1, [r2, #8]
10000e9a:	42bc      	cmp	r4, r7
10000e9c:	eb70 0101 	sbcs.w	r1, r0, r1
10000ea0:	daf0      	bge.n	10000e84 <alarm_pool_irq_handler+0x1d4>
10000ea2:	4655      	mov	r5, sl
10000ea4:	9f01      	ldr	r7, [sp, #4]
10000ea6:	f8ac 7000 	strh.w	r7, [ip]
10000eaa:	f936 703e 	ldrsh.w	r7, [r6, lr, lsl #3]
10000eae:	f826 303e 	strh.w	r3, [r6, lr, lsl #3]
10000eb2:	2f00      	cmp	r7, #0
10000eb4:	dad8      	bge.n	10000e68 <alarm_pool_irq_handler+0x1b8>
10000eb6:	79ab      	ldrb	r3, [r5, #6]
10000eb8:	464c      	mov	r4, r9
10000eba:	2b00      	cmp	r3, #0
10000ebc:	f43f af22 	beq.w	10000d04 <alarm_pool_irq_handler+0x54>
10000ec0:	2300      	movs	r3, #0
10000ec2:	71ab      	strb	r3, [r5, #6]
10000ec4:	f9b5 6008 	ldrsh.w	r6, [r5, #8]
10000ec8:	1c72      	adds	r2, r6, #1
10000eca:	4633      	mov	r3, r6
10000ecc:	d03b      	beq.n	10000f46 <alarm_pool_irq_handler+0x296>
10000ece:	6968      	ldr	r0, [r5, #20]
10000ed0:	f105 0e08 	add.w	lr, r5, #8
10000ed4:	e003      	b.n	10000ede <alarm_pool_irq_handler+0x22e>
10000ed6:	468e      	mov	lr, r1
10000ed8:	1c5a      	adds	r2, r3, #1
10000eda:	f43f af15 	beq.w	10000d08 <alarm_pool_irq_handler+0x58>
10000ede:	eb03 0243 	add.w	r2, r3, r3, lsl #1
10000ee2:	eb00 01c2 	add.w	r1, r0, r2, lsl #3
10000ee6:	884f      	ldrh	r7, [r1, #2]
10000ee8:	469c      	mov	ip, r3
10000eea:	043f      	lsls	r7, r7, #16
10000eec:	f930 3032 	ldrsh.w	r3, [r0, r2, lsl #3]
10000ef0:	d5f1      	bpl.n	10000ed6 <alarm_pool_irq_handler+0x226>
10000ef2:	4566      	cmp	r6, ip
10000ef4:	ed81 8b02 	vstr	d8, [r1, #8]
10000ef8:	d0ee      	beq.n	10000ed8 <alarm_pool_irq_handler+0x228>
10000efa:	f8ae 3000 	strh.w	r3, [lr]
10000efe:	8929      	ldrh	r1, [r5, #8]
10000f00:	4666      	mov	r6, ip
10000f02:	f820 1032 	strh.w	r1, [r0, r2, lsl #3]
10000f06:	f8a5 c008 	strh.w	ip, [r5, #8]
10000f0a:	e7e5      	b.n	10000ed8 <alarm_pool_irq_handler+0x228>
10000f0c:	f839 303a 	ldrh.w	r3, [r9, sl, lsl #3]
10000f10:	812b      	strh	r3, [r5, #8]
10000f12:	692b      	ldr	r3, [r5, #16]
10000f14:	f3ef 8210 	mrs	r2, PRIMASK
10000f18:	b672      	cpsid	i
10000f1a:	e8d3 0fcf 	ldaexb	r0, [r3]
10000f1e:	2101      	movs	r1, #1
10000f20:	2800      	cmp	r0, #0
10000f22:	d1fa      	bne.n	10000f1a <alarm_pool_irq_handler+0x26a>
10000f24:	e8c3 1f40 	strexb	r0, r1, [r3]
10000f28:	2800      	cmp	r0, #0
10000f2a:	d1f6      	bne.n	10000f1a <alarm_pool_irq_handler+0x26a>
10000f2c:	f3bf 8f5f 	dmb	sy
10000f30:	886b      	ldrh	r3, [r5, #2]
10000f32:	6929      	ldr	r1, [r5, #16]
10000f34:	f829 303a 	strh.w	r3, [r9, sl, lsl #3]
10000f38:	2300      	movs	r3, #0
10000f3a:	806e      	strh	r6, [r5, #2]
10000f3c:	e8c1 3f8f 	stlb	r3, [r1]
10000f40:	f382 8810 	msr	PRIMASK, r2
10000f44:	e6d6      	b.n	10000cf4 <alarm_pool_irq_handler+0x44>
10000f46:	bf40      	sev
10000f48:	b005      	add	sp, #20
10000f4a:	ecbd 8b02 	vpop	{d8}
10000f4e:	e8bd 8ff0 	ldmia.w	sp!, {r4, r5, r6, r7, r8, r9, sl, fp, pc}
10000f52:	4620      	mov	r0, r4
10000f54:	9303      	str	r3, [sp, #12]
10000f56:	9201      	str	r2, [sp, #4]
10000f58:	f000 fb4e 	bl	100015f8 <timer_time_us_64>
10000f5c:	9a01      	ldr	r2, [sp, #4]
10000f5e:	9b03      	ldr	r3, [sp, #12]
10000f60:	eb10 0e02 	adds.w	lr, r0, r2
10000f64:	eb43 0801 	adc.w	r8, r3, r1
10000f68:	e72b      	b.n	10000dc2 <alarm_pool_irq_handler+0x112>
10000f6a:	bf00      	nop
10000f6c:	f3af 8000 	nop.w
10000f70:	ffffffff 	.word	0xffffffff
10000f74:	ffffffff 	.word	0xffffffff
10000f78:	400b8000 	.word	0x400b8000
10000f7c:	20002130 	.word	0x20002130
10000f80:	400b0000 	.word	0x400b0000
10000f84:	10000cb1 	.word	0x10000cb1
10000f88:	4608      	mov	r0, r1
10000f8a:	690b      	ldr	r3, [r1, #16]
10000f8c:	9103      	str	r1, [sp, #12]
10000f8e:	4798      	blx	r3
10000f90:	2800      	cmp	r0, #0
10000f92:	d0bb      	beq.n	10000f0c <alarm_pool_irq_handler+0x25c>
10000f94:	9903      	ldr	r1, [sp, #12]
10000f96:	e9d1 2300 	ldrd	r2, r3, [r1]
10000f9a:	e706      	b.n	10000daa <alarm_pool_irq_handler+0xfa>

10000f9c <runtime_init_default_alarm_pool>:
10000f9c:	b538      	push	{r3, r4, r5, lr}
10000f9e:	4b38      	ldr	r3, [pc, #224]	@ (10001080 <runtime_init_default_alarm_pool+0xe4>)
10000fa0:	691c      	ldr	r4, [r3, #16]
10000fa2:	b12c      	cbz	r4, 10000fb0 <runtime_init_default_alarm_pool+0x14>
10000fa4:	e8bd 4038 	ldmia.w	sp!, {r3, r4, r5, lr}
10000fa8:	210a      	movs	r1, #10
10000faa:	4836      	ldr	r0, [pc, #216]	@ (10001084 <runtime_init_default_alarm_pool+0xe8>)
10000fac:	f7ff be10 	b.w	10000bd0 <lock_init>
10000fb0:	2103      	movs	r1, #3
10000fb2:	4835      	ldr	r0, [pc, #212]	@ (10001088 <runtime_init_default_alarm_pool+0xec>)
10000fb4:	f000 fb0e 	bl	100015d4 <timer_hardware_alarm_claim>
10000fb8:	4d33      	ldr	r5, [pc, #204]	@ (10001088 <runtime_init_default_alarm_pool+0xec>)
10000fba:	4b31      	ldr	r3, [pc, #196]	@ (10001080 <runtime_init_default_alarm_pool+0xe4>)
10000fbc:	60dd      	str	r5, [r3, #12]
10000fbe:	f7ff fbc5 	bl	1000074c <next_striped_spin_lock_num>
10000fc2:	4a32      	ldr	r2, [pc, #200]	@ (1000108c <runtime_init_default_alarm_pool+0xf0>)
10000fc4:	f04f 4e50 	mov.w	lr, #3489660928	@ 0xd0000000
10000fc8:	4402      	add	r2, r0
10000fca:	2003      	movs	r0, #3
10000fcc:	4b2c      	ldr	r3, [pc, #176]	@ (10001080 <runtime_init_default_alarm_pool+0xe4>)
10000fce:	f04f 0c0f 	mov.w	ip, #15
10000fd2:	7018      	strb	r0, [r3, #0]
10000fd4:	611a      	str	r2, [r3, #16]
10000fd6:	f8de 2000 	ldr.w	r2, [lr]
10000fda:	f64f 71ff 	movw	r1, #65535	@ 0xffff
10000fde:	705a      	strb	r2, [r3, #1]
10000fe0:	695a      	ldr	r2, [r3, #20]
10000fe2:	f8a3 c002 	strh.w	ip, [r3, #2]
10000fe6:	8314      	strh	r4, [r2, #24]
10000fe8:	f04f 0402 	mov.w	r4, #2
10000fec:	f8a2 4048 	strh.w	r4, [r2, #72]	@ 0x48
10000ff0:	f04f 0404 	mov.w	r4, #4
10000ff4:	f8a2 4078 	strh.w	r4, [r2, #120]	@ 0x78
10000ff8:	f04f 0405 	mov.w	r4, #5
10000ffc:	f8a2 4090 	strh.w	r4, [r2, #144]	@ 0x90
10001000:	f04f 0406 	mov.w	r4, #6
10001004:	f8a2 40a8 	strh.w	r4, [r2, #168]	@ 0xa8
10001008:	f04f 0407 	mov.w	r4, #7
1000100c:	f8a2 40c0 	strh.w	r4, [r2, #192]	@ 0xc0
10001010:	f04f 0409 	mov.w	r4, #9
10001014:	f8a2 40f0 	strh.w	r4, [r2, #240]	@ 0xf0
10001018:	f04f 040a 	mov.w	r4, #10
1000101c:	f8a2 4108 	strh.w	r4, [r2, #264]	@ 0x108
10001020:	f04f 040b 	mov.w	r4, #11
10001024:	f8a2 4120 	strh.w	r4, [r2, #288]	@ 0x120
10001028:	f04f 040c 	mov.w	r4, #12
1000102c:	f8a2 4138 	strh.w	r4, [r2, #312]	@ 0x138
10001030:	f04f 0401 	mov.w	r4, #1
10001034:	8614      	strh	r4, [r2, #48]	@ 0x30
10001036:	f04f 0408 	mov.w	r4, #8
1000103a:	f8a2 40d8 	strh.w	r4, [r2, #216]	@ 0xd8
1000103e:	4c14      	ldr	r4, [pc, #80]	@ (10001090 <runtime_init_default_alarm_pool+0xf4>)
10001040:	f04f 0e0d 	mov.w	lr, #13
10001044:	f04f 0c0e 	mov.w	ip, #14
10001048:	609c      	str	r4, [r3, #8]
1000104a:	2408      	movs	r4, #8
1000104c:	8099      	strh	r1, [r3, #4]
1000104e:	f8a2 e150 	strh.w	lr, [r2, #336]	@ 0x150
10001052:	f8a2 c168 	strh.w	ip, [r2, #360]	@ 0x168
10001056:	f8a2 0060 	strh.w	r0, [r2, #96]	@ 0x60
1000105a:	8011      	strh	r1, [r2, #0]
1000105c:	4a0d      	ldr	r2, [pc, #52]	@ (10001094 <runtime_init_default_alarm_pool+0xf8>)
1000105e:	622c      	str	r4, [r5, #32]
10001060:	490d      	ldr	r1, [pc, #52]	@ (10001098 <runtime_init_default_alarm_pool+0xfc>)
10001062:	60d3      	str	r3, [r2, #12]
10001064:	f7ff fc06 	bl	10000874 <irq_set_exclusive_handler>
10001068:	2101      	movs	r1, #1
1000106a:	2003      	movs	r0, #3
1000106c:	f7ff fbc0 	bl	100007f0 <irq_set_enabled>
10001070:	4b0a      	ldr	r3, [pc, #40]	@ (1000109c <runtime_init_default_alarm_pool+0x100>)
10001072:	210a      	movs	r1, #10
10001074:	641c      	str	r4, [r3, #64]	@ 0x40
10001076:	4803      	ldr	r0, [pc, #12]	@ (10001084 <runtime_init_default_alarm_pool+0xe8>)
10001078:	e8bd 4038 	ldmia.w	sp!, {r3, r4, r5, lr}
1000107c:	f7ff bda8 	b.w	10000bd0 <lock_init>
10001080:	200011a8 	.word	0x200011a8
10001084:	20002158 	.word	0x20002158
10001088:	400b0000 	.word	0x400b0000
1000108c:	20001884 	.word	0x20001884
10001090:	0010ffff 	.word	0x0010ffff
10001094:	20002130 	.word	0x20002130
10001098:	10000cb1 	.word	0x10000cb1
1000109c:	400b2000 	.word	0x400b2000

100010a0 <alarm_pool_get_default>:
100010a0:	4800      	ldr	r0, [pc, #0]	@ (100010a4 <alarm_pool_get_default+0x4>)
100010a2:	4770      	bx	lr
100010a4:	200011a8 	.word	0x200011a8

100010a8 <alarm_pool_add_alarm_at>:
100010a8:	b5f0      	push	{r4, r5, r6, r7, lr}
100010aa:	b083      	sub	sp, #12
100010ac:	f89d 4028 	ldrb.w	r4, [sp, #40]	@ 0x28
100010b0:	461d      	mov	r5, r3
100010b2:	4603      	mov	r3, r0
100010b4:	b954      	cbnz	r4, 100010cc <alarm_pool_add_alarm_at+0x24>
100010b6:	e9cd 0200 	strd	r0, r2, [sp]
100010ba:	f000 faa5 	bl	10001608 <time_us_64>
100010be:	9a01      	ldr	r2, [sp, #4]
100010c0:	9b00      	ldr	r3, [sp, #0]
100010c2:	4282      	cmp	r2, r0
100010c4:	eb65 0101 	sbc.w	r1, r5, r1
100010c8:	42a1      	cmp	r1, r4
100010ca:	db5b      	blt.n	10001184 <alarm_pool_add_alarm_at+0xdc>
100010cc:	6919      	ldr	r1, [r3, #16]
100010ce:	f3ef 8010 	mrs	r0, PRIMASK
100010d2:	b672      	cpsid	i
100010d4:	e8d1 6fcf 	ldaexb	r6, [r1]
100010d8:	2401      	movs	r4, #1
100010da:	2e00      	cmp	r6, #0
100010dc:	d1fa      	bne.n	100010d4 <alarm_pool_add_alarm_at+0x2c>
100010de:	e8c1 4f46 	strexb	r6, r4, [r1]
100010e2:	2e00      	cmp	r6, #0
100010e4:	d1f6      	bne.n	100010d4 <alarm_pool_add_alarm_at+0x2c>
100010e6:	f3bf 8f5f 	dmb	sy
100010ea:	f9b3 4002 	ldrsh.w	r4, [r3, #2]
100010ee:	691f      	ldr	r7, [r3, #16]
100010f0:	2c00      	cmp	r4, #0
100010f2:	db3e      	blt.n	10001172 <alarm_pool_add_alarm_at+0xca>
100010f4:	f8d3 c014 	ldr.w	ip, [r3, #20]
100010f8:	eb04 0e44 	add.w	lr, r4, r4, lsl #1
100010fc:	f83c 103e 	ldrh.w	r1, [ip, lr, lsl #3]
10001100:	2600      	movs	r6, #0
10001102:	8059      	strh	r1, [r3, #2]
10001104:	eb0c 01ce 	add.w	r1, ip, lr, lsl #3
10001108:	e8c7 6f8f 	stlb	r6, [r7]
1000110c:	f380 8810 	msr	PRIMASK, r0
10001110:	8848      	ldrh	r0, [r1, #2]
10001112:	e9c1 2502 	strd	r2, r5, [r1, #8]
10001116:	3001      	adds	r0, #1
10001118:	f3c0 000e 	ubfx	r0, r0, #0, #15
1000111c:	2801      	cmp	r0, #1
1000111e:	bf38      	it	cc
10001120:	2001      	movcc	r0, #1
10001122:	9a08      	ldr	r2, [sp, #32]
10001124:	8048      	strh	r0, [r1, #2]
10001126:	610a      	str	r2, [r1, #16]
10001128:	9a09      	ldr	r2, [sp, #36]	@ 0x24
1000112a:	ea40 4004 	orr.w	r0, r0, r4, lsl #16
1000112e:	614a      	str	r2, [r1, #20]
10001130:	691a      	ldr	r2, [r3, #16]
10001132:	f3ef 8110 	mrs	r1, PRIMASK
10001136:	b672      	cpsid	i
10001138:	e8d2 7fcf 	ldaexb	r7, [r2]
1000113c:	2501      	movs	r5, #1
1000113e:	2f00      	cmp	r7, #0
10001140:	d1fa      	bne.n	10001138 <alarm_pool_add_alarm_at+0x90>
10001142:	e8c2 5f47 	strexb	r7, r5, [r2]
10001146:	2f00      	cmp	r7, #0
10001148:	d1f6      	bne.n	10001138 <alarm_pool_add_alarm_at+0x90>
1000114a:	f3bf 8f5f 	dmb	sy
1000114e:	889a      	ldrh	r2, [r3, #4]
10001150:	f82c 203e 	strh.w	r2, [ip, lr, lsl #3]
10001154:	691a      	ldr	r2, [r3, #16]
10001156:	809c      	strh	r4, [r3, #4]
10001158:	e8c2 6f8f 	stlb	r6, [r2]
1000115c:	f381 8810 	msr	PRIMASK, r1
10001160:	2101      	movs	r1, #1
10001162:	781c      	ldrb	r4, [r3, #0]
10001164:	68da      	ldr	r2, [r3, #12]
10001166:	40a1      	lsls	r1, r4
10001168:	f502 5301 	add.w	r3, r2, #8256	@ 0x2040
1000116c:	6059      	str	r1, [r3, #4]
1000116e:	b003      	add	sp, #12
10001170:	bdf0      	pop	{r4, r5, r6, r7, pc}
10001172:	2300      	movs	r3, #0
10001174:	e8c7 3f8f 	stlb	r3, [r7]
10001178:	f380 8810 	msr	PRIMASK, r0
1000117c:	f04f 30ff 	mov.w	r0, #4294967295	@ 0xffffffff
10001180:	b003      	add	sp, #12
10001182:	bdf0      	pop	{r4, r5, r6, r7, pc}
10001184:	4620      	mov	r0, r4
10001186:	b003      	add	sp, #12
10001188:	bdf0      	pop	{r4, r5, r6, r7, pc}
1000118a:	bf00      	nop

1000118c <alarm_pool_add_alarm_at_force_in_context>:
1000118c:	b5f0      	push	{r4, r5, r6, r7, lr}
1000118e:	4616      	mov	r6, r2
10001190:	461f      	mov	r7, r3
10001192:	6902      	ldr	r2, [r0, #16]
10001194:	4603      	mov	r3, r0
10001196:	f3ef 8010 	mrs	r0, PRIMASK
1000119a:	b672      	cpsid	i
1000119c:	e8d2 4fcf 	ldaexb	r4, [r2]
100011a0:	2101      	movs	r1, #1
100011a2:	2c00      	cmp	r4, #0
100011a4:	d1fa      	bne.n	1000119c <alarm_pool_add_alarm_at_force_in_context+0x10>
100011a6:	e8c2 1f44 	strexb	r4, r1, [r2]
100011aa:	2c00      	cmp	r4, #0
100011ac:	d1f6      	bne.n	1000119c <alarm_pool_add_alarm_at_force_in_context+0x10>
100011ae:	f3bf 8f5f 	dmb	sy
100011b2:	f9b3 1002 	ldrsh.w	r1, [r3, #2]
100011b6:	691d      	ldr	r5, [r3, #16]
100011b8:	2900      	cmp	r1, #0
100011ba:	db45      	blt.n	10001248 <alarm_pool_add_alarm_at_force_in_context+0xbc>
100011bc:	f8d3 e014 	ldr.w	lr, [r3, #20]
100011c0:	eb01 0241 	add.w	r2, r1, r1, lsl #1
100011c4:	f83e 4032 	ldrh.w	r4, [lr, r2, lsl #3]
100011c8:	eb0e 0cc2 	add.w	ip, lr, r2, lsl #3
100011cc:	805c      	strh	r4, [r3, #2]
100011ce:	2400      	movs	r4, #0
100011d0:	e8c5 4f8f 	stlb	r4, [r5]
100011d4:	f380 8810 	msr	PRIMASK, r0
100011d8:	9805      	ldr	r0, [sp, #20]
100011da:	4635      	mov	r5, r6
100011dc:	f8cc 0010 	str.w	r0, [ip, #16]
100011e0:	9806      	ldr	r0, [sp, #24]
100011e2:	463e      	mov	r6, r7
100011e4:	f8cc 0014 	str.w	r0, [ip, #20]
100011e8:	f8bc 0002 	ldrh.w	r0, [ip, #2]
100011ec:	e9cc 5602 	strd	r5, r6, [ip, #8]
100011f0:	3001      	adds	r0, #1
100011f2:	f3c0 000e 	ubfx	r0, r0, #0, #15
100011f6:	2801      	cmp	r0, #1
100011f8:	bf38      	it	cc
100011fa:	2001      	movcc	r0, #1
100011fc:	f8ac 0002 	strh.w	r0, [ip, #2]
10001200:	ea40 4001 	orr.w	r0, r0, r1, lsl #16
10001204:	f8d3 c010 	ldr.w	ip, [r3, #16]
10001208:	f3ef 8510 	mrs	r5, PRIMASK
1000120c:	b672      	cpsid	i
1000120e:	e8dc 7fcf 	ldaexb	r7, [ip]
10001212:	2601      	movs	r6, #1
10001214:	2f00      	cmp	r7, #0
10001216:	d1fa      	bne.n	1000120e <alarm_pool_add_alarm_at_force_in_context+0x82>
10001218:	e8cc 6f47 	strexb	r7, r6, [ip]
1000121c:	2f00      	cmp	r7, #0
1000121e:	d1f6      	bne.n	1000120e <alarm_pool_add_alarm_at_force_in_context+0x82>
10001220:	f3bf 8f5f 	dmb	sy
10001224:	f8b3 c004 	ldrh.w	ip, [r3, #4]
10001228:	f82e c032 	strh.w	ip, [lr, r2, lsl #3]
1000122c:	8099      	strh	r1, [r3, #4]
1000122e:	691a      	ldr	r2, [r3, #16]
10001230:	e8c2 4f8f 	stlb	r4, [r2]
10001234:	f385 8810 	msr	PRIMASK, r5
10001238:	2101      	movs	r1, #1
1000123a:	781c      	ldrb	r4, [r3, #0]
1000123c:	68da      	ldr	r2, [r3, #12]
1000123e:	40a1      	lsls	r1, r4
10001240:	f502 5301 	add.w	r3, r2, #8256	@ 0x2040
10001244:	6059      	str	r1, [r3, #4]
10001246:	bdf0      	pop	{r4, r5, r6, r7, pc}
10001248:	2300      	movs	r3, #0
1000124a:	e8c5 3f8f 	stlb	r3, [r5]
1000124e:	f380 8810 	msr	PRIMASK, r0
10001252:	f04f 30ff 	mov.w	r0, #4294967295	@ 0xffffffff
10001256:	bdf0      	pop	{r4, r5, r6, r7, pc}

10001258 <alarm_pool_cancel_alarm>:
10001258:	4603      	mov	r3, r0
1000125a:	8940      	ldrh	r0, [r0, #10]
1000125c:	ebb0 4f21 	cmp.w	r0, r1, asr #16
10001260:	dd3a      	ble.n	100012d8 <alarm_pool_cancel_alarm+0x80>
10001262:	6958      	ldr	r0, [r3, #20]
10001264:	140a      	asrs	r2, r1, #16
10001266:	eb02 0242 	add.w	r2, r2, r2, lsl #1
1000126a:	b510      	push	{r4, lr}
1000126c:	f8d3 c010 	ldr.w	ip, [r3, #16]
10001270:	eb00 00c2 	add.w	r0, r0, r2, lsl #3
10001274:	f3ef 8e10 	mrs	lr, PRIMASK
10001278:	b672      	cpsid	i
1000127a:	e8dc 4fcf 	ldaexb	r4, [ip]
1000127e:	2201      	movs	r2, #1
10001280:	2c00      	cmp	r4, #0
10001282:	d1fa      	bne.n	1000127a <alarm_pool_cancel_alarm+0x22>
10001284:	e8cc 2f44 	strexb	r4, r2, [ip]
10001288:	2c00      	cmp	r4, #0
1000128a:	d1f6      	bne.n	1000127a <alarm_pool_cancel_alarm+0x22>
1000128c:	f3bf 8f5f 	dmb	sy
10001290:	8842      	ldrh	r2, [r0, #2]
10001292:	b289      	uxth	r1, r1
10001294:	b292      	uxth	r2, r2
10001296:	428a      	cmp	r2, r1
10001298:	d007      	beq.n	100012aa <alarm_pool_cancel_alarm+0x52>
1000129a:	2200      	movs	r2, #0
1000129c:	691b      	ldr	r3, [r3, #16]
1000129e:	e8c3 2f8f 	stlb	r2, [r3]
100012a2:	f38e 8810 	msr	PRIMASK, lr
100012a6:	2000      	movs	r0, #0
100012a8:	bd10      	pop	{r4, pc}
100012aa:	ea6f 4242 	mvn.w	r2, r2, lsl #17
100012ae:	ea6f 4252 	mvn.w	r2, r2, lsr #17
100012b2:	8042      	strh	r2, [r0, #2]
100012b4:	2101      	movs	r1, #1
100012b6:	2200      	movs	r2, #0
100012b8:	6918      	ldr	r0, [r3, #16]
100012ba:	7199      	strb	r1, [r3, #6]
100012bc:	e8c0 2f8f 	stlb	r2, [r0]
100012c0:	f38e 8810 	msr	PRIMASK, lr
100012c4:	f893 c000 	ldrb.w	ip, [r3]
100012c8:	68da      	ldr	r2, [r3, #12]
100012ca:	4608      	mov	r0, r1
100012cc:	f502 5301 	add.w	r3, r2, #8256	@ 0x2040
100012d0:	fa01 f10c 	lsl.w	r1, r1, ip
100012d4:	6059      	str	r1, [r3, #4]
100012d6:	bd10      	pop	{r4, pc}
100012d8:	2000      	movs	r0, #0
100012da:	4770      	bx	lr

100012dc <alarm_pool_core_num>:
100012dc:	7840      	ldrb	r0, [r0, #1]
100012de:	4770      	bx	lr

100012e0 <sleep_ms>:
100012e0:	e92d 41f0 	stmdb	sp!, {r4, r5, r6, r7, r8, lr}
100012e4:	b082      	sub	sp, #8
100012e6:	4606      	mov	r6, r0
100012e8:	f000 f98e 	bl	10001608 <time_us_64>
100012ec:	f44f 737a 	mov.w	r3, #1000	@ 0x3e8
100012f0:	4604      	mov	r4, r0
100012f2:	f04f 30ff 	mov.w	r0, #4294967295	@ 0xffffffff
100012f6:	f06f 4200 	mvn.w	r2, #2147483648	@ 0x80000000
100012fa:	fbe6 4103 	umlal	r4, r1, r6, r3
100012fe:	42a0      	cmp	r0, r4
10001300:	eb72 0301 	sbcs.w	r3, r2, r1
10001304:	bf3a      	itte	cc
10001306:	4604      	movcc	r4, r0
10001308:	4615      	movcc	r5, r2
1000130a:	460d      	movcs	r5, r1
1000130c:	1fa6      	subs	r6, r4, #6
1000130e:	f145 37ff 	adc.w	r7, r5, #4294967295	@ 0xffffffff
10001312:	42b4      	cmp	r4, r6
10001314:	eb75 0307 	sbcs.w	r3, r5, r7
10001318:	bf3c      	itt	cc
1000131a:	2600      	movcc	r6, #0
1000131c:	4637      	movcc	r7, r6
1000131e:	f000 f973 	bl	10001608 <time_us_64>
10001322:	1a30      	subs	r0, r6, r0
10001324:	eb67 0101 	sbc.w	r1, r7, r1
10001328:	2801      	cmp	r0, #1
1000132a:	f171 0100 	sbcs.w	r1, r1, #0
1000132e:	da06      	bge.n	1000133e <sleep_ms+0x5e>
10001330:	4620      	mov	r0, r4
10001332:	4629      	mov	r1, r5
10001334:	b002      	add	sp, #8
10001336:	e8bd 41f0 	ldmia.w	sp!, {r4, r5, r6, r7, r8, lr}
1000133a:	f000 b99f 	b.w	1000167c <busy_wait_until>
1000133e:	f000 f963 	bl	10001608 <time_us_64>
10001342:	4286      	cmp	r6, r0
10001344:	eb67 0101 	sbc.w	r1, r7, r1
10001348:	2900      	cmp	r1, #0
1000134a:	db0a      	blt.n	10001362 <sleep_ms+0x82>
1000134c:	2100      	movs	r1, #0
1000134e:	4b17      	ldr	r3, [pc, #92]	@ (100013ac <sleep_ms+0xcc>)
10001350:	4632      	mov	r2, r6
10001352:	9300      	str	r3, [sp, #0]
10001354:	4816      	ldr	r0, [pc, #88]	@ (100013b0 <sleep_ms+0xd0>)
10001356:	463b      	mov	r3, r7
10001358:	9101      	str	r1, [sp, #4]
1000135a:	f7ff ff17 	bl	1000118c <alarm_pool_add_alarm_at_force_in_context>
1000135e:	3001      	adds	r0, #1
10001360:	d0e6      	beq.n	10001330 <sleep_ms+0x50>
10001362:	f04f 0c00 	mov.w	ip, #0
10001366:	4a13      	ldr	r2, [pc, #76]	@ (100013b4 <sleep_ms+0xd4>)
10001368:	4913      	ldr	r1, [pc, #76]	@ (100013b8 <sleep_ms+0xd8>)
1000136a:	6a53      	ldr	r3, [r2, #36]	@ 0x24
1000136c:	429f      	cmp	r7, r3
1000136e:	d804      	bhi.n	1000137a <sleep_ms+0x9a>
10001370:	6a90      	ldr	r0, [r2, #40]	@ 0x28
10001372:	42b0      	cmp	r0, r6
10001374:	d2dc      	bcs.n	10001330 <sleep_ms+0x50>
10001376:	429f      	cmp	r7, r3
10001378:	d1da      	bne.n	10001330 <sleep_ms+0x50>
1000137a:	680b      	ldr	r3, [r1, #0]
1000137c:	f3ef 8010 	mrs	r0, PRIMASK
10001380:	b672      	cpsid	i
10001382:	e8d3 8fcf 	ldaexb	r8, [r3]
10001386:	f05f 0e01 	movs.w	lr, #1
1000138a:	f1b8 0f00 	cmp.w	r8, #0
1000138e:	d1f8      	bne.n	10001382 <sleep_ms+0xa2>
10001390:	e8c3 ef48 	strexb	r8, lr, [r3]
10001394:	f1b8 0f00 	cmp.w	r8, #0
10001398:	d1f3      	bne.n	10001382 <sleep_ms+0xa2>
1000139a:	f3bf 8f5f 	dmb	sy
1000139e:	680b      	ldr	r3, [r1, #0]
100013a0:	e8c3 cf8f 	stlb	ip, [r3]
100013a4:	f380 8810 	msr	PRIMASK, r0
100013a8:	bf20      	wfe
100013aa:	e7de      	b.n	1000136a <sleep_ms+0x8a>
100013ac:	10000c71 	.word	0x10000c71
100013b0:	200011a8 	.word	0x200011a8
100013b4:	400b0000 	.word	0x400b0000
100013b8:	20002158 	.word	0x20002158

100013bc <best_effort_wfe_or_timeout>:
100013bc:	f3ef 8205 	mrs	r2, IPSR
100013c0:	b2d2      	uxtb	r2, r2
100013c2:	b182      	cbz	r2, 100013e6 <best_effort_wfe_or_timeout+0x2a>
100013c4:	4b38      	ldr	r3, [pc, #224]	@ (100014a8 <best_effort_wfe_or_timeout+0xec>)
100013c6:	6a5a      	ldr	r2, [r3, #36]	@ 0x24
100013c8:	428a      	cmp	r2, r1
100013ca:	d202      	bcs.n	100013d2 <best_effort_wfe_or_timeout+0x16>
100013cc:	2200      	movs	r2, #0
100013ce:	4610      	mov	r0, r2
100013d0:	4770      	bx	lr
100013d2:	bf14      	ite	ne
100013d4:	2201      	movne	r2, #1
100013d6:	2200      	moveq	r2, #0
100013d8:	6a9b      	ldr	r3, [r3, #40]	@ 0x28
100013da:	4283      	cmp	r3, r0
100013dc:	bf28      	it	cs
100013de:	f042 0201 	orrcs.w	r2, r2, #1
100013e2:	4610      	mov	r0, r2
100013e4:	4770      	bx	lr
100013e6:	b570      	push	{r4, r5, r6, lr}
100013e8:	b084      	sub	sp, #16
100013ea:	9203      	str	r2, [sp, #12]
100013ec:	4a2f      	ldr	r2, [pc, #188]	@ (100014ac <best_effort_wfe_or_timeout+0xf0>)
100013ee:	4606      	mov	r6, r0
100013f0:	68d3      	ldr	r3, [r2, #12]
100013f2:	7815      	ldrb	r5, [r2, #0]
100013f4:	4618      	mov	r0, r3
100013f6:	460c      	mov	r4, r1
100013f8:	9302      	str	r3, [sp, #8]
100013fa:	f000 f8fd 	bl	100015f8 <timer_time_us_64>
100013fe:	9b02      	ldr	r3, [sp, #8]
10001400:	f105 0c04 	add.w	ip, r5, #4
10001404:	f853 c02c 	ldr.w	ip, [r3, ip, lsl #2]
10001408:	9a03      	ldr	r2, [sp, #12]
1000140a:	ebac 0c00 	sub.w	ip, ip, r0
1000140e:	1a30      	subs	r0, r6, r0
10001410:	eb64 0101 	sbc.w	r1, r4, r1
10001414:	4560      	cmp	r0, ip
10001416:	f171 0100 	sbcs.w	r1, r1, #0
1000141a:	db0f      	blt.n	1000143c <best_effort_wfe_or_timeout+0x80>
1000141c:	bf20      	wfe
1000141e:	4b22      	ldr	r3, [pc, #136]	@ (100014a8 <best_effort_wfe_or_timeout+0xec>)
10001420:	6a59      	ldr	r1, [r3, #36]	@ 0x24
10001422:	42a1      	cmp	r1, r4
10001424:	d307      	bcc.n	10001436 <best_effort_wfe_or_timeout+0x7a>
10001426:	bf14      	ite	ne
10001428:	2201      	movne	r2, #1
1000142a:	2200      	moveq	r2, #0
1000142c:	6a9b      	ldr	r3, [r3, #40]	@ 0x28
1000142e:	42b3      	cmp	r3, r6
10001430:	bf28      	it	cs
10001432:	f042 0201 	orrcs.w	r2, r2, #1
10001436:	4610      	mov	r0, r2
10001438:	b004      	add	sp, #16
1000143a:	bd70      	pop	{r4, r5, r6, pc}
1000143c:	9202      	str	r2, [sp, #8]
1000143e:	f000 f8e3 	bl	10001608 <time_us_64>
10001442:	4286      	cmp	r6, r0
10001444:	eb64 0101 	sbc.w	r1, r4, r1
10001448:	2900      	cmp	r1, #0
1000144a:	9a02      	ldr	r2, [sp, #8]
1000144c:	db1b      	blt.n	10001486 <best_effort_wfe_or_timeout+0xca>
1000144e:	4918      	ldr	r1, [pc, #96]	@ (100014b0 <best_effort_wfe_or_timeout+0xf4>)
10001450:	4623      	mov	r3, r4
10001452:	e9cd 1200 	strd	r1, r2, [sp]
10001456:	4815      	ldr	r0, [pc, #84]	@ (100014ac <best_effort_wfe_or_timeout+0xf0>)
10001458:	4632      	mov	r2, r6
1000145a:	f7ff fe97 	bl	1000118c <alarm_pool_add_alarm_at_force_in_context>
1000145e:	1e01      	subs	r1, r0, #0
10001460:	dd11      	ble.n	10001486 <best_effort_wfe_or_timeout+0xca>
10001462:	4b11      	ldr	r3, [pc, #68]	@ (100014a8 <best_effort_wfe_or_timeout+0xec>)
10001464:	6a5a      	ldr	r2, [r3, #36]	@ 0x24
10001466:	42a2      	cmp	r2, r4
10001468:	d31c      	bcc.n	100014a4 <best_effort_wfe_or_timeout+0xe8>
1000146a:	6a9b      	ldr	r3, [r3, #40]	@ 0x28
1000146c:	42b3      	cmp	r3, r6
1000146e:	d317      	bcc.n	100014a0 <best_effort_wfe_or_timeout+0xe4>
10001470:	480e      	ldr	r0, [pc, #56]	@ (100014ac <best_effort_wfe_or_timeout+0xf0>)
10001472:	f7ff fef1 	bl	10001258 <alarm_pool_cancel_alarm>
10001476:	4b0c      	ldr	r3, [pc, #48]	@ (100014a8 <best_effort_wfe_or_timeout+0xec>)
10001478:	6a5a      	ldr	r2, [r3, #36]	@ 0x24
1000147a:	42a2      	cmp	r2, r4
1000147c:	d2d3      	bcs.n	10001426 <best_effort_wfe_or_timeout+0x6a>
1000147e:	2200      	movs	r2, #0
10001480:	4610      	mov	r0, r2
10001482:	b004      	add	sp, #16
10001484:	bd70      	pop	{r4, r5, r6, pc}
10001486:	4b08      	ldr	r3, [pc, #32]	@ (100014a8 <best_effort_wfe_or_timeout+0xec>)
10001488:	6a5a      	ldr	r2, [r3, #36]	@ 0x24
1000148a:	42a2      	cmp	r2, r4
1000148c:	d3f7      	bcc.n	1000147e <best_effort_wfe_or_timeout+0xc2>
1000148e:	1b12      	subs	r2, r2, r4
10001490:	bf18      	it	ne
10001492:	2201      	movne	r2, #1
10001494:	6a9b      	ldr	r3, [r3, #40]	@ 0x28
10001496:	42b3      	cmp	r3, r6
10001498:	bf28      	it	cs
1000149a:	f042 0201 	orrcs.w	r2, r2, #1
1000149e:	e7ca      	b.n	10001436 <best_effort_wfe_or_timeout+0x7a>
100014a0:	42a2      	cmp	r2, r4
100014a2:	d1e5      	bne.n	10001470 <best_effort_wfe_or_timeout+0xb4>
100014a4:	bf20      	wfe
100014a6:	e7e3      	b.n	10001470 <best_effort_wfe_or_timeout+0xb4>
100014a8:	400b0000 	.word	0x400b0000
100014ac:	200011a8 	.word	0x200011a8
100014b0:	10000c71 	.word	0x10000c71

100014b4 <alarm_pool_add_repeating_timer_us>:
100014b4:	e92d 47f0 	stmdb	sp!, {r4, r5, r6, r7, r8, r9, sl, lr}
100014b8:	4604      	mov	r4, r0
100014ba:	e9dd 1509 	ldrd	r1, r5, [sp, #36]	@ 0x24
100014be:	ea52 0003 	orrs.w	r0, r2, r3
100014c2:	d072      	beq.n	100015aa <alarm_pool_add_repeating_timer_us+0xf6>
100014c4:	2b00      	cmp	r3, #0
100014c6:	4617      	mov	r7, r2
100014c8:	461e      	mov	r6, r3
100014ca:	db73      	blt.n	100015b4 <alarm_pool_add_repeating_timer_us+0x100>
100014cc:	9808      	ldr	r0, [sp, #32]
100014ce:	e9c5 2300 	strd	r2, r3, [r5]
100014d2:	6128      	str	r0, [r5, #16]
100014d4:	60ac      	str	r4, [r5, #8]
100014d6:	6169      	str	r1, [r5, #20]
100014d8:	f000 f896 	bl	10001608 <time_us_64>
100014dc:	6923      	ldr	r3, [r4, #16]
100014de:	468a      	mov	sl, r1
100014e0:	f3ef 8810 	mrs	r8, PRIMASK
100014e4:	b672      	cpsid	i
100014e6:	e8d3 1fcf 	ldaexb	r1, [r3]
100014ea:	2201      	movs	r2, #1
100014ec:	2900      	cmp	r1, #0
100014ee:	d1fa      	bne.n	100014e6 <alarm_pool_add_repeating_timer_us+0x32>
100014f0:	e8c3 2f41 	strexb	r1, r2, [r3]
100014f4:	2900      	cmp	r1, #0
100014f6:	d1f6      	bne.n	100014e6 <alarm_pool_add_repeating_timer_us+0x32>
100014f8:	f3bf 8f5f 	dmb	sy
100014fc:	f9b4 2002 	ldrsh.w	r2, [r4, #2]
10001500:	6923      	ldr	r3, [r4, #16]
10001502:	2a00      	cmp	r2, #0
10001504:	db5a      	blt.n	100015bc <alarm_pool_add_repeating_timer_us+0x108>
10001506:	f8d4 c014 	ldr.w	ip, [r4, #20]
1000150a:	eb02 0e42 	add.w	lr, r2, r2, lsl #1
1000150e:	f83c 103e 	ldrh.w	r1, [ip, lr, lsl #3]
10001512:	f04f 0900 	mov.w	r9, #0
10001516:	8061      	strh	r1, [r4, #2]
10001518:	eb0c 01ce 	add.w	r1, ip, lr, lsl #3
1000151c:	e8c3 9f8f 	stlb	r9, [r3]
10001520:	f388 8810 	msr	PRIMASK, r8
10001524:	19c0      	adds	r0, r0, r7
10001526:	f04f 37ff 	mov.w	r7, #4294967295	@ 0xffffffff
1000152a:	f06f 4300 	mvn.w	r3, #2147483648	@ 0x80000000
1000152e:	f8df 80a0 	ldr.w	r8, [pc, #160]	@ 100015d0 <alarm_pool_add_repeating_timer_us+0x11c>
10001532:	eb46 060a 	adc.w	r6, r6, sl
10001536:	4287      	cmp	r7, r0
10001538:	f8c1 8010 	str.w	r8, [r1, #16]
1000153c:	eb73 0806 	sbcs.w	r8, r3, r6
10001540:	bf38      	it	cc
10001542:	461e      	movcc	r6, r3
10001544:	884b      	ldrh	r3, [r1, #2]
10001546:	bf38      	it	cc
10001548:	4638      	movcc	r0, r7
1000154a:	3301      	adds	r3, #1
1000154c:	f3c3 030e 	ubfx	r3, r3, #0, #15
10001550:	2b01      	cmp	r3, #1
10001552:	bf38      	it	cc
10001554:	2301      	movcc	r3, #1
10001556:	e9c1 0602 	strd	r0, r6, [r1, #8]
1000155a:	804b      	strh	r3, [r1, #2]
1000155c:	614d      	str	r5, [r1, #20]
1000155e:	ea43 4302 	orr.w	r3, r3, r2, lsl #16
10001562:	6921      	ldr	r1, [r4, #16]
10001564:	f3ef 8010 	mrs	r0, PRIMASK
10001568:	b672      	cpsid	i
1000156a:	e8d1 7fcf 	ldaexb	r7, [r1]
1000156e:	2601      	movs	r6, #1
10001570:	2f00      	cmp	r7, #0
10001572:	d1fa      	bne.n	1000156a <alarm_pool_add_repeating_timer_us+0xb6>
10001574:	e8c1 6f47 	strexb	r7, r6, [r1]
10001578:	2f00      	cmp	r7, #0
1000157a:	d1f6      	bne.n	1000156a <alarm_pool_add_repeating_timer_us+0xb6>
1000157c:	f3bf 8f5f 	dmb	sy
10001580:	88a1      	ldrh	r1, [r4, #4]
10001582:	f82c 103e 	strh.w	r1, [ip, lr, lsl #3]
10001586:	80a2      	strh	r2, [r4, #4]
10001588:	6921      	ldr	r1, [r4, #16]
1000158a:	2200      	movs	r2, #0
1000158c:	e8c1 2f8f 	stlb	r2, [r1]
10001590:	f380 8810 	msr	PRIMASK, r0
10001594:	2001      	movs	r0, #1
10001596:	7821      	ldrb	r1, [r4, #0]
10001598:	68e2      	ldr	r2, [r4, #12]
1000159a:	fa00 f101 	lsl.w	r1, r0, r1
1000159e:	f502 5201 	add.w	r2, r2, #8256	@ 0x2040
100015a2:	6051      	str	r1, [r2, #4]
100015a4:	60eb      	str	r3, [r5, #12]
100015a6:	e8bd 87f0 	ldmia.w	sp!, {r4, r5, r6, r7, r8, r9, sl, pc}
100015aa:	2701      	movs	r7, #1
100015ac:	2600      	movs	r6, #0
100015ae:	463a      	mov	r2, r7
100015b0:	4633      	mov	r3, r6
100015b2:	e78b      	b.n	100014cc <alarm_pool_add_repeating_timer_us+0x18>
100015b4:	4257      	negs	r7, r2
100015b6:	eb63 0643 	sbc.w	r6, r3, r3, lsl #1
100015ba:	e787      	b.n	100014cc <alarm_pool_add_repeating_timer_us+0x18>
100015bc:	2000      	movs	r0, #0
100015be:	e8c3 0f8f 	stlb	r0, [r3]
100015c2:	f388 8810 	msr	PRIMASK, r8
100015c6:	f04f 33ff 	mov.w	r3, #4294967295	@ 0xffffffff
100015ca:	60eb      	str	r3, [r5, #12]
100015cc:	e8bd 87f0 	ldmia.w	sp!, {r4, r5, r6, r7, r8, r9, sl, pc}
100015d0:	10000cb1 	.word	0x10000cb1

100015d4 <timer_hardware_alarm_claim>:
100015d4:	b410      	push	{r4}
100015d6:	4b05      	ldr	r3, [pc, #20]	@ (100015ec <timer_hardware_alarm_claim+0x18>)
100015d8:	4c05      	ldr	r4, [pc, #20]	@ (100015f0 <timer_hardware_alarm_claim+0x1c>)
100015da:	4a06      	ldr	r2, [pc, #24]	@ (100015f4 <timer_hardware_alarm_claim+0x20>)
100015dc:	42a0      	cmp	r0, r4
100015de:	bf14      	ite	ne
100015e0:	4618      	movne	r0, r3
100015e2:	1c58      	addeq	r0, r3, #1
100015e4:	bc10      	pop	{r4}
100015e6:	f7ff b843 	b.w	10000670 <hw_claim_or_assert>
100015ea:	bf00      	nop
100015ec:	20001ca4 	.word	0x20001ca4
100015f0:	400b8000 	.word	0x400b8000
100015f4:	100069bc 	.word	0x100069bc

100015f8 <timer_time_us_64>:
100015f8:	4603      	mov	r3, r0
100015fa:	6a41      	ldr	r1, [r0, #36]	@ 0x24
100015fc:	460a      	mov	r2, r1
100015fe:	6a98      	ldr	r0, [r3, #40]	@ 0x28
10001600:	6a59      	ldr	r1, [r3, #36]	@ 0x24
10001602:	428a      	cmp	r2, r1
10001604:	d1fa      	bne.n	100015fc <timer_time_us_64+0x4>
10001606:	4770      	bx	lr

10001608 <time_us_64>:
10001608:	4b03      	ldr	r3, [pc, #12]	@ (10001618 <time_us_64+0x10>)
1000160a:	6a59      	ldr	r1, [r3, #36]	@ 0x24
1000160c:	460a      	mov	r2, r1
1000160e:	6a98      	ldr	r0, [r3, #40]	@ 0x28
10001610:	6a59      	ldr	r1, [r3, #36]	@ 0x24
10001612:	4291      	cmp	r1, r2
10001614:	d1fa      	bne.n	1000160c <time_us_64+0x4>
10001616:	4770      	bx	lr
10001618:	400b0000 	.word	0x400b0000

1000161c <busy_wait_us>:
1000161c:	b500      	push	{lr}
1000161e:	468e      	mov	lr, r1
10001620:	4a15      	ldr	r2, [pc, #84]	@ (10001678 <busy_wait_us+0x5c>)
10001622:	6a53      	ldr	r3, [r2, #36]	@ 0x24
10001624:	469c      	mov	ip, r3
10001626:	6a91      	ldr	r1, [r2, #40]	@ 0x28
10001628:	6a53      	ldr	r3, [r2, #36]	@ 0x24
1000162a:	4563      	cmp	r3, ip
1000162c:	d1fa      	bne.n	10001624 <busy_wait_us+0x8>
1000162e:	1840      	adds	r0, r0, r1
10001630:	eb53 030e 	adcs.w	r3, r3, lr
10001634:	f04f 0200 	mov.w	r2, #0
10001638:	bf28      	it	cs
1000163a:	2201      	movcs	r2, #1
1000163c:	b1ba      	cbz	r2, 1000166e <busy_wait_us+0x52>
1000163e:	4b0e      	ldr	r3, [pc, #56]	@ (10001678 <busy_wait_us+0x5c>)
10001640:	6a5a      	ldr	r2, [r3, #36]	@ 0x24
10001642:	1c53      	adds	r3, r2, #1
10001644:	bf08      	it	eq
10001646:	4610      	moveq	r0, r2
10001648:	d008      	beq.n	1000165c <busy_wait_us+0x40>
1000164a:	f04f 33ff 	mov.w	r3, #4294967295	@ 0xffffffff
1000164e:	4618      	mov	r0, r3
10001650:	4909      	ldr	r1, [pc, #36]	@ (10001678 <busy_wait_us+0x5c>)
10001652:	6a4a      	ldr	r2, [r1, #36]	@ 0x24
10001654:	429a      	cmp	r2, r3
10001656:	d3fc      	bcc.n	10001652 <busy_wait_us+0x36>
10001658:	429a      	cmp	r2, r3
1000165a:	d107      	bne.n	1000166c <busy_wait_us+0x50>
1000165c:	4b06      	ldr	r3, [pc, #24]	@ (10001678 <busy_wait_us+0x5c>)
1000165e:	e002      	b.n	10001666 <busy_wait_us+0x4a>
10001660:	6a59      	ldr	r1, [r3, #36]	@ 0x24
10001662:	4291      	cmp	r1, r2
10001664:	d102      	bne.n	1000166c <busy_wait_us+0x50>
10001666:	6a99      	ldr	r1, [r3, #40]	@ 0x28
10001668:	4281      	cmp	r1, r0
1000166a:	d3f9      	bcc.n	10001660 <busy_wait_us+0x44>
1000166c:	bd00      	pop	{pc}
1000166e:	4a02      	ldr	r2, [pc, #8]	@ (10001678 <busy_wait_us+0x5c>)
10001670:	6a52      	ldr	r2, [r2, #36]	@ 0x24
10001672:	4293      	cmp	r3, r2
10001674:	d8ec      	bhi.n	10001650 <busy_wait_us+0x34>
10001676:	e7ef      	b.n	10001658 <busy_wait_us+0x3c>
10001678:	400b0000 	.word	0x400b0000

1000167c <busy_wait_until>:
1000167c:	4a07      	ldr	r2, [pc, #28]	@ (1000169c <busy_wait_until+0x20>)
1000167e:	6a53      	ldr	r3, [r2, #36]	@ 0x24
10001680:	4299      	cmp	r1, r3
10001682:	d8fc      	bhi.n	1000167e <busy_wait_until+0x2>
10001684:	4299      	cmp	r1, r3
10001686:	d107      	bne.n	10001698 <busy_wait_until+0x1c>
10001688:	4b04      	ldr	r3, [pc, #16]	@ (1000169c <busy_wait_until+0x20>)
1000168a:	e002      	b.n	10001692 <busy_wait_until+0x16>
1000168c:	6a5a      	ldr	r2, [r3, #36]	@ 0x24
1000168e:	4291      	cmp	r1, r2
10001690:	d102      	bne.n	10001698 <busy_wait_until+0x1c>
10001692:	6a9a      	ldr	r2, [r3, #40]	@ 0x28
10001694:	4290      	cmp	r0, r2
10001696:	d8f9      	bhi.n	1000168c <busy_wait_until+0x10>
10001698:	4770      	bx	lr
1000169a:	bf00      	nop
1000169c:	400b0000 	.word	0x400b0000

100016a0 <clock_configure_undivided>:
100016a0:	eb00 0c40 	add.w	ip, r0, r0, lsl #1
100016a4:	ea4f 0c8c 	mov.w	ip, ip, lsl #2
100016a8:	f10c 4c80 	add.w	ip, ip, #1073741824	@ 0x40000000
100016ac:	f50c 3c80 	add.w	ip, ip, #65536	@ 0x10000
100016b0:	b570      	push	{r4, r5, r6, lr}
100016b2:	461e      	mov	r6, r3
100016b4:	f8dc 3004 	ldr.w	r3, [ip, #4]
100016b8:	1f04      	subs	r4, r0, #4
100016ba:	f5b3 3f80 	cmp.w	r3, #65536	@ 0x10000
100016be:	bf38      	it	cc
100016c0:	f44f 3380 	movcc.w	r3, #65536	@ 0x10000
100016c4:	b2e4      	uxtb	r4, r4
100016c6:	bf38      	it	cc
100016c8:	f8cc 3004 	strcc.w	r3, [ip, #4]
100016cc:	2c01      	cmp	r4, #1
100016ce:	d92e      	bls.n	1000172e <clock_configure_undivided+0x8e>
100016d0:	f44f 6500 	mov.w	r5, #2048	@ 0x800
100016d4:	4b28      	ldr	r3, [pc, #160]	@ (10001778 <clock_configure_undivided+0xd8>)
100016d6:	f50c 5e40 	add.w	lr, ip, #12288	@ 0x3000
100016da:	f8ce 5000 	str.w	r5, [lr]
100016de:	f853 e020 	ldr.w	lr, [r3, r0, lsl #2]
100016e2:	f1be 0f00 	cmp.w	lr, #0
100016e6:	d117      	bne.n	10001718 <clock_configure_undivided+0x78>
100016e8:	f8dc e000 	ldr.w	lr, [ip]
100016ec:	2c01      	cmp	r4, #1
100016ee:	ea8e 1242 	eor.w	r2, lr, r2, lsl #5
100016f2:	f002 02e0 	and.w	r2, r2, #224	@ 0xe0
100016f6:	f50c 5e80 	add.w	lr, ip, #4096	@ 0x1000
100016fa:	f8ce 2000 	str.w	r2, [lr]
100016fe:	d92b      	bls.n	10001758 <clock_configure_undivided+0xb8>
10001700:	f44f 6100 	mov.w	r1, #2048	@ 0x800
10001704:	f843 6020 	str.w	r6, [r3, r0, lsl #2]
10001708:	f44f 3380 	mov.w	r3, #65536	@ 0x10000
1000170c:	f50c 5200 	add.w	r2, ip, #8192	@ 0x2000
10001710:	6011      	str	r1, [r2, #0]
10001712:	f8cc 3004 	str.w	r3, [ip, #4]
10001716:	bd70      	pop	{r4, r5, r6, pc}
10001718:	695d      	ldr	r5, [r3, #20]
1000171a:	fbb5 fefe 	udiv	lr, r5, lr
1000171e:	f10e 0e01 	add.w	lr, lr, #1
10001722:	eb0e 0e4e 	add.w	lr, lr, lr, lsl #1
10001726:	f1be 0e03 	subs.w	lr, lr, #3
1000172a:	d2fc      	bcs.n	10001726 <clock_configure_undivided+0x86>
1000172c:	e7dc      	b.n	100016e8 <clock_configure_undivided+0x48>
1000172e:	2901      	cmp	r1, #1
10001730:	d1ce      	bne.n	100016d0 <clock_configure_undivided+0x30>
10001732:	2403      	movs	r4, #3
10001734:	f50c 5340 	add.w	r3, ip, #12288	@ 0x3000
10001738:	601c      	str	r4, [r3, #0]
1000173a:	f8dc 3008 	ldr.w	r3, [ip, #8]
1000173e:	07db      	lsls	r3, r3, #31
10001740:	d5fb      	bpl.n	1000173a <clock_configure_undivided+0x9a>
10001742:	f8dc 3000 	ldr.w	r3, [ip]
10001746:	f50c 5e80 	add.w	lr, ip, #4096	@ 0x1000
1000174a:	ea83 1342 	eor.w	r3, r3, r2, lsl #5
1000174e:	f003 03e0 	and.w	r3, r3, #224	@ 0xe0
10001752:	f8ce 3000 	str.w	r3, [lr]
10001756:	4b08      	ldr	r3, [pc, #32]	@ (10001778 <clock_configure_undivided+0xd8>)
10001758:	2201      	movs	r2, #1
1000175a:	f8dc 4000 	ldr.w	r4, [ip]
1000175e:	404c      	eors	r4, r1
10001760:	f004 0403 	and.w	r4, r4, #3
10001764:	f8ce 4000 	str.w	r4, [lr]
10001768:	fa02 f101 	lsl.w	r1, r2, r1
1000176c:	f8dc 2008 	ldr.w	r2, [ip, #8]
10001770:	420a      	tst	r2, r1
10001772:	d0fb      	beq.n	1000176c <clock_configure_undivided+0xcc>
10001774:	e7c4      	b.n	10001700 <clock_configure_undivided+0x60>
10001776:	bf00      	nop
10001778:	20001ca8 	.word	0x20001ca8

1000177c <clock_get_hz>:
1000177c:	4b01      	ldr	r3, [pc, #4]	@ (10001784 <clock_get_hz+0x8>)
1000177e:	f853 0020 	ldr.w	r0, [r3, r0, lsl #2]
10001782:	4770      	bx	lr
10001784:	20001ca8 	.word	0x20001ca8

10001788 <pll_init>:
10001788:	b510      	push	{r4, lr}
1000178a:	9c02      	ldr	r4, [sp, #8]
1000178c:	468e      	mov	lr, r1
1000178e:	ea4f 3c04 	mov.w	ip, r4, lsl #12
10001792:	ea4c 4c03 	orr.w	ip, ip, r3, lsl #16
10001796:	4b1c      	ldr	r3, [pc, #112]	@ (10001808 <pll_init+0x80>)
10001798:	fbb3 f3f1 	udiv	r3, r3, r1
1000179c:	6801      	ldr	r1, [r0, #0]
1000179e:	fbb2 f4f3 	udiv	r4, r2, r3
100017a2:	2900      	cmp	r1, #0
100017a4:	db20      	blt.n	100017e8 <pll_init+0x60>
100017a6:	4a19      	ldr	r2, [pc, #100]	@ (1000180c <pll_init+0x84>)
100017a8:	4b19      	ldr	r3, [pc, #100]	@ (10001810 <pll_init+0x88>)
100017aa:	4290      	cmp	r0, r2
100017ac:	bf14      	ite	ne
100017ae:	f44f 4280 	movne.w	r2, #16384	@ 0x4000
100017b2:	f44f 4200 	moveq.w	r2, #32768	@ 0x8000
100017b6:	4917      	ldr	r1, [pc, #92]	@ (10001814 <pll_init+0x8c>)
100017b8:	601a      	str	r2, [r3, #0]
100017ba:	f503 5380 	add.w	r3, r3, #4096	@ 0x1000
100017be:	601a      	str	r2, [r3, #0]
100017c0:	688b      	ldr	r3, [r1, #8]
100017c2:	ea32 0303 	bics.w	r3, r2, r3
100017c6:	d1fb      	bne.n	100017c0 <pll_init+0x38>
100017c8:	2221      	movs	r2, #33	@ 0x21
100017ca:	f500 5340 	add.w	r3, r0, #12288	@ 0x3000
100017ce:	3304      	adds	r3, #4
100017d0:	f8c0 e000 	str.w	lr, [r0]
100017d4:	6084      	str	r4, [r0, #8]
100017d6:	601a      	str	r2, [r3, #0]
100017d8:	6802      	ldr	r2, [r0, #0]
100017da:	2a00      	cmp	r2, #0
100017dc:	dafc      	bge.n	100017d8 <pll_init+0x50>
100017de:	2208      	movs	r2, #8
100017e0:	f8c0 c00c 	str.w	ip, [r0, #12]
100017e4:	601a      	str	r2, [r3, #0]
100017e6:	bd10      	pop	{r4, pc}
100017e8:	6803      	ldr	r3, [r0, #0]
100017ea:	f003 033f 	and.w	r3, r3, #63	@ 0x3f
100017ee:	4573      	cmp	r3, lr
100017f0:	d1d9      	bne.n	100017a6 <pll_init+0x1e>
100017f2:	6883      	ldr	r3, [r0, #8]
100017f4:	f3c3 030b 	ubfx	r3, r3, #0, #12
100017f8:	42a3      	cmp	r3, r4
100017fa:	d1d4      	bne.n	100017a6 <pll_init+0x1e>
100017fc:	68c3      	ldr	r3, [r0, #12]
100017fe:	f403 23ee 	and.w	r3, r3, #487424	@ 0x77000
10001802:	4563      	cmp	r3, ip
10001804:	d1cf      	bne.n	100017a6 <pll_init+0x1e>
10001806:	bd10      	pop	{r4, pc}
10001808:	00b71b00 	.word	0x00b71b00
1000180c:	40058000 	.word	0x40058000
10001810:	40022000 	.word	0x40022000
10001814:	40020000 	.word	0x40020000

10001818 <watchdog_reboot>:
10001818:	f04f 4c80 	mov.w	ip, #1073741824	@ 0x40000000
1000181c:	4b21      	ldr	r3, [pc, #132]	@ (100018a4 <watchdog_reboot+0x8c>)
1000181e:	b500      	push	{lr}
10001820:	f8c3 c000 	str.w	ip, [r3]
10001824:	2800      	cmp	r0, #0
10001826:	d039      	beq.n	1000189c <watchdog_reboot+0x84>
10001828:	f8df c088 	ldr.w	ip, [pc, #136]	@ 100018b4 <watchdog_reboot+0x9c>
1000182c:	f5a3 5340 	sub.w	r3, r3, #12288	@ 0x3000
10001830:	f8c3 c01c 	str.w	ip, [r3, #28]
10001834:	f8df c080 	ldr.w	ip, [pc, #128]	@ 100018b8 <watchdog_reboot+0xa0>
10001838:	f040 0001 	orr.w	r0, r0, #1
1000183c:	ea80 0c0c 	eor.w	ip, r0, ip
10001840:	f8c3 c020 	str.w	ip, [r3, #32]
10001844:	6259      	str	r1, [r3, #36]	@ 0x24
10001846:	6298      	str	r0, [r3, #40]	@ 0x28
10001848:	f04f 4e80 	mov.w	lr, #1073741824	@ 0x40000000
1000184c:	f04f 61e0 	mov.w	r1, #117440512	@ 0x7000000
10001850:	4b14      	ldr	r3, [pc, #80]	@ (100018a4 <watchdog_reboot+0x8c>)
10001852:	4815      	ldr	r0, [pc, #84]	@ (100018a8 <watchdog_reboot+0x90>)
10001854:	f8df c064 	ldr.w	ip, [pc, #100]	@ 100018bc <watchdog_reboot+0xa4>
10001858:	f8c3 e000 	str.w	lr, [r3]
1000185c:	f8c0 c008 	str.w	ip, [r0, #8]
10001860:	6019      	str	r1, [r3, #0]
10001862:	b92a      	cbnz	r2, 10001870 <watchdog_reboot+0x58>
10001864:	f04f 4200 	mov.w	r2, #2147483648	@ 0x80000000
10001868:	f5a3 5380 	sub.w	r3, r3, #4096	@ 0x1000
1000186c:	601a      	str	r2, [r3, #0]
1000186e:	bd00      	pop	{pc}
10001870:	f44f 737a 	mov.w	r3, #1000	@ 0x3e8
10001874:	fb03 f202 	mul.w	r2, r3, r2
10001878:	f1b2 7f80 	cmp.w	r2, #16777216	@ 0x1000000
1000187c:	bf2a      	itet	cs
1000187e:	f06f 437f 	mvncs.w	r3, #4278190080	@ 0xff000000
10001882:	4613      	movcc	r3, r2
10001884:	461a      	movcs	r2, r3
10001886:	f04f 4180 	mov.w	r1, #1073741824	@ 0x40000000
1000188a:	f8df c034 	ldr.w	ip, [pc, #52]	@ 100018c0 <watchdog_reboot+0xa8>
1000188e:	4807      	ldr	r0, [pc, #28]	@ (100018ac <watchdog_reboot+0x94>)
10001890:	f8cc 3000 	str.w	r3, [ip]
10001894:	4b06      	ldr	r3, [pc, #24]	@ (100018b0 <watchdog_reboot+0x98>)
10001896:	6042      	str	r2, [r0, #4]
10001898:	6019      	str	r1, [r3, #0]
1000189a:	bd00      	pop	{pc}
1000189c:	4b03      	ldr	r3, [pc, #12]	@ (100018ac <watchdog_reboot+0x94>)
1000189e:	61d8      	str	r0, [r3, #28]
100018a0:	e7d2      	b.n	10001848 <watchdog_reboot+0x30>
100018a2:	bf00      	nop
100018a4:	400db000 	.word	0x400db000
100018a8:	4001a000 	.word	0x4001a000
100018ac:	400d8000 	.word	0x400d8000
100018b0:	400da000 	.word	0x400da000
100018b4:	b007c0d3 	.word	0xb007c0d3
100018b8:	4ff83f2d 	.word	0x4ff83f2d
100018bc:	01fffff3 	.word	0x01fffff3
100018c0:	20002108 	.word	0x20002108

100018c4 <tick_start>:
100018c4:	2301      	movs	r3, #1
100018c6:	eb00 0040 	add.w	r0, r0, r0, lsl #1
100018ca:	0080      	lsls	r0, r0, #2
100018cc:	f100 4080 	add.w	r0, r0, #1073741824	@ 0x40000000
100018d0:	f500 1084 	add.w	r0, r0, #1081344	@ 0x108000
100018d4:	6041      	str	r1, [r0, #4]
100018d6:	6003      	str	r3, [r0, #0]
100018d8:	4770      	bx	lr
100018da:	bf00      	nop

100018dc <rom_reboot.constprop.0.isra.0>:
100018dc:	b510      	push	{r4, lr}
100018de:	2400      	movs	r4, #0
100018e0:	b082      	sub	sp, #8
100018e2:	460b      	mov	r3, r1
100018e4:	8ae4      	ldrh	r4, [r4, #22]
100018e6:	2100      	movs	r1, #0
100018e8:	e841 f100 	tt	r1, r1
100018ec:	e9cd 0300 	strd	r0, r3, [sp]
100018f0:	024b      	lsls	r3, r1, #9
100018f2:	bf54      	ite	pl
100018f4:	2110      	movpl	r1, #16
100018f6:	2104      	movmi	r1, #4
100018f8:	f244 2052 	movw	r0, #16978	@ 0x4252
100018fc:	47a0      	blx	r4
100018fe:	e9dd 2300 	ldrd	r2, r3, [sp]
10001902:	4686      	mov	lr, r0
10001904:	210a      	movs	r1, #10
10001906:	f44f 7081 	mov.w	r0, #258	@ 0x102
1000190a:	46f4      	mov	ip, lr
1000190c:	b002      	add	sp, #8
1000190e:	e8bd 4010 	ldmia.w	sp!, {r4, lr}
10001912:	4760      	bx	ip

10001914 <rom_func_lookup>:
10001914:	2300      	movs	r3, #0
10001916:	8adb      	ldrh	r3, [r3, #22]
10001918:	2200      	movs	r2, #0
1000191a:	e842 f200 	tt	r2, r2
1000191e:	0252      	lsls	r2, r2, #9
10001920:	d401      	bmi.n	10001926 <rom_func_lookup+0x12>
10001922:	2110      	movs	r1, #16
10001924:	4718      	bx	r3
10001926:	2104      	movs	r1, #4
10001928:	4718      	bx	r3
1000192a:	bf00      	nop

1000192c <rom_reset_usb_boot_extra>:
1000192c:	b508      	push	{r3, lr}
1000192e:	4603      	mov	r3, r0
10001930:	4608      	mov	r0, r1
10001932:	1e19      	subs	r1, r3, #0
10001934:	db02      	blt.n	1000193c <rom_reset_usb_boot_extra+0x10>
10001936:	b11a      	cbz	r2, 10001940 <rom_reset_usb_boot_extra+0x14>
10001938:	f040 0030 	orr.w	r0, r0, #48	@ 0x30
1000193c:	f7ff ffce 	bl	100018dc <rom_reboot.constprop.0.isra.0>
10001940:	f040 0020 	orr.w	r0, r0, #32
10001944:	e7fa      	b.n	1000193c <rom_reset_usb_boot_extra+0x10>
10001946:	bf00      	nop

10001948 <runtime_init_bootrom_locking_enable>:
10001948:	4a03      	ldr	r2, [pc, #12]	@ (10001958 <runtime_init_bootrom_locking_enable+0x10>)
1000194a:	f8d2 3828 	ldr.w	r3, [r2, #2088]	@ 0x828
1000194e:	2b00      	cmp	r3, #0
10001950:	d0fb      	beq.n	1000194a <runtime_init_bootrom_locking_enable+0x2>
10001952:	f3bf 8f5f 	dmb	sy
10001956:	4770      	bx	lr
10001958:	400e0000 	.word	0x400e0000

1000195c <runtime_init_boot_locks_reset>:
1000195c:	2100      	movs	r1, #0
1000195e:	4b04      	ldr	r3, [pc, #16]	@ (10001970 <runtime_init_boot_locks_reset+0x14>)
10001960:	4a04      	ldr	r2, [pc, #16]	@ (10001974 <runtime_init_boot_locks_reset+0x18>)
10001962:	f3bf 8f5f 	dmb	sy
10001966:	f843 1b04 	str.w	r1, [r3], #4
1000196a:	4293      	cmp	r3, r2
1000196c:	d1f9      	bne.n	10001962 <runtime_init_boot_locks_reset+0x6>
1000196e:	4770      	bx	lr
10001970:	400e080c 	.word	0x400e080c
10001974:	400e082c 	.word	0x400e082c

10001978 <xosc_init>:
10001978:	f44f 6c2a 	mov.w	ip, #2720	@ 0xaa0
1000197c:	f44f 708d 	mov.w	r0, #282	@ 0x11a
10001980:	4a05      	ldr	r2, [pc, #20]	@ (10001998 <xosc_init+0x20>)
10001982:	4b06      	ldr	r3, [pc, #24]	@ (1000199c <xosc_init+0x24>)
10001984:	4906      	ldr	r1, [pc, #24]	@ (100019a0 <xosc_init+0x28>)
10001986:	f8c2 c000 	str.w	ip, [r2]
1000198a:	60d0      	str	r0, [r2, #12]
1000198c:	6019      	str	r1, [r3, #0]
1000198e:	6853      	ldr	r3, [r2, #4]
10001990:	2b00      	cmp	r3, #0
10001992:	dafc      	bge.n	1000198e <xosc_init+0x16>
10001994:	4770      	bx	lr
10001996:	bf00      	nop
10001998:	40048000 	.word	0x40048000
1000199c:	4004a000 	.word	0x4004a000
100019a0:	00fab000 	.word	0x00fab000

100019a4 <first_per_core_initializer>:
100019a4:	4770      	bx	lr
100019a6:	bf00      	nop

100019a8 <hard_assertion_failure>:
100019a8:	b508      	push	{r3, lr}
100019aa:	4801      	ldr	r0, [pc, #4]	@ (100019b0 <hard_assertion_failure+0x8>)
100019ac:	f7fe fe48 	bl	10000640 <panic>
100019b0:	100069e0 	.word	0x100069e0

100019b4 <runtime_run_initializers>:
100019b4:	b538      	push	{r3, r4, r5, lr}
100019b6:	4c05      	ldr	r4, [pc, #20]	@ (100019cc <runtime_run_initializers+0x18>)
100019b8:	4d05      	ldr	r5, [pc, #20]	@ (100019d0 <runtime_run_initializers+0x1c>)
100019ba:	42ac      	cmp	r4, r5
100019bc:	d204      	bcs.n	100019c8 <runtime_run_initializers+0x14>
100019be:	f854 3b04 	ldr.w	r3, [r4], #4
100019c2:	4798      	blx	r3
100019c4:	42ac      	cmp	r4, r5
100019c6:	d3fa      	bcc.n	100019be <runtime_run_initializers+0xa>
100019c8:	bd38      	pop	{r3, r4, r5, pc}
100019ca:	bf00      	nop
100019cc:	10006610 	.word	0x10006610
100019d0:	10006650 	.word	0x10006650

100019d4 <runtime_init_early_resets>:
100019d4:	4806      	ldr	r0, [pc, #24]	@ (100019f0 <runtime_init_early_resets+0x1c>)
100019d6:	f8df c028 	ldr.w	ip, [pc, #40]	@ 10001a00 <runtime_init_early_resets+0x2c>
100019da:	4b06      	ldr	r3, [pc, #24]	@ (100019f4 <runtime_init_early_resets+0x20>)
100019dc:	4a06      	ldr	r2, [pc, #24]	@ (100019f8 <runtime_init_early_resets+0x24>)
100019de:	4907      	ldr	r1, [pc, #28]	@ (100019fc <runtime_init_early_resets+0x28>)
100019e0:	f8c0 c000 	str.w	ip, [r0]
100019e4:	601a      	str	r2, [r3, #0]
100019e6:	688b      	ldr	r3, [r1, #8]
100019e8:	ea32 0303 	bics.w	r3, r2, r3
100019ec:	d1fb      	bne.n	100019e6 <runtime_init_early_resets+0x12>
100019ee:	4770      	bx	lr
100019f0:	40022000 	.word	0x40022000
100019f4:	40023000 	.word	0x40023000
100019f8:	03f3fff6 	.word	0x03f3fff6
100019fc:	40020000 	.word	0x40020000
10001a00:	efef3b7f 	.word	0xefef3b7f

10001a04 <runtime_init_usb_power_down>:
10001a04:	4b04      	ldr	r3, [pc, #16]	@ (10001a18 <runtime_init_usb_power_down+0x14>)
10001a06:	6cdb      	ldr	r3, [r3, #76]	@ 0x4c
10001a08:	f5b3 4f00 	cmp.w	r3, #32768	@ 0x8000
10001a0c:	d103      	bne.n	10001a16 <runtime_init_usb_power_down+0x12>
10001a0e:	f44f 2280 	mov.w	r2, #262144	@ 0x40000
10001a12:	4b02      	ldr	r3, [pc, #8]	@ (10001a1c <runtime_init_usb_power_down+0x18>)
10001a14:	64da      	str	r2, [r3, #76]	@ 0x4c
10001a16:	4770      	bx	lr
10001a18:	50110000 	.word	0x50110000
10001a1c:	50112000 	.word	0x50112000

10001a20 <runtime_init_per_core_enable_coprocessors>:
10001a20:	f04f 22e0 	mov.w	r2, #3758153728	@ 0xe000e000
10001a24:	4b04      	ldr	r3, [pc, #16]	@ (10001a38 <runtime_init_per_core_enable_coprocessors+0x18>)
10001a26:	f8d2 1d88 	ldr.w	r1, [r2, #3464]	@ 0xd88
10001a2a:	430b      	orrs	r3, r1
10001a2c:	f8c2 3d88 	str.w	r3, [r2, #3464]	@ 0xd88
10001a30:	ee10 0430 			dcp_rcmp r0
10001a34:	4770      	bx	lr
10001a36:	bf00      	nop
10001a38:	00300303 	.word	0x00300303

10001a3c <runtime_init_post_clock_resets>:
10001a3c:	f06f 4160 	mvn.w	r1, #3758096384	@ 0xe0000000
10001a40:	4b04      	ldr	r3, [pc, #16]	@ (10001a54 <runtime_init_post_clock_resets+0x18>)
10001a42:	4a05      	ldr	r2, [pc, #20]	@ (10001a58 <runtime_init_post_clock_resets+0x1c>)
10001a44:	6019      	str	r1, [r3, #0]
10001a46:	6893      	ldr	r3, [r2, #8]
10001a48:	43db      	mvns	r3, r3
10001a4a:	f033 4360 	bics.w	r3, r3, #3758096384	@ 0xe0000000
10001a4e:	d1fa      	bne.n	10001a46 <runtime_init_post_clock_resets+0xa>
10001a50:	4770      	bx	lr
10001a52:	bf00      	nop
10001a54:	40023000 	.word	0x40023000
10001a58:	40020000 	.word	0x40020000

10001a5c <runtime_init_bootrom_reset>:
10001a5c:	b510      	push	{r4, lr}
10001a5e:	f245 2053 	movw	r0, #21075	@ 0x5253
10001a62:	f7ff ff57 	bl	10001914 <rom_func_lookup>
10001a66:	e8bd 4010 	ldmia.w	sp!, {r4, lr}
10001a6a:	4603      	mov	r3, r0
10001a6c:	2004      	movs	r0, #4
10001a6e:	4718      	bx	r3

10001a70 <runtime_init_per_core_bootrom_reset>:
10001a70:	b510      	push	{r4, lr}
10001a72:	f245 2053 	movw	r0, #21075	@ 0x5253
10001a76:	f7ff ff4d 	bl	10001914 <rom_func_lookup>
10001a7a:	e8bd 4010 	ldmia.w	sp!, {r4, lr}
10001a7e:	4603      	mov	r3, r0
10001a80:	2001      	movs	r0, #1
10001a82:	4718      	bx	r3

10001a84 <runtime_init_spin_locks_reset>:
10001a84:	f7fe be88 	b.w	10000798 <spin_locks_reset>

10001a88 <runtime_init_install_ram_vector_table>:
10001a88:	b510      	push	{r4, lr}
10001a8a:	4c04      	ldr	r4, [pc, #16]	@ (10001a9c <runtime_init_install_ram_vector_table+0x14>)
10001a8c:	f44f 7288 	mov.w	r2, #272	@ 0x110
10001a90:	68a1      	ldr	r1, [r4, #8]
10001a92:	4803      	ldr	r0, [pc, #12]	@ (10001aa0 <runtime_init_install_ram_vector_table+0x18>)
10001a94:	f004 fcec 	bl	10006470 <memcpy>
10001a98:	60a0      	str	r0, [r4, #8]
10001a9a:	bd10      	pop	{r4, pc}
10001a9c:	e000ed00 	.word	0xe000ed00
10001aa0:	20000000 	.word	0x20000000

10001aa4 <runtime_init_clocks>:
10001aa4:	2300      	movs	r3, #0
10001aa6:	b570      	push	{r4, r5, r6, lr}
10001aa8:	4c2b      	ldr	r4, [pc, #172]	@ (10001b58 <runtime_init_clocks+0xb4>)
10001aaa:	b082      	sub	sp, #8
10001aac:	f8c4 3084 	str.w	r3, [r4, #132]	@ 0x84
10001ab0:	f7ff ff62 	bl	10001978 <xosc_init>
10001ab4:	2201      	movs	r2, #1
10001ab6:	4b29      	ldr	r3, [pc, #164]	@ (10001b5c <runtime_init_clocks+0xb8>)
10001ab8:	63da      	str	r2, [r3, #60]	@ 0x3c
10001aba:	6c63      	ldr	r3, [r4, #68]	@ 0x44
10001abc:	2b01      	cmp	r3, #1
10001abe:	d1fc      	bne.n	10001aba <runtime_init_clocks+0x16>
10001ac0:	2103      	movs	r1, #3
10001ac2:	4a26      	ldr	r2, [pc, #152]	@ (10001b5c <runtime_init_clocks+0xb8>)
10001ac4:	4b24      	ldr	r3, [pc, #144]	@ (10001b58 <runtime_init_clocks+0xb4>)
10001ac6:	6311      	str	r1, [r2, #48]	@ 0x30
10001ac8:	6b9c      	ldr	r4, [r3, #56]	@ 0x38
10001aca:	2c01      	cmp	r4, #1
10001acc:	d1fc      	bne.n	10001ac8 <runtime_init_clocks+0x24>
10001ace:	2602      	movs	r6, #2
10001ad0:	2505      	movs	r5, #5
10001ad2:	4621      	mov	r1, r4
10001ad4:	2305      	movs	r3, #5
10001ad6:	4a22      	ldr	r2, [pc, #136]	@ (10001b60 <runtime_init_clocks+0xbc>)
10001ad8:	4822      	ldr	r0, [pc, #136]	@ (10001b64 <runtime_init_clocks+0xc0>)
10001ada:	9600      	str	r6, [sp, #0]
10001adc:	f7ff fe54 	bl	10001788 <pll_init>
10001ae0:	4621      	mov	r1, r4
10001ae2:	462b      	mov	r3, r5
10001ae4:	4a20      	ldr	r2, [pc, #128]	@ (10001b68 <runtime_init_clocks+0xc4>)
10001ae6:	4821      	ldr	r0, [pc, #132]	@ (10001b6c <runtime_init_clocks+0xc8>)
10001ae8:	9500      	str	r5, [sp, #0]
10001aea:	f7ff fe4d 	bl	10001788 <pll_init>
10001aee:	2200      	movs	r2, #0
10001af0:	2004      	movs	r0, #4
10001af2:	4631      	mov	r1, r6
10001af4:	4b1e      	ldr	r3, [pc, #120]	@ (10001b70 <runtime_init_clocks+0xcc>)
10001af6:	f7ff fdd3 	bl	100016a0 <clock_configure_undivided>
10001afa:	4621      	mov	r1, r4
10001afc:	4628      	mov	r0, r5
10001afe:	2200      	movs	r2, #0
10001b00:	4b1c      	ldr	r3, [pc, #112]	@ (10001b74 <runtime_init_clocks+0xd0>)
10001b02:	f7ff fdcd 	bl	100016a0 <clock_configure_undivided>
10001b06:	2200      	movs	r2, #0
10001b08:	2008      	movs	r0, #8
10001b0a:	4611      	mov	r1, r2
10001b0c:	4b1a      	ldr	r3, [pc, #104]	@ (10001b78 <runtime_init_clocks+0xd4>)
10001b0e:	f7ff fdc7 	bl	100016a0 <clock_configure_undivided>
10001b12:	2200      	movs	r2, #0
10001b14:	2009      	movs	r0, #9
10001b16:	4611      	mov	r1, r2
10001b18:	4b17      	ldr	r3, [pc, #92]	@ (10001b78 <runtime_init_clocks+0xd4>)
10001b1a:	f7ff fdc1 	bl	100016a0 <clock_configure_undivided>
10001b1e:	2200      	movs	r2, #0
10001b20:	2006      	movs	r0, #6
10001b22:	4611      	mov	r1, r2
10001b24:	4b13      	ldr	r3, [pc, #76]	@ (10001b74 <runtime_init_clocks+0xd0>)
10001b26:	f7ff fdbb 	bl	100016a0 <clock_configure_undivided>
10001b2a:	2200      	movs	r2, #0
10001b2c:	4b11      	ldr	r3, [pc, #68]	@ (10001b74 <runtime_init_clocks+0xd0>)
10001b2e:	2007      	movs	r0, #7
10001b30:	4611      	mov	r1, r2
10001b32:	f7ff fdb5 	bl	100016a0 <clock_configure_undivided>
10001b36:	2004      	movs	r0, #4
10001b38:	f7ff fe20 	bl	1000177c <clock_get_hz>
10001b3c:	2400      	movs	r4, #0
10001b3e:	4b0f      	ldr	r3, [pc, #60]	@ (10001b7c <runtime_init_clocks+0xd8>)
10001b40:	fba3 3500 	umull	r3, r5, r3, r0
10001b44:	0cad      	lsrs	r5, r5, #18
10001b46:	b2e0      	uxtb	r0, r4
10001b48:	4629      	mov	r1, r5
10001b4a:	3401      	adds	r4, #1
10001b4c:	f7ff feba 	bl	100018c4 <tick_start>
10001b50:	2c06      	cmp	r4, #6
10001b52:	d1f8      	bne.n	10001b46 <runtime_init_clocks+0xa2>
10001b54:	b002      	add	sp, #8
10001b56:	bd70      	pop	{r4, r5, r6, pc}
10001b58:	40010000 	.word	0x40010000
10001b5c:	40013000 	.word	0x40013000
10001b60:	59682f00 	.word	0x59682f00
10001b64:	40050000 	.word	0x40050000
10001b68:	47868c00 	.word	0x47868c00
10001b6c:	40058000 	.word	0x40058000
10001b70:	00b71b00 	.word	0x00b71b00
10001b74:	08f0d180 	.word	0x08f0d180
10001b78:	02dc6c00 	.word	0x02dc6c00
10001b7c:	431bde83 	.word	0x431bde83

10001b80 <generic_save_state>:
10001b80:	b086      	sub	sp, #24
10001b82:	b403      	push	{r0, r1}
10001b84:	fc51 0408 	dcp_pxmd r0, r1
10001b88:	e9cd 0102 	strd	r0, r1, [sp, #8]
10001b8c:	fc51 0409 	dcp_pymd r0, r1
10001b90:	e9cd 0104 	strd	r0, r1, [sp, #16]
10001b94:	ec51 040a 	dcp_refd r0, r1
10001b98:	e9cd 0106 	strd	r0, r1, [sp, #24]
10001b9c:	bc03      	pop	{r0, r1}
10001b9e:	47f0      	blx	lr

10001ba0 <generic_restore_state>:
10001ba0:	e8bd 5000 	ldmia.w	sp!, {ip, lr}
10001ba4:	ec4e c400 	dcp_wxmd ip, lr
10001ba8:	e8bd 5000 	ldmia.w	sp!, {ip, lr}
10001bac:	ec4e c401 	dcp_wymd ip, lr
10001bb0:	e8bd 5000 	ldmia.w	sp!, {ip, lr}
10001bb4:	ec4e c402 	dcp_wefd ip, lr
10001bb8:	bd00      	pop	{pc}
10001bba:	0000      	movs	r0, r0
10001bbc:	b500      	push	{lr}
10001bbe:	f7ff ffdf 	bl	10001b80 <generic_save_state>
10001bc2:	e002      	b.n	10001bca <__wrap___aeabi_dadd+0x6>

10001bc4 <__wrap___aeabi_dadd>:
10001bc4:	fe10 f430 	dcp_pcmp APSR_nzcv
10001bc8:	d4f8      	bmi.n	10001bbc <generic_restore_state+0x1c>
10001bca:	ec41 0410 	dcp_wxup r0, r1
10001bce:	ec43 2411 	dcp_wyup r2, r3
10001bd2:	ee00 0401 			dcp_add0
10001bd6:	ee10 0401 			dcp_add1
10001bda:	ee80 0420 			dcp_nrdd
10001bde:	ec51 0410 	dcp_rdda r0, r1
10001be2:	4770      	bx	lr
10001be4:	b500      	push	{lr}
10001be6:	f7ff ffcb 	bl	10001b80 <generic_save_state>
10001bea:	e002      	b.n	10001bf2 <__wrap___aeabi_dsub+0x6>

10001bec <__wrap___aeabi_dsub>:
10001bec:	fe10 f430 	dcp_pcmp APSR_nzcv
10001bf0:	d4f8      	bmi.n	10001be4 <__wrap___aeabi_dadd+0x20>
10001bf2:	ec41 0410 	dcp_wxup r0, r1
10001bf6:	ec43 2411 	dcp_wyup r2, r3
10001bfa:	ee00 0401 			dcp_add0
10001bfe:	ee10 0421 			dcp_sub1
10001c02:	ee80 0420 			dcp_nrdd
10001c06:	ec51 0430 	dcp_rdds r0, r1
10001c0a:	4770      	bx	lr
10001c0c:	b500      	push	{lr}
10001c0e:	f7ff ffb7 	bl	10001b80 <generic_save_state>
10001c12:	e002      	b.n	10001c1a <__wrap___aeabi_dmul+0x6>

10001c14 <__wrap___aeabi_dmul>:
10001c14:	fe10 f430 	dcp_pcmp APSR_nzcv
10001c18:	d4f8      	bmi.n	10001c0c <__wrap___aeabi_dsub+0x20>
10001c1a:	b510      	push	{r4, lr}
10001c1c:	ec41 0410 	dcp_wxup r0, r1
10001c20:	ec43 2411 	dcp_wyup r2, r3
10001c24:	ec51 0404 	dcp_rxms r0, r1, #0x0
10001c28:	ec53 2405 	dcp_ryms r2, r3, #0x0
10001c2c:	fba0 4c02 	umull	r4, ip, r0, r2
10001c30:	f05f 0e00 	movs.w	lr, #0
10001c34:	fbe0 ce03 	umlal	ip, lr, r0, r3
10001c38:	fbe1 ce02 	umlal	ip, lr, r1, r2
10001c3c:	ec4c 4420 	dcp_wxms r4, ip
10001c40:	2400      	movs	r4, #0
10001c42:	fbe1 e403 	umlal	lr, r4, r1, r3
10001c46:	ec44 e430 	dcp_wxmo lr, r4
10001c4a:	ee80 0420 			dcp_nrdd
10001c4e:	ec51 0450 	dcp_rddm r0, r1
10001c52:	e8bd 4010 	ldmia.w	sp!, {r4, lr}
10001c56:	4770      	bx	lr
10001c58:	b500      	push	{lr}
10001c5a:	f7ff ff91 	bl	10001b80 <generic_save_state>
10001c5e:	e002      	b.n	10001c66 <__wrap___aeabi_ddiv+0x6>

10001c60 <__wrap___aeabi_ddiv>:
10001c60:	fe10 f430 	dcp_pcmp APSR_nzcv
10001c64:	d4f8      	bmi.n	10001c58 <__wrap___aeabi_dmul+0x44>
10001c66:	ec41 0410 	dcp_wxup r0, r1
10001c6a:	ec43 2411 	dcp_wyup r2, r3
10001c6e:	ec51 0421 	dcp_rymr r0, r1
10001c72:	fba0 1201 	umull	r1, r2, r0, r1
10001c76:	ea6f 0282 	mvn.w	r2, r2, lsl #2
10001c7a:	fb52 0010 	smmlar	r0, r2, r0, r0
10001c7e:	fb52 f212 	smmulr	r2, r2, r2
10001c82:	fb52 0010 	smmlar	r0, r2, r0, r0
10001c86:	eba0 7cd0 	sub.w	ip, r0, r0, lsr #31
10001c8a:	ec53 2404 	dcp_rxms r2, r3, #0x0
10001c8e:	fb5c f113 	smmulr	r1, ip, r3
10001c92:	ec53 2415 	dcp_ryms r2, r3, #0x1
10001c96:	fba1 2002 	umull	r2, r0, r1, r2
10001c9a:	fb01 0003 	mla	r0, r1, r3, r0
10001c9e:	ec53 2444 	dcp_rxms r2, r3, #0x4
10001ca2:	eba2 0000 	sub.w	r0, r2, r0
10001ca6:	fb50 f21c 	smmulr	r2, r0, ip
10001caa:	ea4f 1311 	mov.w	r3, r1, lsr #4
10001cae:	eb12 7001 	adds.w	r0, r2, r1, lsl #28
10001cb2:	eb43 71e2 	adc.w	r1, r3, r2, asr #31
10001cb6:	ea40 5051 	orr.w	r0, r0, r1, lsr #21
10001cba:	ea20 5091 	bic.w	r0, r0, r1, lsr #22
10001cbe:	f020 0007 	bic.w	r0, r0, #7
10001cc2:	ec53 2475 	dcp_ryms r2, r3, #0x7
10001cc6:	fba0 3c02 	umull	r3, ip, r0, r2
10001cca:	ec53 2475 	dcp_ryms r2, r3, #0x7
10001cce:	fb00 cc03 	mla	ip, r0, r3, ip
10001cd2:	fb01 cc02 	mla	ip, r1, r2, ip
10001cd6:	ec53 2404 	dcp_rxms r2, r3, #0x0
10001cda:	ebac 4c82 	sub.w	ip, ip, r2, lsl #18
10001cde:	ea40 705c 	orr.w	r0, r0, ip, lsr #29
10001ce2:	f1a0 0001 	sub.w	r0, r0, #1
10001ce6:	ec41 0440 	dcp_wxdd r0, r1
10001cea:	ee80 0420 			dcp_nrdd
10001cee:	ec51 0470 	dcp_rddd r0, r1
10001cf2:	4770      	bx	lr
10001cf4:	b500      	push	{lr}
10001cf6:	f7ff ff43 	bl	10001b80 <generic_save_state>
10001cfa:	e002      	b.n	10001d02 <__wrap___aeabi_i2d+0x6>

10001cfc <__wrap___aeabi_i2d>:
10001cfc:	fe10 f430 	dcp_pcmp APSR_nzcv
10001d00:	d4f8      	bmi.n	10001cf4 <__wrap___aeabi_ddiv+0x94>
10001d02:	ec40 0470 	dcp_wxic r0, r0
10001d06:	ee00 0401 			dcp_add0
10001d0a:	ee10 0421 			dcp_sub1
10001d0e:	ee80 0420 			dcp_nrdd
10001d12:	ec51 0430 	dcp_rdds r0, r1
10001d16:	4770      	bx	lr
10001d18:	b500      	push	{lr}
10001d1a:	f7ff ff31 	bl	10001b80 <generic_save_state>
10001d1e:	e002      	b.n	10001d26 <__wrap___aeabi_ui2d+0x6>

10001d20 <__wrap___aeabi_ui2d>:
10001d20:	fe10 f430 	dcp_pcmp APSR_nzcv
10001d24:	d4f8      	bmi.n	10001d18 <__wrap___aeabi_i2d+0x1c>
10001d26:	ec40 0460 	dcp_wxuc r0, r0
10001d2a:	ee00 0401 			dcp_add0
10001d2e:	ee10 0421 			dcp_sub1
10001d32:	ee80 0420 			dcp_nrdd
10001d36:	ec51 0430 	dcp_rdds r0, r1
10001d3a:	4770      	bx	lr
10001d3c:	b500      	push	{lr}
10001d3e:	f7ff ff1f 	bl	10001b80 <generic_save_state>
10001d42:	e002      	b.n	10001d4a <double2int_z_entry>

10001d44 <__wrap___aeabi_d2iz>:
10001d44:	fe10 f430 	dcp_pcmp APSR_nzcv
10001d48:	d4f8      	bmi.n	10001d3c <__wrap___aeabi_ui2d+0x1c>

10001d4a <double2int_z_entry>:
10001d4a:	ec41 0480 	dcp_wxdc r0, r1
10001d4e:	ee00 0401 			dcp_add0
10001d52:	ee10 0401 			dcp_add1
10001d56:	ee80 0440 			dcp_ntdc
10001d5a:	ee10 0413 			dcp_rdic r0
10001d5e:	4770      	bx	lr
10001d60:	b500      	push	{lr}
10001d62:	f7ff ff0d 	bl	10001b80 <generic_save_state>
10001d66:	e002      	b.n	10001d6e <double2uint_z_entry>

10001d68 <__wrap___aeabi_d2uiz>:
10001d68:	fe10 f430 	dcp_pcmp APSR_nzcv
10001d6c:	d4f8      	bmi.n	10001d60 <double2int_z_entry+0x16>

10001d6e <double2uint_z_entry>:
10001d6e:	ec41 0480 	dcp_wxdc r0, r1
10001d72:	ee00 0401 			dcp_add0
10001d76:	ee10 0401 			dcp_add1
10001d7a:	ee80 0440 			dcp_ntdc
10001d7e:	ee10 0433 			dcp_rduc r0
10001d82:	4770      	bx	lr
10001d84:	b500      	push	{lr}
10001d86:	f7ff fefb 	bl	10001b80 <generic_save_state>
10001d8a:	e002      	b.n	10001d92 <__wrap___aeabi_dcmpun+0x6>

10001d8c <__wrap___aeabi_dcmpun>:
10001d8c:	fe10 f430 	dcp_pcmp APSR_nzcv
10001d90:	d4f8      	bmi.n	10001d84 <double2uint_z_entry+0x16>
10001d92:	ec41 0410 	dcp_wxup r0, r1
10001d96:	ec43 2411 	dcp_wyup r2, r3
10001d9a:	ee00 0401 			dcp_add0
10001d9e:	ee10 0430 			dcp_rcmp r0
10001da2:	f3c0 7000 	ubfx	r0, r0, #28, #1
10001da6:	4770      	bx	lr
10001da8:	b500      	push	{lr}
10001daa:	f7ff fee9 	bl	10001b80 <generic_save_state>
10001dae:	e002      	b.n	10001db6 <__wrap___aeabi_dcmplt+0x6>

10001db0 <__wrap___aeabi_dcmplt>:
10001db0:	fe10 f430 	dcp_pcmp APSR_nzcv
10001db4:	d4f8      	bmi.n	10001da8 <__wrap___aeabi_dcmpun+0x1c>
10001db6:	ec43 2410 	dcp_wxup r2, r3
10001dba:	ec41 0411 	dcp_wyup r0, r1
10001dbe:	ee00 0401 			dcp_add0
10001dc2:	ee10 f430 			dcp_rcmp APSR_nzcv
10001dc6:	bf8c      	ite	hi
10001dc8:	2001      	movhi	r0, #1
10001dca:	2000      	movls	r0, #0
10001dcc:	4770      	bx	lr
10001dce:	bf00      	nop
10001dd0:	b500      	push	{lr}
10001dd2:	f7ff fed5 	bl	10001b80 <generic_save_state>
10001dd6:	e002      	b.n	10001dde <__wrap___aeabi_dcmple+0x6>

10001dd8 <__wrap___aeabi_dcmple>:
10001dd8:	fe10 f430 	dcp_pcmp APSR_nzcv
10001ddc:	d4f8      	bmi.n	10001dd0 <__wrap___aeabi_dcmplt+0x20>
10001dde:	ec43 2410 	dcp_wxup r2, r3
10001de2:	ec41 0411 	dcp_wyup r0, r1
10001de6:	ee00 0401 			dcp_add0
10001dea:	ee10 f430 			dcp_rcmp APSR_nzcv
10001dee:	bf2c      	ite	cs
10001df0:	2001      	movcs	r0, #1
10001df2:	2000      	movcc	r0, #0
10001df4:	4770      	bx	lr
10001df6:	bf00      	nop
10001df8:	b500      	push	{lr}
10001dfa:	f7ff fec1 	bl	10001b80 <generic_save_state>
10001dfe:	e002      	b.n	10001e06 <__wrap___aeabi_dcmpge+0x6>

10001e00 <__wrap___aeabi_dcmpge>:
10001e00:	fe10 f430 	dcp_pcmp APSR_nzcv
10001e04:	d4f8      	bmi.n	10001df8 <__wrap___aeabi_dcmple+0x20>
10001e06:	ec41 0410 	dcp_wxup r0, r1
10001e0a:	ec43 2411 	dcp_wyup r2, r3
10001e0e:	ee00 0401 			dcp_add0
10001e12:	ee10 f430 			dcp_rcmp APSR_nzcv
10001e16:	bf2c      	ite	cs
10001e18:	2001      	movcs	r0, #1
10001e1a:	2000      	movcc	r0, #0
10001e1c:	4770      	bx	lr
10001e1e:	bf00      	nop
10001e20:	b500      	push	{lr}
10001e22:	f7ff fead 	bl	10001b80 <generic_save_state>
10001e26:	e002      	b.n	10001e2e <__wrap___aeabi_dcmpgt+0x6>

10001e28 <__wrap___aeabi_dcmpgt>:
10001e28:	fe10 f430 	dcp_pcmp APSR_nzcv
10001e2c:	d4f8      	bmi.n	10001e20 <__wrap___aeabi_dcmpge+0x20>
10001e2e:	ec41 0410 	dcp_wxup r0, r1
10001e32:	ec43 2411 	dcp_wyup r2, r3
10001e36:	ee00 0401 			dcp_add0
10001e3a:	ee10 f430 			dcp_rcmp APSR_nzcv
10001e3e:	bf8c      	ite	hi
10001e40:	2001      	movhi	r0, #1
10001e42:	2000      	movls	r0, #0
10001e44:	4770      	bx	lr
10001e46:	bf00      	nop

10001e48 <_out_null>:
10001e48:	4770      	bx	lr
10001e4a:	bf00      	nop

10001e4c <_out_rev>:
10001e4c:	e92d 4ff0 	stmdb	sp!, {r4, r5, r6, r7, r8, r9, sl, fp, lr}
10001e50:	b083      	sub	sp, #12
10001e52:	460f      	mov	r7, r1
10001e54:	4611      	mov	r1, r2
10001e56:	e9dd b20e 	ldrd	fp, r2, [sp, #56]	@ 0x38
10001e5a:	0792      	lsls	r2, r2, #30
10001e5c:	4698      	mov	r8, r3
10001e5e:	e9dd 930c 	ldrd	r9, r3, [sp, #48]	@ 0x30
10001e62:	4606      	mov	r6, r0
10001e64:	d029      	beq.n	10001eba <_out_rev+0x6e>
10001e66:	460d      	mov	r5, r1
10001e68:	b19b      	cbz	r3, 10001e92 <_out_rev+0x46>
10001e6a:	eb09 0403 	add.w	r4, r9, r3
10001e6e:	eb05 0a04 	add.w	sl, r5, r4
10001e72:	9501      	str	r5, [sp, #4]
10001e74:	460d      	mov	r5, r1
10001e76:	930d      	str	r3, [sp, #52]	@ 0x34
10001e78:	ebaa 0204 	sub.w	r2, sl, r4
10001e7c:	f814 0d01 	ldrb.w	r0, [r4, #-1]!
10001e80:	4643      	mov	r3, r8
10001e82:	4639      	mov	r1, r7
10001e84:	47b0      	blx	r6
10001e86:	45a1      	cmp	r9, r4
10001e88:	d1f6      	bne.n	10001e78 <_out_rev+0x2c>
10001e8a:	4629      	mov	r1, r5
10001e8c:	9b0d      	ldr	r3, [sp, #52]	@ 0x34
10001e8e:	9d01      	ldr	r5, [sp, #4]
10001e90:	441d      	add	r5, r3
10001e92:	9b0f      	ldr	r3, [sp, #60]	@ 0x3c
10001e94:	079b      	lsls	r3, r3, #30
10001e96:	d50c      	bpl.n	10001eb2 <_out_rev+0x66>
10001e98:	1a6c      	subs	r4, r5, r1
10001e9a:	45a3      	cmp	fp, r4
10001e9c:	d909      	bls.n	10001eb2 <_out_rev+0x66>
10001e9e:	462a      	mov	r2, r5
10001ea0:	4643      	mov	r3, r8
10001ea2:	4639      	mov	r1, r7
10001ea4:	2020      	movs	r0, #32
10001ea6:	3401      	adds	r4, #1
10001ea8:	47b0      	blx	r6
10001eaa:	455c      	cmp	r4, fp
10001eac:	f105 0501 	add.w	r5, r5, #1
10001eb0:	d3f5      	bcc.n	10001e9e <_out_rev+0x52>
10001eb2:	4628      	mov	r0, r5
10001eb4:	b003      	add	sp, #12
10001eb6:	e8bd 8ff0 	ldmia.w	sp!, {r4, r5, r6, r7, r8, r9, sl, fp, pc}
10001eba:	455b      	cmp	r3, fp
10001ebc:	d215      	bcs.n	10001eea <_out_rev+0x9e>
10001ebe:	468a      	mov	sl, r1
10001ec0:	461c      	mov	r4, r3
10001ec2:	4689      	mov	r9, r1
10001ec4:	ebab 0503 	sub.w	r5, fp, r3
10001ec8:	440d      	add	r5, r1
10001eca:	4652      	mov	r2, sl
10001ecc:	4643      	mov	r3, r8
10001ece:	4639      	mov	r1, r7
10001ed0:	2020      	movs	r0, #32
10001ed2:	f10a 0a01 	add.w	sl, sl, #1
10001ed6:	47b0      	blx	r6
10001ed8:	45aa      	cmp	sl, r5
10001eda:	d1f6      	bne.n	10001eca <_out_rev+0x7e>
10001edc:	4649      	mov	r1, r9
10001ede:	4623      	mov	r3, r4
10001ee0:	f8dd 9030 	ldr.w	r9, [sp, #48]	@ 0x30
10001ee4:	2c00      	cmp	r4, #0
10001ee6:	d1c0      	bne.n	10001e6a <_out_rev+0x1e>
10001ee8:	e7e3      	b.n	10001eb2 <_out_rev+0x66>
10001eea:	460d      	mov	r5, r1
10001eec:	2b00      	cmp	r3, #0
10001eee:	d1bc      	bne.n	10001e6a <_out_rev+0x1e>
10001ef0:	e7df      	b.n	10001eb2 <_out_rev+0x66>
10001ef2:	bf00      	nop

10001ef4 <_ntoa_format>:
10001ef4:	e92d 4ff0 	stmdb	sp!, {r4, r5, r6, r7, r8, r9, sl, fp, lr}
10001ef8:	460f      	mov	r7, r1
10001efa:	990f      	ldr	r1, [sp, #60]	@ 0x3c
10001efc:	4606      	mov	r6, r0
10001efe:	f89d 002c 	ldrb.w	r0, [sp, #44]	@ 0x2c
10001f02:	078d      	lsls	r5, r1, #30
10001f04:	4690      	mov	r8, r2
10001f06:	e9dd a20c 	ldrd	sl, r2, [sp, #48]	@ 0x30
10001f0a:	4699      	mov	r9, r3
10001f0c:	4683      	mov	fp, r0
10001f0e:	9c09      	ldr	r4, [sp, #36]	@ 0x24
10001f10:	f8dd c028 	ldr.w	ip, [sp, #40]	@ 0x28
10001f14:	9b0e      	ldr	r3, [sp, #56]	@ 0x38
10001f16:	d449      	bmi.n	10001fac <_ntoa_format+0xb8>
10001f18:	2b00      	cmp	r3, #0
10001f1a:	d142      	bne.n	10001fa2 <_ntoa_format+0xae>
10001f1c:	4594      	cmp	ip, r2
10001f1e:	d245      	bcs.n	10001fac <_ntoa_format+0xb8>
10001f20:	f001 0501 	and.w	r5, r1, #1
10001f24:	f104 3eff 	add.w	lr, r4, #4294967295	@ 0xffffffff
10001f28:	2030      	movs	r0, #48	@ 0x30
10001f2a:	44e6      	add	lr, ip
10001f2c:	e005      	b.n	10001f3a <_ntoa_format+0x46>
10001f2e:	f10c 0c01 	add.w	ip, ip, #1
10001f32:	4562      	cmp	r2, ip
10001f34:	f80e 0f01 	strb.w	r0, [lr, #1]!
10001f38:	d902      	bls.n	10001f40 <_ntoa_format+0x4c>
10001f3a:	f1bc 0f20 	cmp.w	ip, #32
10001f3e:	d1f6      	bne.n	10001f2e <_ntoa_format+0x3a>
10001f40:	2d00      	cmp	r5, #0
10001f42:	f000 8087 	beq.w	10002054 <_ntoa_format+0x160>
10001f46:	4563      	cmp	r3, ip
10001f48:	d930      	bls.n	10001fac <_ntoa_format+0xb8>
10001f4a:	1e60      	subs	r0, r4, #1
10001f4c:	f04f 0e30 	mov.w	lr, #48	@ 0x30
10001f50:	4460      	add	r0, ip
10001f52:	e005      	b.n	10001f60 <_ntoa_format+0x6c>
10001f54:	f10c 0c01 	add.w	ip, ip, #1
10001f58:	459c      	cmp	ip, r3
10001f5a:	f800 ef01 	strb.w	lr, [r0, #1]!
10001f5e:	d025      	beq.n	10001fac <_ntoa_format+0xb8>
10001f60:	f1bc 0f20 	cmp.w	ip, #32
10001f64:	d1f6      	bne.n	10001f54 <_ntoa_format+0x60>
10001f66:	06cd      	lsls	r5, r1, #27
10001f68:	d50e      	bpl.n	10001f88 <_ntoa_format+0x94>
10001f6a:	0548      	lsls	r0, r1, #21
10001f6c:	d451      	bmi.n	10002012 <_ntoa_format+0x11e>
10001f6e:	4562      	cmp	r2, ip
10001f70:	d064      	beq.n	1000203c <_ntoa_format+0x148>
10001f72:	4563      	cmp	r3, ip
10001f74:	d062      	beq.n	1000203c <_ntoa_format+0x148>
10001f76:	f1ba 0f10 	cmp.w	sl, #16
10001f7a:	d04d      	beq.n	10002018 <_ntoa_format+0x124>
10001f7c:	f1ba 0f02 	cmp.w	sl, #2
10001f80:	d055      	beq.n	1000202e <_ntoa_format+0x13a>
10001f82:	f1bc 0f20 	cmp.w	ip, #32
10001f86:	d12d      	bne.n	10001fe4 <_ntoa_format+0xf0>
10001f88:	2220      	movs	r2, #32
10001f8a:	e9cd 310b 	strd	r3, r1, [sp, #44]	@ 0x2c
10001f8e:	920a      	str	r2, [sp, #40]	@ 0x28
10001f90:	464b      	mov	r3, r9
10001f92:	4642      	mov	r2, r8
10001f94:	4639      	mov	r1, r7
10001f96:	4630      	mov	r0, r6
10001f98:	9409      	str	r4, [sp, #36]	@ 0x24
10001f9a:	e8bd 4ff0 	ldmia.w	sp!, {r4, r5, r6, r7, r8, r9, sl, fp, lr}
10001f9e:	f7ff bf55 	b.w	10001e4c <_out_rev>
10001fa2:	f011 0501 	ands.w	r5, r1, #1
10001fa6:	d12e      	bne.n	10002006 <_ntoa_format+0x112>
10001fa8:	4594      	cmp	ip, r2
10001faa:	d3bb      	bcc.n	10001f24 <_ntoa_format+0x30>
10001fac:	06cd      	lsls	r5, r1, #27
10001fae:	d51e      	bpl.n	10001fee <_ntoa_format+0xfa>
10001fb0:	0548      	lsls	r0, r1, #21
10001fb2:	d4e0      	bmi.n	10001f76 <_ntoa_format+0x82>
10001fb4:	f1bc 0f00 	cmp.w	ip, #0
10001fb8:	d1d9      	bne.n	10001f6e <_ntoa_format+0x7a>
10001fba:	f1ba 0f10 	cmp.w	sl, #16
10001fbe:	d05f      	beq.n	10002080 <_ntoa_format+0x18c>
10001fc0:	f1ba 0f02 	cmp.w	sl, #2
10001fc4:	d074      	beq.n	100020b0 <_ntoa_format+0x1bc>
10001fc6:	2230      	movs	r2, #48	@ 0x30
10001fc8:	f04f 0c01 	mov.w	ip, #1
10001fcc:	7022      	strb	r2, [r4, #0]
10001fce:	f1bb 0f00 	cmp.w	fp, #0
10001fd2:	d112      	bne.n	10001ffa <_ntoa_format+0x106>
10001fd4:	0748      	lsls	r0, r1, #29
10001fd6:	d542      	bpl.n	1000205e <_ntoa_format+0x16a>
10001fd8:	222b      	movs	r2, #43	@ 0x2b
10001fda:	f804 200c 	strb.w	r2, [r4, ip]
10001fde:	f10c 0201 	add.w	r2, ip, #1
10001fe2:	e7d2      	b.n	10001f8a <_ntoa_format+0x96>
10001fe4:	4662      	mov	r2, ip
10001fe6:	f10c 0c01 	add.w	ip, ip, #1
10001fea:	2030      	movs	r0, #48	@ 0x30
10001fec:	54a0      	strb	r0, [r4, r2]
10001fee:	f1bc 0f20 	cmp.w	ip, #32
10001ff2:	d0c9      	beq.n	10001f88 <_ntoa_format+0x94>
10001ff4:	f1bb 0f00 	cmp.w	fp, #0
10001ff8:	d0ec      	beq.n	10001fd4 <_ntoa_format+0xe0>
10001ffa:	222d      	movs	r2, #45	@ 0x2d
10001ffc:	f804 200c 	strb.w	r2, [r4, ip]
10002000:	f10c 0201 	add.w	r2, ip, #1
10002004:	e7c1      	b.n	10001f8a <_ntoa_format+0x96>
10002006:	b398      	cbz	r0, 10002070 <_ntoa_format+0x17c>
10002008:	4594      	cmp	ip, r2
1000200a:	f103 33ff 	add.w	r3, r3, #4294967295	@ 0xffffffff
1000200e:	d389      	bcc.n	10001f24 <_ntoa_format+0x30>
10002010:	e799      	b.n	10001f46 <_ntoa_format+0x52>
10002012:	f1ba 0f10 	cmp.w	sl, #16
10002016:	d1b7      	bne.n	10001f88 <_ntoa_format+0x94>
10002018:	068d      	lsls	r5, r1, #26
1000201a:	d53d      	bpl.n	10002098 <_ntoa_format+0x1a4>
1000201c:	f1bc 0f20 	cmp.w	ip, #32
10002020:	d0b2      	beq.n	10001f88 <_ntoa_format+0x94>
10002022:	2258      	movs	r2, #88	@ 0x58
10002024:	f804 200c 	strb.w	r2, [r4, ip]
10002028:	f10c 0c01 	add.w	ip, ip, #1
1000202c:	e7a9      	b.n	10001f82 <_ntoa_format+0x8e>
1000202e:	f1bc 0f20 	cmp.w	ip, #32
10002032:	d0a9      	beq.n	10001f88 <_ntoa_format+0x94>
10002034:	4662      	mov	r2, ip
10002036:	f10c 0c01 	add.w	ip, ip, #1
1000203a:	e008      	b.n	1000204e <_ntoa_format+0x15a>
1000203c:	f1bc 0201 	subs.w	r2, ip, #1
10002040:	d0bb      	beq.n	10001fba <_ntoa_format+0xc6>
10002042:	f1ba 0f10 	cmp.w	sl, #16
10002046:	d035      	beq.n	100020b4 <_ntoa_format+0x1c0>
10002048:	f1ba 0f02 	cmp.w	sl, #2
1000204c:	d1cd      	bne.n	10001fea <_ntoa_format+0xf6>
1000204e:	2062      	movs	r0, #98	@ 0x62
10002050:	54a0      	strb	r0, [r4, r2]
10002052:	e796      	b.n	10001f82 <_ntoa_format+0x8e>
10002054:	06cd      	lsls	r5, r1, #27
10002056:	d5ca      	bpl.n	10001fee <_ntoa_format+0xfa>
10002058:	0548      	lsls	r0, r1, #21
1000205a:	d588      	bpl.n	10001f6e <_ntoa_format+0x7a>
1000205c:	e78b      	b.n	10001f76 <_ntoa_format+0x82>
1000205e:	070a      	lsls	r2, r1, #28
10002060:	bf49      	itett	mi
10002062:	2220      	movmi	r2, #32
10002064:	4662      	movpl	r2, ip
10002066:	f804 200c 	strbmi.w	r2, [r4, ip]
1000206a:	f10c 0201 	addmi.w	r2, ip, #1
1000206e:	e78c      	b.n	10001f8a <_ntoa_format+0x96>
10002070:	f011 0f0c 	tst.w	r1, #12
10002074:	d000      	beq.n	10002078 <_ntoa_format+0x184>
10002076:	3b01      	subs	r3, #1
10002078:	4594      	cmp	ip, r2
1000207a:	f4ff af53 	bcc.w	10001f24 <_ntoa_format+0x30>
1000207e:	e762      	b.n	10001f46 <_ntoa_format+0x52>
10002080:	068a      	lsls	r2, r1, #26
10002082:	d413      	bmi.n	100020ac <_ntoa_format+0x1b8>
10002084:	2278      	movs	r2, #120	@ 0x78
10002086:	7022      	strb	r2, [r4, #0]
10002088:	2230      	movs	r2, #48	@ 0x30
1000208a:	f04f 0c02 	mov.w	ip, #2
1000208e:	7062      	strb	r2, [r4, #1]
10002090:	f1bb 0f00 	cmp.w	fp, #0
10002094:	d09e      	beq.n	10001fd4 <_ntoa_format+0xe0>
10002096:	e7b0      	b.n	10001ffa <_ntoa_format+0x106>
10002098:	f1bc 0f20 	cmp.w	ip, #32
1000209c:	f43f af74 	beq.w	10001f88 <_ntoa_format+0x94>
100020a0:	2278      	movs	r2, #120	@ 0x78
100020a2:	f804 200c 	strb.w	r2, [r4, ip]
100020a6:	f10c 0c01 	add.w	ip, ip, #1
100020aa:	e76a      	b.n	10001f82 <_ntoa_format+0x8e>
100020ac:	2258      	movs	r2, #88	@ 0x58
100020ae:	e7ea      	b.n	10002086 <_ntoa_format+0x192>
100020b0:	2262      	movs	r2, #98	@ 0x62
100020b2:	e7e8      	b.n	10002086 <_ntoa_format+0x192>
100020b4:	068d      	lsls	r5, r1, #26
100020b6:	f1ac 0002 	sub.w	r0, ip, #2
100020ba:	d504      	bpl.n	100020c6 <_ntoa_format+0x1d2>
100020bc:	f04f 0e58 	mov.w	lr, #88	@ 0x58
100020c0:	f804 e000 	strb.w	lr, [r4, r0]
100020c4:	e791      	b.n	10001fea <_ntoa_format+0xf6>
100020c6:	f04f 0e78 	mov.w	lr, #120	@ 0x78
100020ca:	f804 e000 	strb.w	lr, [r4, r0]
100020ce:	e78c      	b.n	10001fea <_ntoa_format+0xf6>

100020d0 <_out_char>:
100020d0:	b900      	cbnz	r0, 100020d4 <_out_char+0x4>
100020d2:	4770      	bx	lr
100020d4:	f001 bba8 	b.w	10003828 <__wrap_putchar>

100020d8 <_out_fct>:
100020d8:	b110      	cbz	r0, 100020e0 <_out_fct+0x8>
100020da:	e9d1 3100 	ldrd	r3, r1, [r1]
100020de:	4718      	bx	r3
100020e0:	4770      	bx	lr
100020e2:	bf00      	nop
100020e4:	0000      	movs	r0, r0
	...

100020e8 <_ftoa>:
100020e8:	e92d 4ff0 	stmdb	sp!, {r4, r5, r6, r7, r8, r9, sl, fp, lr}
100020ec:	b097      	sub	sp, #92	@ 0x5c
100020ee:	ed9d 7b20 	vldr	d7, [sp, #128]	@ 0x80
100020f2:	e9dd 5b22 	ldrd	r5, fp, [sp, #136]	@ 0x88
100020f6:	4680      	mov	r8, r0
100020f8:	4689      	mov	r9, r1
100020fa:	ec51 0b17 	vmov	r0, r1, d7
100020fe:	469a      	mov	sl, r3
10002100:	9b24      	ldr	r3, [sp, #144]	@ 0x90
10002102:	920c      	str	r2, [sp, #48]	@ 0x30
10002104:	9307      	str	r3, [sp, #28]
10002106:	4602      	mov	r2, r0
10002108:	460b      	mov	r3, r1
1000210a:	ed8d 7b04 	vstr	d7, [sp, #16]
1000210e:	f7ff fe3d 	bl	10001d8c <__wrap___aeabi_dcmpun>
10002112:	2800      	cmp	r0, #0
10002114:	f040 81e3 	bne.w	100024de <_ftoa+0x3f6>
10002118:	e9dd 0104 	ldrd	r0, r1, [sp, #16]
1000211c:	f04f 32ff 	mov.w	r2, #4294967295	@ 0xffffffff
10002120:	f46f 1380 	mvn.w	r3, #1048576	@ 0x100000
10002124:	f7ff fe44 	bl	10001db0 <__wrap___aeabi_dcmplt>
10002128:	2800      	cmp	r0, #0
1000212a:	f040 80cb 	bne.w	100022c4 <_ftoa+0x1dc>
1000212e:	e9dd 0104 	ldrd	r0, r1, [sp, #16]
10002132:	f04f 32ff 	mov.w	r2, #4294967295	@ 0xffffffff
10002136:	4bb2      	ldr	r3, [pc, #712]	@ (10002400 <_ftoa+0x318>)
10002138:	f7ff fe76 	bl	10001e28 <__wrap___aeabi_dcmpgt>
1000213c:	2800      	cmp	r0, #0
1000213e:	f040 809f 	bne.w	10002280 <_ftoa+0x198>
10002142:	e9dd 6704 	ldrd	r6, r7, [sp, #16]
10002146:	a3aa      	add	r3, pc, #680	@ (adr r3, 100023f0 <_ftoa+0x308>)
10002148:	e9d3 2300 	ldrd	r2, r3, [r3]
1000214c:	4630      	mov	r0, r6
1000214e:	4639      	mov	r1, r7
10002150:	f7ff fe6a 	bl	10001e28 <__wrap___aeabi_dcmpgt>
10002154:	2800      	cmp	r0, #0
10002156:	f040 8082 	bne.w	1000225e <_ftoa+0x176>
1000215a:	a3a7      	add	r3, pc, #668	@ (adr r3, 100023f8 <_ftoa+0x310>)
1000215c:	e9d3 2300 	ldrd	r2, r3, [r3]
10002160:	4630      	mov	r0, r6
10002162:	4639      	mov	r1, r7
10002164:	f7ff fe24 	bl	10001db0 <__wrap___aeabi_dcmplt>
10002168:	2800      	cmp	r0, #0
1000216a:	d178      	bne.n	1000225e <_ftoa+0x176>
1000216c:	4630      	mov	r0, r6
1000216e:	4639      	mov	r1, r7
10002170:	2200      	movs	r2, #0
10002172:	2300      	movs	r3, #0
10002174:	f7ff fe1c 	bl	10001db0 <__wrap___aeabi_dcmplt>
10002178:	2800      	cmp	r0, #0
1000217a:	f040 8098 	bne.w	100022ae <_ftoa+0x1c6>
1000217e:	900d      	str	r0, [sp, #52]	@ 0x34
10002180:	9b07      	ldr	r3, [sp, #28]
10002182:	2130      	movs	r1, #48	@ 0x30
10002184:	f413 6f80 	tst.w	r3, #1024	@ 0x400
10002188:	bf08      	it	eq
1000218a:	2506      	moveq	r5, #6
1000218c:	aa0e      	add	r2, sp, #56	@ 0x38
1000218e:	462b      	mov	r3, r5
10002190:	f1a5 0620 	sub.w	r6, r5, #32
10002194:	e005      	b.n	100021a2 <_ftoa+0xba>
10002196:	3b01      	subs	r3, #1
10002198:	42b3      	cmp	r3, r6
1000219a:	f802 1b01 	strb.w	r1, [r2], #1
1000219e:	f000 8165 	beq.w	1000246c <_ftoa+0x384>
100021a2:	2b09      	cmp	r3, #9
100021a4:	d8f7      	bhi.n	10002196 <_ftoa+0xae>
100021a6:	461e      	mov	r6, r3
100021a8:	1aed      	subs	r5, r5, r3
100021aa:	e9dd 0104 	ldrd	r0, r1, [sp, #16]
100021ae:	f7ff fdc9 	bl	10001d44 <__wrap___aeabi_d2iz>
100021b2:	4b94      	ldr	r3, [pc, #592]	@ (10002404 <_ftoa+0x31c>)
100021b4:	4604      	mov	r4, r0
100021b6:	eb03 03c6 	add.w	r3, r3, r6, lsl #3
100021ba:	ed93 7b00 	vldr	d7, [r3]
100021be:	ed8d 7b08 	vstr	d7, [sp, #32]
100021c2:	f7ff fd9b 	bl	10001cfc <__wrap___aeabi_i2d>
100021c6:	4602      	mov	r2, r0
100021c8:	460b      	mov	r3, r1
100021ca:	e9dd 0104 	ldrd	r0, r1, [sp, #16]
100021ce:	f7ff fd0d 	bl	10001bec <__wrap___aeabi_dsub>
100021d2:	e9dd 2308 	ldrd	r2, r3, [sp, #32]
100021d6:	f7ff fd1d 	bl	10001c14 <__wrap___aeabi_dmul>
100021da:	e9cd 010a 	strd	r0, r1, [sp, #40]	@ 0x28
100021de:	f7ff fdc3 	bl	10001d68 <__wrap___aeabi_d2uiz>
100021e2:	4607      	mov	r7, r0
100021e4:	f7ff fd9c 	bl	10001d20 <__wrap___aeabi_ui2d>
100021e8:	4602      	mov	r2, r0
100021ea:	460b      	mov	r3, r1
100021ec:	e9dd 010a 	ldrd	r0, r1, [sp, #40]	@ 0x28
100021f0:	f7ff fcfc 	bl	10001bec <__wrap___aeabi_dsub>
100021f4:	2200      	movs	r2, #0
100021f6:	4b84      	ldr	r3, [pc, #528]	@ (10002408 <_ftoa+0x320>)
100021f8:	e9cd 010a 	strd	r0, r1, [sp, #40]	@ 0x28
100021fc:	f7ff fe14 	bl	10001e28 <__wrap___aeabi_dcmpgt>
10002200:	2800      	cmp	r0, #0
10002202:	f000 8088 	beq.w	10002316 <_ftoa+0x22e>
10002206:	3701      	adds	r7, #1
10002208:	4638      	mov	r0, r7
1000220a:	f7ff fd89 	bl	10001d20 <__wrap___aeabi_ui2d>
1000220e:	4602      	mov	r2, r0
10002210:	460b      	mov	r3, r1
10002212:	e9dd 0108 	ldrd	r0, r1, [sp, #32]
10002216:	f7ff fddf 	bl	10001dd8 <__wrap___aeabi_dcmple>
1000221a:	b108      	cbz	r0, 10002220 <_ftoa+0x138>
1000221c:	2700      	movs	r7, #0
1000221e:	3401      	adds	r4, #1
10002220:	2e00      	cmp	r6, #0
10002222:	f000 8088 	beq.w	10002336 <_ftoa+0x24e>
10002226:	f10d 0337 	add.w	r3, sp, #55	@ 0x37
1000222a:	f8df c1f0 	ldr.w	ip, [pc, #496]	@ 1000241c <_ftoa+0x334>
1000222e:	1958      	adds	r0, r3, r5
10002230:	e00d      	b.n	1000224e <_ftoa+0x166>
10002232:	fbac 2107 	umull	r2, r1, ip, r7
10002236:	08c9      	lsrs	r1, r1, #3
10002238:	eb01 0281 	add.w	r2, r1, r1, lsl #2
1000223c:	eba7 0242 	sub.w	r2, r7, r2, lsl #1
10002240:	3230      	adds	r2, #48	@ 0x30
10002242:	2f09      	cmp	r7, #9
10002244:	f800 2f01 	strb.w	r2, [r0, #1]!
10002248:	f240 80fb 	bls.w	10002442 <_ftoa+0x35a>
1000224c:	460f      	mov	r7, r1
1000224e:	2d20      	cmp	r5, #32
10002250:	f106 36ff 	add.w	r6, r6, #4294967295	@ 0xffffffff
10002254:	f105 0501 	add.w	r5, r5, #1
10002258:	d1eb      	bne.n	10002232 <_ftoa+0x14a>
1000225a:	2520      	movs	r5, #32
1000225c:	e086      	b.n	1000236c <_ftoa+0x284>
1000225e:	9b07      	ldr	r3, [sp, #28]
10002260:	ed9d 7b04 	vldr	d7, [sp, #16]
10002264:	e9cd b323 	strd	fp, r3, [sp, #140]	@ 0x8c
10002268:	4649      	mov	r1, r9
1000226a:	4653      	mov	r3, sl
1000226c:	4640      	mov	r0, r8
1000226e:	9a0c      	ldr	r2, [sp, #48]	@ 0x30
10002270:	ed8d 7b20 	vstr	d7, [sp, #128]	@ 0x80
10002274:	9522      	str	r5, [sp, #136]	@ 0x88
10002276:	b017      	add	sp, #92	@ 0x5c
10002278:	e8bd 4ff0 	ldmia.w	sp!, {r4, r5, r6, r7, r8, r9, sl, fp, lr}
1000227c:	f000 b980 	b.w	10002580 <_etoa>
10002280:	9b07      	ldr	r3, [sp, #28]
10002282:	4649      	mov	r1, r9
10002284:	0758      	lsls	r0, r3, #29
10002286:	bf4c      	ite	mi
10002288:	2304      	movmi	r3, #4
1000228a:	2303      	movpl	r3, #3
1000228c:	4640      	mov	r0, r8
1000228e:	9321      	str	r3, [sp, #132]	@ 0x84
10002290:	4653      	mov	r3, sl
10002292:	9a07      	ldr	r2, [sp, #28]
10002294:	bf48      	it	mi
10002296:	4c5d      	ldrmi	r4, [pc, #372]	@ (1000240c <_ftoa+0x324>)
10002298:	e9cd b222 	strd	fp, r2, [sp, #136]	@ 0x88
1000229c:	bf58      	it	pl
1000229e:	4c5c      	ldrpl	r4, [pc, #368]	@ (10002410 <_ftoa+0x328>)
100022a0:	9a0c      	ldr	r2, [sp, #48]	@ 0x30
100022a2:	9420      	str	r4, [sp, #128]	@ 0x80
100022a4:	b017      	add	sp, #92	@ 0x5c
100022a6:	e8bd 4ff0 	ldmia.w	sp!, {r4, r5, r6, r7, r8, r9, sl, fp, lr}
100022aa:	f7ff bdcf 	b.w	10001e4c <_out_rev>
100022ae:	463b      	mov	r3, r7
100022b0:	4632      	mov	r2, r6
100022b2:	2000      	movs	r0, #0
100022b4:	2100      	movs	r1, #0
100022b6:	f7ff fc99 	bl	10001bec <__wrap___aeabi_dsub>
100022ba:	2301      	movs	r3, #1
100022bc:	e9cd 0104 	strd	r0, r1, [sp, #16]
100022c0:	930d      	str	r3, [sp, #52]	@ 0x34
100022c2:	e75d      	b.n	10002180 <_ftoa+0x98>
100022c4:	9b07      	ldr	r3, [sp, #28]
100022c6:	f003 0202 	and.w	r2, r3, #2
100022ca:	079c      	lsls	r4, r3, #30
100022cc:	9204      	str	r2, [sp, #16]
100022ce:	f000 80f4 	beq.w	100024ba <_ftoa+0x3d2>
100022d2:	9f0c      	ldr	r7, [sp, #48]	@ 0x30
100022d4:	463d      	mov	r5, r7
100022d6:	4e4f      	ldr	r6, [pc, #316]	@ (10002414 <_ftoa+0x32c>)
100022d8:	1d34      	adds	r4, r6, #4
100022da:	f814 0d01 	ldrb.w	r0, [r4, #-1]!
100022de:	462a      	mov	r2, r5
100022e0:	4653      	mov	r3, sl
100022e2:	4649      	mov	r1, r9
100022e4:	47c0      	blx	r8
100022e6:	42a6      	cmp	r6, r4
100022e8:	f105 0501 	add.w	r5, r5, #1
100022ec:	d1f5      	bne.n	100022da <_ftoa+0x1f2>
100022ee:	9b04      	ldr	r3, [sp, #16]
100022f0:	1d3c      	adds	r4, r7, #4
100022f2:	b163      	cbz	r3, 1000230e <_ftoa+0x226>
100022f4:	9d0c      	ldr	r5, [sp, #48]	@ 0x30
100022f6:	1b63      	subs	r3, r4, r5
100022f8:	459b      	cmp	fp, r3
100022fa:	d908      	bls.n	1000230e <_ftoa+0x226>
100022fc:	4622      	mov	r2, r4
100022fe:	4653      	mov	r3, sl
10002300:	4649      	mov	r1, r9
10002302:	2020      	movs	r0, #32
10002304:	3401      	adds	r4, #1
10002306:	47c0      	blx	r8
10002308:	1b63      	subs	r3, r4, r5
1000230a:	459b      	cmp	fp, r3
1000230c:	d8f6      	bhi.n	100022fc <_ftoa+0x214>
1000230e:	4620      	mov	r0, r4
10002310:	b017      	add	sp, #92	@ 0x5c
10002312:	e8bd 8ff0 	ldmia.w	sp!, {r4, r5, r6, r7, r8, r9, sl, fp, pc}
10002316:	2200      	movs	r2, #0
10002318:	e9dd 010a 	ldrd	r0, r1, [sp, #40]	@ 0x28
1000231c:	4b3a      	ldr	r3, [pc, #232]	@ (10002408 <_ftoa+0x320>)
1000231e:	f7ff fd47 	bl	10001db0 <__wrap___aeabi_dcmplt>
10002322:	2800      	cmp	r0, #0
10002324:	f47f af7c 	bne.w	10002220 <_ftoa+0x138>
10002328:	2f00      	cmp	r7, #0
1000232a:	f040 80c2 	bne.w	100024b2 <_ftoa+0x3ca>
1000232e:	3701      	adds	r7, #1
10002330:	2e00      	cmp	r6, #0
10002332:	f47f af78 	bne.w	10002226 <_ftoa+0x13e>
10002336:	4620      	mov	r0, r4
10002338:	f7ff fce0 	bl	10001cfc <__wrap___aeabi_i2d>
1000233c:	4602      	mov	r2, r0
1000233e:	460b      	mov	r3, r1
10002340:	e9dd 0104 	ldrd	r0, r1, [sp, #16]
10002344:	f7ff fc52 	bl	10001bec <__wrap___aeabi_dsub>
10002348:	2200      	movs	r2, #0
1000234a:	4b2f      	ldr	r3, [pc, #188]	@ (10002408 <_ftoa+0x320>)
1000234c:	4606      	mov	r6, r0
1000234e:	460f      	mov	r7, r1
10002350:	f7ff fd2e 	bl	10001db0 <__wrap___aeabi_dcmplt>
10002354:	b940      	cbnz	r0, 10002368 <_ftoa+0x280>
10002356:	4630      	mov	r0, r6
10002358:	4639      	mov	r1, r7
1000235a:	2200      	movs	r2, #0
1000235c:	4b2a      	ldr	r3, [pc, #168]	@ (10002408 <_ftoa+0x320>)
1000235e:	f7ff fd63 	bl	10001e28 <__wrap___aeabi_dcmpgt>
10002362:	2800      	cmp	r0, #0
10002364:	f000 80a1 	beq.w	100024aa <_ftoa+0x3c2>
10002368:	f10d 0337 	add.w	r3, sp, #55	@ 0x37
1000236c:	482a      	ldr	r0, [pc, #168]	@ (10002418 <_ftoa+0x330>)
1000236e:	1959      	adds	r1, r3, r5
10002370:	e00e      	b.n	10002390 <_ftoa+0x2a8>
10002372:	fb80 7604 	smull	r7, r6, r0, r4
10002376:	ebc2 02a6 	rsb	r2, r2, r6, asr #2
1000237a:	eb02 0682 	add.w	r6, r2, r2, lsl #2
1000237e:	eba4 0646 	sub.w	r6, r4, r6, lsl #1
10002382:	3630      	adds	r6, #48	@ 0x30
10002384:	4614      	mov	r4, r2
10002386:	3501      	adds	r5, #1
10002388:	f801 6f01 	strb.w	r6, [r1, #1]!
1000238c:	2a00      	cmp	r2, #0
1000238e:	d047      	beq.n	10002420 <_ftoa+0x338>
10002390:	2d20      	cmp	r5, #32
10002392:	ea4f 72e4 	mov.w	r2, r4, asr #31
10002396:	d1ec      	bne.n	10002372 <_ftoa+0x28a>
10002398:	9a07      	ldr	r2, [sp, #28]
1000239a:	f002 0203 	and.w	r2, r2, #3
1000239e:	2a01      	cmp	r2, #1
100023a0:	d114      	bne.n	100023cc <_ftoa+0x2e4>
100023a2:	f1bb 0f00 	cmp.w	fp, #0
100023a6:	d011      	beq.n	100023cc <_ftoa+0x2e4>
100023a8:	9a0d      	ldr	r2, [sp, #52]	@ 0x34
100023aa:	2a00      	cmp	r2, #0
100023ac:	d060      	beq.n	10002470 <_ftoa+0x388>
100023ae:	f10b 3bff 	add.w	fp, fp, #4294967295	@ 0xffffffff
100023b2:	f1bb 0f20 	cmp.w	fp, #32
100023b6:	d909      	bls.n	100023cc <_ftoa+0x2e4>
100023b8:	2230      	movs	r2, #48	@ 0x30
100023ba:	442b      	add	r3, r5
100023bc:	e004      	b.n	100023c8 <_ftoa+0x2e0>
100023be:	3501      	adds	r5, #1
100023c0:	455d      	cmp	r5, fp
100023c2:	f803 2f01 	strb.w	r2, [r3, #1]!
100023c6:	d231      	bcs.n	1000242c <_ftoa+0x344>
100023c8:	2d20      	cmp	r5, #32
100023ca:	d1f8      	bne.n	100023be <_ftoa+0x2d6>
100023cc:	9b07      	ldr	r3, [sp, #28]
100023ce:	ac0e      	add	r4, sp, #56	@ 0x38
100023d0:	e9cd b302 	strd	fp, r3, [sp, #8]
100023d4:	9400      	str	r4, [sp, #0]
100023d6:	4653      	mov	r3, sl
100023d8:	4649      	mov	r1, r9
100023da:	4640      	mov	r0, r8
100023dc:	9a0c      	ldr	r2, [sp, #48]	@ 0x30
100023de:	9501      	str	r5, [sp, #4]
100023e0:	f7ff fd34 	bl	10001e4c <_out_rev>
100023e4:	4604      	mov	r4, r0
100023e6:	4620      	mov	r0, r4
100023e8:	b017      	add	sp, #92	@ 0x5c
100023ea:	e8bd 8ff0 	ldmia.w	sp!, {r4, r5, r6, r7, r8, r9, sl, fp, pc}
100023ee:	bf00      	nop
100023f0:	00000000 	.word	0x00000000
100023f4:	41cdcd65 	.word	0x41cdcd65
100023f8:	00000000 	.word	0x00000000
100023fc:	c1cdcd65 	.word	0xc1cdcd65
10002400:	7fefffff 	.word	0x7fefffff
10002404:	10006bd8 	.word	0x10006bd8
10002408:	3fe00000 	.word	0x3fe00000
1000240c:	10006a2c 	.word	0x10006a2c
10002410:	10006a34 	.word	0x10006a34
10002414:	10006a3c 	.word	0x10006a3c
10002418:	66666667 	.word	0x66666667
1000241c:	cccccccd 	.word	0xcccccccd
10002420:	9a07      	ldr	r2, [sp, #28]
10002422:	f002 0203 	and.w	r2, r2, #3
10002426:	2a01      	cmp	r2, #1
10002428:	f000 8096 	beq.w	10002558 <_ftoa+0x470>
1000242c:	2d20      	cmp	r5, #32
1000242e:	d0cd      	beq.n	100023cc <_ftoa+0x2e4>
10002430:	9b0d      	ldr	r3, [sp, #52]	@ 0x34
10002432:	b33b      	cbz	r3, 10002484 <_ftoa+0x39c>
10002434:	222d      	movs	r2, #45	@ 0x2d
10002436:	eb0d 0305 	add.w	r3, sp, r5
1000243a:	f883 2038 	strb.w	r2, [r3, #56]	@ 0x38
1000243e:	3501      	adds	r5, #1
10002440:	e7c4      	b.n	100023cc <_ftoa+0x2e4>
10002442:	2d20      	cmp	r5, #32
10002444:	f43f af09 	beq.w	1000225a <_ftoa+0x172>
10002448:	2130      	movs	r1, #48	@ 0x30
1000244a:	442e      	add	r6, r5
1000244c:	195a      	adds	r2, r3, r5
1000244e:	e005      	b.n	1000245c <_ftoa+0x374>
10002450:	3501      	adds	r5, #1
10002452:	2d20      	cmp	r5, #32
10002454:	f802 1f01 	strb.w	r1, [r2, #1]!
10002458:	f43f aeff 	beq.w	1000225a <_ftoa+0x172>
1000245c:	42ae      	cmp	r6, r5
1000245e:	d1f7      	bne.n	10002450 <_ftoa+0x368>
10002460:	222e      	movs	r2, #46	@ 0x2e
10002462:	446e      	add	r6, sp
10002464:	3501      	adds	r5, #1
10002466:	f886 2038 	strb.w	r2, [r6, #56]	@ 0x38
1000246a:	e77f      	b.n	1000236c <_ftoa+0x284>
1000246c:	2520      	movs	r5, #32
1000246e:	e69c      	b.n	100021aa <_ftoa+0xc2>
10002470:	9a07      	ldr	r2, [sp, #28]
10002472:	f012 0f0c 	tst.w	r2, #12
10002476:	d05a      	beq.n	1000252e <_ftoa+0x446>
10002478:	f10b 3bff 	add.w	fp, fp, #4294967295	@ 0xffffffff
1000247c:	45ab      	cmp	fp, r5
1000247e:	d89b      	bhi.n	100023b8 <_ftoa+0x2d0>
10002480:	2d20      	cmp	r5, #32
10002482:	d0a3      	beq.n	100023cc <_ftoa+0x2e4>
10002484:	9b07      	ldr	r3, [sp, #28]
10002486:	075a      	lsls	r2, r3, #29
10002488:	d506      	bpl.n	10002498 <_ftoa+0x3b0>
1000248a:	222b      	movs	r2, #43	@ 0x2b
1000248c:	eb0d 0305 	add.w	r3, sp, r5
10002490:	f883 2038 	strb.w	r2, [r3, #56]	@ 0x38
10002494:	3501      	adds	r5, #1
10002496:	e799      	b.n	100023cc <_ftoa+0x2e4>
10002498:	071b      	lsls	r3, r3, #28
1000249a:	d597      	bpl.n	100023cc <_ftoa+0x2e4>
1000249c:	2220      	movs	r2, #32
1000249e:	eb0d 0305 	add.w	r3, sp, r5
100024a2:	f883 2038 	strb.w	r2, [r3, #56]	@ 0x38
100024a6:	3501      	adds	r5, #1
100024a8:	e790      	b.n	100023cc <_ftoa+0x2e4>
100024aa:	3401      	adds	r4, #1
100024ac:	f024 0401 	bic.w	r4, r4, #1
100024b0:	e75a      	b.n	10002368 <_ftoa+0x280>
100024b2:	07f9      	lsls	r1, r7, #31
100024b4:	f57f aeb4 	bpl.w	10002220 <_ftoa+0x138>
100024b8:	e739      	b.n	1000232e <_ftoa+0x246>
100024ba:	f1bb 0f04 	cmp.w	fp, #4
100024be:	f67f af08 	bls.w	100022d2 <_ftoa+0x1ea>
100024c2:	9b0c      	ldr	r3, [sp, #48]	@ 0x30
100024c4:	461d      	mov	r5, r3
100024c6:	3b04      	subs	r3, #4
100024c8:	eb03 070b 	add.w	r7, r3, fp
100024cc:	462a      	mov	r2, r5
100024ce:	4653      	mov	r3, sl
100024d0:	4649      	mov	r1, r9
100024d2:	2020      	movs	r0, #32
100024d4:	3501      	adds	r5, #1
100024d6:	47c0      	blx	r8
100024d8:	42af      	cmp	r7, r5
100024da:	d1f7      	bne.n	100024cc <_ftoa+0x3e4>
100024dc:	e6fa      	b.n	100022d4 <_ftoa+0x1ec>
100024de:	9b07      	ldr	r3, [sp, #28]
100024e0:	f003 0202 	and.w	r2, r3, #2
100024e4:	079d      	lsls	r5, r3, #30
100024e6:	9204      	str	r2, [sp, #16]
100024e8:	d025      	beq.n	10002536 <_ftoa+0x44e>
100024ea:	9f0c      	ldr	r7, [sp, #48]	@ 0x30
100024ec:	463d      	mov	r5, r7
100024ee:	4e22      	ldr	r6, [pc, #136]	@ (10002578 <_ftoa+0x490>)
100024f0:	1cf4      	adds	r4, r6, #3
100024f2:	f814 0d01 	ldrb.w	r0, [r4, #-1]!
100024f6:	462a      	mov	r2, r5
100024f8:	4653      	mov	r3, sl
100024fa:	4649      	mov	r1, r9
100024fc:	47c0      	blx	r8
100024fe:	42a6      	cmp	r6, r4
10002500:	f105 0501 	add.w	r5, r5, #1
10002504:	d1f5      	bne.n	100024f2 <_ftoa+0x40a>
10002506:	9b04      	ldr	r3, [sp, #16]
10002508:	1cfc      	adds	r4, r7, #3
1000250a:	2b00      	cmp	r3, #0
1000250c:	f43f aeff 	beq.w	1000230e <_ftoa+0x226>
10002510:	9d0c      	ldr	r5, [sp, #48]	@ 0x30
10002512:	1b63      	subs	r3, r4, r5
10002514:	459b      	cmp	fp, r3
10002516:	f67f aefa 	bls.w	1000230e <_ftoa+0x226>
1000251a:	4622      	mov	r2, r4
1000251c:	4653      	mov	r3, sl
1000251e:	4649      	mov	r1, r9
10002520:	2020      	movs	r0, #32
10002522:	3401      	adds	r4, #1
10002524:	47c0      	blx	r8
10002526:	1b63      	subs	r3, r4, r5
10002528:	459b      	cmp	fp, r3
1000252a:	d8f6      	bhi.n	1000251a <_ftoa+0x432>
1000252c:	e6ef      	b.n	1000230e <_ftoa+0x226>
1000252e:	45ab      	cmp	fp, r5
10002530:	f63f af42 	bhi.w	100023b8 <_ftoa+0x2d0>
10002534:	e74a      	b.n	100023cc <_ftoa+0x2e4>
10002536:	f1bb 0f03 	cmp.w	fp, #3
1000253a:	d9d6      	bls.n	100024ea <_ftoa+0x402>
1000253c:	9b0c      	ldr	r3, [sp, #48]	@ 0x30
1000253e:	461d      	mov	r5, r3
10002540:	3b03      	subs	r3, #3
10002542:	eb03 070b 	add.w	r7, r3, fp
10002546:	462a      	mov	r2, r5
10002548:	4653      	mov	r3, sl
1000254a:	4649      	mov	r1, r9
1000254c:	2020      	movs	r0, #32
1000254e:	3501      	adds	r5, #1
10002550:	47c0      	blx	r8
10002552:	42bd      	cmp	r5, r7
10002554:	d1f7      	bne.n	10002546 <_ftoa+0x45e>
10002556:	e7c9      	b.n	100024ec <_ftoa+0x404>
10002558:	f1bb 0f00 	cmp.w	fp, #0
1000255c:	f43f af66 	beq.w	1000242c <_ftoa+0x344>
10002560:	9a0d      	ldr	r2, [sp, #52]	@ 0x34
10002562:	2a00      	cmp	r2, #0
10002564:	d084      	beq.n	10002470 <_ftoa+0x388>
10002566:	f10b 3bff 	add.w	fp, fp, #4294967295	@ 0xffffffff
1000256a:	455d      	cmp	r5, fp
1000256c:	f4ff af24 	bcc.w	100023b8 <_ftoa+0x2d0>
10002570:	2d20      	cmp	r5, #32
10002572:	f47f af5f 	bne.w	10002434 <_ftoa+0x34c>
10002576:	e729      	b.n	100023cc <_ftoa+0x2e4>
10002578:	10006a38 	.word	0x10006a38
1000257c:	00000000 	.word	0x00000000

10002580 <_etoa>:
10002580:	e92d 4ff0 	stmdb	sp!, {r4, r5, r6, r7, r8, r9, sl, fp, lr}
10002584:	b09f      	sub	sp, #124	@ 0x7c
10002586:	461e      	mov	r6, r3
10002588:	e9dd ab28 	ldrd	sl, fp, [sp, #160]	@ 0xa0
1000258c:	e9dd 982b 	ldrd	r9, r8, [sp, #172]	@ 0xac
10002590:	9b2a      	ldr	r3, [sp, #168]	@ 0xa8
10002592:	4604      	mov	r4, r0
10002594:	460d      	mov	r5, r1
10002596:	920b      	str	r2, [sp, #44]	@ 0x2c
10002598:	930a      	str	r3, [sp, #40]	@ 0x28
1000259a:	4652      	mov	r2, sl
1000259c:	465b      	mov	r3, fp
1000259e:	4650      	mov	r0, sl
100025a0:	4659      	mov	r1, fp
100025a2:	f7ff fbf3 	bl	10001d8c <__wrap___aeabi_dcmpun>
100025a6:	2800      	cmp	r0, #0
100025a8:	f040 80c6 	bne.w	10002738 <_etoa+0x1b8>
100025ac:	4650      	mov	r0, sl
100025ae:	4659      	mov	r1, fp
100025b0:	f04f 32ff 	mov.w	r2, #4294967295	@ 0xffffffff
100025b4:	4b7b      	ldr	r3, [pc, #492]	@ (100027a4 <_etoa+0x224>)
100025b6:	f7ff fc37 	bl	10001e28 <__wrap___aeabi_dcmpgt>
100025ba:	2800      	cmp	r0, #0
100025bc:	f040 80bc 	bne.w	10002738 <_etoa+0x1b8>
100025c0:	4650      	mov	r0, sl
100025c2:	4659      	mov	r1, fp
100025c4:	f04f 32ff 	mov.w	r2, #4294967295	@ 0xffffffff
100025c8:	f46f 1380 	mvn.w	r3, #1048576	@ 0x100000
100025cc:	f7ff fbf0 	bl	10001db0 <__wrap___aeabi_dcmplt>
100025d0:	2800      	cmp	r0, #0
100025d2:	f040 80b1 	bne.w	10002738 <_etoa+0x1b8>
100025d6:	4650      	mov	r0, sl
100025d8:	4659      	mov	r1, fp
100025da:	2200      	movs	r2, #0
100025dc:	2300      	movs	r3, #0
100025de:	f7ff fbe7 	bl	10001db0 <__wrap___aeabi_dcmplt>
100025e2:	2800      	cmp	r0, #0
100025e4:	f040 81dd 	bne.w	100029a2 <_etoa+0x422>
100025e8:	e9cd ab08 	strd	sl, fp, [sp, #32]
100025ec:	e9dd 1208 	ldrd	r1, r2, [sp, #32]
100025f0:	f418 6080 	ands.w	r0, r8, #1024	@ 0x400
100025f4:	460b      	mov	r3, r1
100025f6:	460f      	mov	r7, r1
100025f8:	f408 6100 	and.w	r1, r8, #2048	@ 0x800
100025fc:	920c      	str	r2, [sp, #48]	@ 0x30
100025fe:	9114      	str	r1, [sp, #80]	@ 0x50
10002600:	9015      	str	r0, [sp, #84]	@ 0x54
10002602:	f040 80a8 	bne.w	10002756 <_etoa+0x1d6>
10002606:	4313      	orrs	r3, r2
10002608:	f040 80d0 	bne.w	100027ac <_etoa+0x22c>
1000260c:	2900      	cmp	r1, #0
1000260e:	f040 81ec 	bne.w	100029ea <_etoa+0x46a>
10002612:	2306      	movs	r3, #6
10002614:	930a      	str	r3, [sp, #40]	@ 0x28
10002616:	f018 0202 	ands.w	r2, r8, #2
1000261a:	9210      	str	r2, [sp, #64]	@ 0x40
1000261c:	f040 81dd 	bne.w	100029da <_etoa+0x45a>
10002620:	464b      	mov	r3, r9
10002622:	2b04      	cmp	r3, #4
10002624:	bf38      	it	cc
10002626:	2304      	movcc	r3, #4
10002628:	920e      	str	r2, [sp, #56]	@ 0x38
1000262a:	2204      	movs	r2, #4
1000262c:	3b04      	subs	r3, #4
1000262e:	9212      	str	r2, [sp, #72]	@ 0x48
10002630:	9314      	str	r3, [sp, #80]	@ 0x50
10002632:	4650      	mov	r0, sl
10002634:	4659      	mov	r1, fp
10002636:	2200      	movs	r2, #0
10002638:	2300      	movs	r3, #0
1000263a:	f7ff fbb9 	bl	10001db0 <__wrap___aeabi_dcmplt>
1000263e:	2800      	cmp	r0, #0
10002640:	f040 822a 	bne.w	10002a98 <_etoa+0x518>
10002644:	ed9d 7b08 	vldr	d7, [sp, #32]
10002648:	9b14      	ldr	r3, [sp, #80]	@ 0x50
1000264a:	9a0b      	ldr	r2, [sp, #44]	@ 0x2c
1000264c:	9303      	str	r3, [sp, #12]
1000264e:	9b0a      	ldr	r3, [sp, #40]	@ 0x28
10002650:	ed8d 7b00 	vstr	d7, [sp]
10002654:	9302      	str	r3, [sp, #8]
10002656:	f428 6300 	bic.w	r3, r8, #2048	@ 0x800
1000265a:	9304      	str	r3, [sp, #16]
1000265c:	4629      	mov	r1, r5
1000265e:	4633      	mov	r3, r6
10002660:	4620      	mov	r0, r4
10002662:	f7ff fd41 	bl	100020e8 <_ftoa>
10002666:	4602      	mov	r2, r0
10002668:	f018 0f20 	tst.w	r8, #32
1000266c:	4633      	mov	r3, r6
1000266e:	4629      	mov	r1, r5
10002670:	bf0c      	ite	eq
10002672:	2065      	moveq	r0, #101	@ 0x65
10002674:	2045      	movne	r0, #69	@ 0x45
10002676:	f102 0801 	add.w	r8, r2, #1
1000267a:	47a0      	blx	r4
1000267c:	9b12      	ldr	r3, [sp, #72]	@ 0x48
1000267e:	f10d 0a58 	add.w	sl, sp, #88	@ 0x58
10002682:	f103 3bff 	add.w	fp, r3, #4294967295	@ 0xffffffff
10002686:	9b0e      	ldr	r3, [sp, #56]	@ 0x38
10002688:	2200      	movs	r2, #0
1000268a:	ea83 7ce3 	eor.w	ip, r3, r3, asr #31
1000268e:	4650      	mov	r0, sl
10002690:	f8df e114 	ldr.w	lr, [pc, #276]	@ 100027a8 <_etoa+0x228>
10002694:	9f0b      	ldr	r7, [sp, #44]	@ 0x2c
10002696:	ebac 7ce3 	sub.w	ip, ip, r3, asr #31
1000269a:	0fd9      	lsrs	r1, r3, #31
1000269c:	f8cd 8020 	str.w	r8, [sp, #32]
100026a0:	e002      	b.n	100026a8 <_etoa+0x128>
100026a2:	2a20      	cmp	r2, #32
100026a4:	46c4      	mov	ip, r8
100026a6:	d010      	beq.n	100026ca <_etoa+0x14a>
100026a8:	fbae 380c 	umull	r3, r8, lr, ip
100026ac:	ea4f 08d8 	mov.w	r8, r8, lsr #3
100026b0:	eb08 0388 	add.w	r3, r8, r8, lsl #2
100026b4:	ebac 0343 	sub.w	r3, ip, r3, lsl #1
100026b8:	3001      	adds	r0, #1
100026ba:	3330      	adds	r3, #48	@ 0x30
100026bc:	f1bc 0f09 	cmp.w	ip, #9
100026c0:	f102 0201 	add.w	r2, r2, #1
100026c4:	f800 3c01 	strb.w	r3, [r0, #-1]
100026c8:	d8eb      	bhi.n	100026a2 <_etoa+0x122>
100026ca:	2305      	movs	r3, #5
100026cc:	f04f 0c00 	mov.w	ip, #0
100026d0:	9306      	str	r3, [sp, #24]
100026d2:	230a      	movs	r3, #10
100026d4:	f8dd 8020 	ldr.w	r8, [sp, #32]
100026d8:	e9cd 2101 	strd	r2, r1, [sp, #4]
100026dc:	e9cd 3c03 	strd	r3, ip, [sp, #12]
100026e0:	f8cd a000 	str.w	sl, [sp]
100026e4:	4633      	mov	r3, r6
100026e6:	4642      	mov	r2, r8
100026e8:	4629      	mov	r1, r5
100026ea:	4620      	mov	r0, r4
100026ec:	f8cd b014 	str.w	fp, [sp, #20]
100026f0:	f7ff fc00 	bl	10001ef4 <_ntoa_format>
100026f4:	9b10      	ldr	r3, [sp, #64]	@ 0x40
100026f6:	4682      	mov	sl, r0
100026f8:	b1d3      	cbz	r3, 10002730 <_etoa+0x1b0>
100026fa:	eba0 0807 	sub.w	r8, r0, r7
100026fe:	45c1      	cmp	r9, r8
10002700:	d916      	bls.n	10002730 <_etoa+0x1b0>
10002702:	eb07 0208 	add.w	r2, r7, r8
10002706:	4633      	mov	r3, r6
10002708:	4629      	mov	r1, r5
1000270a:	2020      	movs	r0, #32
1000270c:	f108 0801 	add.w	r8, r8, #1
10002710:	47a0      	blx	r4
10002712:	45c1      	cmp	r9, r8
10002714:	d8f5      	bhi.n	10002702 <_etoa+0x182>
10002716:	1e7b      	subs	r3, r7, #1
10002718:	444b      	add	r3, r9
1000271a:	f1c7 0201 	rsb	r2, r7, #1
1000271e:	eba3 030a 	sub.w	r3, r3, sl
10002722:	4452      	add	r2, sl
10002724:	4591      	cmp	r9, r2
10002726:	bf38      	it	cc
10002728:	2300      	movcc	r3, #0
1000272a:	f10a 0a01 	add.w	sl, sl, #1
1000272e:	449a      	add	sl, r3
10002730:	4650      	mov	r0, sl
10002732:	b01f      	add	sp, #124	@ 0x7c
10002734:	e8bd 8ff0 	ldmia.w	sp!, {r4, r5, r6, r7, r8, r9, sl, fp, pc}
10002738:	4633      	mov	r3, r6
1000273a:	4629      	mov	r1, r5
1000273c:	4620      	mov	r0, r4
1000273e:	e9cd ab28 	strd	sl, fp, [sp, #160]	@ 0xa0
10002742:	9c0a      	ldr	r4, [sp, #40]	@ 0x28
10002744:	e9cd 982b 	strd	r9, r8, [sp, #172]	@ 0xac
10002748:	9a0b      	ldr	r2, [sp, #44]	@ 0x2c
1000274a:	942a      	str	r4, [sp, #168]	@ 0xa8
1000274c:	b01f      	add	sp, #124	@ 0x7c
1000274e:	e8bd 4ff0 	ldmia.w	sp!, {r4, r5, r6, r7, r8, r9, sl, fp, lr}
10002752:	f7ff bcc9 	b.w	100020e8 <_ftoa>
10002756:	ea57 0302 	orrs.w	r3, r7, r2
1000275a:	d129      	bne.n	100027b0 <_etoa+0x230>
1000275c:	2900      	cmp	r1, #0
1000275e:	f43f af5a 	beq.w	10002616 <_etoa+0x96>
10002762:	2300      	movs	r3, #0
10002764:	930e      	str	r3, [sp, #56]	@ 0x38
10002766:	9b0a      	ldr	r3, [sp, #40]	@ 0x28
10002768:	9a0e      	ldr	r2, [sp, #56]	@ 0x38
1000276a:	4293      	cmp	r3, r2
1000276c:	f300 81ba 	bgt.w	10002ae4 <_etoa+0x564>
10002770:	2700      	movs	r7, #0
10002772:	4650      	mov	r0, sl
10002774:	4659      	mov	r1, fp
10002776:	2200      	movs	r2, #0
10002778:	2300      	movs	r3, #0
1000277a:	f7ff fb19 	bl	10001db0 <__wrap___aeabi_dcmplt>
1000277e:	2800      	cmp	r0, #0
10002780:	f040 8115 	bne.w	100029ae <_etoa+0x42e>
10002784:	ed9d 7b08 	vldr	d7, [sp, #32]
10002788:	f428 6300 	bic.w	r3, r8, #2048	@ 0x800
1000278c:	f443 6380 	orr.w	r3, r3, #1024	@ 0x400
10002790:	932c      	str	r3, [sp, #176]	@ 0xb0
10002792:	ed8d 7b28 	vstr	d7, [sp, #160]	@ 0xa0
10002796:	4633      	mov	r3, r6
10002798:	4629      	mov	r1, r5
1000279a:	4620      	mov	r0, r4
1000279c:	e9cd 792a 	strd	r7, r9, [sp, #168]	@ 0xa8
100027a0:	9a0b      	ldr	r2, [sp, #44]	@ 0x2c
100027a2:	e7d3      	b.n	1000274c <_etoa+0x1cc>
100027a4:	7fefffff 	.word	0x7fefffff
100027a8:	cccccccd 	.word	0xcccccccd
100027ac:	2306      	movs	r3, #6
100027ae:	930a      	str	r3, [sp, #40]	@ 0x28
100027b0:	9b0c      	ldr	r3, [sp, #48]	@ 0x30
100027b2:	f3c3 500a 	ubfx	r0, r3, #20, #11
100027b6:	f2a0 30ff 	subw	r0, r0, #1023	@ 0x3ff
100027ba:	f7ff fa9f 	bl	10001cfc <__wrap___aeabi_i2d>
100027be:	a3b2      	add	r3, pc, #712	@ (adr r3, 10002a88 <_etoa+0x508>)
100027c0:	e9d3 2300 	ldrd	r2, r3, [r3]
100027c4:	f7ff fa26 	bl	10001c14 <__wrap___aeabi_dmul>
100027c8:	a3b1      	add	r3, pc, #708	@ (adr r3, 10002a90 <_etoa+0x510>)
100027ca:	e9d3 2300 	ldrd	r2, r3, [r3]
100027ce:	f7ff f9f9 	bl	10001bc4 <__wrap___aeabi_dadd>
100027d2:	9b0c      	ldr	r3, [sp, #48]	@ 0x30
100027d4:	e9cd 010e 	strd	r0, r1, [sp, #56]	@ 0x38
100027d8:	f3c3 0313 	ubfx	r3, r3, #0, #20
100027dc:	f043 517f 	orr.w	r1, r3, #1069547520	@ 0x3fc00000
100027e0:	4638      	mov	r0, r7
100027e2:	2200      	movs	r2, #0
100027e4:	4ba2      	ldr	r3, [pc, #648]	@ (10002a70 <_etoa+0x4f0>)
100027e6:	f441 1140 	orr.w	r1, r1, #3145728	@ 0x300000
100027ea:	f7ff f9ff 	bl	10001bec <__wrap___aeabi_dsub>
100027ee:	a394      	add	r3, pc, #592	@ (adr r3, 10002a40 <_etoa+0x4c0>)
100027f0:	e9d3 2300 	ldrd	r2, r3, [r3]
100027f4:	f7ff fa0e 	bl	10001c14 <__wrap___aeabi_dmul>
100027f8:	4602      	mov	r2, r0
100027fa:	460b      	mov	r3, r1
100027fc:	e9dd 010e 	ldrd	r0, r1, [sp, #56]	@ 0x38
10002800:	f7ff f9e0 	bl	10001bc4 <__wrap___aeabi_dadd>
10002804:	f7ff fa9e 	bl	10001d44 <__wrap___aeabi_d2iz>
10002808:	900e      	str	r0, [sp, #56]	@ 0x38
1000280a:	f7ff fa77 	bl	10001cfc <__wrap___aeabi_i2d>
1000280e:	a38e      	add	r3, pc, #568	@ (adr r3, 10002a48 <_etoa+0x4c8>)
10002810:	e9d3 2300 	ldrd	r2, r3, [r3]
10002814:	e9cd 010c 	strd	r0, r1, [sp, #48]	@ 0x30
10002818:	f7ff f9fc 	bl	10001c14 <__wrap___aeabi_dmul>
1000281c:	2200      	movs	r2, #0
1000281e:	4b95      	ldr	r3, [pc, #596]	@ (10002a74 <_etoa+0x4f4>)
10002820:	f7ff f9d0 	bl	10001bc4 <__wrap___aeabi_dadd>
10002824:	f7ff fa8e 	bl	10001d44 <__wrap___aeabi_d2iz>
10002828:	a389      	add	r3, pc, #548	@ (adr r3, 10002a50 <_etoa+0x4d0>)
1000282a:	e9d3 2300 	ldrd	r2, r3, [r3]
1000282e:	4607      	mov	r7, r0
10002830:	e9dd 010c 	ldrd	r0, r1, [sp, #48]	@ 0x30
10002834:	f7ff f9ee 	bl	10001c14 <__wrap___aeabi_dmul>
10002838:	e9cd 010c 	strd	r0, r1, [sp, #48]	@ 0x30
1000283c:	4638      	mov	r0, r7
1000283e:	f7ff fa5d 	bl	10001cfc <__wrap___aeabi_i2d>
10002842:	a385      	add	r3, pc, #532	@ (adr r3, 10002a58 <_etoa+0x4d8>)
10002844:	e9d3 2300 	ldrd	r2, r3, [r3]
10002848:	f7ff f9e4 	bl	10001c14 <__wrap___aeabi_dmul>
1000284c:	4602      	mov	r2, r0
1000284e:	460b      	mov	r3, r1
10002850:	e9dd 010c 	ldrd	r0, r1, [sp, #48]	@ 0x30
10002854:	f7ff f9ca 	bl	10001bec <__wrap___aeabi_dsub>
10002858:	4602      	mov	r2, r0
1000285a:	460b      	mov	r3, r1
1000285c:	e9cd 230c 	strd	r2, r3, [sp, #48]	@ 0x30
10002860:	f7ff f9d8 	bl	10001c14 <__wrap___aeabi_dmul>
10002864:	e9cd 0110 	strd	r0, r1, [sp, #64]	@ 0x40
10002868:	e9dd 010c 	ldrd	r0, r1, [sp, #48]	@ 0x30
1000286c:	4602      	mov	r2, r0
1000286e:	460b      	mov	r3, r1
10002870:	f7ff f9a8 	bl	10001bc4 <__wrap___aeabi_dadd>
10002874:	2200      	movs	r2, #0
10002876:	e9cd 0112 	strd	r0, r1, [sp, #72]	@ 0x48
1000287a:	e9dd 0110 	ldrd	r0, r1, [sp, #64]	@ 0x40
1000287e:	4b7e      	ldr	r3, [pc, #504]	@ (10002a78 <_etoa+0x4f8>)
10002880:	f7ff f9ee 	bl	10001c60 <__wrap___aeabi_ddiv>
10002884:	2200      	movs	r2, #0
10002886:	4b7d      	ldr	r3, [pc, #500]	@ (10002a7c <_etoa+0x4fc>)
10002888:	f7ff f99c 	bl	10001bc4 <__wrap___aeabi_dadd>
1000288c:	4602      	mov	r2, r0
1000288e:	460b      	mov	r3, r1
10002890:	e9dd 0110 	ldrd	r0, r1, [sp, #64]	@ 0x40
10002894:	f7ff f9e4 	bl	10001c60 <__wrap___aeabi_ddiv>
10002898:	2200      	movs	r2, #0
1000289a:	4b79      	ldr	r3, [pc, #484]	@ (10002a80 <_etoa+0x500>)
1000289c:	f7ff f992 	bl	10001bc4 <__wrap___aeabi_dadd>
100028a0:	4602      	mov	r2, r0
100028a2:	460b      	mov	r3, r1
100028a4:	e9dd 0110 	ldrd	r0, r1, [sp, #64]	@ 0x40
100028a8:	f7ff f9da 	bl	10001c60 <__wrap___aeabi_ddiv>
100028ac:	e9cd 0110 	strd	r0, r1, [sp, #64]	@ 0x40
100028b0:	e9dd 230c 	ldrd	r2, r3, [sp, #48]	@ 0x30
100028b4:	2000      	movs	r0, #0
100028b6:	f04f 4180 	mov.w	r1, #1073741824	@ 0x40000000
100028ba:	f7ff f997 	bl	10001bec <__wrap___aeabi_dsub>
100028be:	4602      	mov	r2, r0
100028c0:	460b      	mov	r3, r1
100028c2:	e9dd 0110 	ldrd	r0, r1, [sp, #64]	@ 0x40
100028c6:	f7ff f97d 	bl	10001bc4 <__wrap___aeabi_dadd>
100028ca:	4602      	mov	r2, r0
100028cc:	460b      	mov	r3, r1
100028ce:	e9dd 0112 	ldrd	r0, r1, [sp, #72]	@ 0x48
100028d2:	f7ff f9c5 	bl	10001c60 <__wrap___aeabi_ddiv>
100028d6:	2200      	movs	r2, #0
100028d8:	4b6a      	ldr	r3, [pc, #424]	@ (10002a84 <_etoa+0x504>)
100028da:	f7ff f973 	bl	10001bc4 <__wrap___aeabi_dadd>
100028de:	f207 3cff 	addw	ip, r7, #1023	@ 0x3ff
100028e2:	2200      	movs	r2, #0
100028e4:	ea4f 530c 	mov.w	r3, ip, lsl #20
100028e8:	f7ff f994 	bl	10001c14 <__wrap___aeabi_dmul>
100028ec:	4602      	mov	r2, r0
100028ee:	460b      	mov	r3, r1
100028f0:	e9dd 0108 	ldrd	r0, r1, [sp, #32]
100028f4:	e9cd 230c 	strd	r2, r3, [sp, #48]	@ 0x30
100028f8:	f7ff fa5a 	bl	10001db0 <__wrap___aeabi_dcmplt>
100028fc:	b150      	cbz	r0, 10002914 <_etoa+0x394>
100028fe:	e9dd 010c 	ldrd	r0, r1, [sp, #48]	@ 0x30
10002902:	9b0e      	ldr	r3, [sp, #56]	@ 0x38
10002904:	2200      	movs	r2, #0
10002906:	3b01      	subs	r3, #1
10002908:	930e      	str	r3, [sp, #56]	@ 0x38
1000290a:	4b5c      	ldr	r3, [pc, #368]	@ (10002a7c <_etoa+0x4fc>)
1000290c:	f7ff f9a8 	bl	10001c60 <__wrap___aeabi_ddiv>
10002910:	e9cd 010c 	strd	r0, r1, [sp, #48]	@ 0x30
10002914:	e9dd 010c 	ldrd	r0, r1, [sp, #48]	@ 0x30
10002918:	9b0e      	ldr	r3, [sp, #56]	@ 0x38
1000291a:	4602      	mov	r2, r0
1000291c:	3363      	adds	r3, #99	@ 0x63
1000291e:	2bc6      	cmp	r3, #198	@ 0xc6
10002920:	f008 0302 	and.w	r3, r8, #2
10002924:	9310      	str	r3, [sp, #64]	@ 0x40
10002926:	9b14      	ldr	r3, [sp, #80]	@ 0x50
10002928:	d82d      	bhi.n	10002986 <_etoa+0x406>
1000292a:	2b00      	cmp	r3, #0
1000292c:	d05f      	beq.n	100029ee <_etoa+0x46e>
1000292e:	2304      	movs	r3, #4
10002930:	9312      	str	r3, [sp, #72]	@ 0x48
10002932:	430a      	orrs	r2, r1
10002934:	f43f af17 	beq.w	10002766 <_etoa+0x1e6>
10002938:	e9dd 0108 	ldrd	r0, r1, [sp, #32]
1000293c:	a348      	add	r3, pc, #288	@ (adr r3, 10002a60 <_etoa+0x4e0>)
1000293e:	e9d3 2300 	ldrd	r2, r3, [r3]
10002942:	f7ff fa5d 	bl	10001e00 <__wrap___aeabi_dcmpge>
10002946:	b148      	cbz	r0, 1000295c <_etoa+0x3dc>
10002948:	e9dd 0108 	ldrd	r0, r1, [sp, #32]
1000294c:	a346      	add	r3, pc, #280	@ (adr r3, 10002a68 <_etoa+0x4e8>)
1000294e:	e9d3 2300 	ldrd	r2, r3, [r3]
10002952:	f7ff fa2d 	bl	10001db0 <__wrap___aeabi_dcmplt>
10002956:	2800      	cmp	r0, #0
10002958:	f47f af05 	bne.w	10002766 <_etoa+0x1e6>
1000295c:	9b0a      	ldr	r3, [sp, #40]	@ 0x28
1000295e:	2b00      	cmp	r3, #0
10002960:	d051      	beq.n	10002a06 <_etoa+0x486>
10002962:	9a15      	ldr	r2, [sp, #84]	@ 0x54
10002964:	2a00      	cmp	r2, #0
10002966:	f000 80ac 	beq.w	10002ac2 <_etoa+0x542>
1000296a:	3b01      	subs	r3, #1
1000296c:	930a      	str	r3, [sp, #40]	@ 0x28
1000296e:	9b12      	ldr	r3, [sp, #72]	@ 0x48
10002970:	4599      	cmp	r9, r3
10002972:	d905      	bls.n	10002980 <_etoa+0x400>
10002974:	9b10      	ldr	r3, [sp, #64]	@ 0x40
10002976:	2b00      	cmp	r3, #0
10002978:	f000 80af 	beq.w	10002ada <_etoa+0x55a>
1000297c:	2302      	movs	r3, #2
1000297e:	9310      	str	r3, [sp, #64]	@ 0x40
10002980:	2300      	movs	r3, #0
10002982:	9314      	str	r3, [sp, #80]	@ 0x50
10002984:	e044      	b.n	10002a10 <_etoa+0x490>
10002986:	bb2b      	cbnz	r3, 100029d4 <_etoa+0x454>
10002988:	f1b9 0f05 	cmp.w	r9, #5
1000298c:	d94f      	bls.n	10002a2e <_etoa+0x4ae>
1000298e:	f008 0302 	and.w	r3, r8, #2
10002992:	2b00      	cmp	r3, #0
10002994:	d149      	bne.n	10002a2a <_etoa+0x4aa>
10002996:	2305      	movs	r3, #5
10002998:	9312      	str	r3, [sp, #72]	@ 0x48
1000299a:	f1a9 0305 	sub.w	r3, r9, #5
1000299e:	9314      	str	r3, [sp, #80]	@ 0x50
100029a0:	e03a      	b.n	10002a18 <_etoa+0x498>
100029a2:	f10b 4300 	add.w	r3, fp, #2147483648	@ 0x80000000
100029a6:	f8cd a020 	str.w	sl, [sp, #32]
100029aa:	9309      	str	r3, [sp, #36]	@ 0x24
100029ac:	e61e      	b.n	100025ec <_etoa+0x6c>
100029ae:	f428 6300 	bic.w	r3, r8, #2048	@ 0x800
100029b2:	f443 6380 	orr.w	r3, r3, #1024	@ 0x400
100029b6:	4620      	mov	r0, r4
100029b8:	e9cd 792a 	strd	r7, r9, [sp, #168]	@ 0xa8
100029bc:	932c      	str	r3, [sp, #176]	@ 0xb0
100029be:	4633      	mov	r3, r6
100029c0:	e9dd 6708 	ldrd	r6, r7, [sp, #32]
100029c4:	4634      	mov	r4, r6
100029c6:	4629      	mov	r1, r5
100029c8:	f107 4500 	add.w	r5, r7, #2147483648	@ 0x80000000
100029cc:	e9cd 4528 	strd	r4, r5, [sp, #160]	@ 0xa0
100029d0:	9a0b      	ldr	r2, [sp, #44]	@ 0x2c
100029d2:	e6bb      	b.n	1000274c <_etoa+0x1cc>
100029d4:	2305      	movs	r3, #5
100029d6:	9312      	str	r3, [sp, #72]	@ 0x48
100029d8:	e7ab      	b.n	10002932 <_etoa+0x3b2>
100029da:	2202      	movs	r2, #2
100029dc:	2300      	movs	r3, #0
100029de:	9210      	str	r2, [sp, #64]	@ 0x40
100029e0:	2204      	movs	r2, #4
100029e2:	9314      	str	r3, [sp, #80]	@ 0x50
100029e4:	9212      	str	r2, [sp, #72]	@ 0x48
100029e6:	930e      	str	r3, [sp, #56]	@ 0x38
100029e8:	e623      	b.n	10002632 <_etoa+0xb2>
100029ea:	2705      	movs	r7, #5
100029ec:	e6c1      	b.n	10002772 <_etoa+0x1f2>
100029ee:	f1b9 0f04 	cmp.w	r9, #4
100029f2:	d91f      	bls.n	10002a34 <_etoa+0x4b4>
100029f4:	9b10      	ldr	r3, [sp, #64]	@ 0x40
100029f6:	2b00      	cmp	r3, #0
100029f8:	d177      	bne.n	10002aea <_etoa+0x56a>
100029fa:	2304      	movs	r3, #4
100029fc:	9312      	str	r3, [sp, #72]	@ 0x48
100029fe:	f1a9 0304 	sub.w	r3, r9, #4
10002a02:	9314      	str	r3, [sp, #80]	@ 0x50
10002a04:	e004      	b.n	10002a10 <_etoa+0x490>
10002a06:	9b12      	ldr	r3, [sp, #72]	@ 0x48
10002a08:	4599      	cmp	r9, r3
10002a0a:	d85f      	bhi.n	10002acc <_etoa+0x54c>
10002a0c:	9b0a      	ldr	r3, [sp, #40]	@ 0x28
10002a0e:	9314      	str	r3, [sp, #80]	@ 0x50
10002a10:	9b0e      	ldr	r3, [sp, #56]	@ 0x38
10002a12:	2b00      	cmp	r3, #0
10002a14:	f43f ae0d 	beq.w	10002632 <_etoa+0xb2>
10002a18:	e9dd 0108 	ldrd	r0, r1, [sp, #32]
10002a1c:	e9dd 230c 	ldrd	r2, r3, [sp, #48]	@ 0x30
10002a20:	f7ff f91e 	bl	10001c60 <__wrap___aeabi_ddiv>
10002a24:	e9cd 0108 	strd	r0, r1, [sp, #32]
10002a28:	e603      	b.n	10002632 <_etoa+0xb2>
10002a2a:	2302      	movs	r3, #2
10002a2c:	9310      	str	r3, [sp, #64]	@ 0x40
10002a2e:	2305      	movs	r3, #5
10002a30:	9312      	str	r3, [sp, #72]	@ 0x48
10002a32:	e7f1      	b.n	10002a18 <_etoa+0x498>
10002a34:	2304      	movs	r3, #4
10002a36:	9312      	str	r3, [sp, #72]	@ 0x48
10002a38:	e7ea      	b.n	10002a10 <_etoa+0x490>
10002a3a:	bf00      	nop
10002a3c:	f3af 8000 	nop.w
10002a40:	636f4361 	.word	0x636f4361
10002a44:	3fd287a7 	.word	0x3fd287a7
10002a48:	0979a371 	.word	0x0979a371
10002a4c:	400a934f 	.word	0x400a934f
10002a50:	bbb55516 	.word	0xbbb55516
10002a54:	40026bb1 	.word	0x40026bb1
10002a58:	fefa39ef 	.word	0xfefa39ef
10002a5c:	3fe62e42 	.word	0x3fe62e42
10002a60:	eb1c432d 	.word	0xeb1c432d
10002a64:	3f1a36e2 	.word	0x3f1a36e2
10002a68:	00000000 	.word	0x00000000
10002a6c:	412e8480 	.word	0x412e8480
10002a70:	3ff80000 	.word	0x3ff80000
10002a74:	3fe00000 	.word	0x3fe00000
10002a78:	402c0000 	.word	0x402c0000
10002a7c:	40240000 	.word	0x40240000
10002a80:	40180000 	.word	0x40180000
10002a84:	3ff00000 	.word	0x3ff00000
10002a88:	509f79fb 	.word	0x509f79fb
10002a8c:	3fd34413 	.word	0x3fd34413
10002a90:	8b60c8b3 	.word	0x8b60c8b3
10002a94:	3fc68a28 	.word	0x3fc68a28
10002a98:	9b14      	ldr	r3, [sp, #80]	@ 0x50
10002a9a:	e9dd a708 	ldrd	sl, r7, [sp, #32]
10002a9e:	9303      	str	r3, [sp, #12]
10002aa0:	9b0a      	ldr	r3, [sp, #40]	@ 0x28
10002aa2:	f107 4b00 	add.w	fp, r7, #2147483648	@ 0x80000000
10002aa6:	9302      	str	r3, [sp, #8]
10002aa8:	f428 6300 	bic.w	r3, r8, #2048	@ 0x800
10002aac:	9a0b      	ldr	r2, [sp, #44]	@ 0x2c
10002aae:	9304      	str	r3, [sp, #16]
10002ab0:	4629      	mov	r1, r5
10002ab2:	4633      	mov	r3, r6
10002ab4:	4620      	mov	r0, r4
10002ab6:	e9cd ab00 	strd	sl, fp, [sp]
10002aba:	f7ff fb15 	bl	100020e8 <_ftoa>
10002abe:	4602      	mov	r2, r0
10002ac0:	e5d2      	b.n	10002668 <_etoa+0xe8>
10002ac2:	9b12      	ldr	r3, [sp, #72]	@ 0x48
10002ac4:	4599      	cmp	r9, r3
10002ac6:	d815      	bhi.n	10002af4 <_etoa+0x574>
10002ac8:	9214      	str	r2, [sp, #80]	@ 0x50
10002aca:	e7a1      	b.n	10002a10 <_etoa+0x490>
10002acc:	9b10      	ldr	r3, [sp, #64]	@ 0x40
10002ace:	b123      	cbz	r3, 10002ada <_etoa+0x55a>
10002ad0:	9b0a      	ldr	r3, [sp, #40]	@ 0x28
10002ad2:	9314      	str	r3, [sp, #80]	@ 0x50
10002ad4:	2302      	movs	r3, #2
10002ad6:	9310      	str	r3, [sp, #64]	@ 0x40
10002ad8:	e79a      	b.n	10002a10 <_etoa+0x490>
10002ada:	9b12      	ldr	r3, [sp, #72]	@ 0x48
10002adc:	eba9 0303 	sub.w	r3, r9, r3
10002ae0:	9314      	str	r3, [sp, #80]	@ 0x50
10002ae2:	e795      	b.n	10002a10 <_etoa+0x490>
10002ae4:	1a9b      	subs	r3, r3, r2
10002ae6:	1e5f      	subs	r7, r3, #1
10002ae8:	e643      	b.n	10002772 <_etoa+0x1f2>
10002aea:	2304      	movs	r3, #4
10002aec:	9312      	str	r3, [sp, #72]	@ 0x48
10002aee:	2302      	movs	r3, #2
10002af0:	9310      	str	r3, [sp, #64]	@ 0x40
10002af2:	e78d      	b.n	10002a10 <_etoa+0x490>
10002af4:	9b10      	ldr	r3, [sp, #64]	@ 0x40
10002af6:	2b00      	cmp	r3, #0
10002af8:	d0ef      	beq.n	10002ada <_etoa+0x55a>
10002afa:	2302      	movs	r3, #2
10002afc:	9214      	str	r2, [sp, #80]	@ 0x50
10002afe:	9310      	str	r3, [sp, #64]	@ 0x40
10002b00:	e786      	b.n	10002a10 <_etoa+0x490>
10002b02:	bf00      	nop

10002b04 <_vsnprintf>:
10002b04:	e92d 4ff0 	stmdb	sp!, {r4, r5, r6, r7, r8, r9, sl, fp, lr}
10002b08:	4691      	mov	r9, r2
10002b0a:	4c9a      	ldr	r4, [pc, #616]	@ (10002d74 <_vsnprintf+0x270>)
10002b0c:	4a9a      	ldr	r2, [pc, #616]	@ (10002d78 <_vsnprintf+0x274>)
10002b0e:	f1b1 0a00 	subs.w	sl, r1, #0
10002b12:	b09b      	sub	sp, #108	@ 0x6c
10002b14:	bf18      	it	ne
10002b16:	4683      	movne	fp, r0
10002b18:	6014      	str	r4, [r2, #0]
10002b1a:	7818      	ldrb	r0, [r3, #0]
10002b1c:	4a97      	ldr	r2, [pc, #604]	@ (10002d7c <_vsnprintf+0x278>)
10002b1e:	f8dd 8090 	ldr.w	r8, [sp, #144]	@ 0x90
10002b22:	bf08      	it	eq
10002b24:	4693      	moveq	fp, r2
10002b26:	2800      	cmp	r0, #0
10002b28:	f000 828a 	beq.w	10003040 <_vsnprintf+0x53c>
10002b2c:	461d      	mov	r5, r3
10002b2e:	2600      	movs	r6, #0
10002b30:	f8cd 9020 	str.w	r9, [sp, #32]
10002b34:	e008      	b.n	10002b48 <_vsnprintf+0x44>
10002b36:	4632      	mov	r2, r6
10002b38:	4651      	mov	r1, sl
10002b3a:	9b08      	ldr	r3, [sp, #32]
10002b3c:	47d8      	blx	fp
10002b3e:	3601      	adds	r6, #1
10002b40:	7828      	ldrb	r0, [r5, #0]
10002b42:	2800      	cmp	r0, #0
10002b44:	f000 80c7 	beq.w	10002cd6 <_vsnprintf+0x1d2>
10002b48:	2825      	cmp	r0, #37	@ 0x25
10002b4a:	f105 0501 	add.w	r5, r5, #1
10002b4e:	d1f2      	bne.n	10002b36 <_vsnprintf+0x32>
10002b50:	2200      	movs	r2, #0
10002b52:	462b      	mov	r3, r5
10002b54:	f813 1b01 	ldrb.w	r1, [r3], #1
10002b58:	f1a1 0020 	sub.w	r0, r1, #32
10002b5c:	2810      	cmp	r0, #16
10002b5e:	d80a      	bhi.n	10002b76 <_vsnprintf+0x72>
10002b60:	e8df f000 	tbb	[pc, r0]
10002b64:	3b09093f 	.word	0x3b09093f
10002b68:	09090909 	.word	0x09090909
10002b6c:	37090909 	.word	0x37090909
10002b70:	09093309 	.word	0x09093309
10002b74:	2f          	.byte	0x2f
10002b75:	00          	.byte	0x00
10002b76:	f1a1 0030 	sub.w	r0, r1, #48	@ 0x30
10002b7a:	2809      	cmp	r0, #9
10002b7c:	f240 8089 	bls.w	10002c92 <_vsnprintf+0x18e>
10002b80:	292a      	cmp	r1, #42	@ 0x2a
10002b82:	f000 80e9 	beq.w	10002d58 <_vsnprintf+0x254>
10002b86:	2400      	movs	r4, #0
10002b88:	292e      	cmp	r1, #46	@ 0x2e
10002b8a:	f000 8094 	beq.w	10002cb6 <_vsnprintf+0x1b2>
10002b8e:	2700      	movs	r7, #0
10002b90:	f1a1 0068 	sub.w	r0, r1, #104	@ 0x68
10002b94:	2812      	cmp	r0, #18
10002b96:	d82c      	bhi.n	10002bf2 <_vsnprintf+0xee>
10002b98:	e8df f010 	tbh	[pc, r0, lsl #1]
10002b9c:	002b014e 	.word	0x002b014e
10002ba0:	002b0149 	.word	0x002b0149
10002ba4:	002b0140 	.word	0x002b0140
10002ba8:	002b002b 	.word	0x002b002b
10002bac:	002b002b 	.word	0x002b002b
10002bb0:	002b002b 	.word	0x002b002b
10002bb4:	002b0027 	.word	0x002b0027
10002bb8:	002b002b 	.word	0x002b002b
10002bbc:	002b002b 	.word	0x002b002b
10002bc0:	0027      	.short	0x0027
10002bc2:	461d      	mov	r5, r3
10002bc4:	f042 0201 	orr.w	r2, r2, #1
10002bc8:	e7c3      	b.n	10002b52 <_vsnprintf+0x4e>
10002bca:	461d      	mov	r5, r3
10002bcc:	f042 0202 	orr.w	r2, r2, #2
10002bd0:	e7bf      	b.n	10002b52 <_vsnprintf+0x4e>
10002bd2:	461d      	mov	r5, r3
10002bd4:	f042 0204 	orr.w	r2, r2, #4
10002bd8:	e7bb      	b.n	10002b52 <_vsnprintf+0x4e>
10002bda:	461d      	mov	r5, r3
10002bdc:	f042 0210 	orr.w	r2, r2, #16
10002be0:	e7b7      	b.n	10002b52 <_vsnprintf+0x4e>
10002be2:	461d      	mov	r5, r3
10002be4:	f042 0208 	orr.w	r2, r2, #8
10002be8:	e7b3      	b.n	10002b52 <_vsnprintf+0x4e>
10002bea:	7869      	ldrb	r1, [r5, #1]
10002bec:	f442 7280 	orr.w	r2, r2, #256	@ 0x100
10002bf0:	3301      	adds	r3, #1
10002bf2:	2967      	cmp	r1, #103	@ 0x67
10002bf4:	461d      	mov	r5, r3
10002bf6:	d87e      	bhi.n	10002cf6 <_vsnprintf+0x1f2>
10002bf8:	2924      	cmp	r1, #36	@ 0x24
10002bfa:	f240 80b8 	bls.w	10002d6e <_vsnprintf+0x26a>
10002bfe:	f1a1 0325 	sub.w	r3, r1, #37	@ 0x25
10002c02:	2b42      	cmp	r3, #66	@ 0x42
10002c04:	f200 80b3 	bhi.w	10002d6e <_vsnprintf+0x26a>
10002c08:	e8df f013 	tbh	[pc, r3, lsl #1]
10002c0c:	00b10151 	.word	0x00b10151
10002c10:	00b100b1 	.word	0x00b100b1
10002c14:	00b100b1 	.word	0x00b100b1
10002c18:	00b100b1 	.word	0x00b100b1
10002c1c:	00b100b1 	.word	0x00b100b1
10002c20:	00b100b1 	.word	0x00b100b1
10002c24:	00b100b1 	.word	0x00b100b1
10002c28:	00b100b1 	.word	0x00b100b1
10002c2c:	00b100b1 	.word	0x00b100b1
10002c30:	00b100b1 	.word	0x00b100b1
10002c34:	00b100b1 	.word	0x00b100b1
10002c38:	00b100b1 	.word	0x00b100b1
10002c3c:	00b100b1 	.word	0x00b100b1
10002c40:	00b100b1 	.word	0x00b100b1
10002c44:	00b100b1 	.word	0x00b100b1
10002c48:	00b100b1 	.word	0x00b100b1
10002c4c:	013a011e 	.word	0x013a011e
10002c50:	00b1011e 	.word	0x00b1011e
10002c54:	00b100b1 	.word	0x00b100b1
10002c58:	00b100b1 	.word	0x00b100b1
10002c5c:	00b100b1 	.word	0x00b100b1
10002c60:	00b100b1 	.word	0x00b100b1
10002c64:	00b100b1 	.word	0x00b100b1
10002c68:	00b100b1 	.word	0x00b100b1
10002c6c:	00b100b1 	.word	0x00b100b1
10002c70:	01b400b1 	.word	0x01b400b1
10002c74:	00b100b1 	.word	0x00b100b1
10002c78:	00b100b1 	.word	0x00b100b1
10002c7c:	00b100b1 	.word	0x00b100b1
10002c80:	00b100b1 	.word	0x00b100b1
10002c84:	01b400b1 	.word	0x01b400b1
10002c88:	01b40158 	.word	0x01b40158
10002c8c:	013a011e 	.word	0x013a011e
10002c90:	011e      	.short	0x011e
10002c92:	2400      	movs	r4, #0
10002c94:	eb04 0484 	add.w	r4, r4, r4, lsl #2
10002c98:	eb01 0444 	add.w	r4, r1, r4, lsl #1
10002c9c:	7819      	ldrb	r1, [r3, #0]
10002c9e:	461d      	mov	r5, r3
10002ca0:	f1a1 0030 	sub.w	r0, r1, #48	@ 0x30
10002ca4:	2809      	cmp	r0, #9
10002ca6:	f1a4 0430 	sub.w	r4, r4, #48	@ 0x30
10002caa:	f103 0301 	add.w	r3, r3, #1
10002cae:	d9f1      	bls.n	10002c94 <_vsnprintf+0x190>
10002cb0:	292e      	cmp	r1, #46	@ 0x2e
10002cb2:	f47f af6c 	bne.w	10002b8e <_vsnprintf+0x8a>
10002cb6:	7869      	ldrb	r1, [r5, #1]
10002cb8:	4618      	mov	r0, r3
10002cba:	f1a1 0730 	sub.w	r7, r1, #48	@ 0x30
10002cbe:	2f09      	cmp	r7, #9
10002cc0:	f442 6280 	orr.w	r2, r2, #1024	@ 0x400
10002cc4:	f240 8125 	bls.w	10002f12 <_vsnprintf+0x40e>
10002cc8:	292a      	cmp	r1, #42	@ 0x2a
10002cca:	f000 8132 	beq.w	10002f32 <_vsnprintf+0x42e>
10002cce:	461d      	mov	r5, r3
10002cd0:	2700      	movs	r7, #0
10002cd2:	3301      	adds	r3, #1
10002cd4:	e75c      	b.n	10002b90 <_vsnprintf+0x8c>
10002cd6:	4634      	mov	r4, r6
10002cd8:	f8dd 9020 	ldr.w	r9, [sp, #32]
10002cdc:	45b1      	cmp	r9, r6
10002cde:	d801      	bhi.n	10002ce4 <_vsnprintf+0x1e0>
10002ce0:	f109 36ff 	add.w	r6, r9, #4294967295	@ 0xffffffff
10002ce4:	464b      	mov	r3, r9
10002ce6:	4632      	mov	r2, r6
10002ce8:	4651      	mov	r1, sl
10002cea:	2000      	movs	r0, #0
10002cec:	47d8      	blx	fp
10002cee:	4620      	mov	r0, r4
10002cf0:	b01b      	add	sp, #108	@ 0x6c
10002cf2:	e8bd 8ff0 	ldmia.w	sp!, {r4, r5, r6, r7, r8, r9, sl, fp, pc}
10002cf6:	f1a1 0369 	sub.w	r3, r1, #105	@ 0x69
10002cfa:	b2db      	uxtb	r3, r3
10002cfc:	2b0f      	cmp	r3, #15
10002cfe:	d836      	bhi.n	10002d6e <_vsnprintf+0x26a>
10002d00:	2001      	movs	r0, #1
10002d02:	f249 0c41 	movw	ip, #36929	@ 0x9041
10002d06:	4098      	lsls	r0, r3
10002d08:	ea10 000c 	ands.w	r0, r0, ip
10002d0c:	f040 80f4 	bne.w	10002ef8 <_vsnprintf+0x3f4>
10002d10:	2b0a      	cmp	r3, #10
10002d12:	d035      	beq.n	10002d80 <_vsnprintf+0x27c>
10002d14:	2b07      	cmp	r3, #7
10002d16:	d12a      	bne.n	10002d6e <_vsnprintf+0x26a>
10002d18:	f858 1b04 	ldr.w	r1, [r8], #4
10002d1c:	2900      	cmp	r1, #0
10002d1e:	f040 8110 	bne.w	10002f42 <_vsnprintf+0x43e>
10002d22:	f022 0410 	bic.w	r4, r2, #16
10002d26:	f412 6180 	ands.w	r1, r2, #1024	@ 0x400
10002d2a:	f044 0421 	orr.w	r4, r4, #33	@ 0x21
10002d2e:	f000 810a 	beq.w	10002f46 <_vsnprintf+0x442>
10002d32:	aa12      	add	r2, sp, #72	@ 0x48
10002d34:	2308      	movs	r3, #8
10002d36:	9305      	str	r3, [sp, #20]
10002d38:	2310      	movs	r3, #16
10002d3a:	e9cd 2000 	strd	r2, r0, [sp]
10002d3e:	4632      	mov	r2, r6
10002d40:	9406      	str	r4, [sp, #24]
10002d42:	9704      	str	r7, [sp, #16]
10002d44:	9303      	str	r3, [sp, #12]
10002d46:	2300      	movs	r3, #0
10002d48:	9302      	str	r3, [sp, #8]
10002d4a:	4651      	mov	r1, sl
10002d4c:	4658      	mov	r0, fp
10002d4e:	9b08      	ldr	r3, [sp, #32]
10002d50:	f7ff f8d0 	bl	10001ef4 <_ntoa_format>
10002d54:	4606      	mov	r6, r0
10002d56:	e6f3      	b.n	10002b40 <_vsnprintf+0x3c>
10002d58:	f858 4b04 	ldr.w	r4, [r8], #4
10002d5c:	7869      	ldrb	r1, [r5, #1]
10002d5e:	2c00      	cmp	r4, #0
10002d60:	461d      	mov	r5, r3
10002d62:	bfbc      	itt	lt
10002d64:	f042 0202 	orrlt.w	r2, r2, #2
10002d68:	4264      	neglt	r4, r4
10002d6a:	3301      	adds	r3, #1
10002d6c:	e70c      	b.n	10002b88 <_vsnprintf+0x84>
10002d6e:	4608      	mov	r0, r1
10002d70:	e6e1      	b.n	10002b36 <_vsnprintf+0x32>
10002d72:	bf00      	nop
10002d74:	10002b05 	.word	0x10002b05
10002d78:	20002104 	.word	0x20002104
10002d7c:	10001e49 	.word	0x10001e49
10002d80:	f858 9b04 	ldr.w	r9, [r8], #4
10002d84:	2f00      	cmp	r7, #0
10002d86:	f899 0000 	ldrb.w	r0, [r9]
10002d8a:	bf14      	ite	ne
10002d8c:	463b      	movne	r3, r7
10002d8e:	f04f 33ff 	moveq.w	r3, #4294967295	@ 0xffffffff
10002d92:	2800      	cmp	r0, #0
10002d94:	f000 8382 	beq.w	1000349c <_vsnprintf+0x998>
10002d98:	4649      	mov	r1, r9
10002d9a:	eb03 0c09 	add.w	ip, r3, r9
10002d9e:	e004      	b.n	10002daa <_vsnprintf+0x2a6>
10002da0:	f811 3f01 	ldrb.w	r3, [r1, #1]!
10002da4:	2b00      	cmp	r3, #0
10002da6:	f000 8143 	beq.w	10003030 <_vsnprintf+0x52c>
10002daa:	458c      	cmp	ip, r1
10002dac:	d1f8      	bne.n	10002da0 <_vsnprintf+0x29c>
10002dae:	ebac 0109 	sub.w	r1, ip, r9
10002db2:	0553      	lsls	r3, r2, #21
10002db4:	f140 8120 	bpl.w	10002ff8 <_vsnprintf+0x4f4>
10002db8:	42b9      	cmp	r1, r7
10002dba:	bf28      	it	cs
10002dbc:	4639      	movcs	r1, r7
10002dbe:	f012 0302 	ands.w	r3, r2, #2
10002dc2:	f000 8283 	beq.w	100032cc <_vsnprintf+0x7c8>
10002dc6:	2302      	movs	r3, #2
10002dc8:	e9cd 4809 	strd	r4, r8, [sp, #36]	@ 0x24
10002dcc:	4632      	mov	r2, r6
10002dce:	4688      	mov	r8, r1
10002dd0:	9c08      	ldr	r4, [sp, #32]
10002dd2:	4437      	add	r7, r6
10002dd4:	930b      	str	r3, [sp, #44]	@ 0x2c
10002dd6:	e007      	b.n	10002de8 <_vsnprintf+0x2e4>
10002dd8:	4623      	mov	r3, r4
10002dda:	4651      	mov	r1, sl
10002ddc:	47d8      	blx	fp
10002dde:	f819 0f01 	ldrb.w	r0, [r9, #1]!
10002de2:	3601      	adds	r6, #1
10002de4:	b110      	cbz	r0, 10002dec <_vsnprintf+0x2e8>
10002de6:	4632      	mov	r2, r6
10002de8:	42b7      	cmp	r7, r6
10002dea:	d1f5      	bne.n	10002dd8 <_vsnprintf+0x2d4>
10002dec:	9b0b      	ldr	r3, [sp, #44]	@ 0x2c
10002dee:	4641      	mov	r1, r8
10002df0:	9c09      	ldr	r4, [sp, #36]	@ 0x24
10002df2:	f8dd 8028 	ldr.w	r8, [sp, #40]	@ 0x28
10002df6:	2b00      	cmp	r3, #0
10002df8:	f43f aea2 	beq.w	10002b40 <_vsnprintf+0x3c>
10002dfc:	4637      	mov	r7, r6
10002dfe:	428c      	cmp	r4, r1
10002e00:	f67f ae9e 	bls.w	10002b40 <_vsnprintf+0x3c>
10002e04:	4426      	add	r6, r4
10002e06:	9c08      	ldr	r4, [sp, #32]
10002e08:	1a76      	subs	r6, r6, r1
10002e0a:	463a      	mov	r2, r7
10002e0c:	4623      	mov	r3, r4
10002e0e:	4651      	mov	r1, sl
10002e10:	2020      	movs	r0, #32
10002e12:	3701      	adds	r7, #1
10002e14:	47d8      	blx	fp
10002e16:	42b7      	cmp	r7, r6
10002e18:	d1f7      	bne.n	10002e0a <_vsnprintf+0x306>
10002e1a:	e691      	b.n	10002b40 <_vsnprintf+0x3c>
10002e1c:	7869      	ldrb	r1, [r5, #1]
10002e1e:	296c      	cmp	r1, #108	@ 0x6c
10002e20:	f47f aee4 	bne.w	10002bec <_vsnprintf+0xe8>
10002e24:	78a9      	ldrb	r1, [r5, #2]
10002e26:	f442 7240 	orr.w	r2, r2, #768	@ 0x300
10002e2a:	1ceb      	adds	r3, r5, #3
10002e2c:	e6e1      	b.n	10002bf2 <_vsnprintf+0xee>
10002e2e:	7869      	ldrb	r1, [r5, #1]
10002e30:	f442 7200 	orr.w	r2, r2, #512	@ 0x200
10002e34:	3301      	adds	r3, #1
10002e36:	e6dc      	b.n	10002bf2 <_vsnprintf+0xee>
10002e38:	7869      	ldrb	r1, [r5, #1]
10002e3a:	2968      	cmp	r1, #104	@ 0x68
10002e3c:	f000 80fb 	beq.w	10003036 <_vsnprintf+0x532>
10002e40:	f042 0280 	orr.w	r2, r2, #128	@ 0x80
10002e44:	3301      	adds	r3, #1
10002e46:	e6d4      	b.n	10002bf2 <_vsnprintf+0xee>
10002e48:	2967      	cmp	r1, #103	@ 0x67
10002e4a:	f000 80c9 	beq.w	10002fe0 <_vsnprintf+0x4dc>
10002e4e:	2947      	cmp	r1, #71	@ 0x47
10002e50:	f000 80cd 	beq.w	10002fee <_vsnprintf+0x4ea>
10002e54:	2945      	cmp	r1, #69	@ 0x45
10002e56:	f000 80cc 	beq.w	10002ff2 <_vsnprintf+0x4ee>
10002e5a:	e9cd 4203 	strd	r4, r2, [sp, #12]
10002e5e:	f108 0807 	add.w	r8, r8, #7
10002e62:	9702      	str	r7, [sp, #8]
10002e64:	f028 0807 	bic.w	r8, r8, #7
10002e68:	4632      	mov	r2, r6
10002e6a:	e8f8 6702 	ldrd	r6, r7, [r8], #8
10002e6e:	4651      	mov	r1, sl
10002e70:	e9cd 6700 	strd	r6, r7, [sp]
10002e74:	4658      	mov	r0, fp
10002e76:	9b08      	ldr	r3, [sp, #32]
10002e78:	f7ff fb82 	bl	10002580 <_etoa>
10002e7c:	4606      	mov	r6, r0
10002e7e:	e65f      	b.n	10002b40 <_vsnprintf+0x3c>
10002e80:	2946      	cmp	r1, #70	@ 0x46
10002e82:	bf08      	it	eq
10002e84:	f042 0220 	orreq.w	r2, r2, #32
10002e88:	e9cd 4203 	strd	r4, r2, [sp, #12]
10002e8c:	f108 0807 	add.w	r8, r8, #7
10002e90:	9702      	str	r7, [sp, #8]
10002e92:	f028 0807 	bic.w	r8, r8, #7
10002e96:	4632      	mov	r2, r6
10002e98:	e8f8 6702 	ldrd	r6, r7, [r8], #8
10002e9c:	4651      	mov	r1, sl
10002e9e:	e9cd 6700 	strd	r6, r7, [sp]
10002ea2:	4658      	mov	r0, fp
10002ea4:	9b08      	ldr	r3, [sp, #32]
10002ea6:	f7ff f91f 	bl	100020e8 <_ftoa>
10002eaa:	4606      	mov	r6, r0
10002eac:	e648      	b.n	10002b40 <_vsnprintf+0x3c>
10002eae:	4632      	mov	r2, r6
10002eb0:	4651      	mov	r1, sl
10002eb2:	2025      	movs	r0, #37	@ 0x25
10002eb4:	9b08      	ldr	r3, [sp, #32]
10002eb6:	47d8      	blx	fp
10002eb8:	3601      	adds	r6, #1
10002eba:	e641      	b.n	10002b40 <_vsnprintf+0x3c>
10002ebc:	f108 0304 	add.w	r3, r8, #4
10002ec0:	0792      	lsls	r2, r2, #30
10002ec2:	9309      	str	r3, [sp, #36]	@ 0x24
10002ec4:	f106 0701 	add.w	r7, r6, #1
10002ec8:	f140 80c3 	bpl.w	10003052 <_vsnprintf+0x54e>
10002ecc:	4632      	mov	r2, r6
10002ece:	4651      	mov	r1, sl
10002ed0:	f898 0000 	ldrb.w	r0, [r8]
10002ed4:	9b08      	ldr	r3, [sp, #32]
10002ed6:	47d8      	blx	fp
10002ed8:	2c01      	cmp	r4, #1
10002eda:	f240 81b4 	bls.w	10003246 <_vsnprintf+0x742>
10002ede:	4426      	add	r6, r4
10002ee0:	9c08      	ldr	r4, [sp, #32]
10002ee2:	463a      	mov	r2, r7
10002ee4:	4623      	mov	r3, r4
10002ee6:	4651      	mov	r1, sl
10002ee8:	2020      	movs	r0, #32
10002eea:	3701      	adds	r7, #1
10002eec:	47d8      	blx	fp
10002eee:	42b7      	cmp	r7, r6
10002ef0:	d1f7      	bne.n	10002ee2 <_vsnprintf+0x3de>
10002ef2:	f8dd 8024 	ldr.w	r8, [sp, #36]	@ 0x24
10002ef6:	e623      	b.n	10002b40 <_vsnprintf+0x3c>
10002ef8:	296f      	cmp	r1, #111	@ 0x6f
10002efa:	d074      	beq.n	10002fe6 <_vsnprintf+0x4e2>
10002efc:	f240 8241 	bls.w	10003382 <_vsnprintf+0x87e>
10002f00:	2978      	cmp	r1, #120	@ 0x78
10002f02:	f000 8186 	beq.w	10003212 <_vsnprintf+0x70e>
10002f06:	f04f 090a 	mov.w	r9, #10
10002f0a:	f022 0210 	bic.w	r2, r2, #16
10002f0e:	464b      	mov	r3, r9
10002f10:	e038      	b.n	10002f84 <_vsnprintf+0x480>
10002f12:	2700      	movs	r7, #0
10002f14:	eb07 0787 	add.w	r7, r7, r7, lsl #2
10002f18:	eb01 0147 	add.w	r1, r1, r7, lsl #1
10002f1c:	f1a1 0730 	sub.w	r7, r1, #48	@ 0x30
10002f20:	f810 1f01 	ldrb.w	r1, [r0, #1]!
10002f24:	f1a1 0330 	sub.w	r3, r1, #48	@ 0x30
10002f28:	2b09      	cmp	r3, #9
10002f2a:	d9f3      	bls.n	10002f14 <_vsnprintf+0x410>
10002f2c:	4605      	mov	r5, r0
10002f2e:	1c43      	adds	r3, r0, #1
10002f30:	e62e      	b.n	10002b90 <_vsnprintf+0x8c>
10002f32:	f858 7b04 	ldr.w	r7, [r8], #4
10002f36:	78a9      	ldrb	r1, [r5, #2]
10002f38:	3502      	adds	r5, #2
10002f3a:	1c6b      	adds	r3, r5, #1
10002f3c:	ea27 77e7 	bic.w	r7, r7, r7, asr #31
10002f40:	e626      	b.n	10002b90 <_vsnprintf+0x8c>
10002f42:	f042 0421 	orr.w	r4, r2, #33	@ 0x21
10002f46:	aa12      	add	r2, sp, #72	@ 0x48
10002f48:	4694      	mov	ip, r2
10002f4a:	e002      	b.n	10002f52 <_vsnprintf+0x44e>
10002f4c:	2820      	cmp	r0, #32
10002f4e:	f43f aef1 	beq.w	10002d34 <_vsnprintf+0x230>
10002f52:	f001 030f 	and.w	r3, r1, #15
10002f56:	2b09      	cmp	r3, #9
10002f58:	bf94      	ite	ls
10002f5a:	3330      	addls	r3, #48	@ 0x30
10002f5c:	3337      	addhi	r3, #55	@ 0x37
10002f5e:	290f      	cmp	r1, #15
10002f60:	f88c 3000 	strb.w	r3, [ip]
10002f64:	f100 0001 	add.w	r0, r0, #1
10002f68:	f10c 0c01 	add.w	ip, ip, #1
10002f6c:	ea4f 1111 	mov.w	r1, r1, lsr #4
10002f70:	d8ec      	bhi.n	10002f4c <_vsnprintf+0x448>
10002f72:	e6df      	b.n	10002d34 <_vsnprintf+0x230>
10002f74:	2958      	cmp	r1, #88	@ 0x58
10002f76:	d066      	beq.n	10003046 <_vsnprintf+0x542>
10002f78:	2962      	cmp	r1, #98	@ 0x62
10002f7a:	f040 8089 	bne.w	10003090 <_vsnprintf+0x58c>
10002f7e:	f04f 0902 	mov.w	r9, #2
10002f82:	464b      	mov	r3, r9
10002f84:	f412 6c80 	ands.w	ip, r2, #1024	@ 0x400
10002f88:	f000 80d4 	beq.w	10003134 <_vsnprintf+0x630>
10002f8c:	f022 020d 	bic.w	r2, r2, #13
10002f90:	9209      	str	r2, [sp, #36]	@ 0x24
10002f92:	f412 7100 	ands.w	r1, r2, #512	@ 0x200
10002f96:	f040 817b 	bne.w	10003290 <_vsnprintf+0x78c>
10002f9a:	f412 7080 	ands.w	r0, r2, #256	@ 0x100
10002f9e:	f108 0904 	add.w	r9, r8, #4
10002fa2:	f040 8238 	bne.w	10003416 <_vsnprintf+0x912>
10002fa6:	0651      	lsls	r1, r2, #25
10002fa8:	f140 813a 	bpl.w	10003220 <_vsnprintf+0x71c>
10002fac:	f898 1000 	ldrb.w	r1, [r8]
10002fb0:	2900      	cmp	r1, #0
10002fb2:	f040 814a 	bne.w	1000324a <_vsnprintf+0x746>
10002fb6:	9a09      	ldr	r2, [sp, #36]	@ 0x24
10002fb8:	f022 0210 	bic.w	r2, r2, #16
10002fbc:	9209      	str	r2, [sp, #36]	@ 0x24
10002fbe:	f1bc 0f00 	cmp.w	ip, #0
10002fc2:	f000 8142 	beq.w	1000324a <_vsnprintf+0x746>
10002fc6:	4608      	mov	r0, r1
10002fc8:	aa12      	add	r2, sp, #72	@ 0x48
10002fca:	9909      	ldr	r1, [sp, #36]	@ 0x24
10002fcc:	e9cd 3703 	strd	r3, r7, [sp, #12]
10002fd0:	e9cd 4105 	strd	r4, r1, [sp, #20]
10002fd4:	9001      	str	r0, [sp, #4]
10002fd6:	2300      	movs	r3, #0
10002fd8:	9200      	str	r2, [sp, #0]
10002fda:	9302      	str	r3, [sp, #8]
10002fdc:	4632      	mov	r2, r6
10002fde:	e0a1      	b.n	10003124 <_vsnprintf+0x620>
10002fe0:	f442 6200 	orr.w	r2, r2, #2048	@ 0x800
10002fe4:	e739      	b.n	10002e5a <_vsnprintf+0x356>
10002fe6:	f04f 0908 	mov.w	r9, #8
10002fea:	464b      	mov	r3, r9
10002fec:	e7ca      	b.n	10002f84 <_vsnprintf+0x480>
10002fee:	f442 6200 	orr.w	r2, r2, #2048	@ 0x800
10002ff2:	f042 0220 	orr.w	r2, r2, #32
10002ff6:	e730      	b.n	10002e5a <_vsnprintf+0x356>
10002ff8:	f012 0302 	ands.w	r3, r2, #2
10002ffc:	f000 818c 	beq.w	10003318 <_vsnprintf+0x814>
10003000:	2302      	movs	r3, #2
10003002:	e9cd 4809 	strd	r4, r8, [sp, #36]	@ 0x24
10003006:	461f      	mov	r7, r3
10003008:	4688      	mov	r8, r1
1000300a:	9c08      	ldr	r4, [sp, #32]
1000300c:	4632      	mov	r2, r6
1000300e:	4623      	mov	r3, r4
10003010:	4651      	mov	r1, sl
10003012:	47d8      	blx	fp
10003014:	f819 0f01 	ldrb.w	r0, [r9, #1]!
10003018:	3601      	adds	r6, #1
1000301a:	2800      	cmp	r0, #0
1000301c:	d1f6      	bne.n	1000300c <_vsnprintf+0x508>
1000301e:	463b      	mov	r3, r7
10003020:	4641      	mov	r1, r8
10003022:	9c09      	ldr	r4, [sp, #36]	@ 0x24
10003024:	f8dd 8028 	ldr.w	r8, [sp, #40]	@ 0x28
10003028:	2b00      	cmp	r3, #0
1000302a:	f43f ad89 	beq.w	10002b40 <_vsnprintf+0x3c>
1000302e:	e6e5      	b.n	10002dfc <_vsnprintf+0x2f8>
10003030:	eba1 0109 	sub.w	r1, r1, r9
10003034:	e6bd      	b.n	10002db2 <_vsnprintf+0x2ae>
10003036:	78a9      	ldrb	r1, [r5, #2]
10003038:	f042 02c0 	orr.w	r2, r2, #192	@ 0xc0
1000303c:	1ceb      	adds	r3, r5, #3
1000303e:	e5d8      	b.n	10002bf2 <_vsnprintf+0xee>
10003040:	4604      	mov	r4, r0
10003042:	4606      	mov	r6, r0
10003044:	e64a      	b.n	10002cdc <_vsnprintf+0x1d8>
10003046:	f04f 0910 	mov.w	r9, #16
1000304a:	f042 0220 	orr.w	r2, r2, #32
1000304e:	464b      	mov	r3, r9
10003050:	e798      	b.n	10002f84 <_vsnprintf+0x480>
10003052:	2c01      	cmp	r4, #1
10003054:	f240 80f1 	bls.w	1000323a <_vsnprintf+0x736>
10003058:	4637      	mov	r7, r6
1000305a:	f106 39ff 	add.w	r9, r6, #4294967295	@ 0xffffffff
1000305e:	f8cd 8028 	str.w	r8, [sp, #40]	@ 0x28
10003062:	f8dd 8020 	ldr.w	r8, [sp, #32]
10003066:	44a1      	add	r9, r4
10003068:	463a      	mov	r2, r7
1000306a:	4643      	mov	r3, r8
1000306c:	4651      	mov	r1, sl
1000306e:	2020      	movs	r0, #32
10003070:	3701      	adds	r7, #1
10003072:	47d8      	blx	fp
10003074:	454f      	cmp	r7, r9
10003076:	d1f7      	bne.n	10003068 <_vsnprintf+0x564>
10003078:	f8dd 8028 	ldr.w	r8, [sp, #40]	@ 0x28
1000307c:	463a      	mov	r2, r7
1000307e:	f898 0000 	ldrb.w	r0, [r8]
10003082:	4651      	mov	r1, sl
10003084:	9b08      	ldr	r3, [sp, #32]
10003086:	47d8      	blx	fp
10003088:	4426      	add	r6, r4
1000308a:	f8dd 8024 	ldr.w	r8, [sp, #36]	@ 0x24
1000308e:	e557      	b.n	10002b40 <_vsnprintf+0x3c>
10003090:	f412 6380 	ands.w	r3, r2, #1024	@ 0x400
10003094:	f000 80c1 	beq.w	1000321a <_vsnprintf+0x716>
10003098:	f44f 6380 	mov.w	r3, #1024	@ 0x400
1000309c:	f022 0011 	bic.w	r0, r2, #17
100030a0:	f410 7e00 	ands.w	lr, r0, #512	@ 0x200
100030a4:	d14a      	bne.n	1000313c <_vsnprintf+0x638>
100030a6:	f410 7c80 	ands.w	ip, r0, #256	@ 0x100
100030aa:	f108 0904 	add.w	r9, r8, #4
100030ae:	f040 8137 	bne.w	10003320 <_vsnprintf+0x81c>
100030b2:	0641      	lsls	r1, r0, #25
100030b4:	f100 80a9 	bmi.w	1000320a <_vsnprintf+0x706>
100030b8:	0602      	lsls	r2, r0, #24
100030ba:	f140 81e3 	bpl.w	10003484 <_vsnprintf+0x980>
100030be:	f9b8 2000 	ldrsh.w	r2, [r8]
100030c2:	ea82 71e2 	eor.w	r1, r2, r2, asr #31
100030c6:	eba1 71e2 	sub.w	r1, r1, r2, asr #31
100030ca:	fa1f fe81 	uxth.w	lr, r1
100030ce:	0fd1      	lsrs	r1, r2, #31
100030d0:	9109      	str	r1, [sp, #36]	@ 0x24
100030d2:	2a00      	cmp	r2, #0
100030d4:	f000 815f 	beq.w	10003396 <_vsnprintf+0x892>
100030d8:	4673      	mov	r3, lr
100030da:	aa12      	add	r2, sp, #72	@ 0x48
100030dc:	4696      	mov	lr, r2
100030de:	f8df 83a0 	ldr.w	r8, [pc, #928]	@ 10003480 <_vsnprintf+0x97c>
100030e2:	940a      	str	r4, [sp, #40]	@ 0x28
100030e4:	e003      	b.n	100030ee <_vsnprintf+0x5ea>
100030e6:	f1bc 0f20 	cmp.w	ip, #32
100030ea:	4623      	mov	r3, r4
100030ec:	d00f      	beq.n	1000310e <_vsnprintf+0x60a>
100030ee:	fba8 1403 	umull	r1, r4, r8, r3
100030f2:	08e4      	lsrs	r4, r4, #3
100030f4:	eb04 0184 	add.w	r1, r4, r4, lsl #2
100030f8:	eba3 0141 	sub.w	r1, r3, r1, lsl #1
100030fc:	f10e 0e01 	add.w	lr, lr, #1
10003100:	3130      	adds	r1, #48	@ 0x30
10003102:	2b09      	cmp	r3, #9
10003104:	f10c 0c01 	add.w	ip, ip, #1
10003108:	f80e 1c01 	strb.w	r1, [lr, #-1]
1000310c:	d8eb      	bhi.n	100030e6 <_vsnprintf+0x5e2>
1000310e:	9c0a      	ldr	r4, [sp, #40]	@ 0x28
10003110:	9b09      	ldr	r3, [sp, #36]	@ 0x24
10003112:	9200      	str	r2, [sp, #0]
10003114:	e9cd c301 	strd	ip, r3, [sp, #4]
10003118:	230a      	movs	r3, #10
1000311a:	4632      	mov	r2, r6
1000311c:	e9cd 4005 	strd	r4, r0, [sp, #20]
10003120:	9704      	str	r7, [sp, #16]
10003122:	9303      	str	r3, [sp, #12]
10003124:	4651      	mov	r1, sl
10003126:	4658      	mov	r0, fp
10003128:	9b08      	ldr	r3, [sp, #32]
1000312a:	f7fe fee3 	bl	10001ef4 <_ntoa_format>
1000312e:	46c8      	mov	r8, r9
10003130:	4606      	mov	r6, r0
10003132:	e505      	b.n	10002b40 <_vsnprintf+0x3c>
10003134:	f022 020c 	bic.w	r2, r2, #12
10003138:	9209      	str	r2, [sp, #36]	@ 0x24
1000313a:	e72a      	b.n	10002f92 <_vsnprintf+0x48e>
1000313c:	f108 0807 	add.w	r8, r8, #7
10003140:	f028 0807 	bic.w	r8, r8, #7
10003144:	f8d8 2004 	ldr.w	r2, [r8, #4]
10003148:	f858 cb08 	ldr.w	ip, [r8], #8
1000314c:	0fd1      	lsrs	r1, r2, #31
1000314e:	ea5c 0e02 	orrs.w	lr, ip, r2
10003152:	d06c      	beq.n	1000322e <_vsnprintf+0x72a>
10003154:	2a00      	cmp	r2, #0
10003156:	4663      	mov	r3, ip
10003158:	da02      	bge.n	10003160 <_vsnprintf+0x65c>
1000315a:	425b      	negs	r3, r3
1000315c:	eb62 0242 	sbc.w	r2, r2, r2, lsl #1
10003160:	4691      	mov	r9, r2
10003162:	9309      	str	r3, [sp, #36]	@ 0x24
10003164:	aa12      	add	r2, sp, #72	@ 0x48
10003166:	4694      	mov	ip, r2
10003168:	f04f 0e00 	mov.w	lr, #0
1000316c:	e9cd 180a 	strd	r1, r8, [sp, #40]	@ 0x28
10003170:	e9cd 470c 	strd	r4, r7, [sp, #48]	@ 0x30
10003174:	960e      	str	r6, [sp, #56]	@ 0x38
10003176:	920f      	str	r2, [sp, #60]	@ 0x3c
10003178:	e003      	b.n	10003182 <_vsnprintf+0x67e>
1000317a:	f1be 0f20 	cmp.w	lr, #32
1000317e:	463b      	mov	r3, r7
10003180:	d030      	beq.n	100031e4 <_vsnprintf+0x6e0>
10003182:	f04f 32cc 	mov.w	r2, #3435973836	@ 0xcccccccc
10003186:	eb13 0109 	adds.w	r1, r3, r9
1000318a:	4fbd      	ldr	r7, [pc, #756]	@ (10003480 <_vsnprintf+0x97c>)
1000318c:	f141 0100 	adc.w	r1, r1, #0
10003190:	fba7 4601 	umull	r4, r6, r7, r1
10003194:	f026 0403 	bic.w	r4, r6, #3
10003198:	eb04 0496 	add.w	r4, r4, r6, lsr #2
1000319c:	1b09      	subs	r1, r1, r4
1000319e:	1a5c      	subs	r4, r3, r1
100031a0:	fb02 f604 	mul.w	r6, r2, r4
100031a4:	463a      	mov	r2, r7
100031a6:	f169 0800 	sbc.w	r8, r9, #0
100031aa:	fb02 6608 	mla	r6, r2, r8, r6
100031ae:	2205      	movs	r2, #5
100031b0:	fba4 7407 	umull	r7, r4, r4, r7
100031b4:	f007 0801 	and.w	r8, r7, #1
100031b8:	4426      	add	r6, r4
100031ba:	fba8 4802 	umull	r4, r8, r8, r2
100031be:	1864      	adds	r4, r4, r1
100031c0:	2b0a      	cmp	r3, #10
100031c2:	f10c 0c01 	add.w	ip, ip, #1
100031c6:	ea4f 0757 	mov.w	r7, r7, lsr #1
100031ca:	f104 0430 	add.w	r4, r4, #48	@ 0x30
100031ce:	f179 0900 	sbcs.w	r9, r9, #0
100031d2:	f10e 0e01 	add.w	lr, lr, #1
100031d6:	f80c 4c01 	strb.w	r4, [ip, #-1]
100031da:	ea47 77c6 	orr.w	r7, r7, r6, lsl #31
100031de:	ea4f 0956 	mov.w	r9, r6, lsr #1
100031e2:	d2ca      	bcs.n	1000317a <_vsnprintf+0x676>
100031e4:	4673      	mov	r3, lr
100031e6:	e9dd 180a 	ldrd	r1, r8, [sp, #40]	@ 0x28
100031ea:	e9dd 470c 	ldrd	r4, r7, [sp, #48]	@ 0x30
100031ee:	9e0e      	ldr	r6, [sp, #56]	@ 0x38
100031f0:	9a0f      	ldr	r2, [sp, #60]	@ 0x3c
100031f2:	f8cd e024 	str.w	lr, [sp, #36]	@ 0x24
100031f6:	e9cd 3101 	strd	r3, r1, [sp, #4]
100031fa:	230a      	movs	r3, #10
100031fc:	9200      	str	r2, [sp, #0]
100031fe:	e9cd 4005 	strd	r4, r0, [sp, #20]
10003202:	4632      	mov	r2, r6
10003204:	9704      	str	r7, [sp, #16]
10003206:	9303      	str	r3, [sp, #12]
10003208:	e59f      	b.n	10002d4a <_vsnprintf+0x246>
1000320a:	f898 2000 	ldrb.w	r2, [r8]
1000320e:	4696      	mov	lr, r2
10003210:	e75d      	b.n	100030ce <_vsnprintf+0x5ca>
10003212:	f04f 0910 	mov.w	r9, #16
10003216:	464b      	mov	r3, r9
10003218:	e6b4      	b.n	10002f84 <_vsnprintf+0x480>
1000321a:	f022 0010 	bic.w	r0, r2, #16
1000321e:	e73f      	b.n	100030a0 <_vsnprintf+0x59c>
10003220:	0611      	lsls	r1, r2, #24
10003222:	bf4c      	ite	mi
10003224:	f8b8 1000 	ldrhmi.w	r1, [r8]
10003228:	f8d8 1000 	ldrpl.w	r1, [r8]
1000322c:	e6c0      	b.n	10002fb0 <_vsnprintf+0x4ac>
1000322e:	2b00      	cmp	r3, #0
10003230:	f040 8142 	bne.w	100034b8 <_vsnprintf+0x9b4>
10003234:	4699      	mov	r9, r3
10003236:	9309      	str	r3, [sp, #36]	@ 0x24
10003238:	e794      	b.n	10003164 <_vsnprintf+0x660>
1000323a:	4632      	mov	r2, r6
1000323c:	4651      	mov	r1, sl
1000323e:	f898 0000 	ldrb.w	r0, [r8]
10003242:	9b08      	ldr	r3, [sp, #32]
10003244:	47d8      	blx	fp
10003246:	463e      	mov	r6, r7
10003248:	e653      	b.n	10002ef2 <_vsnprintf+0x3ee>
1000324a:	9a09      	ldr	r2, [sp, #36]	@ 0x24
1000324c:	940a      	str	r4, [sp, #40]	@ 0x28
1000324e:	f012 0f20 	tst.w	r2, #32
10003252:	bf14      	ite	ne
10003254:	f04f 0841 	movne.w	r8, #65	@ 0x41
10003258:	f04f 0861 	moveq.w	r8, #97	@ 0x61
1000325c:	aa12      	add	r2, sp, #72	@ 0x48
1000325e:	4694      	mov	ip, r2
10003260:	f1a8 080a 	sub.w	r8, r8, #10
10003264:	e002      	b.n	1000326c <_vsnprintf+0x768>
10003266:	2820      	cmp	r0, #32
10003268:	4671      	mov	r1, lr
1000326a:	d00f      	beq.n	1000328c <_vsnprintf+0x788>
1000326c:	fbb1 fef3 	udiv	lr, r1, r3
10003270:	fb03 141e 	mls	r4, r3, lr, r1
10003274:	2c09      	cmp	r4, #9
10003276:	bf94      	ite	ls
10003278:	3430      	addls	r4, #48	@ 0x30
1000327a:	4444      	addhi	r4, r8
1000327c:	4299      	cmp	r1, r3
1000327e:	f88c 4000 	strb.w	r4, [ip]
10003282:	f100 0001 	add.w	r0, r0, #1
10003286:	f10c 0c01 	add.w	ip, ip, #1
1000328a:	d2ec      	bcs.n	10003266 <_vsnprintf+0x762>
1000328c:	9c0a      	ldr	r4, [sp, #40]	@ 0x28
1000328e:	e69c      	b.n	10002fca <_vsnprintf+0x4c6>
10003290:	f108 0807 	add.w	r8, r8, #7
10003294:	f028 0807 	bic.w	r8, r8, #7
10003298:	f8d8 2004 	ldr.w	r2, [r8, #4]
1000329c:	f858 1b08 	ldr.w	r1, [r8], #8
100032a0:	920a      	str	r2, [sp, #40]	@ 0x28
100032a2:	430a      	orrs	r2, r1
100032a4:	468e      	mov	lr, r1
100032a6:	d17b      	bne.n	100033a0 <_vsnprintf+0x89c>
100032a8:	9a09      	ldr	r2, [sp, #36]	@ 0x24
100032aa:	f022 0210 	bic.w	r2, r2, #16
100032ae:	9209      	str	r2, [sp, #36]	@ 0x24
100032b0:	f1bc 0f00 	cmp.w	ip, #0
100032b4:	d074      	beq.n	100033a0 <_vsnprintf+0x89c>
100032b6:	2000      	movs	r0, #0
100032b8:	aa12      	add	r2, sp, #72	@ 0x48
100032ba:	9909      	ldr	r1, [sp, #36]	@ 0x24
100032bc:	e9cd 2000 	strd	r2, r0, [sp]
100032c0:	e9cd 4105 	strd	r4, r1, [sp, #20]
100032c4:	4632      	mov	r2, r6
100032c6:	e9cd 3703 	strd	r3, r7, [sp, #12]
100032ca:	e53c      	b.n	10002d46 <_vsnprintf+0x242>
100032cc:	428c      	cmp	r4, r1
100032ce:	bf98      	it	ls
100032d0:	3101      	addls	r1, #1
100032d2:	f67f ad79 	bls.w	10002dc8 <_vsnprintf+0x2c4>
100032d6:	f44f 6380 	mov.w	r3, #1024	@ 0x400
100032da:	e9cd 9409 	strd	r9, r4, [sp, #36]	@ 0x24
100032de:	4699      	mov	r9, r3
100032e0:	19a2      	adds	r2, r4, r6
100032e2:	970b      	str	r7, [sp, #44]	@ 0x2c
100032e4:	9f08      	ldr	r7, [sp, #32]
100032e6:	1a54      	subs	r4, r2, r1
100032e8:	4632      	mov	r2, r6
100032ea:	463b      	mov	r3, r7
100032ec:	4651      	mov	r1, sl
100032ee:	2020      	movs	r0, #32
100032f0:	3601      	adds	r6, #1
100032f2:	47d8      	blx	fp
100032f4:	42a6      	cmp	r6, r4
100032f6:	d1f7      	bne.n	100032e8 <_vsnprintf+0x7e4>
100032f8:	e9dd 470a 	ldrd	r4, r7, [sp, #40]	@ 0x28
100032fc:	464b      	mov	r3, r9
100032fe:	f8dd 9024 	ldr.w	r9, [sp, #36]	@ 0x24
10003302:	f899 0000 	ldrb.w	r0, [r9]
10003306:	2800      	cmp	r0, #0
10003308:	f43f ac1a 	beq.w	10002b40 <_vsnprintf+0x3c>
1000330c:	1c61      	adds	r1, r4, #1
1000330e:	2b00      	cmp	r3, #0
10003310:	f43f ae77 	beq.w	10003002 <_vsnprintf+0x4fe>
10003314:	2300      	movs	r3, #0
10003316:	e557      	b.n	10002dc8 <_vsnprintf+0x2c4>
10003318:	428c      	cmp	r4, r1
1000331a:	d8de      	bhi.n	100032da <_vsnprintf+0x7d6>
1000331c:	3101      	adds	r1, #1
1000331e:	e670      	b.n	10003002 <_vsnprintf+0x4fe>
10003320:	f8d8 2000 	ldr.w	r2, [r8]
10003324:	0fd1      	lsrs	r1, r2, #31
10003326:	2a00      	cmp	r2, #0
10003328:	f000 80b3 	beq.w	10003492 <_vsnprintf+0x98e>
1000332c:	ea82 73e2 	eor.w	r3, r2, r2, asr #31
10003330:	eba3 73e2 	sub.w	r3, r3, r2, asr #31
10003334:	aa12      	add	r2, sp, #72	@ 0x48
10003336:	4694      	mov	ip, r2
10003338:	e9cd 1409 	strd	r1, r4, [sp, #36]	@ 0x24
1000333c:	f8df 8140 	ldr.w	r8, [pc, #320]	@ 10003480 <_vsnprintf+0x97c>
10003340:	e003      	b.n	1000334a <_vsnprintf+0x846>
10003342:	f1be 0f20 	cmp.w	lr, #32
10003346:	4623      	mov	r3, r4
10003348:	d00f      	beq.n	1000336a <_vsnprintf+0x866>
1000334a:	fba8 1403 	umull	r1, r4, r8, r3
1000334e:	08e4      	lsrs	r4, r4, #3
10003350:	eb04 0184 	add.w	r1, r4, r4, lsl #2
10003354:	eba3 0141 	sub.w	r1, r3, r1, lsl #1
10003358:	f10c 0c01 	add.w	ip, ip, #1
1000335c:	3130      	adds	r1, #48	@ 0x30
1000335e:	2b09      	cmp	r3, #9
10003360:	f10e 0e01 	add.w	lr, lr, #1
10003364:	f80c 1c01 	strb.w	r1, [ip, #-1]
10003368:	d8eb      	bhi.n	10003342 <_vsnprintf+0x83e>
1000336a:	e9dd 1409 	ldrd	r1, r4, [sp, #36]	@ 0x24
1000336e:	230a      	movs	r3, #10
10003370:	9200      	str	r2, [sp, #0]
10003372:	e9cd 4005 	strd	r4, r0, [sp, #20]
10003376:	4632      	mov	r2, r6
10003378:	e9cd e101 	strd	lr, r1, [sp, #4]
1000337c:	9704      	str	r7, [sp, #16]
1000337e:	9303      	str	r3, [sp, #12]
10003380:	e6d0      	b.n	10003124 <_vsnprintf+0x620>
10003382:	2969      	cmp	r1, #105	@ 0x69
10003384:	f022 0010 	bic.w	r0, r2, #16
10003388:	f040 8091 	bne.w	100034ae <_vsnprintf+0x9aa>
1000338c:	f412 6380 	ands.w	r3, r2, #1024	@ 0x400
10003390:	f43f ae86 	beq.w	100030a0 <_vsnprintf+0x59c>
10003394:	e680      	b.n	10003098 <_vsnprintf+0x594>
10003396:	2b00      	cmp	r3, #0
10003398:	f43f ae9f 	beq.w	100030da <_vsnprintf+0x5d6>
1000339c:	aa12      	add	r2, sp, #72	@ 0x48
1000339e:	e6b7      	b.n	10003110 <_vsnprintf+0x60c>
100033a0:	9a09      	ldr	r2, [sp, #36]	@ 0x24
100033a2:	e9cd 840b 	strd	r8, r4, [sp, #44]	@ 0x2c
100033a6:	f012 0f20 	tst.w	r2, #32
100033aa:	bf14      	ite	ne
100033ac:	2141      	movne	r1, #65	@ 0x41
100033ae:	2161      	moveq	r1, #97	@ 0x61
100033b0:	e9cd 760d 	strd	r7, r6, [sp, #52]	@ 0x34
100033b4:	e9cd 3b0f 	strd	r3, fp, [sp, #60]	@ 0x3c
100033b8:	f8cd a044 	str.w	sl, [sp, #68]	@ 0x44
100033bc:	2700      	movs	r7, #0
100033be:	46f0      	mov	r8, lr
100033c0:	9c0a      	ldr	r4, [sp, #40]	@ 0x28
100033c2:	ae12      	add	r6, sp, #72	@ 0x48
100033c4:	f10d 0b48 	add.w	fp, sp, #72	@ 0x48
100033c8:	f1a1 0a0a 	sub.w	sl, r1, #10
100033cc:	e003      	b.n	100033d6 <_vsnprintf+0x8d2>
100033ce:	2f20      	cmp	r7, #32
100033d0:	4680      	mov	r8, r0
100033d2:	460c      	mov	r4, r1
100033d4:	d013      	beq.n	100033fe <_vsnprintf+0x8fa>
100033d6:	4621      	mov	r1, r4
100033d8:	464a      	mov	r2, r9
100033da:	2300      	movs	r3, #0
100033dc:	4640      	mov	r0, r8
100033de:	f003 f8ff 	bl	100065e0 <____aeabi_uldivmod_veneer>
100033e2:	b2d2      	uxtb	r2, r2
100033e4:	2a09      	cmp	r2, #9
100033e6:	bf94      	ite	ls
100033e8:	3230      	addls	r2, #48	@ 0x30
100033ea:	4452      	addhi	r2, sl
100033ec:	45c8      	cmp	r8, r9
100033ee:	f174 0400 	sbcs.w	r4, r4, #0
100033f2:	7032      	strb	r2, [r6, #0]
100033f4:	f107 0701 	add.w	r7, r7, #1
100033f8:	f106 0601 	add.w	r6, r6, #1
100033fc:	d2e7      	bcs.n	100033ce <_vsnprintf+0x8ca>
100033fe:	4638      	mov	r0, r7
10003400:	e9dd 840b 	ldrd	r8, r4, [sp, #44]	@ 0x2c
10003404:	465a      	mov	r2, fp
10003406:	9e0e      	ldr	r6, [sp, #56]	@ 0x38
10003408:	9f0d      	ldr	r7, [sp, #52]	@ 0x34
1000340a:	9b0f      	ldr	r3, [sp, #60]	@ 0x3c
1000340c:	f8dd a044 	ldr.w	sl, [sp, #68]	@ 0x44
10003410:	f8dd b040 	ldr.w	fp, [sp, #64]	@ 0x40
10003414:	e751      	b.n	100032ba <_vsnprintf+0x7b6>
10003416:	f8d8 e000 	ldr.w	lr, [r8]
1000341a:	f1be 0f00 	cmp.w	lr, #0
1000341e:	d10d      	bne.n	1000343c <_vsnprintf+0x938>
10003420:	f022 0210 	bic.w	r2, r2, #16
10003424:	9209      	str	r2, [sp, #36]	@ 0x24
10003426:	f1bc 0f00 	cmp.w	ip, #0
1000342a:	d007      	beq.n	1000343c <_vsnprintf+0x938>
1000342c:	aa12      	add	r2, sp, #72	@ 0x48
1000342e:	9809      	ldr	r0, [sp, #36]	@ 0x24
10003430:	e9cd 3703 	strd	r3, r7, [sp, #12]
10003434:	e9cd 4005 	strd	r4, r0, [sp, #20]
10003438:	9101      	str	r1, [sp, #4]
1000343a:	e5cc      	b.n	10002fd6 <_vsnprintf+0x4d2>
1000343c:	9a09      	ldr	r2, [sp, #36]	@ 0x24
1000343e:	f012 0f20 	tst.w	r2, #32
10003442:	bf14      	ite	ne
10003444:	2041      	movne	r0, #65	@ 0x41
10003446:	2061      	moveq	r0, #97	@ 0x61
10003448:	aa12      	add	r2, sp, #72	@ 0x48
1000344a:	4694      	mov	ip, r2
1000344c:	920a      	str	r2, [sp, #40]	@ 0x28
1000344e:	f1a0 020a 	sub.w	r2, r0, #10
10003452:	e002      	b.n	1000345a <_vsnprintf+0x956>
10003454:	2920      	cmp	r1, #32
10003456:	46c6      	mov	lr, r8
10003458:	d00f      	beq.n	1000347a <_vsnprintf+0x976>
1000345a:	fbbe f8f3 	udiv	r8, lr, r3
1000345e:	fb03 e018 	mls	r0, r3, r8, lr
10003462:	2809      	cmp	r0, #9
10003464:	bf94      	ite	ls
10003466:	3030      	addls	r0, #48	@ 0x30
10003468:	1880      	addhi	r0, r0, r2
1000346a:	459e      	cmp	lr, r3
1000346c:	f88c 0000 	strb.w	r0, [ip]
10003470:	f101 0101 	add.w	r1, r1, #1
10003474:	f10c 0c01 	add.w	ip, ip, #1
10003478:	d2ec      	bcs.n	10003454 <_vsnprintf+0x950>
1000347a:	9a0a      	ldr	r2, [sp, #40]	@ 0x28
1000347c:	e7d7      	b.n	1000342e <_vsnprintf+0x92a>
1000347e:	bf00      	nop
10003480:	cccccccd 	.word	0xcccccccd
10003484:	f8d8 2000 	ldr.w	r2, [r8]
10003488:	ea82 7ee2 	eor.w	lr, r2, r2, asr #31
1000348c:	ebae 7ee2 	sub.w	lr, lr, r2, asr #31
10003490:	e61d      	b.n	100030ce <_vsnprintf+0x5ca>
10003492:	2b00      	cmp	r3, #0
10003494:	f43f af4e 	beq.w	10003334 <_vsnprintf+0x830>
10003498:	aa12      	add	r2, sp, #72	@ 0x48
1000349a:	e768      	b.n	1000336e <_vsnprintf+0x86a>
1000349c:	f412 6180 	ands.w	r1, r2, #1024	@ 0x400
100034a0:	d00e      	beq.n	100034c0 <_vsnprintf+0x9bc>
100034a2:	f012 0102 	ands.w	r1, r2, #2
100034a6:	d014      	beq.n	100034d2 <_vsnprintf+0x9ce>
100034a8:	4601      	mov	r1, r0
100034aa:	4637      	mov	r7, r6
100034ac:	e4a7      	b.n	10002dfe <_vsnprintf+0x2fa>
100034ae:	f04f 090a 	mov.w	r9, #10
100034b2:	4602      	mov	r2, r0
100034b4:	464b      	mov	r3, r9
100034b6:	e565      	b.n	10002f84 <_vsnprintf+0x480>
100034b8:	2300      	movs	r3, #0
100034ba:	aa12      	add	r2, sp, #72	@ 0x48
100034bc:	9309      	str	r3, [sp, #36]	@ 0x24
100034be:	e69a      	b.n	100031f6 <_vsnprintf+0x6f2>
100034c0:	f012 0302 	ands.w	r3, r2, #2
100034c4:	f47f ac9a 	bne.w	10002dfc <_vsnprintf+0x2f8>
100034c8:	2c00      	cmp	r4, #0
100034ca:	f47f af06 	bne.w	100032da <_vsnprintf+0x7d6>
100034ce:	f7ff bb37 	b.w	10002b40 <_vsnprintf+0x3c>
100034d2:	2c00      	cmp	r4, #0
100034d4:	f47f aeff 	bne.w	100032d6 <_vsnprintf+0x7d2>
100034d8:	f7ff bb32 	b.w	10002b40 <_vsnprintf+0x3c>

100034dc <vfctprintf>:
100034dc:	468c      	mov	ip, r1
100034de:	b510      	push	{r4, lr}
100034e0:	b084      	sub	sp, #16
100034e2:	9300      	str	r3, [sp, #0]
100034e4:	9002      	str	r0, [sp, #8]
100034e6:	4613      	mov	r3, r2
100034e8:	a902      	add	r1, sp, #8
100034ea:	f04f 32ff 	mov.w	r2, #4294967295	@ 0xffffffff
100034ee:	4803      	ldr	r0, [pc, #12]	@ (100034fc <vfctprintf+0x20>)
100034f0:	f8cd c00c 	str.w	ip, [sp, #12]
100034f4:	f7ff fb06 	bl	10002b04 <_vsnprintf>
100034f8:	b004      	add	sp, #16
100034fa:	bd10      	pop	{r4, pc}
100034fc:	100020d9 	.word	0x100020d9

10003500 <weak_raw_vprintf>:
10003500:	b510      	push	{r4, lr}
10003502:	4a09      	ldr	r2, [pc, #36]	@ (10003528 <weak_raw_vprintf+0x28>)
10003504:	b084      	sub	sp, #16
10003506:	6814      	ldr	r4, [r2, #0]
10003508:	b14c      	cbz	r4, 1000351e <weak_raw_vprintf+0x1e>
1000350a:	4603      	mov	r3, r0
1000350c:	9100      	str	r1, [sp, #0]
1000350e:	f04f 32ff 	mov.w	r2, #4294967295	@ 0xffffffff
10003512:	a903      	add	r1, sp, #12
10003514:	4805      	ldr	r0, [pc, #20]	@ (1000352c <weak_raw_vprintf+0x2c>)
10003516:	47a0      	blx	r4
10003518:	2001      	movs	r0, #1
1000351a:	b004      	add	sp, #16
1000351c:	bd10      	pop	{r4, pc}
1000351e:	f000 f9c5 	bl	100038ac <__wrap_puts>
10003522:	4620      	mov	r0, r4
10003524:	b004      	add	sp, #16
10003526:	bd10      	pop	{r4, pc}
10003528:	20002104 	.word	0x20002104
1000352c:	100020d1 	.word	0x100020d1

10003530 <_exit>:
10003530:	be00      	bkpt	0x0000
10003532:	e7fd      	b.n	10003530 <_exit>

10003534 <exit>:
10003534:	b508      	push	{r3, lr}
10003536:	f7ff fffb 	bl	10003530 <_exit>
1000353a:	bf00      	nop

1000353c <runtime_init>:
1000353c:	b538      	push	{r3, r4, r5, lr}
1000353e:	4c06      	ldr	r4, [pc, #24]	@ (10003558 <runtime_init+0x1c>)
10003540:	4d06      	ldr	r5, [pc, #24]	@ (1000355c <runtime_init+0x20>)
10003542:	f7fe fa37 	bl	100019b4 <runtime_run_initializers>
10003546:	42ac      	cmp	r4, r5
10003548:	d204      	bcs.n	10003554 <runtime_init+0x18>
1000354a:	f854 3b04 	ldr.w	r3, [r4], #4
1000354e:	4798      	blx	r3
10003550:	42ac      	cmp	r4, r5
10003552:	d3fa      	bcc.n	1000354a <runtime_init+0xe>
10003554:	bd38      	pop	{r3, r4, r5, pc}
10003556:	bf00      	nop
10003558:	10006650 	.word	0x10006650
1000355c:	10006658 	.word	0x10006658

10003560 <stdio_out_chars_no_crlf>:
10003560:	6803      	ldr	r3, [r0, #0]
10003562:	4608      	mov	r0, r1
10003564:	4611      	mov	r1, r2
10003566:	4718      	bx	r3

10003568 <stdio_out_chars_crlf>:
10003568:	b570      	push	{r4, r5, r6, lr}
1000356a:	4605      	mov	r5, r0
1000356c:	4608      	mov	r0, r1
1000356e:	7d69      	ldrb	r1, [r5, #21]
10003570:	b082      	sub	sp, #8
10003572:	2900      	cmp	r1, #0
10003574:	d04f      	beq.n	10003616 <stdio_out_chars_crlf+0xae>
10003576:	2a00      	cmp	r2, #0
10003578:	dd25      	ble.n	100035c6 <stdio_out_chars_crlf+0x5e>
1000357a:	7803      	ldrb	r3, [r0, #0]
1000357c:	4614      	mov	r4, r2
1000357e:	2b0a      	cmp	r3, #10
10003580:	4606      	mov	r6, r0
10003582:	d022      	beq.n	100035ca <stdio_out_chars_crlf+0x62>
10003584:	2c01      	cmp	r4, #1
10003586:	f04f 0e00 	mov.w	lr, #0
1000358a:	d00d      	beq.n	100035a8 <stdio_out_chars_crlf+0x40>
1000358c:	4632      	mov	r2, r6
1000358e:	2301      	movs	r3, #1
10003590:	f812 cf01 	ldrb.w	ip, [r2, #1]!
10003594:	4619      	mov	r1, r3
10003596:	f1bc 0f0a 	cmp.w	ip, #10
1000359a:	f103 0301 	add.w	r3, r3, #1
1000359e:	d020      	beq.n	100035e2 <stdio_out_chars_crlf+0x7a>
100035a0:	429c      	cmp	r4, r3
100035a2:	d1f5      	bne.n	10003590 <stdio_out_chars_crlf+0x28>
100035a4:	4574      	cmp	r4, lr
100035a6:	dd05      	ble.n	100035b4 <stdio_out_chars_crlf+0x4c>
100035a8:	682b      	ldr	r3, [r5, #0]
100035aa:	eba4 010e 	sub.w	r1, r4, lr
100035ae:	eb06 000e 	add.w	r0, r6, lr
100035b2:	4798      	blx	r3
100035b4:	1931      	adds	r1, r6, r4
100035b6:	f811 3c01 	ldrb.w	r3, [r1, #-1]
100035ba:	f1a3 030d 	sub.w	r3, r3, #13
100035be:	fab3 f383 	clz	r3, r3
100035c2:	095b      	lsrs	r3, r3, #5
100035c4:	752b      	strb	r3, [r5, #20]
100035c6:	b002      	add	sp, #8
100035c8:	bd70      	pop	{r4, r5, r6, pc}
100035ca:	7d2b      	ldrb	r3, [r5, #20]
100035cc:	2b00      	cmp	r3, #0
100035ce:	d1d9      	bne.n	10003584 <stdio_out_chars_crlf+0x1c>
100035d0:	2102      	movs	r1, #2
100035d2:	682b      	ldr	r3, [r5, #0]
100035d4:	4813      	ldr	r0, [pc, #76]	@ (10003624 <stdio_out_chars_crlf+0xbc>)
100035d6:	4798      	blx	r3
100035d8:	2c01      	cmp	r4, #1
100035da:	d0eb      	beq.n	100035b4 <stdio_out_chars_crlf+0x4c>
100035dc:	f04f 0e01 	mov.w	lr, #1
100035e0:	e7d4      	b.n	1000358c <stdio_out_chars_crlf+0x24>
100035e2:	f812 0c01 	ldrb.w	r0, [r2, #-1]
100035e6:	280d      	cmp	r0, #13
100035e8:	d0da      	beq.n	100035a0 <stdio_out_chars_crlf+0x38>
100035ea:	458e      	cmp	lr, r1
100035ec:	eb06 000e 	add.w	r0, r6, lr
100035f0:	eba1 010e 	sub.w	r1, r1, lr
100035f4:	da05      	bge.n	10003602 <stdio_out_chars_crlf+0x9a>
100035f6:	e9cd 3200 	strd	r3, r2, [sp]
100035fa:	682b      	ldr	r3, [r5, #0]
100035fc:	4798      	blx	r3
100035fe:	e9dd 3200 	ldrd	r3, r2, [sp]
10003602:	e9cd 3200 	strd	r3, r2, [sp]
10003606:	2102      	movs	r1, #2
10003608:	682b      	ldr	r3, [r5, #0]
1000360a:	4806      	ldr	r0, [pc, #24]	@ (10003624 <stdio_out_chars_crlf+0xbc>)
1000360c:	4798      	blx	r3
1000360e:	9b00      	ldr	r3, [sp, #0]
10003610:	9a01      	ldr	r2, [sp, #4]
10003612:	469e      	mov	lr, r3
10003614:	e7c4      	b.n	100035a0 <stdio_out_chars_crlf+0x38>
10003616:	4611      	mov	r1, r2
10003618:	682b      	ldr	r3, [r5, #0]
1000361a:	b002      	add	sp, #8
1000361c:	e8bd 4070 	ldmia.w	sp!, {r4, r5, r6, lr}
10003620:	4718      	bx	r3
10003622:	bf00      	nop
10003624:	10006c28 	.word	0x10006c28

10003628 <stdio_buffered_printer>:
10003628:	b570      	push	{r4, r5, r6, lr}
1000362a:	680b      	ldr	r3, [r1, #0]
1000362c:	460c      	mov	r4, r1
1000362e:	2b80      	cmp	r3, #128	@ 0x80
10003630:	4605      	mov	r5, r0
10003632:	b082      	sub	sp, #8
10003634:	d005      	beq.n	10003642 <stdio_buffered_printer+0x1a>
10003636:	1c5a      	adds	r2, r3, #1
10003638:	4423      	add	r3, r4
1000363a:	6022      	str	r2, [r4, #0]
1000363c:	711d      	strb	r5, [r3, #4]
1000363e:	b002      	add	sp, #8
10003640:	bd70      	pop	{r4, r5, r6, pc}
10003642:	4b0e      	ldr	r3, [pc, #56]	@ (1000367c <stdio_buffered_printer+0x54>)
10003644:	6818      	ldr	r0, [r3, #0]
10003646:	b978      	cbnz	r0, 10003668 <stdio_buffered_printer+0x40>
10003648:	2300      	movs	r3, #0
1000364a:	2201      	movs	r2, #1
1000364c:	4423      	add	r3, r4
1000364e:	6022      	str	r2, [r4, #0]
10003650:	711d      	strb	r5, [r3, #4]
10003652:	b002      	add	sp, #8
10003654:	bd70      	pop	{r4, r5, r6, pc}
10003656:	6822      	ldr	r2, [r4, #0]
10003658:	1d21      	adds	r1, r4, #4
1000365a:	9001      	str	r0, [sp, #4]
1000365c:	f7ff ff84 	bl	10003568 <stdio_out_chars_crlf>
10003660:	9801      	ldr	r0, [sp, #4]
10003662:	6900      	ldr	r0, [r0, #16]
10003664:	2800      	cmp	r0, #0
10003666:	d0ef      	beq.n	10003648 <stdio_buffered_printer+0x20>
10003668:	6803      	ldr	r3, [r0, #0]
1000366a:	2b00      	cmp	r3, #0
1000366c:	d0f9      	beq.n	10003662 <stdio_buffered_printer+0x3a>
1000366e:	4b04      	ldr	r3, [pc, #16]	@ (10003680 <stdio_buffered_printer+0x58>)
10003670:	681b      	ldr	r3, [r3, #0]
10003672:	2b00      	cmp	r3, #0
10003674:	d0ef      	beq.n	10003656 <stdio_buffered_printer+0x2e>
10003676:	4283      	cmp	r3, r0
10003678:	d1f3      	bne.n	10003662 <stdio_buffered_printer+0x3a>
1000367a:	e7ec      	b.n	10003656 <stdio_buffered_printer+0x2e>
1000367c:	20001cf8 	.word	0x20001cf8
10003680:	20001d00 	.word	0x20001d00

10003684 <stdio_put_string>:
10003684:	e92d 47f0 	stmdb	sp!, {r4, r5, r6, r7, r8, r9, sl, lr}
10003688:	b082      	sub	sp, #8
1000368a:	4690      	mov	r8, r2
1000368c:	461c      	mov	r4, r3
1000368e:	460d      	mov	r5, r1
10003690:	4607      	mov	r7, r0
10003692:	f7fd ffb9 	bl	10001608 <time_us_64>
10003696:	f04f 3cff 	mov.w	ip, #4294967295	@ 0xffffffff
1000369a:	f06f 4600 	mvn.w	r6, #2147483648	@ 0x80000000
1000369e:	4a2e      	ldr	r2, [pc, #184]	@ (10003758 <stdio_put_string+0xd4>)
100036a0:	1882      	adds	r2, r0, r2
100036a2:	f141 0300 	adc.w	r3, r1, #0
100036a6:	4594      	cmp	ip, r2
100036a8:	eb76 0103 	sbcs.w	r1, r6, r3
100036ac:	bf3c      	itt	cc
100036ae:	4662      	movcc	r2, ip
100036b0:	4633      	movcc	r3, r6
100036b2:	482a      	ldr	r0, [pc, #168]	@ (1000375c <stdio_put_string+0xd8>)
100036b4:	f002 ffa0 	bl	100065f8 <__mutex_try_enter_block_until_veneer>
100036b8:	1c6b      	adds	r3, r5, #1
100036ba:	4682      	mov	sl, r0
100036bc:	d040      	beq.n	10003740 <stdio_put_string+0xbc>
100036be:	b30c      	cbz	r4, 10003704 <stdio_put_string+0x80>
100036c0:	4e27      	ldr	r6, [pc, #156]	@ (10003760 <stdio_put_string+0xdc>)
100036c2:	4b28      	ldr	r3, [pc, #160]	@ (10003764 <stdio_put_string+0xe0>)
100036c4:	681c      	ldr	r4, [r3, #0]
100036c6:	b1b4      	cbz	r4, 100036f6 <stdio_put_string+0x72>
100036c8:	f1b8 0f00 	cmp.w	r8, #0
100036cc:	d11c      	bne.n	10003708 <stdio_put_string+0x84>
100036ce:	f8df 809c 	ldr.w	r8, [pc, #156]	@ 1000376c <stdio_put_string+0xe8>
100036d2:	e001      	b.n	100036d8 <stdio_put_string+0x54>
100036d4:	6924      	ldr	r4, [r4, #16]
100036d6:	b174      	cbz	r4, 100036f6 <stdio_put_string+0x72>
100036d8:	6823      	ldr	r3, [r4, #0]
100036da:	2b00      	cmp	r3, #0
100036dc:	d0fa      	beq.n	100036d4 <stdio_put_string+0x50>
100036de:	f8d8 3000 	ldr.w	r3, [r8]
100036e2:	b10b      	cbz	r3, 100036e8 <stdio_put_string+0x64>
100036e4:	429c      	cmp	r4, r3
100036e6:	d1f5      	bne.n	100036d4 <stdio_put_string+0x50>
100036e8:	4620      	mov	r0, r4
100036ea:	462a      	mov	r2, r5
100036ec:	4639      	mov	r1, r7
100036ee:	47b0      	blx	r6
100036f0:	6924      	ldr	r4, [r4, #16]
100036f2:	2c00      	cmp	r4, #0
100036f4:	d1f0      	bne.n	100036d8 <stdio_put_string+0x54>
100036f6:	f1ba 0f00 	cmp.w	sl, #0
100036fa:	d126      	bne.n	1000374a <stdio_put_string+0xc6>
100036fc:	4628      	mov	r0, r5
100036fe:	b002      	add	sp, #8
10003700:	e8bd 87f0 	ldmia.w	sp!, {r4, r5, r6, r7, r8, r9, sl, pc}
10003704:	4e18      	ldr	r6, [pc, #96]	@ (10003768 <stdio_put_string+0xe4>)
10003706:	e7dc      	b.n	100036c2 <stdio_put_string+0x3e>
10003708:	f04f 090a 	mov.w	r9, #10
1000370c:	f8df 805c 	ldr.w	r8, [pc, #92]	@ 1000376c <stdio_put_string+0xe8>
10003710:	e002      	b.n	10003718 <stdio_put_string+0x94>
10003712:	6924      	ldr	r4, [r4, #16]
10003714:	2c00      	cmp	r4, #0
10003716:	d0ee      	beq.n	100036f6 <stdio_put_string+0x72>
10003718:	6823      	ldr	r3, [r4, #0]
1000371a:	2b00      	cmp	r3, #0
1000371c:	d0f9      	beq.n	10003712 <stdio_put_string+0x8e>
1000371e:	f8d8 3000 	ldr.w	r3, [r8]
10003722:	b10b      	cbz	r3, 10003728 <stdio_put_string+0xa4>
10003724:	42a3      	cmp	r3, r4
10003726:	d1f4      	bne.n	10003712 <stdio_put_string+0x8e>
10003728:	462a      	mov	r2, r5
1000372a:	4639      	mov	r1, r7
1000372c:	4620      	mov	r0, r4
1000372e:	47b0      	blx	r6
10003730:	2201      	movs	r2, #1
10003732:	4620      	mov	r0, r4
10003734:	f10d 0107 	add.w	r1, sp, #7
10003738:	f88d 9007 	strb.w	r9, [sp, #7]
1000373c:	47b0      	blx	r6
1000373e:	e7e8      	b.n	10003712 <stdio_put_string+0x8e>
10003740:	4638      	mov	r0, r7
10003742:	f002 ff0b 	bl	1000655c <strlen>
10003746:	4605      	mov	r5, r0
10003748:	e7b9      	b.n	100036be <stdio_put_string+0x3a>
1000374a:	4804      	ldr	r0, [pc, #16]	@ (1000375c <stdio_put_string+0xd8>)
1000374c:	f002 ff4c 	bl	100065e8 <__mutex_exit_veneer>
10003750:	4628      	mov	r0, r5
10003752:	b002      	add	sp, #8
10003754:	e8bd 87f0 	ldmia.w	sp!, {r4, r5, r6, r7, r8, r9, sl, pc}
10003758:	000f4240 	.word	0x000f4240
1000375c:	20001400 	.word	0x20001400
10003760:	10003569 	.word	0x10003569
10003764:	20001cf8 	.word	0x20001cf8
10003768:	10003561 	.word	0x10003561
1000376c:	20001d00 	.word	0x20001d00

10003770 <stdio_set_driver_enabled>:
10003770:	4a08      	ldr	r2, [pc, #32]	@ (10003794 <stdio_set_driver_enabled+0x24>)
10003772:	6813      	ldr	r3, [r2, #0]
10003774:	b923      	cbnz	r3, 10003780 <stdio_set_driver_enabled+0x10>
10003776:	e00a      	b.n	1000378e <stdio_set_driver_enabled+0x1e>
10003778:	f103 0210 	add.w	r2, r3, #16
1000377c:	691b      	ldr	r3, [r3, #16]
1000377e:	b133      	cbz	r3, 1000378e <stdio_set_driver_enabled+0x1e>
10003780:	4283      	cmp	r3, r0
10003782:	d1f9      	bne.n	10003778 <stdio_set_driver_enabled+0x8>
10003784:	b929      	cbnz	r1, 10003792 <stdio_set_driver_enabled+0x22>
10003786:	6918      	ldr	r0, [r3, #16]
10003788:	6010      	str	r0, [r2, #0]
1000378a:	6119      	str	r1, [r3, #16]
1000378c:	4770      	bx	lr
1000378e:	b101      	cbz	r1, 10003792 <stdio_set_driver_enabled+0x22>
10003790:	6010      	str	r0, [r2, #0]
10003792:	4770      	bx	lr
10003794:	20001cf8 	.word	0x20001cf8

10003798 <stdio_init_all>:
10003798:	f000 bb28 	b.w	10003dec <stdio_usb_init>

1000379c <stdio_getchar_timeout_us>:
1000379c:	e92d 41f0 	stmdb	sp!, {r4, r5, r6, r7, r8, lr}
100037a0:	b082      	sub	sp, #8
100037a2:	4606      	mov	r6, r0
100037a4:	f7fd ff30 	bl	10001608 <time_us_64>
100037a8:	f04f 32ff 	mov.w	r2, #4294967295	@ 0xffffffff
100037ac:	f06f 4300 	mvn.w	r3, #2147483648	@ 0x80000000
100037b0:	1836      	adds	r6, r6, r0
100037b2:	f141 0700 	adc.w	r7, r1, #0
100037b6:	42b2      	cmp	r2, r6
100037b8:	eb73 0107 	sbcs.w	r1, r3, r7
100037bc:	bf3c      	itt	cc
100037be:	4616      	movcc	r6, r2
100037c0:	461f      	movcc	r7, r3
100037c2:	f8df 8060 	ldr.w	r8, [pc, #96]	@ 10003824 <stdio_getchar_timeout_us+0x88>
100037c6:	4d15      	ldr	r5, [pc, #84]	@ (1000381c <stdio_getchar_timeout_us+0x80>)
100037c8:	f8d8 4000 	ldr.w	r4, [r8]
100037cc:	b914      	cbnz	r4, 100037d4 <stdio_getchar_timeout_us+0x38>
100037ce:	e012      	b.n	100037f6 <stdio_getchar_timeout_us+0x5a>
100037d0:	6924      	ldr	r4, [r4, #16]
100037d2:	b184      	cbz	r4, 100037f6 <stdio_getchar_timeout_us+0x5a>
100037d4:	682b      	ldr	r3, [r5, #0]
100037d6:	b10b      	cbz	r3, 100037dc <stdio_getchar_timeout_us+0x40>
100037d8:	429c      	cmp	r4, r3
100037da:	d1f9      	bne.n	100037d0 <stdio_getchar_timeout_us+0x34>
100037dc:	68a3      	ldr	r3, [r4, #8]
100037de:	2b00      	cmp	r3, #0
100037e0:	d0f6      	beq.n	100037d0 <stdio_getchar_timeout_us+0x34>
100037e2:	2101      	movs	r1, #1
100037e4:	a801      	add	r0, sp, #4
100037e6:	4798      	blx	r3
100037e8:	2800      	cmp	r0, #0
100037ea:	ddf1      	ble.n	100037d0 <stdio_getchar_timeout_us+0x34>
100037ec:	f89d 0004 	ldrb.w	r0, [sp, #4]
100037f0:	b002      	add	sp, #8
100037f2:	e8bd 81f0 	ldmia.w	sp!, {r4, r5, r6, r7, r8, pc}
100037f6:	4b0a      	ldr	r3, [pc, #40]	@ (10003820 <stdio_getchar_timeout_us+0x84>)
100037f8:	6a5a      	ldr	r2, [r3, #36]	@ 0x24
100037fa:	4297      	cmp	r7, r2
100037fc:	d809      	bhi.n	10003812 <stdio_getchar_timeout_us+0x76>
100037fe:	6a9b      	ldr	r3, [r3, #40]	@ 0x28
10003800:	42b3      	cmp	r3, r6
10003802:	d304      	bcc.n	1000380e <stdio_getchar_timeout_us+0x72>
10003804:	f06f 0001 	mvn.w	r0, #1
10003808:	b002      	add	sp, #8
1000380a:	e8bd 81f0 	ldmia.w	sp!, {r4, r5, r6, r7, r8, pc}
1000380e:	4297      	cmp	r7, r2
10003810:	d1f8      	bne.n	10003804 <stdio_getchar_timeout_us+0x68>
10003812:	2001      	movs	r0, #1
10003814:	2100      	movs	r1, #0
10003816:	f7fd ff01 	bl	1000161c <busy_wait_us>
1000381a:	e7d5      	b.n	100037c8 <stdio_getchar_timeout_us+0x2c>
1000381c:	20001d00 	.word	0x20001d00
10003820:	400b0000 	.word	0x400b0000
10003824:	20001cf8 	.word	0x20001cf8

10003828 <__wrap_putchar>:
10003828:	b5f0      	push	{r4, r5, r6, r7, lr}
1000382a:	b083      	sub	sp, #12
1000382c:	4606      	mov	r6, r0
1000382e:	f88d 0007 	strb.w	r0, [sp, #7]
10003832:	f7fd fee9 	bl	10001608 <time_us_64>
10003836:	f04f 35ff 	mov.w	r5, #4294967295	@ 0xffffffff
1000383a:	f06f 4400 	mvn.w	r4, #2147483648	@ 0x80000000
1000383e:	4a17      	ldr	r2, [pc, #92]	@ (1000389c <__wrap_putchar+0x74>)
10003840:	1882      	adds	r2, r0, r2
10003842:	f141 0300 	adc.w	r3, r1, #0
10003846:	4295      	cmp	r5, r2
10003848:	eb74 0103 	sbcs.w	r1, r4, r3
1000384c:	bf3c      	itt	cc
1000384e:	4623      	movcc	r3, r4
10003850:	462a      	movcc	r2, r5
10003852:	4813      	ldr	r0, [pc, #76]	@ (100038a0 <__wrap_putchar+0x78>)
10003854:	f002 fed0 	bl	100065f8 <__mutex_try_enter_block_until_veneer>
10003858:	4b12      	ldr	r3, [pc, #72]	@ (100038a4 <__wrap_putchar+0x7c>)
1000385a:	4607      	mov	r7, r0
1000385c:	681c      	ldr	r4, [r3, #0]
1000385e:	b19c      	cbz	r4, 10003888 <__wrap_putchar+0x60>
10003860:	4d11      	ldr	r5, [pc, #68]	@ (100038a8 <__wrap_putchar+0x80>)
10003862:	e001      	b.n	10003868 <__wrap_putchar+0x40>
10003864:	6924      	ldr	r4, [r4, #16]
10003866:	b17c      	cbz	r4, 10003888 <__wrap_putchar+0x60>
10003868:	6823      	ldr	r3, [r4, #0]
1000386a:	2b00      	cmp	r3, #0
1000386c:	d0fa      	beq.n	10003864 <__wrap_putchar+0x3c>
1000386e:	682b      	ldr	r3, [r5, #0]
10003870:	b10b      	cbz	r3, 10003876 <__wrap_putchar+0x4e>
10003872:	429c      	cmp	r4, r3
10003874:	d1f6      	bne.n	10003864 <__wrap_putchar+0x3c>
10003876:	4620      	mov	r0, r4
10003878:	2201      	movs	r2, #1
1000387a:	f10d 0107 	add.w	r1, sp, #7
1000387e:	f7ff fe73 	bl	10003568 <stdio_out_chars_crlf>
10003882:	6924      	ldr	r4, [r4, #16]
10003884:	2c00      	cmp	r4, #0
10003886:	d1ef      	bne.n	10003868 <__wrap_putchar+0x40>
10003888:	b917      	cbnz	r7, 10003890 <__wrap_putchar+0x68>
1000388a:	4630      	mov	r0, r6
1000388c:	b003      	add	sp, #12
1000388e:	bdf0      	pop	{r4, r5, r6, r7, pc}
10003890:	4803      	ldr	r0, [pc, #12]	@ (100038a0 <__wrap_putchar+0x78>)
10003892:	f002 fea9 	bl	100065e8 <__mutex_exit_veneer>
10003896:	4630      	mov	r0, r6
10003898:	b003      	add	sp, #12
1000389a:	bdf0      	pop	{r4, r5, r6, r7, pc}
1000389c:	000f4240 	.word	0x000f4240
100038a0:	20001400 	.word	0x20001400
100038a4:	20001cf8 	.word	0x20001cf8
100038a8:	20001d00 	.word	0x20001d00

100038ac <__wrap_puts>:
100038ac:	b538      	push	{r3, r4, r5, lr}
100038ae:	4604      	mov	r4, r0
100038b0:	f002 fe54 	bl	1000655c <strlen>
100038b4:	2301      	movs	r3, #1
100038b6:	4605      	mov	r5, r0
100038b8:	461a      	mov	r2, r3
100038ba:	4620      	mov	r0, r4
100038bc:	4629      	mov	r1, r5
100038be:	f7ff fee1 	bl	10003684 <stdio_put_string>
100038c2:	4b08      	ldr	r3, [pc, #32]	@ (100038e4 <__wrap_puts+0x38>)
100038c4:	681c      	ldr	r4, [r3, #0]
100038c6:	b12c      	cbz	r4, 100038d4 <__wrap_puts+0x28>
100038c8:	6863      	ldr	r3, [r4, #4]
100038ca:	b12b      	cbz	r3, 100038d8 <__wrap_puts+0x2c>
100038cc:	4798      	blx	r3
100038ce:	6924      	ldr	r4, [r4, #16]
100038d0:	2c00      	cmp	r4, #0
100038d2:	d1f9      	bne.n	100038c8 <__wrap_puts+0x1c>
100038d4:	4628      	mov	r0, r5
100038d6:	bd38      	pop	{r3, r4, r5, pc}
100038d8:	6924      	ldr	r4, [r4, #16]
100038da:	2c00      	cmp	r4, #0
100038dc:	d1f4      	bne.n	100038c8 <__wrap_puts+0x1c>
100038de:	4628      	mov	r0, r5
100038e0:	bd38      	pop	{r3, r4, r5, pc}
100038e2:	bf00      	nop
100038e4:	20001cf8 	.word	0x20001cf8

100038e8 <__wrap_vprintf>:
100038e8:	e92d 41f0 	stmdb	sp!, {r4, r5, r6, r7, r8, lr}
100038ec:	b0a2      	sub	sp, #136	@ 0x88
100038ee:	460e      	mov	r6, r1
100038f0:	4605      	mov	r5, r0
100038f2:	f7fd fe89 	bl	10001608 <time_us_64>
100038f6:	f04f 3cff 	mov.w	ip, #4294967295	@ 0xffffffff
100038fa:	f06f 4400 	mvn.w	r4, #2147483648	@ 0x80000000
100038fe:	4a25      	ldr	r2, [pc, #148]	@ (10003994 <__wrap_vprintf+0xac>)
10003900:	1882      	adds	r2, r0, r2
10003902:	f141 0300 	adc.w	r3, r1, #0
10003906:	4594      	cmp	ip, r2
10003908:	eb74 0103 	sbcs.w	r1, r4, r3
1000390c:	bf3c      	itt	cc
1000390e:	4623      	movcc	r3, r4
10003910:	4662      	movcc	r2, ip
10003912:	4821      	ldr	r0, [pc, #132]	@ (10003998 <__wrap_vprintf+0xb0>)
10003914:	f002 fe70 	bl	100065f8 <__mutex_try_enter_block_until_veneer>
10003918:	2400      	movs	r4, #0
1000391a:	4633      	mov	r3, r6
1000391c:	4607      	mov	r7, r0
1000391e:	462a      	mov	r2, r5
10003920:	481e      	ldr	r0, [pc, #120]	@ (1000399c <__wrap_vprintf+0xb4>)
10003922:	a901      	add	r1, sp, #4
10003924:	9401      	str	r4, [sp, #4]
10003926:	f7ff fdd9 	bl	100034dc <vfctprintf>
1000392a:	4e1d      	ldr	r6, [pc, #116]	@ (100039a0 <__wrap_vprintf+0xb8>)
1000392c:	9b01      	ldr	r3, [sp, #4]
1000392e:	4680      	mov	r8, r0
10003930:	6834      	ldr	r4, [r6, #0]
10003932:	b1bb      	cbz	r3, 10003964 <__wrap_vprintf+0x7c>
10003934:	2c00      	cmp	r4, #0
10003936:	d02a      	beq.n	1000398e <__wrap_vprintf+0xa6>
10003938:	4d1a      	ldr	r5, [pc, #104]	@ (100039a4 <__wrap_vprintf+0xbc>)
1000393a:	e001      	b.n	10003940 <__wrap_vprintf+0x58>
1000393c:	6924      	ldr	r4, [r4, #16]
1000393e:	b174      	cbz	r4, 1000395e <__wrap_vprintf+0x76>
10003940:	6823      	ldr	r3, [r4, #0]
10003942:	2b00      	cmp	r3, #0
10003944:	d0fa      	beq.n	1000393c <__wrap_vprintf+0x54>
10003946:	682b      	ldr	r3, [r5, #0]
10003948:	b10b      	cbz	r3, 1000394e <__wrap_vprintf+0x66>
1000394a:	42a3      	cmp	r3, r4
1000394c:	d1f6      	bne.n	1000393c <__wrap_vprintf+0x54>
1000394e:	4620      	mov	r0, r4
10003950:	9a01      	ldr	r2, [sp, #4]
10003952:	a902      	add	r1, sp, #8
10003954:	f7ff fe08 	bl	10003568 <stdio_out_chars_crlf>
10003958:	6924      	ldr	r4, [r4, #16]
1000395a:	2c00      	cmp	r4, #0
1000395c:	d1f0      	bne.n	10003940 <__wrap_vprintf+0x58>
1000395e:	4623      	mov	r3, r4
10003960:	6834      	ldr	r4, [r6, #0]
10003962:	9301      	str	r3, [sp, #4]
10003964:	b12c      	cbz	r4, 10003972 <__wrap_vprintf+0x8a>
10003966:	6863      	ldr	r3, [r4, #4]
10003968:	b143      	cbz	r3, 1000397c <__wrap_vprintf+0x94>
1000396a:	4798      	blx	r3
1000396c:	6924      	ldr	r4, [r4, #16]
1000396e:	2c00      	cmp	r4, #0
10003970:	d1f9      	bne.n	10003966 <__wrap_vprintf+0x7e>
10003972:	b92f      	cbnz	r7, 10003980 <__wrap_vprintf+0x98>
10003974:	4640      	mov	r0, r8
10003976:	b022      	add	sp, #136	@ 0x88
10003978:	e8bd 81f0 	ldmia.w	sp!, {r4, r5, r6, r7, r8, pc}
1000397c:	6924      	ldr	r4, [r4, #16]
1000397e:	e7f1      	b.n	10003964 <__wrap_vprintf+0x7c>
10003980:	4805      	ldr	r0, [pc, #20]	@ (10003998 <__wrap_vprintf+0xb0>)
10003982:	f002 fe31 	bl	100065e8 <__mutex_exit_veneer>
10003986:	4640      	mov	r0, r8
10003988:	b022      	add	sp, #136	@ 0x88
1000398a:	e8bd 81f0 	ldmia.w	sp!, {r4, r5, r6, r7, r8, pc}
1000398e:	9401      	str	r4, [sp, #4]
10003990:	e7ef      	b.n	10003972 <__wrap_vprintf+0x8a>
10003992:	bf00      	nop
10003994:	000f4240 	.word	0x000f4240
10003998:	20001400 	.word	0x20001400
1000399c:	10003629 	.word	0x10003629
100039a0:	20001cf8 	.word	0x20001cf8
100039a4:	20001d00 	.word	0x20001d00

100039a8 <__wrap_printf>:
100039a8:	b40f      	push	{r0, r1, r2, r3}
100039aa:	b500      	push	{lr}
100039ac:	b083      	sub	sp, #12
100039ae:	a904      	add	r1, sp, #16
100039b0:	f851 0b04 	ldr.w	r0, [r1], #4
100039b4:	9101      	str	r1, [sp, #4]
100039b6:	f7ff ff97 	bl	100038e8 <__wrap_vprintf>
100039ba:	b003      	add	sp, #12
100039bc:	f85d eb04 	ldr.w	lr, [sp], #4
100039c0:	b004      	add	sp, #16
100039c2:	4770      	bx	lr

100039c4 <resetd_init>:
100039c4:	4770      	bx	lr
100039c6:	bf00      	nop

100039c8 <resetd_reset>:
100039c8:	2200      	movs	r2, #0
100039ca:	4b01      	ldr	r3, [pc, #4]	@ (100039d0 <resetd_reset+0x8>)
100039cc:	701a      	strb	r2, [r3, #0]
100039ce:	4770      	bx	lr
100039d0:	20002179 	.word	0x20002179

100039d4 <resetd_open>:
100039d4:	794b      	ldrb	r3, [r1, #5]
100039d6:	2bff      	cmp	r3, #255	@ 0xff
100039d8:	d10b      	bne.n	100039f2 <resetd_open+0x1e>
100039da:	7988      	ldrb	r0, [r1, #6]
100039dc:	b948      	cbnz	r0, 100039f2 <resetd_open+0x1e>
100039de:	79cb      	ldrb	r3, [r1, #7]
100039e0:	2b01      	cmp	r3, #1
100039e2:	d107      	bne.n	100039f4 <resetd_open+0x20>
100039e4:	2a08      	cmp	r2, #8
100039e6:	d905      	bls.n	100039f4 <resetd_open+0x20>
100039e8:	4b03      	ldr	r3, [pc, #12]	@ (100039f8 <resetd_open+0x24>)
100039ea:	788a      	ldrb	r2, [r1, #2]
100039ec:	2009      	movs	r0, #9
100039ee:	701a      	strb	r2, [r3, #0]
100039f0:	4770      	bx	lr
100039f2:	2000      	movs	r0, #0
100039f4:	4770      	bx	lr
100039f6:	bf00      	nop
100039f8:	20002179 	.word	0x20002179

100039fc <resetd_xfer_cb>:
100039fc:	2001      	movs	r0, #1
100039fe:	4770      	bx	lr

10003a00 <resetd_control_xfer_cb>:
10003a00:	2901      	cmp	r1, #1
10003a02:	d001      	beq.n	10003a08 <resetd_control_xfer_cb+0x8>
10003a04:	2001      	movs	r0, #1
10003a06:	4770      	bx	lr
10003a08:	b508      	push	{r3, lr}
10003a0a:	4b10      	ldr	r3, [pc, #64]	@ (10003a4c <resetd_control_xfer_cb+0x4c>)
10003a0c:	8891      	ldrh	r1, [r2, #4]
10003a0e:	781b      	ldrb	r3, [r3, #0]
10003a10:	4299      	cmp	r1, r3
10003a12:	d001      	beq.n	10003a18 <resetd_control_xfer_cb+0x18>
10003a14:	2000      	movs	r0, #0
10003a16:	bd08      	pop	{r3, pc}
10003a18:	7853      	ldrb	r3, [r2, #1]
10003a1a:	2b01      	cmp	r3, #1
10003a1c:	d008      	beq.n	10003a30 <resetd_control_xfer_cb+0x30>
10003a1e:	2b02      	cmp	r3, #2
10003a20:	d1f8      	bne.n	10003a14 <resetd_control_xfer_cb+0x14>
10003a22:	2100      	movs	r1, #0
10003a24:	2264      	movs	r2, #100	@ 0x64
10003a26:	4608      	mov	r0, r1
10003a28:	f7fd fef6 	bl	10001818 <watchdog_reboot>
10003a2c:	2001      	movs	r0, #1
10003a2e:	bd08      	pop	{r3, pc}
10003a30:	8851      	ldrh	r1, [r2, #2]
10003a32:	05cb      	lsls	r3, r1, #23
10003a34:	bf48      	it	mi
10003a36:	0a48      	lsrmi	r0, r1, #9
10003a38:	f3c1 2240 	ubfx	r2, r1, #9, #1
10003a3c:	bf58      	it	pl
10003a3e:	f04f 30ff 	movpl.w	r0, #4294967295	@ 0xffffffff
10003a42:	f001 017f 	and.w	r1, r1, #127	@ 0x7f
10003a46:	f7fd ff71 	bl	1000192c <rom_reset_usb_boot_extra>
10003a4a:	bf00      	nop
10003a4c:	20002179 	.word	0x20002179

10003a50 <tud_descriptor_bos_cb>:
10003a50:	4800      	ldr	r0, [pc, #0]	@ (10003a54 <tud_descriptor_bos_cb+0x4>)
10003a52:	4770      	bx	lr
10003a54:	10006cf4 	.word	0x10006cf4

10003a58 <tud_vendor_control_xfer_cb>:
10003a58:	2901      	cmp	r1, #1
10003a5a:	d107      	bne.n	10003a6c <tud_vendor_control_xfer_cb+0x14>
10003a5c:	7853      	ldrb	r3, [r2, #1]
10003a5e:	2b01      	cmp	r3, #1
10003a60:	d102      	bne.n	10003a68 <tud_vendor_control_xfer_cb+0x10>
10003a62:	8893      	ldrh	r3, [r2, #4]
10003a64:	2b07      	cmp	r3, #7
10003a66:	d003      	beq.n	10003a70 <tud_vendor_control_xfer_cb+0x18>
10003a68:	2000      	movs	r0, #0
10003a6a:	4770      	bx	lr
10003a6c:	2001      	movs	r0, #1
10003a6e:	4770      	bx	lr
10003a70:	4611      	mov	r1, r2
10003a72:	23a6      	movs	r3, #166	@ 0xa6
10003a74:	4a01      	ldr	r2, [pc, #4]	@ (10003a7c <tud_vendor_control_xfer_cb+0x24>)
10003a76:	f001 ba91 	b.w	10004f9c <tud_control_xfer>
10003a7a:	bf00      	nop
10003a7c:	10006c4c 	.word	0x10006c4c

10003a80 <usbd_app_driver_get_cb>:
10003a80:	4603      	mov	r3, r0
10003a82:	2201      	movs	r2, #1
10003a84:	4801      	ldr	r0, [pc, #4]	@ (10003a8c <usbd_app_driver_get_cb+0xc>)
10003a86:	701a      	strb	r2, [r3, #0]
10003a88:	4770      	bx	lr
10003a8a:	bf00      	nop
10003a8c:	10006c2c 	.word	0x10006c2c

10003a90 <tud_cdc_line_coding_cb>:
10003a90:	b508      	push	{r3, lr}
10003a92:	680b      	ldr	r3, [r1, #0]
10003a94:	f5b3 6f96 	cmp.w	r3, #1200	@ 0x4b0
10003a98:	d000      	beq.n	10003a9c <tud_cdc_line_coding_cb+0xc>
10003a9a:	bd08      	pop	{r3, pc}
10003a9c:	2200      	movs	r2, #0
10003a9e:	f04f 30ff 	mov.w	r0, #4294967295	@ 0xffffffff
10003aa2:	4611      	mov	r1, r2
10003aa4:	f7fd ff42 	bl	1000192c <rom_reset_usb_boot_extra>

10003aa8 <stdio_usb_set_chars_available_callback>:
10003aa8:	4a02      	ldr	r2, [pc, #8]	@ (10003ab4 <stdio_usb_set_chars_available_callback+0xc>)
10003aaa:	4b03      	ldr	r3, [pc, #12]	@ (10003ab8 <stdio_usb_set_chars_available_callback+0x10>)
10003aac:	6010      	str	r0, [r2, #0]
10003aae:	6019      	str	r1, [r3, #0]
10003ab0:	4770      	bx	lr
10003ab2:	bf00      	nop
10003ab4:	20001c98 	.word	0x20001c98
10003ab8:	20001c9c 	.word	0x20001c9c

10003abc <timer_task>:
10003abc:	4b18      	ldr	r3, [pc, #96]	@ (10003b20 <timer_task+0x64>)
10003abe:	b570      	push	{r4, r5, r6, lr}
10003ac0:	681a      	ldr	r2, [r3, #0]
10003ac2:	2a00      	cmp	r2, #0
10003ac4:	d028      	beq.n	10003b18 <timer_task+0x5c>
10003ac6:	f3ef 8110 	mrs	r1, PRIMASK
10003aca:	b672      	cpsid	i
10003acc:	e8d2 4fcf 	ldaexb	r4, [r2]
10003ad0:	2001      	movs	r0, #1
10003ad2:	2c00      	cmp	r4, #0
10003ad4:	d1fa      	bne.n	10003acc <timer_task+0x10>
10003ad6:	e8c2 0f44 	strexb	r4, r0, [r2]
10003ada:	2c00      	cmp	r4, #0
10003adc:	d1f6      	bne.n	10003acc <timer_task+0x10>
10003ade:	f3bf 8f5f 	dmb	sy
10003ae2:	2200      	movs	r2, #0
10003ae4:	4c0f      	ldr	r4, [pc, #60]	@ (10003b24 <timer_task+0x68>)
10003ae6:	6818      	ldr	r0, [r3, #0]
10003ae8:	6059      	str	r1, [r3, #4]
10003aea:	7022      	strb	r2, [r4, #0]
10003aec:	e8c0 2f8f 	stlb	r2, [r0]
10003af0:	f381 8810 	msr	PRIMASK, r1
10003af4:	2400      	movs	r4, #0
10003af6:	2500      	movs	r5, #0
10003af8:	4e0b      	ldr	r6, [pc, #44]	@ (10003b28 <timer_task+0x6c>)
10003afa:	7830      	ldrb	r0, [r6, #0]
10003afc:	f7fc fe8e 	bl	1000081c <irq_is_enabled>
10003b00:	b920      	cbnz	r0, 10003b0c <timer_task+0x50>
10003b02:	2400      	movs	r4, #0
10003b04:	2500      	movs	r5, #0
10003b06:	4620      	mov	r0, r4
10003b08:	4629      	mov	r1, r5
10003b0a:	bd70      	pop	{r4, r5, r6, pc}
10003b0c:	7830      	ldrb	r0, [r6, #0]
10003b0e:	f7fc fe95 	bl	1000083c <irq_set_pending>
10003b12:	4620      	mov	r0, r4
10003b14:	4629      	mov	r1, r5
10003b16:	bd70      	pop	{r4, r5, r6, pc}
10003b18:	f44f 747a 	mov.w	r4, #1000	@ 0x3e8
10003b1c:	2500      	movs	r5, #0
10003b1e:	e7eb      	b.n	10003af8 <timer_task+0x3c>
10003b20:	20002128 	.word	0x20002128
10003b24:	2000217b 	.word	0x2000217b
10003b28:	2000217a 	.word	0x2000217a

10003b2c <usb_irq>:
10003b2c:	4b01      	ldr	r3, [pc, #4]	@ (10003b34 <usb_irq+0x8>)
10003b2e:	7818      	ldrb	r0, [r3, #0]
10003b30:	f7fc be84 	b.w	1000083c <irq_set_pending>
10003b34:	2000217a 	.word	0x2000217a

10003b38 <stdio_usb_in_chars>:
10003b38:	b538      	push	{r3, r4, r5, lr}
10003b3a:	4604      	mov	r4, r0
10003b3c:	2000      	movs	r0, #0
10003b3e:	460d      	mov	r5, r1
10003b40:	f001 fb66 	bl	10005210 <tud_cdc_n_connected>
10003b44:	b3a8      	cbz	r0, 10003bb2 <stdio_usb_in_chars+0x7a>
10003b46:	2000      	movs	r0, #0
10003b48:	f001 fb78 	bl	1000523c <tud_cdc_n_available>
10003b4c:	b388      	cbz	r0, 10003bb2 <stdio_usb_in_chars+0x7a>
10003b4e:	f7fd fd5b 	bl	10001608 <time_us_64>
10003b52:	f04f 3eff 	mov.w	lr, #4294967295	@ 0xffffffff
10003b56:	f06f 4c00 	mvn.w	ip, #2147483648	@ 0x80000000
10003b5a:	4a17      	ldr	r2, [pc, #92]	@ (10003bb8 <stdio_usb_in_chars+0x80>)
10003b5c:	1882      	adds	r2, r0, r2
10003b5e:	f141 0300 	adc.w	r3, r1, #0
10003b62:	4596      	cmp	lr, r2
10003b64:	eb7c 0103 	sbcs.w	r1, ip, r3
10003b68:	bf3c      	itt	cc
10003b6a:	4672      	movcc	r2, lr
10003b6c:	4663      	movcc	r3, ip
10003b6e:	4813      	ldr	r0, [pc, #76]	@ (10003bbc <stdio_usb_in_chars+0x84>)
10003b70:	f002 fd42 	bl	100065f8 <__mutex_try_enter_block_until_veneer>
10003b74:	b1e8      	cbz	r0, 10003bb2 <stdio_usb_in_chars+0x7a>
10003b76:	2000      	movs	r0, #0
10003b78:	f001 fb4a 	bl	10005210 <tud_cdc_n_connected>
10003b7c:	b958      	cbnz	r0, 10003b96 <stdio_usb_in_chars+0x5e>
10003b7e:	4601      	mov	r1, r0
10003b80:	f04f 30ff 	mov.w	r0, #4294967295	@ 0xffffffff
10003b84:	f000 fd2e 	bl	100045e4 <tud_task_ext>
10003b88:	f06f 0402 	mvn.w	r4, #2
10003b8c:	480b      	ldr	r0, [pc, #44]	@ (10003bbc <stdio_usb_in_chars+0x84>)
10003b8e:	f002 fd2b 	bl	100065e8 <__mutex_exit_veneer>
10003b92:	4620      	mov	r0, r4
10003b94:	bd38      	pop	{r3, r4, r5, pc}
10003b96:	2000      	movs	r0, #0
10003b98:	f001 fb50 	bl	1000523c <tud_cdc_n_available>
10003b9c:	2800      	cmp	r0, #0
10003b9e:	d0ee      	beq.n	10003b7e <stdio_usb_in_chars+0x46>
10003ba0:	4621      	mov	r1, r4
10003ba2:	462a      	mov	r2, r5
10003ba4:	2000      	movs	r0, #0
10003ba6:	f001 fb53 	bl	10005250 <tud_cdc_n_read>
10003baa:	4604      	mov	r4, r0
10003bac:	2800      	cmp	r0, #0
10003bae:	d1ed      	bne.n	10003b8c <stdio_usb_in_chars+0x54>
10003bb0:	e7ea      	b.n	10003b88 <stdio_usb_in_chars+0x50>
10003bb2:	f06f 0402 	mvn.w	r4, #2
10003bb6:	e7ec      	b.n	10003b92 <stdio_usb_in_chars+0x5a>
10003bb8:	000f4240 	.word	0x000f4240
10003bbc:	2000215c 	.word	0x2000215c

10003bc0 <stdio_usb_out_flush>:
10003bc0:	b508      	push	{r3, lr}
10003bc2:	f7fd fd21 	bl	10001608 <time_us_64>
10003bc6:	f04f 3eff 	mov.w	lr, #4294967295	@ 0xffffffff
10003bca:	f06f 4c00 	mvn.w	ip, #2147483648	@ 0x80000000
10003bce:	4a0f      	ldr	r2, [pc, #60]	@ (10003c0c <stdio_usb_out_flush+0x4c>)
10003bd0:	1882      	adds	r2, r0, r2
10003bd2:	f141 0300 	adc.w	r3, r1, #0
10003bd6:	4596      	cmp	lr, r2
10003bd8:	eb7c 0103 	sbcs.w	r1, ip, r3
10003bdc:	bf3c      	itt	cc
10003bde:	4672      	movcc	r2, lr
10003be0:	4663      	movcc	r3, ip
10003be2:	480b      	ldr	r0, [pc, #44]	@ (10003c10 <stdio_usb_out_flush+0x50>)
10003be4:	f002 fd08 	bl	100065f8 <__mutex_try_enter_block_until_veneer>
10003be8:	b170      	cbz	r0, 10003c08 <stdio_usb_out_flush+0x48>
10003bea:	f04f 30ff 	mov.w	r0, #4294967295	@ 0xffffffff
10003bee:	2100      	movs	r1, #0
10003bf0:	f000 fcf8 	bl	100045e4 <tud_task_ext>
10003bf4:	2000      	movs	r0, #0
10003bf6:	f001 fb71 	bl	100052dc <tud_cdc_n_write_flush>
10003bfa:	2800      	cmp	r0, #0
10003bfc:	d1f5      	bne.n	10003bea <stdio_usb_out_flush+0x2a>
10003bfe:	e8bd 4008 	ldmia.w	sp!, {r3, lr}
10003c02:	4803      	ldr	r0, [pc, #12]	@ (10003c10 <stdio_usb_out_flush+0x50>)
10003c04:	f002 bcf0 	b.w	100065e8 <__mutex_exit_veneer>
10003c08:	bd08      	pop	{r3, pc}
10003c0a:	bf00      	nop
10003c0c:	000f4240 	.word	0x000f4240
10003c10:	2000215c 	.word	0x2000215c

10003c14 <stdio_usb_out_chars>:
10003c14:	e92d 41f0 	stmdb	sp!, {r4, r5, r6, r7, r8, lr}
10003c18:	4607      	mov	r7, r0
10003c1a:	460e      	mov	r6, r1
10003c1c:	f7fd fcf4 	bl	10001608 <time_us_64>
10003c20:	f04f 35ff 	mov.w	r5, #4294967295	@ 0xffffffff
10003c24:	f06f 4400 	mvn.w	r4, #2147483648	@ 0x80000000
10003c28:	4a32      	ldr	r2, [pc, #200]	@ (10003cf4 <stdio_usb_out_chars+0xe0>)
10003c2a:	1882      	adds	r2, r0, r2
10003c2c:	f141 0300 	adc.w	r3, r1, #0
10003c30:	4295      	cmp	r5, r2
10003c32:	eb74 0103 	sbcs.w	r1, r4, r3
10003c36:	bf3c      	itt	cc
10003c38:	462a      	movcc	r2, r5
10003c3a:	4623      	movcc	r3, r4
10003c3c:	482e      	ldr	r0, [pc, #184]	@ (10003cf8 <stdio_usb_out_chars+0xe4>)
10003c3e:	f002 fcdb 	bl	100065f8 <__mutex_try_enter_block_until_veneer>
10003c42:	b908      	cbnz	r0, 10003c48 <stdio_usb_out_chars+0x34>
10003c44:	e8bd 81f0 	ldmia.w	sp!, {r4, r5, r6, r7, r8, pc}
10003c48:	2000      	movs	r0, #0
10003c4a:	f001 fae1 	bl	10005210 <tud_cdc_n_connected>
10003c4e:	2800      	cmp	r0, #0
10003c50:	d045      	beq.n	10003cde <stdio_usb_out_chars+0xca>
10003c52:	2e00      	cmp	r6, #0
10003c54:	dd3e      	ble.n	10003cd4 <stdio_usb_out_chars+0xc0>
10003c56:	2500      	movs	r5, #0
10003c58:	f8df 80a4 	ldr.w	r8, [pc, #164]	@ 10003d00 <stdio_usb_out_chars+0xec>
10003c5c:	e012      	b.n	10003c84 <stdio_usb_out_chars+0x70>
10003c5e:	4622      	mov	r2, r4
10003c60:	2000      	movs	r0, #0
10003c62:	f001 fb85 	bl	10005370 <tud_cdc_n_write>
10003c66:	2100      	movs	r1, #0
10003c68:	4405      	add	r5, r0
10003c6a:	f04f 30ff 	mov.w	r0, #4294967295	@ 0xffffffff
10003c6e:	f000 fcb9 	bl	100045e4 <tud_task_ext>
10003c72:	2000      	movs	r0, #0
10003c74:	f001 fb32 	bl	100052dc <tud_cdc_n_write_flush>
10003c78:	f7fd fcc6 	bl	10001608 <time_us_64>
10003c7c:	e9c8 0100 	strd	r0, r1, [r8]
10003c80:	42ae      	cmp	r6, r5
10003c82:	dd27      	ble.n	10003cd4 <stdio_usb_out_chars+0xc0>
10003c84:	2000      	movs	r0, #0
10003c86:	f001 fb91 	bl	100053ac <tud_cdc_n_write_available>
10003c8a:	1b74      	subs	r4, r6, r5
10003c8c:	4284      	cmp	r4, r0
10003c8e:	bfa8      	it	ge
10003c90:	4604      	movge	r4, r0
10003c92:	1979      	adds	r1, r7, r5
10003c94:	2c00      	cmp	r4, #0
10003c96:	d1e2      	bne.n	10003c5e <stdio_usb_out_chars+0x4a>
10003c98:	4621      	mov	r1, r4
10003c9a:	f04f 30ff 	mov.w	r0, #4294967295	@ 0xffffffff
10003c9e:	f000 fca1 	bl	100045e4 <tud_task_ext>
10003ca2:	4620      	mov	r0, r4
10003ca4:	f001 fb1a 	bl	100052dc <tud_cdc_n_write_flush>
10003ca8:	4620      	mov	r0, r4
10003caa:	f001 fab1 	bl	10005210 <tud_cdc_n_connected>
10003cae:	b188      	cbz	r0, 10003cd4 <stdio_usb_out_chars+0xc0>
10003cb0:	4620      	mov	r0, r4
10003cb2:	f001 fb7b 	bl	100053ac <tud_cdc_n_write_available>
10003cb6:	2800      	cmp	r0, #0
10003cb8:	d1e2      	bne.n	10003c80 <stdio_usb_out_chars+0x6c>
10003cba:	f7fd fca5 	bl	10001608 <time_us_64>
10003cbe:	4a0f      	ldr	r2, [pc, #60]	@ (10003cfc <stdio_usb_out_chars+0xe8>)
10003cc0:	f8d8 3000 	ldr.w	r3, [r8]
10003cc4:	189b      	adds	r3, r3, r2
10003cc6:	f8d8 2004 	ldr.w	r2, [r8, #4]
10003cca:	f142 0200 	adc.w	r2, r2, #0
10003cce:	4283      	cmp	r3, r0
10003cd0:	418a      	sbcs	r2, r1
10003cd2:	d2d5      	bcs.n	10003c80 <stdio_usb_out_chars+0x6c>
10003cd4:	4808      	ldr	r0, [pc, #32]	@ (10003cf8 <stdio_usb_out_chars+0xe4>)
10003cd6:	e8bd 41f0 	ldmia.w	sp!, {r4, r5, r6, r7, r8, lr}
10003cda:	f002 bc85 	b.w	100065e8 <__mutex_exit_veneer>
10003cde:	2000      	movs	r0, #0
10003ce0:	e8bd 41f0 	ldmia.w	sp!, {r4, r5, r6, r7, r8, lr}
10003ce4:	2100      	movs	r1, #0
10003ce6:	4b06      	ldr	r3, [pc, #24]	@ (10003d00 <stdio_usb_out_chars+0xec>)
10003ce8:	e9c3 0100 	strd	r0, r1, [r3]
10003cec:	4802      	ldr	r0, [pc, #8]	@ (10003cf8 <stdio_usb_out_chars+0xe4>)
10003cee:	f002 bc7b 	b.w	100065e8 <__mutex_exit_veneer>
10003cf2:	bf00      	nop
10003cf4:	000f4240 	.word	0x000f4240
10003cf8:	2000215c 	.word	0x2000215c
10003cfc:	0007a120 	.word	0x0007a120
10003d00:	20001650 	.word	0x20001650

10003d04 <low_priority_worker_irq>:
10003d04:	b510      	push	{r4, lr}
10003d06:	2100      	movs	r1, #0
10003d08:	b084      	sub	sp, #16
10003d0a:	4832      	ldr	r0, [pc, #200]	@ (10003dd4 <low_priority_worker_irq+0xd0>)
10003d0c:	f002 fc78 	bl	10006600 <__mutex_try_enter_veneer>
10003d10:	bb28      	cbnz	r0, 10003d5e <low_priority_worker_irq+0x5a>
10003d12:	4b31      	ldr	r3, [pc, #196]	@ (10003dd8 <low_priority_worker_irq+0xd4>)
10003d14:	681a      	ldr	r2, [r3, #0]
10003d16:	b302      	cbz	r2, 10003d5a <low_priority_worker_irq+0x56>
10003d18:	f3ef 8110 	mrs	r1, PRIMASK
10003d1c:	b672      	cpsid	i
10003d1e:	e8d2 efcf 	ldaexb	lr, [r2]
10003d22:	f05f 0c01 	movs.w	ip, #1
10003d26:	f1be 0f00 	cmp.w	lr, #0
10003d2a:	d1f8      	bne.n	10003d1e <low_priority_worker_irq+0x1a>
10003d2c:	e8c2 cf4e 	strexb	lr, ip, [r2]
10003d30:	f1be 0f00 	cmp.w	lr, #0
10003d34:	d1f3      	bne.n	10003d1e <low_priority_worker_irq+0x1a>
10003d36:	f3bf 8f5f 	dmb	sy
10003d3a:	f8df c0a8 	ldr.w	ip, [pc, #168]	@ 10003de4 <low_priority_worker_irq+0xe0>
10003d3e:	f8d3 e000 	ldr.w	lr, [r3]
10003d42:	f89c 2000 	ldrb.w	r2, [ip]
10003d46:	6059      	str	r1, [r3, #4]
10003d48:	b2d3      	uxtb	r3, r2
10003d4a:	2201      	movs	r2, #1
10003d4c:	f88c 2000 	strb.w	r2, [ip]
10003d50:	e8ce 0f8f 	stlb	r0, [lr]
10003d54:	f381 8810 	msr	PRIMASK, r1
10003d58:	b1cb      	cbz	r3, 10003d8e <low_priority_worker_irq+0x8a>
10003d5a:	b004      	add	sp, #16
10003d5c:	bd10      	pop	{r4, pc}
10003d5e:	2100      	movs	r1, #0
10003d60:	f04f 30ff 	mov.w	r0, #4294967295	@ 0xffffffff
10003d64:	f000 fc3e 	bl	100045e4 <tud_task_ext>
10003d68:	2000      	movs	r0, #0
10003d6a:	f001 fa67 	bl	1000523c <tud_cdc_n_available>
10003d6e:	4604      	mov	r4, r0
10003d70:	4818      	ldr	r0, [pc, #96]	@ (10003dd4 <low_priority_worker_irq+0xd0>)
10003d72:	f002 fc39 	bl	100065e8 <__mutex_exit_veneer>
10003d76:	2c00      	cmp	r4, #0
10003d78:	d0ef      	beq.n	10003d5a <low_priority_worker_irq+0x56>
10003d7a:	4b18      	ldr	r3, [pc, #96]	@ (10003ddc <low_priority_worker_irq+0xd8>)
10003d7c:	681b      	ldr	r3, [r3, #0]
10003d7e:	2b00      	cmp	r3, #0
10003d80:	d0eb      	beq.n	10003d5a <low_priority_worker_irq+0x56>
10003d82:	4a17      	ldr	r2, [pc, #92]	@ (10003de0 <low_priority_worker_irq+0xdc>)
10003d84:	6810      	ldr	r0, [r2, #0]
10003d86:	b004      	add	sp, #16
10003d88:	e8bd 4010 	ldmia.w	sp!, {r4, lr}
10003d8c:	4718      	bx	r3
10003d8e:	f7fd f987 	bl	100010a0 <alarm_pool_get_default>
10003d92:	4604      	mov	r4, r0
10003d94:	f7fd fc38 	bl	10001608 <time_us_64>
10003d98:	f04f 3eff 	mov.w	lr, #4294967295	@ 0xffffffff
10003d9c:	f06f 4c00 	mvn.w	ip, #2147483648	@ 0x80000000
10003da0:	f510 727a 	adds.w	r2, r0, #1000	@ 0x3e8
10003da4:	f141 0300 	adc.w	r3, r1, #0
10003da8:	4596      	cmp	lr, r2
10003daa:	eb7c 0103 	sbcs.w	r1, ip, r3
10003dae:	bf38      	it	cc
10003db0:	4663      	movcc	r3, ip
10003db2:	f04f 0100 	mov.w	r1, #0
10003db6:	f04f 0c01 	mov.w	ip, #1
10003dba:	bf38      	it	cc
10003dbc:	4672      	movcc	r2, lr
10003dbe:	f8df e028 	ldr.w	lr, [pc, #40]	@ 10003de8 <low_priority_worker_irq+0xe4>
10003dc2:	4620      	mov	r0, r4
10003dc4:	e9cd 1c01 	strd	r1, ip, [sp, #4]
10003dc8:	f8cd e000 	str.w	lr, [sp]
10003dcc:	f7fd f96c 	bl	100010a8 <alarm_pool_add_alarm_at>
10003dd0:	b004      	add	sp, #16
10003dd2:	bd10      	pop	{r4, pc}
10003dd4:	2000215c 	.word	0x2000215c
10003dd8:	20002128 	.word	0x20002128
10003ddc:	20001c98 	.word	0x20001c98
10003de0:	20001c9c 	.word	0x20001c9c
10003de4:	2000217b 	.word	0x2000217b
10003de8:	10003abd 	.word	0x10003abd

10003dec <stdio_usb_init>:
10003dec:	f04f 4350 	mov.w	r3, #3489660928	@ 0xd0000000
10003df0:	b530      	push	{r4, r5, lr}
10003df2:	b085      	sub	sp, #20
10003df4:	681c      	ldr	r4, [r3, #0]
10003df6:	f7fd f953 	bl	100010a0 <alarm_pool_get_default>
10003dfa:	f7fd fa6f 	bl	100012dc <alarm_pool_core_num>
10003dfe:	42a0      	cmp	r0, r4
10003e00:	d002      	beq.n	10003e08 <stdio_usb_init+0x1c>
10003e02:	2000      	movs	r0, #0
10003e04:	b005      	add	sp, #20
10003e06:	bd30      	pop	{r4, r5, pc}
10003e08:	2100      	movs	r1, #0
10003e0a:	4b2c      	ldr	r3, [pc, #176]	@ (10003ebc <stdio_usb_init+0xd0>)
10003e0c:	4608      	mov	r0, r1
10003e0e:	781b      	ldrb	r3, [r3, #0]
10003e10:	f001 fdb0 	bl	10005974 <tusb_rhport_init>
10003e14:	482a      	ldr	r0, [pc, #168]	@ (10003ec0 <stdio_usb_init+0xd4>)
10003e16:	6803      	ldr	r3, [r0, #0]
10003e18:	2b00      	cmp	r3, #0
10003e1a:	d04b      	beq.n	10003eb4 <stdio_usb_init+0xc8>
10003e1c:	2001      	movs	r0, #1
10003e1e:	f7fc fec1 	bl	10000ba4 <user_irq_claim_unused>
10003e22:	4603      	mov	r3, r0
10003e24:	4c27      	ldr	r4, [pc, #156]	@ (10003ec4 <stdio_usb_init+0xd8>)
10003e26:	4928      	ldr	r1, [pc, #160]	@ (10003ec8 <stdio_usb_init+0xdc>)
10003e28:	b2c0      	uxtb	r0, r0
10003e2a:	7023      	strb	r3, [r4, #0]
10003e2c:	f7fc fd22 	bl	10000874 <irq_set_exclusive_handler>
10003e30:	7820      	ldrb	r0, [r4, #0]
10003e32:	2101      	movs	r1, #1
10003e34:	f7fc fcdc 	bl	100007f0 <irq_set_enabled>
10003e38:	200e      	movs	r0, #14
10003e3a:	f7fc fd0b 	bl	10000854 <irq_has_shared_handler>
10003e3e:	bb60      	cbnz	r0, 10003e9a <stdio_usb_init+0xae>
10003e40:	4b22      	ldr	r3, [pc, #136]	@ (10003ecc <stdio_usb_init+0xe0>)
10003e42:	f06f 4400 	mvn.w	r4, #2147483648	@ 0x80000000
10003e46:	e9c3 0000 	strd	r0, r0, [r3]
10003e4a:	f7fd f929 	bl	100010a0 <alarm_pool_get_default>
10003e4e:	4605      	mov	r5, r0
10003e50:	f7fd fbda 	bl	10001608 <time_us_64>
10003e54:	f04f 3cff 	mov.w	ip, #4294967295	@ 0xffffffff
10003e58:	f510 727a 	adds.w	r2, r0, #1000	@ 0x3e8
10003e5c:	f141 0300 	adc.w	r3, r1, #0
10003e60:	4594      	cmp	ip, r2
10003e62:	eb74 0103 	sbcs.w	r1, r4, r3
10003e66:	bf38      	it	cc
10003e68:	4623      	movcc	r3, r4
10003e6a:	f04f 0100 	mov.w	r1, #0
10003e6e:	f04f 0401 	mov.w	r4, #1
10003e72:	bf38      	it	cc
10003e74:	4662      	movcc	r2, ip
10003e76:	f8df c060 	ldr.w	ip, [pc, #96]	@ 10003ed8 <stdio_usb_init+0xec>
10003e7a:	4628      	mov	r0, r5
10003e7c:	e9cd 1401 	strd	r1, r4, [sp, #4]
10003e80:	f8cd c000 	str.w	ip, [sp]
10003e84:	f7fd f910 	bl	100010a8 <alarm_pool_add_alarm_at>
10003e88:	2800      	cmp	r0, #0
10003e8a:	dbba      	blt.n	10003e02 <stdio_usb_init+0x16>
10003e8c:	2101      	movs	r1, #1
10003e8e:	4810      	ldr	r0, [pc, #64]	@ (10003ed0 <stdio_usb_init+0xe4>)
10003e90:	f7ff fc6e 	bl	10003770 <stdio_set_driver_enabled>
10003e94:	2001      	movs	r0, #1
10003e96:	b005      	add	sp, #20
10003e98:	bd30      	pop	{r4, r5, pc}
10003e9a:	2001      	movs	r0, #1
10003e9c:	f7fc fc62 	bl	10000764 <spin_lock_claim_unused>
10003ea0:	4601      	mov	r1, r0
10003ea2:	480a      	ldr	r0, [pc, #40]	@ (10003ecc <stdio_usb_init+0xe0>)
10003ea4:	f7fc fedc 	bl	10000c60 <critical_section_init_with_lock_num>
10003ea8:	2200      	movs	r2, #0
10003eaa:	200e      	movs	r0, #14
10003eac:	4909      	ldr	r1, [pc, #36]	@ (10003ed4 <stdio_usb_init+0xe8>)
10003eae:	f7fc fd19 	bl	100008e4 <irq_add_shared_handler>
10003eb2:	e7eb      	b.n	10003e8c <stdio_usb_init+0xa0>
10003eb4:	f7fc feb8 	bl	10000c28 <mutex_init>
10003eb8:	e7b0      	b.n	10003e1c <stdio_usb_init+0x30>
10003eba:	bf00      	nop
10003ebc:	10006f0c 	.word	0x10006f0c
10003ec0:	2000215c 	.word	0x2000215c
10003ec4:	2000217a 	.word	0x2000217a
10003ec8:	10003d05 	.word	0x10003d05
10003ecc:	20002128 	.word	0x20002128
10003ed0:	200011c0 	.word	0x200011c0
10003ed4:	10003b2d 	.word	0x10003b2d
10003ed8:	10003abd 	.word	0x10003abd

10003edc <stdio_usb_connected>:
10003edc:	2000      	movs	r0, #0
10003ede:	f001 b997 	b.w	10005210 <tud_cdc_n_connected>
10003ee2:	bf00      	nop

10003ee4 <tud_descriptor_device_cb>:
10003ee4:	4800      	ldr	r0, [pc, #0]	@ (10003ee8 <tud_descriptor_device_cb+0x4>)
10003ee6:	4770      	bx	lr
10003ee8:	10006d90 	.word	0x10006d90

10003eec <tud_descriptor_configuration_cb>:
10003eec:	4800      	ldr	r0, [pc, #0]	@ (10003ef0 <tud_descriptor_configuration_cb+0x4>)
10003eee:	4770      	bx	lr
10003ef0:	10006d3c 	.word	0x10006d3c

10003ef4 <tud_descriptor_string_cb>:
10003ef4:	b500      	push	{lr}
10003ef6:	4a1c      	ldr	r2, [pc, #112]	@ (10003f68 <tud_descriptor_string_cb+0x74>)
10003ef8:	4603      	mov	r3, r0
10003efa:	7811      	ldrb	r1, [r2, #0]
10003efc:	b083      	sub	sp, #12
10003efe:	b331      	cbz	r1, 10003f4e <tud_descriptor_string_cb+0x5a>
10003f00:	b963      	cbnz	r3, 10003f1c <tud_descriptor_string_cb+0x28>
10003f02:	f240 4209 	movw	r2, #1033	@ 0x409
10003f06:	f44f 7341 	mov.w	r3, #772	@ 0x304
10003f0a:	f8df c060 	ldr.w	ip, [pc, #96]	@ 10003f6c <tud_descriptor_string_cb+0x78>
10003f0e:	f8ac 2002 	strh.w	r2, [ip, #2]
10003f12:	4816      	ldr	r0, [pc, #88]	@ (10003f6c <tud_descriptor_string_cb+0x78>)
10003f14:	f8ac 3000 	strh.w	r3, [ip]
10003f18:	b003      	add	sp, #12
10003f1a:	bd00      	pop	{pc}
10003f1c:	2b05      	cmp	r3, #5
10003f1e:	d820      	bhi.n	10003f62 <tud_descriptor_string_cb+0x6e>
10003f20:	4a13      	ldr	r2, [pc, #76]	@ (10003f70 <tud_descriptor_string_cb+0x7c>)
10003f22:	f8df c048 	ldr.w	ip, [pc, #72]	@ 10003f6c <tud_descriptor_string_cb+0x78>
10003f26:	f852 1023 	ldr.w	r1, [r2, r3, lsl #2]
10003f2a:	4660      	mov	r0, ip
10003f2c:	2300      	movs	r3, #0
10003f2e:	3901      	subs	r1, #1
10003f30:	e003      	b.n	10003f3a <tud_descriptor_string_cb+0x46>
10003f32:	2b13      	cmp	r3, #19
10003f34:	f820 2f02 	strh.w	r2, [r0, #2]!
10003f38:	d010      	beq.n	10003f5c <tud_descriptor_string_cb+0x68>
10003f3a:	f811 2f01 	ldrb.w	r2, [r1, #1]!
10003f3e:	3301      	adds	r3, #1
10003f40:	b2db      	uxtb	r3, r3
10003f42:	2a00      	cmp	r2, #0
10003f44:	d1f5      	bne.n	10003f32 <tud_descriptor_string_cb+0x3e>
10003f46:	005b      	lsls	r3, r3, #1
10003f48:	f443 7340 	orr.w	r3, r3, #768	@ 0x300
10003f4c:	e7e1      	b.n	10003f12 <tud_descriptor_string_cb+0x1e>
10003f4e:	9001      	str	r0, [sp, #4]
10003f50:	2111      	movs	r1, #17
10003f52:	4610      	mov	r0, r2
10003f54:	f000 f824 	bl	10003fa0 <pico_get_unique_board_id_string>
10003f58:	9b01      	ldr	r3, [sp, #4]
10003f5a:	e7d1      	b.n	10003f00 <tud_descriptor_string_cb+0xc>
10003f5c:	f44f 734a 	mov.w	r3, #808	@ 0x328
10003f60:	e7d7      	b.n	10003f12 <tud_descriptor_string_cb+0x1e>
10003f62:	2000      	movs	r0, #0
10003f64:	e7d8      	b.n	10003f18 <tud_descriptor_string_cb+0x24>
10003f66:	bf00      	nop
10003f68:	20002164 	.word	0x20002164
10003f6c:	20001cd0 	.word	0x20001cd0
10003f70:	10006d24 	.word	0x10006d24

10003f74 <_retrieve_unique_id_on_boot>:
10003f74:	b500      	push	{lr}
10003f76:	f245 3047 	movw	r0, #21319	@ 0x5347
10003f7a:	b08b      	sub	sp, #44	@ 0x2c
10003f7c:	f7fd fcca 	bl	10001914 <rom_func_lookup>
10003f80:	2201      	movs	r2, #1
10003f82:	4603      	mov	r3, r0
10003f84:	2109      	movs	r1, #9
10003f86:	a801      	add	r0, sp, #4
10003f88:	4798      	blx	r3
10003f8a:	e9dd 3203 	ldrd	r3, r2, [sp, #12]
10003f8e:	4903      	ldr	r1, [pc, #12]	@ (10003f9c <_retrieve_unique_id_on_boot+0x28>)
10003f90:	ba12      	rev	r2, r2
10003f92:	ba1b      	rev	r3, r3
10003f94:	e9c1 2300 	strd	r2, r3, [r1]
10003f98:	b00b      	add	sp, #44	@ 0x2c
10003f9a:	bd00      	pop	{pc}
10003f9c:	20002150 	.word	0x20002150

10003fa0 <pico_get_unique_board_id_string>:
10003fa0:	2901      	cmp	r1, #1
10003fa2:	f000 80bb 	beq.w	1000411c <pico_get_unique_board_id_string+0x17c>
10003fa6:	4a61      	ldr	r2, [pc, #388]	@ (1000412c <pico_get_unique_board_id_string+0x18c>)
10003fa8:	3901      	subs	r1, #1
10003faa:	7813      	ldrb	r3, [r2, #0]
10003fac:	ea4f 1c23 	mov.w	ip, r3, asr #4
10003fb0:	f1bc 0f09 	cmp.w	ip, #9
10003fb4:	bfcc      	ite	gt
10003fb6:	f10c 0c37 	addgt.w	ip, ip, #55	@ 0x37
10003fba:	f10c 0c30 	addle.w	ip, ip, #48	@ 0x30
10003fbe:	2901      	cmp	r1, #1
10003fc0:	f880 c000 	strb.w	ip, [r0]
10003fc4:	f000 80ad 	beq.w	10004122 <pico_get_unique_board_id_string+0x182>
10003fc8:	f003 030f 	and.w	r3, r3, #15
10003fcc:	2b09      	cmp	r3, #9
10003fce:	bf8c      	ite	hi
10003fd0:	3337      	addhi	r3, #55	@ 0x37
10003fd2:	3330      	addls	r3, #48	@ 0x30
10003fd4:	2902      	cmp	r1, #2
10003fd6:	7043      	strb	r3, [r0, #1]
10003fd8:	f000 80a3 	beq.w	10004122 <pico_get_unique_board_id_string+0x182>
10003fdc:	7853      	ldrb	r3, [r2, #1]
10003fde:	ea4f 1c23 	mov.w	ip, r3, asr #4
10003fe2:	f1bc 0f09 	cmp.w	ip, #9
10003fe6:	bfcc      	ite	gt
10003fe8:	f10c 0c37 	addgt.w	ip, ip, #55	@ 0x37
10003fec:	f10c 0c30 	addle.w	ip, ip, #48	@ 0x30
10003ff0:	2903      	cmp	r1, #3
10003ff2:	f880 c002 	strb.w	ip, [r0, #2]
10003ff6:	f000 8094 	beq.w	10004122 <pico_get_unique_board_id_string+0x182>
10003ffa:	f003 030f 	and.w	r3, r3, #15
10003ffe:	2b09      	cmp	r3, #9
10004000:	bf8c      	ite	hi
10004002:	3337      	addhi	r3, #55	@ 0x37
10004004:	3330      	addls	r3, #48	@ 0x30
10004006:	2904      	cmp	r1, #4
10004008:	70c3      	strb	r3, [r0, #3]
1000400a:	f000 808a 	beq.w	10004122 <pico_get_unique_board_id_string+0x182>
1000400e:	7893      	ldrb	r3, [r2, #2]
10004010:	ea4f 1c23 	mov.w	ip, r3, asr #4
10004014:	f1bc 0f09 	cmp.w	ip, #9
10004018:	bfcc      	ite	gt
1000401a:	f10c 0c37 	addgt.w	ip, ip, #55	@ 0x37
1000401e:	f10c 0c30 	addle.w	ip, ip, #48	@ 0x30
10004022:	2905      	cmp	r1, #5
10004024:	f880 c004 	strb.w	ip, [r0, #4]
10004028:	d07b      	beq.n	10004122 <pico_get_unique_board_id_string+0x182>
1000402a:	f003 030f 	and.w	r3, r3, #15
1000402e:	2b09      	cmp	r3, #9
10004030:	bf8c      	ite	hi
10004032:	3337      	addhi	r3, #55	@ 0x37
10004034:	3330      	addls	r3, #48	@ 0x30
10004036:	2906      	cmp	r1, #6
10004038:	7143      	strb	r3, [r0, #5]
1000403a:	d072      	beq.n	10004122 <pico_get_unique_board_id_string+0x182>
1000403c:	78d3      	ldrb	r3, [r2, #3]
1000403e:	ea4f 1c23 	mov.w	ip, r3, asr #4
10004042:	f1bc 0f09 	cmp.w	ip, #9
10004046:	bfcc      	ite	gt
10004048:	f10c 0c37 	addgt.w	ip, ip, #55	@ 0x37
1000404c:	f10c 0c30 	addle.w	ip, ip, #48	@ 0x30
10004050:	2907      	cmp	r1, #7
10004052:	f880 c006 	strb.w	ip, [r0, #6]
10004056:	d064      	beq.n	10004122 <pico_get_unique_board_id_string+0x182>
10004058:	f003 030f 	and.w	r3, r3, #15
1000405c:	2b09      	cmp	r3, #9
1000405e:	bf8c      	ite	hi
10004060:	3337      	addhi	r3, #55	@ 0x37
10004062:	3330      	addls	r3, #48	@ 0x30
10004064:	2908      	cmp	r1, #8
10004066:	71c3      	strb	r3, [r0, #7]
10004068:	d05b      	beq.n	10004122 <pico_get_unique_board_id_string+0x182>
1000406a:	7913      	ldrb	r3, [r2, #4]
1000406c:	ea4f 1c23 	mov.w	ip, r3, asr #4
10004070:	f1bc 0f09 	cmp.w	ip, #9
10004074:	bfcc      	ite	gt
10004076:	f10c 0c37 	addgt.w	ip, ip, #55	@ 0x37
1000407a:	f10c 0c30 	addle.w	ip, ip, #48	@ 0x30
1000407e:	2909      	cmp	r1, #9
10004080:	f880 c008 	strb.w	ip, [r0, #8]
10004084:	d04d      	beq.n	10004122 <pico_get_unique_board_id_string+0x182>
10004086:	f003 030f 	and.w	r3, r3, #15
1000408a:	2b09      	cmp	r3, #9
1000408c:	bf8c      	ite	hi
1000408e:	3337      	addhi	r3, #55	@ 0x37
10004090:	3330      	addls	r3, #48	@ 0x30
10004092:	290a      	cmp	r1, #10
10004094:	7243      	strb	r3, [r0, #9]
10004096:	d044      	beq.n	10004122 <pico_get_unique_board_id_string+0x182>
10004098:	7953      	ldrb	r3, [r2, #5]
1000409a:	ea4f 1c23 	mov.w	ip, r3, asr #4
1000409e:	f1bc 0f09 	cmp.w	ip, #9
100040a2:	bfcc      	ite	gt
100040a4:	f10c 0c37 	addgt.w	ip, ip, #55	@ 0x37
100040a8:	f10c 0c30 	addle.w	ip, ip, #48	@ 0x30
100040ac:	290b      	cmp	r1, #11
100040ae:	f880 c00a 	strb.w	ip, [r0, #10]
100040b2:	d036      	beq.n	10004122 <pico_get_unique_board_id_string+0x182>
100040b4:	f003 030f 	and.w	r3, r3, #15
100040b8:	2b09      	cmp	r3, #9
100040ba:	bf8c      	ite	hi
100040bc:	3337      	addhi	r3, #55	@ 0x37
100040be:	3330      	addls	r3, #48	@ 0x30
100040c0:	290c      	cmp	r1, #12
100040c2:	72c3      	strb	r3, [r0, #11]
100040c4:	d02d      	beq.n	10004122 <pico_get_unique_board_id_string+0x182>
100040c6:	7993      	ldrb	r3, [r2, #6]
100040c8:	ea4f 1c23 	mov.w	ip, r3, asr #4
100040cc:	f1bc 0f09 	cmp.w	ip, #9
100040d0:	bfcc      	ite	gt
100040d2:	f10c 0c37 	addgt.w	ip, ip, #55	@ 0x37
100040d6:	f10c 0c30 	addle.w	ip, ip, #48	@ 0x30
100040da:	290d      	cmp	r1, #13
100040dc:	f880 c00c 	strb.w	ip, [r0, #12]
100040e0:	d01f      	beq.n	10004122 <pico_get_unique_board_id_string+0x182>
100040e2:	f003 030f 	and.w	r3, r3, #15
100040e6:	2b09      	cmp	r3, #9
100040e8:	bf8c      	ite	hi
100040ea:	3337      	addhi	r3, #55	@ 0x37
100040ec:	3330      	addls	r3, #48	@ 0x30
100040ee:	290e      	cmp	r1, #14
100040f0:	7343      	strb	r3, [r0, #13]
100040f2:	d016      	beq.n	10004122 <pico_get_unique_board_id_string+0x182>
100040f4:	79d3      	ldrb	r3, [r2, #7]
100040f6:	111a      	asrs	r2, r3, #4
100040f8:	2a09      	cmp	r2, #9
100040fa:	bfcc      	ite	gt
100040fc:	3237      	addgt	r2, #55	@ 0x37
100040fe:	3230      	addle	r2, #48	@ 0x30
10004100:	290f      	cmp	r1, #15
10004102:	7382      	strb	r2, [r0, #14]
10004104:	d00d      	beq.n	10004122 <pico_get_unique_board_id_string+0x182>
10004106:	f003 030f 	and.w	r3, r3, #15
1000410a:	2b09      	cmp	r3, #9
1000410c:	bf94      	ite	ls
1000410e:	3330      	addls	r3, #48	@ 0x30
10004110:	3337      	addhi	r3, #55	@ 0x37
10004112:	2910      	cmp	r1, #16
10004114:	73c3      	strb	r3, [r0, #15]
10004116:	bf18      	it	ne
10004118:	3010      	addne	r0, #16
1000411a:	d002      	beq.n	10004122 <pico_get_unique_board_id_string+0x182>
1000411c:	2300      	movs	r3, #0
1000411e:	7003      	strb	r3, [r0, #0]
10004120:	4770      	bx	lr
10004122:	2300      	movs	r3, #0
10004124:	4408      	add	r0, r1
10004126:	7003      	strb	r3, [r0, #0]
10004128:	4770      	bx	lr
1000412a:	bf00      	nop
1000412c:	20002150 	.word	0x20002150

10004130 <dcd_init>:
10004130:	b510      	push	{r4, lr}
10004132:	f000 f939 	bl	100043a8 <rp2040_usb_init>
10004136:	230c      	movs	r3, #12
10004138:	4c1c      	ldr	r4, [pc, #112]	@ (100041ac <dcd_init+0x7c>)
1000413a:	22ff      	movs	r2, #255	@ 0xff
1000413c:	67a3      	str	r3, [r4, #120]	@ 0x78
1000413e:	200e      	movs	r0, #14
10004140:	491b      	ldr	r1, [pc, #108]	@ (100041b0 <dcd_init+0x80>)
10004142:	f7fc fbcf 	bl	100008e4 <irq_add_shared_handler>
10004146:	2240      	movs	r2, #64	@ 0x40
10004148:	2100      	movs	r1, #0
1000414a:	481a      	ldr	r0, [pc, #104]	@ (100041b4 <dcd_init+0x84>)
1000414c:	f002 f946 	bl	100063dc <memset>
10004150:	f04f 0c80 	mov.w	ip, #128	@ 0x80
10004154:	2001      	movs	r0, #1
10004156:	4a17      	ldr	r2, [pc, #92]	@ (100041b4 <dcd_init+0x84>)
10004158:	2300      	movs	r3, #0
1000415a:	f8a2 c022 	strh.w	ip, [r2, #34]	@ 0x22
1000415e:	7050      	strb	r0, [r2, #1]
10004160:	4610      	mov	r0, r2
10004162:	2240      	movs	r2, #64	@ 0x40
10004164:	4914      	ldr	r1, [pc, #80]	@ (100041b8 <dcd_init+0x88>)
10004166:	8302      	strh	r2, [r0, #24]
10004168:	8702      	strh	r2, [r0, #56]	@ 0x38
1000416a:	4a14      	ldr	r2, [pc, #80]	@ (100041bc <dcd_init+0x8c>)
1000416c:	6081      	str	r1, [r0, #8]
1000416e:	6043      	str	r3, [r0, #4]
10004170:	f8c2 3084 	str.w	r3, [r2, #132]	@ 0x84
10004174:	f8c2 3080 	str.w	r3, [r2, #128]	@ 0x80
10004178:	f880 3021 	strb.w	r3, [r0, #33]	@ 0x21
1000417c:	f880 303b 	strb.w	r3, [r0, #59]	@ 0x3b
10004180:	6243      	str	r3, [r0, #36]	@ 0x24
10004182:	4b0f      	ldr	r3, [pc, #60]	@ (100041c0 <dcd_init+0x90>)
10004184:	60c3      	str	r3, [r0, #12]
10004186:	62c3      	str	r3, [r0, #44]	@ 0x2c
10004188:	3b80      	subs	r3, #128	@ 0x80
1000418a:	6283      	str	r3, [r0, #40]	@ 0x28
1000418c:	f002 fa3c 	bl	10006608 <__reset_non_control_endpoints_veneer>
10004190:	f04f 5c00 	mov.w	ip, #536870912	@ 0x20000000
10004194:	f44f 3280 	mov.w	r2, #65536	@ 0x10000
10004198:	2001      	movs	r0, #1
1000419a:	490a      	ldr	r1, [pc, #40]	@ (100041c4 <dcd_init+0x94>)
1000419c:	4b0a      	ldr	r3, [pc, #40]	@ (100041c8 <dcd_init+0x98>)
1000419e:	6420      	str	r0, [r4, #64]	@ 0x40
100041a0:	f8c4 c04c 	str.w	ip, [r4, #76]	@ 0x4c
100041a4:	f8c4 1090 	str.w	r1, [r4, #144]	@ 0x90
100041a8:	64da      	str	r2, [r3, #76]	@ 0x4c
100041aa:	bd10      	pop	{r4, pc}
100041ac:	50110000 	.word	0x50110000
100041b0:	20000399 	.word	0x20000399
100041b4:	20001d04 	.word	0x20001d04
100041b8:	50100084 	.word	0x50100084
100041bc:	50100000 	.word	0x50100000
100041c0:	50100100 	.word	0x50100100
100041c4:	0001d010 	.word	0x0001d010
100041c8:	50112000 	.word	0x50112000

100041cc <dcd_int_enable>:
100041cc:	2101      	movs	r1, #1
100041ce:	200e      	movs	r0, #14
100041d0:	f7fc bb0e 	b.w	100007f0 <irq_set_enabled>

100041d4 <dcd_set_address>:
100041d4:	2200      	movs	r2, #0
100041d6:	4802      	ldr	r0, [pc, #8]	@ (100041e0 <dcd_set_address+0xc>)
100041d8:	4611      	mov	r1, r2
100041da:	f000 b905 	b.w	100043e8 <hw_endpoint_xfer_start>
100041de:	bf00      	nop
100041e0:	20001d24 	.word	0x20001d24

100041e4 <dcd_sof_enable>:
100041e4:	4b04      	ldr	r3, [pc, #16]	@ (100041f8 <dcd_sof_enable+0x14>)
100041e6:	7019      	strb	r1, [r3, #0]
100041e8:	b121      	cbz	r1, 100041f4 <dcd_sof_enable+0x10>
100041ea:	f44f 3200 	mov.w	r2, #131072	@ 0x20000
100041ee:	4b03      	ldr	r3, [pc, #12]	@ (100041fc <dcd_sof_enable+0x18>)
100041f0:	f8c3 2090 	str.w	r2, [r3, #144]	@ 0x90
100041f4:	4770      	bx	lr
100041f6:	bf00      	nop
100041f8:	20002176 	.word	0x20002176
100041fc:	50112000 	.word	0x50112000

10004200 <dcd_edpt0_status_complete>:
10004200:	780b      	ldrb	r3, [r1, #0]
10004202:	065b      	lsls	r3, r3, #25
10004204:	d000      	beq.n	10004208 <dcd_edpt0_status_complete+0x8>
10004206:	4770      	bx	lr
10004208:	784b      	ldrb	r3, [r1, #1]
1000420a:	2b05      	cmp	r3, #5
1000420c:	d1fb      	bne.n	10004206 <dcd_edpt0_status_complete+0x6>
1000420e:	884b      	ldrh	r3, [r1, #2]
10004210:	4a01      	ldr	r2, [pc, #4]	@ (10004218 <dcd_edpt0_status_complete+0x18>)
10004212:	b2db      	uxtb	r3, r3
10004214:	6013      	str	r3, [r2, #0]
10004216:	e7f6      	b.n	10004206 <dcd_edpt0_status_complete+0x6>
10004218:	50110000 	.word	0x50110000

1000421c <dcd_edpt_open>:
1000421c:	78cb      	ldrb	r3, [r1, #3]
1000421e:	f003 0c03 	and.w	ip, r3, #3
10004222:	f1bc 0f01 	cmp.w	ip, #1
10004226:	f3c3 0001 	ubfx	r0, r3, #0, #2
1000422a:	d062      	beq.n	100042f2 <dcd_edpt_open+0xd6>
1000422c:	e92d 41f0 	stmdb	sp!, {r4, r5, r6, r7, r8, lr}
10004230:	2600      	movs	r6, #0
10004232:	f891 e002 	ldrb.w	lr, [r1, #2]
10004236:	4c36      	ldr	r4, [pc, #216]	@ (10004310 <dcd_edpt_open+0xf4>)
10004238:	f00e 027f 	and.w	r2, lr, #127	@ 0x7f
1000423c:	0053      	lsls	r3, r2, #1
1000423e:	8889      	ldrh	r1, [r1, #4]
10004240:	4698      	mov	r8, r3
10004242:	eb03 13de 	add.w	r3, r3, lr, lsr #7
10004246:	eb04 1343 	add.w	r3, r4, r3, lsl #5
1000424a:	ea4f 15de 	mov.w	r5, lr, lsr #7
1000424e:	76d8      	strb	r0, [r3, #27]
10004250:	f3c1 010a 	ubfx	r1, r1, #0, #11
10004254:	f085 0001 	eor.w	r0, r5, #1
10004258:	f883 e002 	strb.w	lr, [r3, #2]
1000425c:	8319      	strh	r1, [r3, #24]
1000425e:	7058      	strb	r0, [r3, #1]
10004260:	70de      	strb	r6, [r3, #3]
10004262:	00d3      	lsls	r3, r2, #3
10004264:	2d00      	cmp	r5, #0
10004266:	d132      	bne.n	100042ce <dcd_edpt_open+0xb2>
10004268:	482a      	ldr	r0, [pc, #168]	@ (10004314 <dcd_edpt_open+0xf8>)
1000426a:	3304      	adds	r3, #4
1000426c:	eb04 1e82 	add.w	lr, r4, r2, lsl #6
10004270:	181f      	adds	r7, r3, r0
10004272:	f8ce 7008 	str.w	r7, [lr, #8]
10004276:	501e      	str	r6, [r3, r0]
10004278:	b392      	cbz	r2, 100042e0 <dcd_edpt_open+0xc4>
1000427a:	4b27      	ldr	r3, [pc, #156]	@ (10004318 <dcd_edpt_open+0xfc>)
1000427c:	eb03 03c2 	add.w	r3, r3, r2, lsl #3
10004280:	f8ce 3004 	str.w	r3, [lr, #4]
10004284:	313f      	adds	r1, #63	@ 0x3f
10004286:	0989      	lsrs	r1, r1, #6
10004288:	f1bc 0f02 	cmp.w	ip, #2
1000428c:	bf14      	ite	ne
1000428e:	018b      	lslne	r3, r1, #6
10004290:	01cb      	lsleq	r3, r1, #7
10004292:	4922      	ldr	r1, [pc, #136]	@ (1000431c <dcd_edpt_open+0x100>)
10004294:	eb08 0605 	add.w	r6, r8, r5
10004298:	680a      	ldr	r2, [r1, #0]
1000429a:	eb04 1646 	add.w	r6, r4, r6, lsl #5
1000429e:	4413      	add	r3, r2
100042a0:	600b      	str	r3, [r1, #0]
100042a2:	491f      	ldr	r1, [pc, #124]	@ (10004320 <dcd_edpt_open+0x104>)
100042a4:	60f2      	str	r2, [r6, #12]
100042a6:	428b      	cmp	r3, r1
100042a8:	d82d      	bhi.n	10004306 <dcd_edpt_open+0xea>
100042aa:	eb08 0305 	add.w	r3, r8, r5
100042ae:	eb04 1443 	add.w	r4, r4, r3, lsl #5
100042b2:	7ee1      	ldrb	r1, [r4, #27]
100042b4:	f082 42a0 	eor.w	r2, r2, #1342177280	@ 0x50000000
100042b8:	f482 1280 	eor.w	r2, r2, #1048576	@ 0x100000
100042bc:	6863      	ldr	r3, [r4, #4]
100042be:	ea42 6281 	orr.w	r2, r2, r1, lsl #26
100042c2:	f042 4200 	orr.w	r2, r2, #2147483648	@ 0x80000000
100042c6:	2001      	movs	r0, #1
100042c8:	601a      	str	r2, [r3, #0]
100042ca:	e8bd 81f0 	ldmia.w	sp!, {r4, r5, r6, r7, r8, pc}
100042ce:	4811      	ldr	r0, [pc, #68]	@ (10004314 <dcd_edpt_open+0xf8>)
100042d0:	eb04 1e82 	add.w	lr, r4, r2, lsl #6
100042d4:	4403      	add	r3, r0
100042d6:	f8ce 3028 	str.w	r3, [lr, #40]	@ 0x28
100042da:	f840 6032 	str.w	r6, [r0, r2, lsl #3]
100042de:	b952      	cbnz	r2, 100042f6 <dcd_edpt_open+0xda>
100042e0:	4613      	mov	r3, r2
100042e2:	4a10      	ldr	r2, [pc, #64]	@ (10004324 <dcd_edpt_open+0x108>)
100042e4:	eb04 1445 	add.w	r4, r4, r5, lsl #5
100042e8:	2001      	movs	r0, #1
100042ea:	60e2      	str	r2, [r4, #12]
100042ec:	6063      	str	r3, [r4, #4]
100042ee:	e8bd 81f0 	ldmia.w	sp!, {r4, r5, r6, r7, r8, pc}
100042f2:	2000      	movs	r0, #0
100042f4:	4770      	bx	lr
100042f6:	00d2      	lsls	r2, r2, #3
100042f8:	f102 42a0 	add.w	r2, r2, #1342177280	@ 0x50000000
100042fc:	f502 1280 	add.w	r2, r2, #1048576	@ 0x100000
10004300:	f8ce 2024 	str.w	r2, [lr, #36]	@ 0x24
10004304:	e7be      	b.n	10004284 <dcd_edpt_open+0x68>
10004306:	f7fd fb4f 	bl	100019a8 <hard_assertion_failure>
1000430a:	68f2      	ldr	r2, [r6, #12]
1000430c:	e7cd      	b.n	100042aa <dcd_edpt_open+0x8e>
1000430e:	bf00      	nop
10004310:	20001d04 	.word	0x20001d04
10004314:	50100080 	.word	0x50100080
10004318:	50100004 	.word	0x50100004
1000431c:	2000210c 	.word	0x2000210c
10004320:	50100fff 	.word	0x50100fff
10004324:	50100100 	.word	0x50100100

10004328 <dcd_edpt_close_all>:
10004328:	f002 b96e 	b.w	10006608 <__reset_non_control_endpoints_veneer>

1000432c <dcd_edpt_xfer>:
1000432c:	b508      	push	{r3, lr}
1000432e:	4696      	mov	lr, r2
10004330:	f8df c01c 	ldr.w	ip, [pc, #28]	@ 10004350 <dcd_edpt_xfer+0x24>
10004334:	f001 027f 	and.w	r2, r1, #127	@ 0x7f
10004338:	09c8      	lsrs	r0, r1, #7
1000433a:	eb00 0042 	add.w	r0, r0, r2, lsl #1
1000433e:	eb0c 1040 	add.w	r0, ip, r0, lsl #5
10004342:	461a      	mov	r2, r3
10004344:	4671      	mov	r1, lr
10004346:	f000 f84f 	bl	100043e8 <hw_endpoint_xfer_start>
1000434a:	2001      	movs	r0, #1
1000434c:	bd08      	pop	{r3, pc}
1000434e:	bf00      	nop
10004350:	20001d04 	.word	0x20001d04

10004354 <dcd_edpt_stall>:
10004354:	f011 027f 	ands.w	r2, r1, #127	@ 0x7f
10004358:	d105      	bne.n	10004366 <dcd_edpt_stall+0x12>
1000435a:	2900      	cmp	r1, #0
1000435c:	bf0c      	ite	eq
1000435e:	2002      	moveq	r0, #2
10004360:	2001      	movne	r0, #1
10004362:	4b06      	ldr	r3, [pc, #24]	@ (1000437c <dcd_edpt_stall+0x28>)
10004364:	6698      	str	r0, [r3, #104]	@ 0x68
10004366:	09c9      	lsrs	r1, r1, #7
10004368:	4b05      	ldr	r3, [pc, #20]	@ (10004380 <dcd_edpt_stall+0x2c>)
1000436a:	eb01 0042 	add.w	r0, r1, r2, lsl #1
1000436e:	eb03 1040 	add.w	r0, r3, r0, lsl #5
10004372:	f44f 6200 	mov.w	r2, #2048	@ 0x800
10004376:	2100      	movs	r1, #0
10004378:	f002 b93a 	b.w	100065f0 <___hw_endpoint_buffer_control_update32_veneer>
1000437c:	50112000 	.word	0x50112000
10004380:	20001d04 	.word	0x20001d04

10004384 <dcd_edpt_clear_stall>:
10004384:	f011 037f 	ands.w	r3, r1, #127	@ 0x7f
10004388:	d100      	bne.n	1000438c <dcd_edpt_clear_stall+0x8>
1000438a:	4770      	bx	lr
1000438c:	2200      	movs	r2, #0
1000438e:	4805      	ldr	r0, [pc, #20]	@ (100043a4 <dcd_edpt_clear_stall+0x20>)
10004390:	005b      	lsls	r3, r3, #1
10004392:	eb03 13d1 	add.w	r3, r3, r1, lsr #7
10004396:	eb00 1043 	add.w	r0, r0, r3, lsl #5
1000439a:	f46f 6100 	mvn.w	r1, #2048	@ 0x800
1000439e:	70c2      	strb	r2, [r0, #3]
100043a0:	f002 b926 	b.w	100065f0 <___hw_endpoint_buffer_control_update32_veneer>
100043a4:	20001d04 	.word	0x20001d04

100043a8 <rp2040_usb_init>:
100043a8:	f04f 5280 	mov.w	r2, #268435456	@ 0x10000000
100043ac:	4809      	ldr	r0, [pc, #36]	@ (100043d4 <rp2040_usb_init+0x2c>)
100043ae:	490a      	ldr	r1, [pc, #40]	@ (100043d8 <rp2040_usb_init+0x30>)
100043b0:	b508      	push	{r3, lr}
100043b2:	4b0a      	ldr	r3, [pc, #40]	@ (100043dc <rp2040_usb_init+0x34>)
100043b4:	6002      	str	r2, [r0, #0]
100043b6:	600a      	str	r2, [r1, #0]
100043b8:	6899      	ldr	r1, [r3, #8]
100043ba:	43c9      	mvns	r1, r1
100043bc:	f011 5180 	ands.w	r1, r1, #268435456	@ 0x10000000
100043c0:	d1fa      	bne.n	100043b8 <rp2040_usb_init+0x10>
100043c2:	f44f 5280 	mov.w	r2, #4096	@ 0x1000
100043c6:	4806      	ldr	r0, [pc, #24]	@ (100043e0 <rp2040_usb_init+0x38>)
100043c8:	f002 f808 	bl	100063dc <memset>
100043cc:	2209      	movs	r2, #9
100043ce:	4b05      	ldr	r3, [pc, #20]	@ (100043e4 <rp2040_usb_init+0x3c>)
100043d0:	675a      	str	r2, [r3, #116]	@ 0x74
100043d2:	bd08      	pop	{r3, pc}
100043d4:	40022000 	.word	0x40022000
100043d8:	40023000 	.word	0x40023000
100043dc:	40020000 	.word	0x40020000
100043e0:	50100000 	.word	0x50100000
100043e4:	50110000 	.word	0x50110000

100043e8 <hw_endpoint_xfer_start>:
100043e8:	2300      	movs	r3, #0
100043ea:	f04f 0c01 	mov.w	ip, #1
100043ee:	b510      	push	{r4, lr}
100043f0:	6101      	str	r1, [r0, #16]
100043f2:	f880 c01a 	strb.w	ip, [r0, #26]
100043f6:	8282      	strh	r2, [r0, #20]
100043f8:	82c3      	strh	r3, [r0, #22]
100043fa:	4604      	mov	r4, r0
100043fc:	f002 f8e0 	bl	100065c0 <__e15_is_bulkin_ep_veneer>
10004400:	b120      	cbz	r0, 1000440c <hw_endpoint_xfer_start+0x24>
10004402:	f44f 3200 	mov.w	r2, #131072	@ 0x20000
10004406:	4b07      	ldr	r3, [pc, #28]	@ (10004424 <hw_endpoint_xfer_start+0x3c>)
10004408:	f8c3 2090 	str.w	r2, [r3, #144]	@ 0x90
1000440c:	4620      	mov	r0, r4
1000440e:	f002 f8e3 	bl	100065d8 <__e15_is_critical_frame_period_veneer>
10004412:	b110      	cbz	r0, 1000441a <hw_endpoint_xfer_start+0x32>
10004414:	2301      	movs	r3, #1
10004416:	7723      	strb	r3, [r4, #28]
10004418:	bd10      	pop	{r4, pc}
1000441a:	4620      	mov	r0, r4
1000441c:	e8bd 4010 	ldmia.w	sp!, {r4, lr}
10004420:	f002 b8d6 	b.w	100065d0 <__hw_endpoint_start_next_buffer_veneer>
10004424:	50112000 	.word	0x50112000

10004428 <configuration_reset>:
10004428:	e92d 41f0 	stmdb	sp!, {r4, r5, r6, r7, r8, lr}
1000442c:	2400      	movs	r4, #0
1000442e:	4d1c      	ldr	r5, [pc, #112]	@ (100044a0 <configuration_reset+0x78>)
10004430:	4606      	mov	r6, r0
10004432:	4623      	mov	r3, r4
10004434:	782a      	ldrb	r2, [r5, #0]
10004436:	f8df 8078 	ldr.w	r8, [pc, #120]	@ 100044b0 <configuration_reset+0x88>
1000443a:	4f1a      	ldr	r7, [pc, #104]	@ (100044a4 <configuration_reset+0x7c>)
1000443c:	e00d      	b.n	1000445a <configuration_reset+0x32>
1000443e:	683b      	ldr	r3, [r7, #0]
10004440:	eb13 1344 	adds.w	r3, r3, r4, lsl #5
10004444:	d023      	beq.n	1000448e <configuration_reset+0x66>
10004446:	68db      	ldr	r3, [r3, #12]
10004448:	4630      	mov	r0, r6
1000444a:	4798      	blx	r3
1000444c:	782a      	ldrb	r2, [r5, #0]
1000444e:	3401      	adds	r4, #1
10004450:	b2e4      	uxtb	r4, r4
10004452:	1c51      	adds	r1, r2, #1
10004454:	42a1      	cmp	r1, r4
10004456:	4623      	mov	r3, r4
10004458:	db06      	blt.n	10004468 <configuration_reset+0x40>
1000445a:	42a2      	cmp	r2, r4
1000445c:	eba3 0302 	sub.w	r3, r3, r2
10004460:	d8ed      	bhi.n	1000443e <configuration_reset+0x16>
10004462:	eb08 1343 	add.w	r3, r8, r3, lsl #5
10004466:	e7ee      	b.n	10004446 <configuration_reset+0x1e>
10004468:	2254      	movs	r2, #84	@ 0x54
1000446a:	2100      	movs	r1, #0
1000446c:	480e      	ldr	r0, [pc, #56]	@ (100044a8 <configuration_reset+0x80>)
1000446e:	f001 ffb5 	bl	100063dc <memset>
10004472:	f04f 33ff 	mov.w	r3, #4294967295	@ 0xffffffff
10004476:	4c0c      	ldr	r4, [pc, #48]	@ (100044a8 <configuration_reset+0x80>)
10004478:	2220      	movs	r2, #32
1000447a:	e9c4 3301 	strd	r3, r3, [r4, #4]
1000447e:	e9c4 3303 	strd	r3, r3, [r4, #12]
10004482:	21ff      	movs	r1, #255	@ 0xff
10004484:	e8bd 41f0 	ldmia.w	sp!, {r4, r5, r6, r7, r8, lr}
10004488:	4808      	ldr	r0, [pc, #32]	@ (100044ac <configuration_reset+0x84>)
1000448a:	f001 bfa7 	b.w	100063dc <memset>
1000448e:	f04f 23e0 	mov.w	r3, #3758153728	@ 0xe000e000
10004492:	f8d3 3df0 	ldr.w	r3, [r3, #3568]	@ 0xdf0
10004496:	07db      	lsls	r3, r3, #31
10004498:	d500      	bpl.n	1000449c <configuration_reset+0x74>
1000449a:	be00      	bkpt	0x0000
1000449c:	e8bd 81f0 	ldmia.w	sp!, {r4, r5, r6, r7, r8, pc}
100044a0:	20002175 	.word	0x20002175
100044a4:	200017a8 	.word	0x200017a8
100044a8:	200018b0 	.word	0x200018b0
100044ac:	200018c4 	.word	0x200018c4
100044b0:	10006da4 	.word	0x10006da4

100044b4 <tud_event_hook_cb>:
100044b4:	4770      	bx	lr
100044b6:	bf00      	nop

100044b8 <tud_sof_cb>:
100044b8:	4770      	bx	lr
100044ba:	bf00      	nop

100044bc <tud_descriptor_device_qualifier_cb>:
100044bc:	2000      	movs	r0, #0
100044be:	4770      	bx	lr

100044c0 <tud_descriptor_other_speed_configuration_cb>:
100044c0:	2000      	movs	r0, #0
100044c2:	4770      	bx	lr

100044c4 <tud_mount_cb>:
100044c4:	4770      	bx	lr
100044c6:	bf00      	nop

100044c8 <tud_umount_cb>:
100044c8:	4770      	bx	lr
100044ca:	bf00      	nop

100044cc <tud_suspend_cb>:
100044cc:	4770      	bx	lr
100044ce:	bf00      	nop

100044d0 <tud_resume_cb>:
100044d0:	4770      	bx	lr
100044d2:	bf00      	nop

100044d4 <tud_mounted>:
100044d4:	4b02      	ldr	r3, [pc, #8]	@ (100044e0 <tud_mounted+0xc>)
100044d6:	7858      	ldrb	r0, [r3, #1]
100044d8:	3800      	subs	r0, #0
100044da:	bf18      	it	ne
100044dc:	2001      	movne	r0, #1
100044de:	4770      	bx	lr
100044e0:	200018b0 	.word	0x200018b0

100044e4 <tud_suspended>:
100044e4:	4b02      	ldr	r3, [pc, #8]	@ (100044f0 <tud_suspended+0xc>)
100044e6:	7818      	ldrb	r0, [r3, #0]
100044e8:	f3c0 0080 	ubfx	r0, r0, #2, #1
100044ec:	4770      	bx	lr
100044ee:	bf00      	nop
100044f0:	200018b0 	.word	0x200018b0

100044f4 <tud_rhport_init>:
100044f4:	e92d 47f0 	stmdb	sp!, {r4, r5, r6, r7, r8, r9, sl, lr}
100044f8:	f8df 80e4 	ldr.w	r8, [pc, #228]	@ 100045e0 <tud_rhport_init+0xec>
100044fc:	f898 3000 	ldrb.w	r3, [r8]
10004500:	2bff      	cmp	r3, #255	@ 0xff
10004502:	d153      	bne.n	100045ac <tud_rhport_init+0xb8>
10004504:	2900      	cmp	r1, #0
10004506:	d03c      	beq.n	10004582 <tud_rhport_init+0x8e>
10004508:	2254      	movs	r2, #84	@ 0x54
1000450a:	468a      	mov	sl, r1
1000450c:	4681      	mov	r9, r0
1000450e:	2100      	movs	r1, #0
10004510:	4828      	ldr	r0, [pc, #160]	@ (100045b4 <tud_rhport_init+0xc0>)
10004512:	f001 ff63 	bl	100063dc <memset>
10004516:	2200      	movs	r2, #0
10004518:	4c27      	ldr	r4, [pc, #156]	@ (100045b8 <tud_rhport_init+0xc4>)
1000451a:	4b28      	ldr	r3, [pc, #160]	@ (100045bc <tud_rhport_init+0xc8>)
1000451c:	4620      	mov	r0, r4
1000451e:	701a      	strb	r2, [r3, #0]
10004520:	f7fc fb82 	bl	10000c28 <mutex_init>
10004524:	4b26      	ldr	r3, [pc, #152]	@ (100045c0 <tud_rhport_init+0xcc>)
10004526:	4827      	ldr	r0, [pc, #156]	@ (100045c4 <tud_rhport_init+0xd0>)
10004528:	601c      	str	r4, [r3, #0]
1000452a:	4c27      	ldr	r4, [pc, #156]	@ (100045c8 <tud_rhport_init+0xd4>)
1000452c:	f7fc fb8a 	bl	10000c44 <critical_section_init>
10004530:	4620      	mov	r0, r4
10004532:	f001 fe17 	bl	10006164 <tu_fifo_clear>
10004536:	4a25      	ldr	r2, [pc, #148]	@ (100045cc <tud_rhport_init+0xd8>)
10004538:	4b25      	ldr	r3, [pc, #148]	@ (100045d0 <tud_rhport_init+0xdc>)
1000453a:	6014      	str	r4, [r2, #0]
1000453c:	b123      	cbz	r3, 10004548 <tud_rhport_init+0x54>
1000453e:	4825      	ldr	r0, [pc, #148]	@ (100045d4 <tud_rhport_init+0xe0>)
10004540:	f7ff fa9e 	bl	10003a80 <usbd_app_driver_get_cb>
10004544:	4b24      	ldr	r3, [pc, #144]	@ (100045d8 <tud_rhport_init+0xe4>)
10004546:	6018      	str	r0, [r3, #0]
10004548:	2400      	movs	r4, #0
1000454a:	4d22      	ldr	r5, [pc, #136]	@ (100045d4 <tud_rhport_init+0xe0>)
1000454c:	4623      	mov	r3, r4
1000454e:	782a      	ldrb	r2, [r5, #0]
10004550:	4f22      	ldr	r7, [pc, #136]	@ (100045dc <tud_rhport_init+0xe8>)
10004552:	4e21      	ldr	r6, [pc, #132]	@ (100045d8 <tud_rhport_init+0xe4>)
10004554:	e00d      	b.n	10004572 <tud_rhport_init+0x7e>
10004556:	6833      	ldr	r3, [r6, #0]
10004558:	eb13 1344 	adds.w	r3, r3, r4, lsl #5
1000455c:	d011      	beq.n	10004582 <tud_rhport_init+0x8e>
1000455e:	685b      	ldr	r3, [r3, #4]
10004560:	b17b      	cbz	r3, 10004582 <tud_rhport_init+0x8e>
10004562:	4798      	blx	r3
10004564:	782a      	ldrb	r2, [r5, #0]
10004566:	3401      	adds	r4, #1
10004568:	b2e4      	uxtb	r4, r4
1000456a:	1c51      	adds	r1, r2, #1
1000456c:	42a1      	cmp	r1, r4
1000456e:	4623      	mov	r3, r4
10004570:	db11      	blt.n	10004596 <tud_rhport_init+0xa2>
10004572:	42a2      	cmp	r2, r4
10004574:	d8ef      	bhi.n	10004556 <tud_rhport_init+0x62>
10004576:	1a9b      	subs	r3, r3, r2
10004578:	eb07 1343 	add.w	r3, r7, r3, lsl #5
1000457c:	685b      	ldr	r3, [r3, #4]
1000457e:	2b00      	cmp	r3, #0
10004580:	d1ef      	bne.n	10004562 <tud_rhport_init+0x6e>
10004582:	f04f 23e0 	mov.w	r3, #3758153728	@ 0xe000e000
10004586:	f8d3 3df0 	ldr.w	r3, [r3, #3568]	@ 0xdf0
1000458a:	07db      	lsls	r3, r3, #31
1000458c:	d500      	bpl.n	10004590 <tud_rhport_init+0x9c>
1000458e:	be00      	bkpt	0x0000
10004590:	2000      	movs	r0, #0
10004592:	e8bd 87f0 	ldmia.w	sp!, {r4, r5, r6, r7, r8, r9, sl, pc}
10004596:	4651      	mov	r1, sl
10004598:	4648      	mov	r0, r9
1000459a:	f888 9000 	strb.w	r9, [r8]
1000459e:	f7ff fdc7 	bl	10004130 <dcd_init>
100045a2:	2800      	cmp	r0, #0
100045a4:	d0ed      	beq.n	10004582 <tud_rhport_init+0x8e>
100045a6:	4648      	mov	r0, r9
100045a8:	f7ff fe10 	bl	100041cc <dcd_int_enable>
100045ac:	2001      	movs	r0, #1
100045ae:	e8bd 87f0 	ldmia.w	sp!, {r4, r5, r6, r7, r8, r9, sl, pc}
100045b2:	bf00      	nop
100045b4:	200018b0 	.word	0x200018b0
100045b8:	200018a8 	.word	0x200018a8
100045bc:	20002177 	.word	0x20002177
100045c0:	20001904 	.word	0x20001904
100045c4:	200011ec 	.word	0x200011ec
100045c8:	200011d8 	.word	0x200011d8
100045cc:	20001908 	.word	0x20001908
100045d0:	10003a81 	.word	0x10003a81
100045d4:	20002175 	.word	0x20002175
100045d8:	200017a8 	.word	0x200017a8
100045dc:	10006da4 	.word	0x10006da4
100045e0:	200011f4 	.word	0x200011f4

100045e4 <tud_task_ext>:
100045e4:	4b95      	ldr	r3, [pc, #596]	@ (1000483c <tud_task_ext+0x258>)
100045e6:	781b      	ldrb	r3, [r3, #0]
100045e8:	2bff      	cmp	r3, #255	@ 0xff
100045ea:	f000 8119 	beq.w	10004820 <tud_task_ext+0x23c>
100045ee:	e92d 4ff0 	stmdb	sp!, {r4, r5, r6, r7, r8, r9, sl, fp, lr}
100045f2:	4c93      	ldr	r4, [pc, #588]	@ (10004840 <tud_task_ext+0x25c>)
100045f4:	4d93      	ldr	r5, [pc, #588]	@ (10004844 <tud_task_ext+0x260>)
100045f6:	f8df 8260 	ldr.w	r8, [pc, #608]	@ 10004858 <tud_task_ext+0x274>
100045fa:	4f93      	ldr	r7, [pc, #588]	@ (10004848 <tud_task_ext+0x264>)
100045fc:	b08b      	sub	sp, #44	@ 0x2c
100045fe:	6826      	ldr	r6, [r4, #0]
10004600:	6973      	ldr	r3, [r6, #20]
10004602:	f3ef 8210 	mrs	r2, PRIMASK
10004606:	b672      	cpsid	i
10004608:	e8d3 0fcf 	ldaexb	r0, [r3]
1000460c:	2101      	movs	r1, #1
1000460e:	2800      	cmp	r0, #0
10004610:	d1fa      	bne.n	10004608 <tud_task_ext+0x24>
10004612:	e8c3 1f40 	strexb	r0, r1, [r3]
10004616:	2800      	cmp	r0, #0
10004618:	d1f6      	bne.n	10004608 <tud_task_ext+0x24>
1000461a:	f3bf 8f5f 	dmb	sy
1000461e:	61b2      	str	r2, [r6, #24]
10004620:	4630      	mov	r0, r6
10004622:	a907      	add	r1, sp, #28
10004624:	f001 fbe4 	bl	10005df0 <tu_fifo_read>
10004628:	2300      	movs	r3, #0
1000462a:	6972      	ldr	r2, [r6, #20]
1000462c:	e8c2 3f8f 	stlb	r3, [r2]
10004630:	69b3      	ldr	r3, [r6, #24]
10004632:	f383 8810 	msr	PRIMASK, r3
10004636:	2800      	cmp	r0, #0
10004638:	f000 80ca 	beq.w	100047d0 <tud_task_ext+0x1ec>
1000463c:	f89d 301d 	ldrb.w	r3, [sp, #29]
10004640:	3b01      	subs	r3, #1
10004642:	2b07      	cmp	r3, #7
10004644:	f200 839e 	bhi.w	10004d84 <tud_task_ext+0x7a0>
10004648:	e8df f003 	tbb	[pc, r3]
1000464c:	9b93afa5 	.word	0x9b93afa5
10004650:	040a358c 	.word	0x040a358c
10004654:	9b08      	ldr	r3, [sp, #32]
10004656:	2b00      	cmp	r3, #0
10004658:	d0d1      	beq.n	100045fe <tud_task_ext+0x1a>
1000465a:	9809      	ldr	r0, [sp, #36]	@ 0x24
1000465c:	4798      	blx	r3
1000465e:	e7ce      	b.n	100045fe <tud_task_ext+0x1a>
10004660:	f89d 1020 	ldrb.w	r1, [sp, #32]
10004664:	f001 067f 	and.w	r6, r1, #127	@ 0x7f
10004668:	eb05 0046 	add.w	r0, r5, r6, lsl #1
1000466c:	eb00 10d1 	add.w	r0, r0, r1, lsr #7
10004670:	f890 3034 	ldrb.w	r3, [r0, #52]	@ 0x34
10004674:	f023 0301 	bic.w	r3, r3, #1
10004678:	f880 3034 	strb.w	r3, [r0, #52]	@ 0x34
1000467c:	f890 3034 	ldrb.w	r3, [r0, #52]	@ 0x34
10004680:	f023 0304 	bic.w	r3, r3, #4
10004684:	f880 3034 	strb.w	r3, [r0, #52]	@ 0x34
10004688:	2e00      	cmp	r6, #0
1000468a:	f000 80a4 	beq.w	100047d6 <tud_task_ext+0x1f2>
1000468e:	7d03      	ldrb	r3, [r0, #20]
10004690:	f898 2000 	ldrb.w	r2, [r8]
10004694:	4293      	cmp	r3, r2
10004696:	f080 8091 	bcs.w	100047bc <tud_task_ext+0x1d8>
1000469a:	4a6c      	ldr	r2, [pc, #432]	@ (1000484c <tud_task_ext+0x268>)
1000469c:	6812      	ldr	r2, [r2, #0]
1000469e:	eb12 1343 	adds.w	r3, r2, r3, lsl #5
100046a2:	f000 808e 	beq.w	100047c2 <tud_task_ext+0x1de>
100046a6:	699e      	ldr	r6, [r3, #24]
100046a8:	f89d 2021 	ldrb.w	r2, [sp, #33]	@ 0x21
100046ac:	9b09      	ldr	r3, [sp, #36]	@ 0x24
100046ae:	f89d 001c 	ldrb.w	r0, [sp, #28]
100046b2:	47b0      	blx	r6
100046b4:	e7a3      	b.n	100045fe <tud_task_ext+0x1a>
100046b6:	783b      	ldrb	r3, [r7, #0]
100046b8:	2b00      	cmp	r3, #0
100046ba:	f000 8082 	beq.w	100047c2 <tud_task_ext+0x1de>
100046be:	783b      	ldrb	r3, [r7, #0]
100046c0:	3b01      	subs	r3, #1
100046c2:	703b      	strb	r3, [r7, #0]
100046c4:	783b      	ldrb	r3, [r7, #0]
100046c6:	f003 00ff 	and.w	r0, r3, #255	@ 0xff
100046ca:	2b00      	cmp	r3, #0
100046cc:	d197      	bne.n	100045fe <tud_task_ext+0x1a>
100046ce:	f8df a174 	ldr.w	sl, [pc, #372]	@ 10004844 <tud_task_ext+0x260>
100046d2:	f89d b01c 	ldrb.w	fp, [sp, #28]
100046d6:	f89a 3000 	ldrb.w	r3, [sl]
100046da:	f043 0301 	orr.w	r3, r3, #1
100046de:	f88a 3000 	strb.w	r3, [sl]
100046e2:	f89a 3034 	ldrb.w	r3, [sl, #52]	@ 0x34
100046e6:	f360 0300 	bfi	r3, r0, #0, #1
100046ea:	f88a 3034 	strb.w	r3, [sl, #52]	@ 0x34
100046ee:	f89a 3034 	ldrb.w	r3, [sl, #52]	@ 0x34
100046f2:	f360 0382 	bfi	r3, r0, #2, #1
100046f6:	f88a 3034 	strb.w	r3, [sl, #52]	@ 0x34
100046fa:	f89a 3035 	ldrb.w	r3, [sl, #53]	@ 0x35
100046fe:	f360 0300 	bfi	r3, r0, #0, #1
10004702:	f88a 3035 	strb.w	r3, [sl, #53]	@ 0x35
10004706:	f89a 3035 	ldrb.w	r3, [sl, #53]	@ 0x35
1000470a:	f360 0382 	bfi	r3, r0, #2, #1
1000470e:	f88a 3035 	strb.w	r3, [sl, #53]	@ 0x35
10004712:	f000 fca7 	bl	10005064 <usbd_control_set_complete_callback>
10004716:	f89d 3020 	ldrb.w	r3, [sp, #32]
1000471a:	f003 0260 	and.w	r2, r3, #96	@ 0x60
1000471e:	2a60      	cmp	r2, #96	@ 0x60
10004720:	d06c      	beq.n	100047fc <tud_task_ext+0x218>
10004722:	2a40      	cmp	r2, #64	@ 0x40
10004724:	d07d      	beq.n	10004822 <tud_task_ext+0x23e>
10004726:	f003 031f 	and.w	r3, r3, #31
1000472a:	2b01      	cmp	r3, #1
1000472c:	f000 80c3 	beq.w	100048b6 <tud_task_ext+0x2d2>
10004730:	2b02      	cmp	r3, #2
10004732:	f000 8093 	beq.w	1000485c <tud_task_ext+0x278>
10004736:	2b00      	cmp	r3, #0
10004738:	d160      	bne.n	100047fc <tud_task_ext+0x218>
1000473a:	2a20      	cmp	r2, #32
1000473c:	f000 8202 	beq.w	10004b44 <tud_task_ext+0x560>
10004740:	2a00      	cmp	r2, #0
10004742:	d15b      	bne.n	100047fc <tud_task_ext+0x218>
10004744:	f89d 3021 	ldrb.w	r3, [sp, #33]	@ 0x21
10004748:	2b09      	cmp	r3, #9
1000474a:	d857      	bhi.n	100047fc <tud_task_ext+0x218>
1000474c:	e8df f013 	tbh	[pc, r3, lsl #1]
10004750:	01af01bf 	.word	0x01af01bf
10004754:	01d10056 	.word	0x01d10056
10004758:	01a00056 	.word	0x01a00056
1000475c:	00560176 	.word	0x00560176
10004760:	00f9016a 	.word	0x00f9016a
10004764:	782b      	ldrb	r3, [r5, #0]
10004766:	07d9      	lsls	r1, r3, #31
10004768:	f57f af49 	bpl.w	100045fe <tud_task_ext+0x1a>
1000476c:	f7ff feb0 	bl	100044d0 <tud_resume_cb>
10004770:	e745      	b.n	100045fe <tud_task_ext+0x1a>
10004772:	78eb      	ldrb	r3, [r5, #3]
10004774:	07da      	lsls	r2, r3, #31
10004776:	f57f af42 	bpl.w	100045fe <tud_task_ext+0x1a>
1000477a:	9808      	ldr	r0, [sp, #32]
1000477c:	f7ff fe9c 	bl	100044b8 <tud_sof_cb>
10004780:	e73d      	b.n	100045fe <tud_task_ext+0x1a>
10004782:	782b      	ldrb	r3, [r5, #0]
10004784:	07d8      	lsls	r0, r3, #31
10004786:	f57f af3a 	bpl.w	100045fe <tud_task_ext+0x1a>
1000478a:	7828      	ldrb	r0, [r5, #0]
1000478c:	f3c0 00c0 	ubfx	r0, r0, #3, #1
10004790:	f7ff fe9c 	bl	100044cc <tud_suspend_cb>
10004794:	e733      	b.n	100045fe <tud_task_ext+0x1a>
10004796:	f89d 001c 	ldrb.w	r0, [sp, #28]
1000479a:	f7ff fe45 	bl	10004428 <configuration_reset>
1000479e:	f000 fc57 	bl	10005050 <usbd_control_reset>
100047a2:	f89d 3020 	ldrb.w	r3, [sp, #32]
100047a6:	70ab      	strb	r3, [r5, #2]
100047a8:	e729      	b.n	100045fe <tud_task_ext+0x1a>
100047aa:	f89d 001c 	ldrb.w	r0, [sp, #28]
100047ae:	f7ff fe3b 	bl	10004428 <configuration_reset>
100047b2:	f000 fc4d 	bl	10005050 <usbd_control_reset>
100047b6:	f7ff fe87 	bl	100044c8 <tud_umount_cb>
100047ba:	e720      	b.n	100045fe <tud_task_ext+0x1a>
100047bc:	1c50      	adds	r0, r2, #1
100047be:	4298      	cmp	r0, r3
100047c0:	da11      	bge.n	100047e6 <tud_task_ext+0x202>
100047c2:	f04f 23e0 	mov.w	r3, #3758153728	@ 0xe000e000
100047c6:	f8d3 3df0 	ldr.w	r3, [r3, #3568]	@ 0xdf0
100047ca:	07dc      	lsls	r4, r3, #31
100047cc:	d500      	bpl.n	100047d0 <tud_task_ext+0x1ec>
100047ce:	be00      	bkpt	0x0000
100047d0:	b00b      	add	sp, #44	@ 0x2c
100047d2:	e8bd 8ff0 	ldmia.w	sp!, {r4, r5, r6, r7, r8, r9, sl, fp, pc}
100047d6:	9b09      	ldr	r3, [sp, #36]	@ 0x24
100047d8:	f89d 2021 	ldrb.w	r2, [sp, #33]	@ 0x21
100047dc:	f89d 001c 	ldrb.w	r0, [sp, #28]
100047e0:	f000 fc54 	bl	1000508c <usbd_control_xfer_cb>
100047e4:	e70b      	b.n	100045fe <tud_task_ext+0x1a>
100047e6:	1a9b      	subs	r3, r3, r2
100047e8:	4a19      	ldr	r2, [pc, #100]	@ (10004850 <tud_task_ext+0x26c>)
100047ea:	eb02 1343 	add.w	r3, r2, r3, lsl #5
100047ee:	e75a      	b.n	100046a6 <tud_task_ext+0xc2>
100047f0:	f7ff fb7c 	bl	10003eec <tud_descriptor_configuration_cb>
100047f4:	4602      	mov	r2, r0
100047f6:	2800      	cmp	r0, #0
100047f8:	f040 8194 	bne.w	10004b24 <tud_task_ext+0x540>
100047fc:	f04f 23e0 	mov.w	r3, #3758153728	@ 0xe000e000
10004800:	f8d3 3df0 	ldr.w	r3, [r3, #3568]	@ 0xdf0
10004804:	07de      	lsls	r6, r3, #31
10004806:	d500      	bpl.n	1000480a <tud_task_ext+0x226>
10004808:	be00      	bkpt	0x0000
1000480a:	f89d 001c 	ldrb.w	r0, [sp, #28]
1000480e:	2100      	movs	r1, #0
10004810:	f7ff fda0 	bl	10004354 <dcd_edpt_stall>
10004814:	2180      	movs	r1, #128	@ 0x80
10004816:	f89d 001c 	ldrb.w	r0, [sp, #28]
1000481a:	f7ff fd9b 	bl	10004354 <dcd_edpt_stall>
1000481e:	e6ee      	b.n	100045fe <tud_task_ext+0x1a>
10004820:	4770      	bx	lr
10004822:	480c      	ldr	r0, [pc, #48]	@ (10004854 <tud_task_ext+0x270>)
10004824:	f000 fc1e 	bl	10005064 <usbd_control_set_complete_callback>
10004828:	2101      	movs	r1, #1
1000482a:	4658      	mov	r0, fp
1000482c:	aa08      	add	r2, sp, #32
1000482e:	f7ff f913 	bl	10003a58 <tud_vendor_control_xfer_cb>
10004832:	2800      	cmp	r0, #0
10004834:	f47f aee3 	bne.w	100045fe <tud_task_ext+0x1a>
10004838:	e7e7      	b.n	1000480a <tud_task_ext+0x226>
1000483a:	bf00      	nop
1000483c:	200011f4 	.word	0x200011f4
10004840:	20001908 	.word	0x20001908
10004844:	200018b0 	.word	0x200018b0
10004848:	20002177 	.word	0x20002177
1000484c:	200017a8 	.word	0x200017a8
10004850:	10006da4 	.word	0x10006da4
10004854:	10003a59 	.word	0x10003a59
10004858:	20002175 	.word	0x20002175
1000485c:	f89d 1024 	ldrb.w	r1, [sp, #36]	@ 0x24
10004860:	f011 0f70 	tst.w	r1, #112	@ 0x70
10004864:	d1ca      	bne.n	100047fc <tud_task_ext+0x218>
10004866:	48b4      	ldr	r0, [pc, #720]	@ (10004b38 <tud_task_ext+0x554>)
10004868:	f001 037f 	and.w	r3, r1, #127	@ 0x7f
1000486c:	f890 c000 	ldrb.w	ip, [r0]
10004870:	eb0a 0043 	add.w	r0, sl, r3, lsl #1
10004874:	eb00 10d1 	add.w	r0, r0, r1, lsr #7
10004878:	7d00      	ldrb	r0, [r0, #20]
1000487a:	4560      	cmp	r0, ip
1000487c:	d34d      	bcc.n	1000491a <tud_task_ext+0x336>
1000487e:	f10c 0e01 	add.w	lr, ip, #1
10004882:	4586      	cmp	lr, r0
10004884:	f2c0 8170 	blt.w	10004b68 <tud_task_ext+0x584>
10004888:	eba0 000c 	sub.w	r0, r0, ip
1000488c:	f8df c2ac 	ldr.w	ip, [pc, #684]	@ 10004b3c <tud_task_ext+0x558>
10004890:	eb0c 1040 	add.w	r0, ip, r0, lsl #5
10004894:	9000      	str	r0, [sp, #0]
10004896:	2a00      	cmp	r2, #0
10004898:	f000 816a 	beq.w	10004b70 <tud_task_ext+0x58c>
1000489c:	9e00      	ldr	r6, [sp, #0]
1000489e:	6970      	ldr	r0, [r6, #20]
100048a0:	f000 fbe0 	bl	10005064 <usbd_control_set_complete_callback>
100048a4:	2101      	movs	r1, #1
100048a6:	4658      	mov	r0, fp
100048a8:	6973      	ldr	r3, [r6, #20]
100048aa:	aa08      	add	r2, sp, #32
100048ac:	4798      	blx	r3
100048ae:	2800      	cmp	r0, #0
100048b0:	f47f aea5 	bne.w	100045fe <tud_task_ext+0x1a>
100048b4:	e7a9      	b.n	1000480a <tud_task_ext+0x226>
100048b6:	f89d 3024 	ldrb.w	r3, [sp, #36]	@ 0x24
100048ba:	2b0f      	cmp	r3, #15
100048bc:	d8a5      	bhi.n	1000480a <tud_task_ext+0x226>
100048be:	4a9e      	ldr	r2, [pc, #632]	@ (10004b38 <tud_task_ext+0x554>)
100048c0:	4453      	add	r3, sl
100048c2:	791b      	ldrb	r3, [r3, #4]
100048c4:	7812      	ldrb	r2, [r2, #0]
100048c6:	4293      	cmp	r3, r2
100048c8:	d335      	bcc.n	10004936 <tud_task_ext+0x352>
100048ca:	1c51      	adds	r1, r2, #1
100048cc:	4299      	cmp	r1, r3
100048ce:	db9c      	blt.n	1000480a <tud_task_ext+0x226>
100048d0:	4e9a      	ldr	r6, [pc, #616]	@ (10004b3c <tud_task_ext+0x558>)
100048d2:	1a9b      	subs	r3, r3, r2
100048d4:	eb06 1643 	add.w	r6, r6, r3, lsl #5
100048d8:	6970      	ldr	r0, [r6, #20]
100048da:	f000 fbc3 	bl	10005064 <usbd_control_set_complete_callback>
100048de:	2101      	movs	r1, #1
100048e0:	4658      	mov	r0, fp
100048e2:	6973      	ldr	r3, [r6, #20]
100048e4:	aa08      	add	r2, sp, #32
100048e6:	4798      	blx	r3
100048e8:	2800      	cmp	r0, #0
100048ea:	f47f ae88 	bne.w	100045fe <tud_task_ext+0x1a>
100048ee:	f89d 3020 	ldrb.w	r3, [sp, #32]
100048f2:	f013 0660 	ands.w	r6, r3, #96	@ 0x60
100048f6:	d188      	bne.n	1000480a <tud_task_ext+0x226>
100048f8:	f89d 3021 	ldrb.w	r3, [sp, #33]	@ 0x21
100048fc:	3b0a      	subs	r3, #10
100048fe:	2b01      	cmp	r3, #1
10004900:	d883      	bhi.n	1000480a <tud_task_ext+0x226>
10004902:	f000 fbaf 	bl	10005064 <usbd_control_set_complete_callback>
10004906:	f89d 3021 	ldrb.w	r3, [sp, #33]	@ 0x21
1000490a:	2b0a      	cmp	r3, #10
1000490c:	f000 8213 	beq.w	10004d36 <tud_task_ext+0x752>
10004910:	4658      	mov	r0, fp
10004912:	a908      	add	r1, sp, #32
10004914:	f000 fb26 	bl	10004f64 <tud_control_status>
10004918:	e671      	b.n	100045fe <tud_task_ext+0x1a>
1000491a:	f8df c224 	ldr.w	ip, [pc, #548]	@ 10004b40 <tud_task_ext+0x55c>
1000491e:	f8dc c000 	ldr.w	ip, [ip]
10004922:	eb0c 1040 	add.w	r0, ip, r0, lsl #5
10004926:	9000      	str	r0, [sp, #0]
10004928:	2a00      	cmp	r2, #0
1000492a:	f000 8121 	beq.w	10004b70 <tud_task_ext+0x58c>
1000492e:	2800      	cmp	r0, #0
10004930:	f43f af6b 	beq.w	1000480a <tud_task_ext+0x226>
10004934:	e7b2      	b.n	1000489c <tud_task_ext+0x2b8>
10004936:	4a82      	ldr	r2, [pc, #520]	@ (10004b40 <tud_task_ext+0x55c>)
10004938:	6816      	ldr	r6, [r2, #0]
1000493a:	eb16 1643 	adds.w	r6, r6, r3, lsl #5
1000493e:	d1cb      	bne.n	100048d8 <tud_task_ext+0x2f4>
10004940:	e763      	b.n	1000480a <tud_task_ext+0x226>
10004942:	f89a 2001 	ldrb.w	r2, [sl, #1]
10004946:	f89d 3022 	ldrb.w	r3, [sp, #34]	@ 0x22
1000494a:	4293      	cmp	r3, r2
1000494c:	f000 8164 	beq.w	10004c18 <tud_task_ext+0x634>
10004950:	f89a 2001 	ldrb.w	r2, [sl, #1]
10004954:	2a00      	cmp	r2, #0
10004956:	f040 81d8 	bne.w	10004d0a <tud_task_ext+0x726>
1000495a:	f88a 3001 	strb.w	r3, [sl, #1]
1000495e:	2b00      	cmp	r3, #0
10004960:	f000 8158 	beq.w	10004c14 <tud_task_ext+0x630>
10004964:	3b01      	subs	r3, #1
10004966:	b2d8      	uxtb	r0, r3
10004968:	f7ff fac0 	bl	10003eec <tud_descriptor_configuration_cb>
1000496c:	2800      	cmp	r0, #0
1000496e:	f000 8174 	beq.w	10004c5a <tud_task_ext+0x676>
10004972:	7843      	ldrb	r3, [r0, #1]
10004974:	2b02      	cmp	r3, #2
10004976:	f040 8170 	bne.w	10004c5a <tud_task_ext+0x676>
1000497a:	79c2      	ldrb	r2, [r0, #7]
1000497c:	f89a 1000 	ldrb.w	r1, [sl]
10004980:	f3c2 1340 	ubfx	r3, r2, #5, #1
10004984:	011b      	lsls	r3, r3, #4
10004986:	f3c2 1280 	ubfx	r2, r2, #6, #1
1000498a:	f021 0130 	bic.w	r1, r1, #48	@ 0x30
1000498e:	ea43 1342 	orr.w	r3, r3, r2, lsl #5
10004992:	430b      	orrs	r3, r1
10004994:	f88a 3000 	strb.w	r3, [sl]
10004998:	8843      	ldrh	r3, [r0, #2]
1000499a:	f100 0109 	add.w	r1, r0, #9
1000499e:	18c3      	adds	r3, r0, r3
100049a0:	9302      	str	r3, [sp, #8]
100049a2:	9b02      	ldr	r3, [sp, #8]
100049a4:	428b      	cmp	r3, r1
100049a6:	f240 81c3 	bls.w	10004d30 <tud_task_ext+0x74c>
100049aa:	784b      	ldrb	r3, [r1, #1]
100049ac:	2b0b      	cmp	r3, #11
100049ae:	f000 81cc 	beq.w	10004d4a <tud_task_ext+0x766>
100049b2:	2001      	movs	r0, #1
100049b4:	2b04      	cmp	r3, #4
100049b6:	f040 8150 	bne.w	10004c5a <tud_task_ext+0x676>
100049ba:	2200      	movs	r2, #0
100049bc:	9b02      	ldr	r3, [sp, #8]
100049be:	9200      	str	r2, [sp, #0]
100049c0:	1a5b      	subs	r3, r3, r1
100049c2:	fa1f f983 	uxth.w	r9, r3
100049c6:	4b5c      	ldr	r3, [pc, #368]	@ (10004b38 <tud_task_ext+0x554>)
100049c8:	9201      	str	r2, [sp, #4]
100049ca:	781b      	ldrb	r3, [r3, #0]
100049cc:	9003      	str	r0, [sp, #12]
100049ce:	e01f      	b.n	10004a10 <tud_task_ext+0x42c>
100049d0:	4b5b      	ldr	r3, [pc, #364]	@ (10004b40 <tud_task_ext+0x55c>)
100049d2:	681b      	ldr	r3, [r3, #0]
100049d4:	eb13 1342 	adds.w	r3, r3, r2, lsl #5
100049d8:	f000 813f 	beq.w	10004c5a <tud_task_ext+0x676>
100049dc:	464a      	mov	r2, r9
100049de:	691e      	ldr	r6, [r3, #16]
100049e0:	4658      	mov	r0, fp
100049e2:	9105      	str	r1, [sp, #20]
100049e4:	9304      	str	r3, [sp, #16]
100049e6:	47b0      	blx	r6
100049e8:	4602      	mov	r2, r0
100049ea:	9b00      	ldr	r3, [sp, #0]
100049ec:	2a08      	cmp	r2, #8
100049ee:	9905      	ldr	r1, [sp, #20]
100049f0:	f103 0001 	add.w	r0, r3, #1
100049f4:	d903      	bls.n	100049fe <tud_task_ext+0x41a>
100049f6:	4591      	cmp	r9, r2
100049f8:	9b04      	ldr	r3, [sp, #16]
100049fa:	f080 8112 	bcs.w	10004c22 <tud_task_ext+0x63e>
100049fe:	4b4e      	ldr	r3, [pc, #312]	@ (10004b38 <tud_task_ext+0x554>)
10004a00:	b2c0      	uxtb	r0, r0
10004a02:	781b      	ldrb	r3, [r3, #0]
10004a04:	9000      	str	r0, [sp, #0]
10004a06:	1c5a      	adds	r2, r3, #1
10004a08:	4290      	cmp	r0, r2
10004a0a:	9001      	str	r0, [sp, #4]
10004a0c:	f300 8125 	bgt.w	10004c5a <tud_task_ext+0x676>
10004a10:	9a00      	ldr	r2, [sp, #0]
10004a12:	9801      	ldr	r0, [sp, #4]
10004a14:	4293      	cmp	r3, r2
10004a16:	eba0 0303 	sub.w	r3, r0, r3
10004a1a:	d8d9      	bhi.n	100049d0 <tud_task_ext+0x3ec>
10004a1c:	4a47      	ldr	r2, [pc, #284]	@ (10004b3c <tud_task_ext+0x558>)
10004a1e:	eb02 1343 	add.w	r3, r2, r3, lsl #5
10004a22:	e7db      	b.n	100049dc <tud_task_ext+0x3f8>
10004a24:	f89a 3001 	ldrb.w	r3, [sl, #1]
10004a28:	4658      	mov	r0, fp
10004a2a:	f88d 301a 	strb.w	r3, [sp, #26]
10004a2e:	f10d 021a 	add.w	r2, sp, #26
10004a32:	2301      	movs	r3, #1
10004a34:	a908      	add	r1, sp, #32
10004a36:	f000 fab1 	bl	10004f9c <tud_control_xfer>
10004a3a:	e5e0      	b.n	100045fe <tud_task_ext+0x1a>
10004a3c:	f8bd 0022 	ldrh.w	r0, [sp, #34]	@ 0x22
10004a40:	0a03      	lsrs	r3, r0, #8
10004a42:	1e5a      	subs	r2, r3, #1
10004a44:	b2c0      	uxtb	r0, r0
10004a46:	2a0e      	cmp	r2, #14
10004a48:	f63f aedf 	bhi.w	1000480a <tud_task_ext+0x226>
10004a4c:	a101      	add	r1, pc, #4	@ (adr r1, 10004a54 <tud_task_ext+0x470>)
10004a4e:	f851 f022 	ldr.w	pc, [r1, r2, lsl #2]
10004a52:	bf00      	nop
10004a54:	10004c8d 	.word	0x10004c8d
10004a58:	10004b13 	.word	0x10004b13
10004a5c:	10004cc9 	.word	0x10004cc9
10004a60:	1000480b 	.word	0x1000480b
10004a64:	1000480b 	.word	0x1000480b
10004a68:	10004cab 	.word	0x10004cab
10004a6c:	10004b13 	.word	0x10004b13
10004a70:	1000480b 	.word	0x1000480b
10004a74:	1000480b 	.word	0x1000480b
10004a78:	1000480b 	.word	0x1000480b
10004a7c:	1000480b 	.word	0x1000480b
10004a80:	1000480b 	.word	0x1000480b
10004a84:	1000480b 	.word	0x1000480b
10004a88:	1000480b 	.word	0x1000480b
10004a8c:	10004c7f 	.word	0x10004c7f
10004a90:	a808      	add	r0, sp, #32
10004a92:	f000 faed 	bl	10005070 <usbd_control_set_request>
10004a96:	4658      	mov	r0, fp
10004a98:	f89d 1022 	ldrb.w	r1, [sp, #34]	@ 0x22
10004a9c:	f7ff fb9a 	bl	100041d4 <dcd_set_address>
10004aa0:	f89a 3000 	ldrb.w	r3, [sl]
10004aa4:	f043 0302 	orr.w	r3, r3, #2
10004aa8:	f88a 3000 	strb.w	r3, [sl]
10004aac:	e5a7      	b.n	100045fe <tud_task_ext+0x1a>
10004aae:	f8bd 3022 	ldrh.w	r3, [sp, #34]	@ 0x22
10004ab2:	2b01      	cmp	r3, #1
10004ab4:	f47f aea9 	bne.w	1000480a <tud_task_ext+0x226>
10004ab8:	f89a 3000 	ldrb.w	r3, [sl]
10004abc:	4658      	mov	r0, fp
10004abe:	f023 0308 	bic.w	r3, r3, #8
10004ac2:	a908      	add	r1, sp, #32
10004ac4:	f88a 3000 	strb.w	r3, [sl]
10004ac8:	f000 fa4c 	bl	10004f64 <tud_control_status>
10004acc:	e597      	b.n	100045fe <tud_task_ext+0x1a>
10004ace:	4658      	mov	r0, fp
10004ad0:	f89a 3000 	ldrb.w	r3, [sl]
10004ad4:	089a      	lsrs	r2, r3, #2
10004ad6:	f002 0202 	and.w	r2, r2, #2
10004ada:	f3c3 1340 	ubfx	r3, r3, #5, #1
10004ade:	4313      	orrs	r3, r2
10004ae0:	f8ad 301a 	strh.w	r3, [sp, #26]
10004ae4:	f10d 021a 	add.w	r2, sp, #26
10004ae8:	2302      	movs	r3, #2
10004aea:	a908      	add	r1, sp, #32
10004aec:	f000 fa56 	bl	10004f9c <tud_control_xfer>
10004af0:	e585      	b.n	100045fe <tud_task_ext+0x1a>
10004af2:	f8bd 3022 	ldrh.w	r3, [sp, #34]	@ 0x22
10004af6:	2b01      	cmp	r3, #1
10004af8:	f47f ae87 	bne.w	1000480a <tud_task_ext+0x226>
10004afc:	f89a 3000 	ldrb.w	r3, [sl]
10004b00:	4658      	mov	r0, fp
10004b02:	f043 0308 	orr.w	r3, r3, #8
10004b06:	a908      	add	r1, sp, #32
10004b08:	f88a 3000 	strb.w	r3, [sl]
10004b0c:	f000 fa2a 	bl	10004f64 <tud_control_status>
10004b10:	e575      	b.n	100045fe <tud_task_ext+0x1a>
10004b12:	2b02      	cmp	r3, #2
10004b14:	f43f ae6c 	beq.w	100047f0 <tud_task_ext+0x20c>
10004b18:	f7ff fcd2 	bl	100044c0 <tud_descriptor_other_speed_configuration_cb>
10004b1c:	4602      	mov	r2, r0
10004b1e:	2800      	cmp	r0, #0
10004b20:	f43f ae73 	beq.w	1000480a <tud_task_ext+0x226>
10004b24:	4658      	mov	r0, fp
10004b26:	8853      	ldrh	r3, [r2, #2]
10004b28:	a908      	add	r1, sp, #32
10004b2a:	f000 fa37 	bl	10004f9c <tud_control_xfer>
10004b2e:	2800      	cmp	r0, #0
10004b30:	f47f ad65 	bne.w	100045fe <tud_task_ext+0x1a>
10004b34:	e669      	b.n	1000480a <tud_task_ext+0x226>
10004b36:	bf00      	nop
10004b38:	20002175 	.word	0x20002175
10004b3c:	10006da4 	.word	0x10006da4
10004b40:	200017a8 	.word	0x200017a8
10004b44:	f89d 3024 	ldrb.w	r3, [sp, #36]	@ 0x24
10004b48:	2b0f      	cmp	r3, #15
10004b4a:	f63f ae5e 	bhi.w	1000480a <tud_task_ext+0x226>
10004b4e:	4a92      	ldr	r2, [pc, #584]	@ (10004d98 <tud_task_ext+0x7b4>)
10004b50:	4453      	add	r3, sl
10004b52:	791b      	ldrb	r3, [r3, #4]
10004b54:	7812      	ldrb	r2, [r2, #0]
10004b56:	4293      	cmp	r3, r2
10004b58:	d21e      	bcs.n	10004b98 <tud_task_ext+0x5b4>
10004b5a:	4a90      	ldr	r2, [pc, #576]	@ (10004d9c <tud_task_ext+0x7b8>)
10004b5c:	6816      	ldr	r6, [r2, #0]
10004b5e:	eb16 1643 	adds.w	r6, r6, r3, lsl #5
10004b62:	f47f ae9c 	bne.w	1000489e <tud_task_ext+0x2ba>
10004b66:	e650      	b.n	1000480a <tud_task_ext+0x226>
10004b68:	2a00      	cmp	r2, #0
10004b6a:	f47f ae4e 	bne.w	1000480a <tud_task_ext+0x226>
10004b6e:	9200      	str	r2, [sp, #0]
10004b70:	f89d c021 	ldrb.w	ip, [sp, #33]	@ 0x21
10004b74:	f00c 02fd 	and.w	r2, ip, #253	@ 0xfd
10004b78:	2a01      	cmp	r2, #1
10004b7a:	d016      	beq.n	10004baa <tud_task_ext+0x5c6>
10004b7c:	f1bc 0f00 	cmp.w	ip, #0
10004b80:	f47f ae3c 	bne.w	100047fc <tud_task_ext+0x218>
10004b84:	eb0a 0343 	add.w	r3, sl, r3, lsl #1
10004b88:	eb03 13d1 	add.w	r3, r3, r1, lsr #7
10004b8c:	f893 3034 	ldrb.w	r3, [r3, #52]	@ 0x34
10004b90:	4658      	mov	r0, fp
10004b92:	f3c3 0340 	ubfx	r3, r3, #1, #1
10004b96:	e7a3      	b.n	10004ae0 <tud_task_ext+0x4fc>
10004b98:	1c51      	adds	r1, r2, #1
10004b9a:	4299      	cmp	r1, r3
10004b9c:	f6ff ae35 	blt.w	1000480a <tud_task_ext+0x226>
10004ba0:	4e7f      	ldr	r6, [pc, #508]	@ (10004da0 <tud_task_ext+0x7bc>)
10004ba2:	1a9b      	subs	r3, r3, r2
10004ba4:	eb06 1643 	add.w	r6, r6, r3, lsl #5
10004ba8:	e679      	b.n	1000489e <tud_task_ext+0x2ba>
10004baa:	f8bd 2022 	ldrh.w	r2, [sp, #34]	@ 0x22
10004bae:	b9da      	cbnz	r2, 10004be8 <tud_task_ext+0x604>
10004bb0:	487c      	ldr	r0, [pc, #496]	@ (10004da4 <tud_task_ext+0x7c0>)
10004bb2:	f1bc 0f01 	cmp.w	ip, #1
10004bb6:	7800      	ldrb	r0, [r0, #0]
10004bb8:	f000 808e 	beq.w	10004cd8 <tud_task_ext+0x6f4>
10004bbc:	e9cd 1301 	strd	r1, r3, [sp, #4]
10004bc0:	f7ff fbc8 	bl	10004354 <dcd_edpt_stall>
10004bc4:	9b02      	ldr	r3, [sp, #8]
10004bc6:	9901      	ldr	r1, [sp, #4]
10004bc8:	eb0a 0343 	add.w	r3, sl, r3, lsl #1
10004bcc:	eb03 13d1 	add.w	r3, r3, r1, lsr #7
10004bd0:	f893 2034 	ldrb.w	r2, [r3, #52]	@ 0x34
10004bd4:	f042 0202 	orr.w	r2, r2, #2
10004bd8:	f883 2034 	strb.w	r2, [r3, #52]	@ 0x34
10004bdc:	f893 2034 	ldrb.w	r2, [r3, #52]	@ 0x34
10004be0:	f042 0201 	orr.w	r2, r2, #1
10004be4:	f883 2034 	strb.w	r2, [r3, #52]	@ 0x34
10004be8:	9b00      	ldr	r3, [sp, #0]
10004bea:	2b00      	cmp	r3, #0
10004bec:	f43f ad07 	beq.w	100045fe <tud_task_ext+0x1a>
10004bf0:	461e      	mov	r6, r3
10004bf2:	6958      	ldr	r0, [r3, #20]
10004bf4:	f000 fa36 	bl	10005064 <usbd_control_set_complete_callback>
10004bf8:	6973      	ldr	r3, [r6, #20]
10004bfa:	2101      	movs	r1, #1
10004bfc:	aa08      	add	r2, sp, #32
10004bfe:	4658      	mov	r0, fp
10004c00:	4798      	blx	r3
10004c02:	2000      	movs	r0, #0
10004c04:	f000 fa2e 	bl	10005064 <usbd_control_set_complete_callback>
10004c08:	f89a 3035 	ldrb.w	r3, [sl, #53]	@ 0x35
10004c0c:	07db      	lsls	r3, r3, #31
10004c0e:	f53f acf6 	bmi.w	100045fe <tud_task_ext+0x1a>
10004c12:	e67d      	b.n	10004910 <tud_task_ext+0x32c>
10004c14:	f7ff fc58 	bl	100044c8 <tud_umount_cb>
10004c18:	4658      	mov	r0, fp
10004c1a:	a908      	add	r1, sp, #32
10004c1c:	f000 f9a2 	bl	10004f64 <tud_control_status>
10004c20:	e4ed      	b.n	100045fe <tud_task_ext+0x1a>
10004c22:	9803      	ldr	r0, [sp, #12]
10004c24:	2801      	cmp	r0, #1
10004c26:	f000 80a6 	beq.w	10004d76 <tud_task_ext+0x792>
10004c2a:	2800      	cmp	r0, #0
10004c2c:	f000 8092 	beq.w	10004d54 <tud_task_ext+0x770>
10004c30:	2300      	movs	r3, #0
10004c32:	f891 e002 	ldrb.w	lr, [r1, #2]
10004c36:	e007      	b.n	10004c48 <tud_task_ext+0x664>
10004c38:	9e00      	ldr	r6, [sp, #0]
10004c3a:	f88c 6004 	strb.w	r6, [ip, #4]
10004c3e:	fa5f fc83 	uxtb.w	ip, r3
10004c42:	4560      	cmp	r0, ip
10004c44:	f240 8086 	bls.w	10004d54 <tud_task_ext+0x770>
10004c48:	eb0e 0c03 	add.w	ip, lr, r3
10004c4c:	fa5a fc8c 	uxtab	ip, sl, ip
10004c50:	f89c 6004 	ldrb.w	r6, [ip, #4]
10004c54:	3301      	adds	r3, #1
10004c56:	2eff      	cmp	r6, #255	@ 0xff
10004c58:	d0ee      	beq.n	10004c38 <tud_task_ext+0x654>
10004c5a:	f04f 23e0 	mov.w	r3, #3758153728	@ 0xe000e000
10004c5e:	f8d3 3df0 	ldr.w	r3, [r3, #3568]	@ 0xdf0
10004c62:	07d9      	lsls	r1, r3, #31
10004c64:	d500      	bpl.n	10004c68 <tud_task_ext+0x684>
10004c66:	be00      	bkpt	0x0000
10004c68:	f04f 23e0 	mov.w	r3, #3758153728	@ 0xe000e000
10004c6c:	f8d3 3df0 	ldr.w	r3, [r3, #3568]	@ 0xdf0
10004c70:	07da      	lsls	r2, r3, #31
10004c72:	d500      	bpl.n	10004c76 <tud_task_ext+0x692>
10004c74:	be00      	bkpt	0x0000
10004c76:	2300      	movs	r3, #0
10004c78:	f88a 3001 	strb.w	r3, [sl, #1]
10004c7c:	e5c5      	b.n	1000480a <tud_task_ext+0x226>
10004c7e:	f7fe fee7 	bl	10003a50 <tud_descriptor_bos_cb>
10004c82:	4602      	mov	r2, r0
10004c84:	2800      	cmp	r0, #0
10004c86:	f47f af4d 	bne.w	10004b24 <tud_task_ext+0x540>
10004c8a:	e5be      	b.n	1000480a <tud_task_ext+0x226>
10004c8c:	f7ff f92a 	bl	10003ee4 <tud_descriptor_device_cb>
10004c90:	4602      	mov	r2, r0
10004c92:	2800      	cmp	r0, #0
10004c94:	f43f adb2 	beq.w	100047fc <tud_task_ext+0x218>
10004c98:	4658      	mov	r0, fp
10004c9a:	2312      	movs	r3, #18
10004c9c:	a908      	add	r1, sp, #32
10004c9e:	f000 f97d 	bl	10004f9c <tud_control_xfer>
10004ca2:	2800      	cmp	r0, #0
10004ca4:	f47f acab 	bne.w	100045fe <tud_task_ext+0x1a>
10004ca8:	e5af      	b.n	1000480a <tud_task_ext+0x226>
10004caa:	f7ff fc07 	bl	100044bc <tud_descriptor_device_qualifier_cb>
10004cae:	4602      	mov	r2, r0
10004cb0:	2800      	cmp	r0, #0
10004cb2:	f43f adaa 	beq.w	1000480a <tud_task_ext+0x226>
10004cb6:	4658      	mov	r0, fp
10004cb8:	7813      	ldrb	r3, [r2, #0]
10004cba:	a908      	add	r1, sp, #32
10004cbc:	f000 f96e 	bl	10004f9c <tud_control_xfer>
10004cc0:	2800      	cmp	r0, #0
10004cc2:	f47f ac9c 	bne.w	100045fe <tud_task_ext+0x1a>
10004cc6:	e5a0      	b.n	1000480a <tud_task_ext+0x226>
10004cc8:	f8bd 1024 	ldrh.w	r1, [sp, #36]	@ 0x24
10004ccc:	f7ff f912 	bl	10003ef4 <tud_descriptor_string_cb>
10004cd0:	4602      	mov	r2, r0
10004cd2:	2800      	cmp	r0, #0
10004cd4:	d1ef      	bne.n	10004cb6 <tud_task_ext+0x6d2>
10004cd6:	e598      	b.n	1000480a <tud_task_ext+0x226>
10004cd8:	e9cd 3202 	strd	r3, r2, [sp, #8]
10004cdc:	9101      	str	r1, [sp, #4]
10004cde:	f7ff fb51 	bl	10004384 <dcd_edpt_clear_stall>
10004ce2:	9b02      	ldr	r3, [sp, #8]
10004ce4:	9901      	ldr	r1, [sp, #4]
10004ce6:	eb0a 0343 	add.w	r3, sl, r3, lsl #1
10004cea:	eb03 13d1 	add.w	r3, r3, r1, lsr #7
10004cee:	f893 1034 	ldrb.w	r1, [r3, #52]	@ 0x34
10004cf2:	9a03      	ldr	r2, [sp, #12]
10004cf4:	f362 0141 	bfi	r1, r2, #1, #1
10004cf8:	f883 1034 	strb.w	r1, [r3, #52]	@ 0x34
10004cfc:	f893 1034 	ldrb.w	r1, [r3, #52]	@ 0x34
10004d00:	f362 0100 	bfi	r1, r2, #0, #1
10004d04:	f883 1034 	strb.w	r1, [r3, #52]	@ 0x34
10004d08:	e76e      	b.n	10004be8 <tud_task_ext+0x604>
10004d0a:	2100      	movs	r1, #0
10004d0c:	4658      	mov	r0, fp
10004d0e:	9301      	str	r3, [sp, #4]
10004d10:	f7ff fa68 	bl	100041e4 <dcd_sof_enable>
10004d14:	4658      	mov	r0, fp
10004d16:	f7ff fb07 	bl	10004328 <dcd_edpt_close_all>
10004d1a:	f89a 2002 	ldrb.w	r2, [sl, #2]
10004d1e:	4658      	mov	r0, fp
10004d20:	9200      	str	r2, [sp, #0]
10004d22:	f7ff fb81 	bl	10004428 <configuration_reset>
10004d26:	9a00      	ldr	r2, [sp, #0]
10004d28:	9b01      	ldr	r3, [sp, #4]
10004d2a:	f88a 2002 	strb.w	r2, [sl, #2]
10004d2e:	e614      	b.n	1000495a <tud_task_ext+0x376>
10004d30:	f7ff fbc8 	bl	100044c4 <tud_mount_cb>
10004d34:	e770      	b.n	10004c18 <tud_task_ext+0x634>
10004d36:	4658      	mov	r0, fp
10004d38:	2301      	movs	r3, #1
10004d3a:	a908      	add	r1, sp, #32
10004d3c:	f10d 021a 	add.w	r2, sp, #26
10004d40:	f88d 601a 	strb.w	r6, [sp, #26]
10004d44:	f000 f92a 	bl	10004f9c <tud_control_xfer>
10004d48:	e459      	b.n	100045fe <tud_task_ext+0x1a>
10004d4a:	780b      	ldrb	r3, [r1, #0]
10004d4c:	78c8      	ldrb	r0, [r1, #3]
10004d4e:	4419      	add	r1, r3
10004d50:	784b      	ldrb	r3, [r1, #1]
10004d52:	e62f      	b.n	100049b4 <tud_task_ext+0x3d0>
10004d54:	9b00      	ldr	r3, [sp, #0]
10004d56:	4814      	ldr	r0, [pc, #80]	@ (10004da8 <tud_task_ext+0x7c4>)
10004d58:	9203      	str	r2, [sp, #12]
10004d5a:	9100      	str	r1, [sp, #0]
10004d5c:	f000 febc 	bl	10005ad8 <tu_edpt_bind_driver>
10004d60:	4b0d      	ldr	r3, [pc, #52]	@ (10004d98 <tud_task_ext+0x7b4>)
10004d62:	9a03      	ldr	r2, [sp, #12]
10004d64:	9900      	ldr	r1, [sp, #0]
10004d66:	781b      	ldrb	r3, [r3, #0]
10004d68:	4411      	add	r1, r2
10004d6a:	9a01      	ldr	r2, [sp, #4]
10004d6c:	3301      	adds	r3, #1
10004d6e:	4293      	cmp	r3, r2
10004d70:	f6bf ae17 	bge.w	100049a2 <tud_task_ext+0x3be>
10004d74:	e771      	b.n	10004c5a <tud_task_ext+0x676>
10004d76:	f8d3 c010 	ldr.w	ip, [r3, #16]
10004d7a:	4b0c      	ldr	r3, [pc, #48]	@ (10004dac <tud_task_ext+0x7c8>)
10004d7c:	459c      	cmp	ip, r3
10004d7e:	bf08      	it	eq
10004d80:	2002      	moveq	r0, #2
10004d82:	e755      	b.n	10004c30 <tud_task_ext+0x64c>
10004d84:	f04f 23e0 	mov.w	r3, #3758153728	@ 0xe000e000
10004d88:	f8d3 3df0 	ldr.w	r3, [r3, #3568]	@ 0xdf0
10004d8c:	07db      	lsls	r3, r3, #31
10004d8e:	f57f ac36 	bpl.w	100045fe <tud_task_ext+0x1a>
10004d92:	be00      	bkpt	0x0000
10004d94:	e433      	b.n	100045fe <tud_task_ext+0x1a>
10004d96:	bf00      	nop
10004d98:	20002175 	.word	0x20002175
10004d9c:	200017a8 	.word	0x200017a8
10004da0:	10006da4 	.word	0x10006da4
10004da4:	200011f4 	.word	0x200011f4
10004da8:	200018c4 	.word	0x200018c4
10004dac:	100054b5 	.word	0x100054b5

10004db0 <usbd_open_edpt_pair>:
10004db0:	e92d 4ff8 	stmdb	sp!, {r3, r4, r5, r6, r7, r8, r9, sl, fp, lr}
10004db4:	9f0a      	ldr	r7, [sp, #40]	@ 0x28
10004db6:	2a00      	cmp	r2, #0
10004db8:	d040      	beq.n	10004e3c <usbd_open_edpt_pair+0x8c>
10004dba:	460c      	mov	r4, r1
10004dbc:	461e      	mov	r6, r3
10004dbe:	4615      	mov	r5, r2
10004dc0:	f04f 0b00 	mov.w	fp, #0
10004dc4:	f8df 9080 	ldr.w	r9, [pc, #128]	@ 10004e48 <usbd_open_edpt_pair+0x98>
10004dc8:	f8df 8080 	ldr.w	r8, [pc, #128]	@ 10004e4c <usbd_open_edpt_pair+0x9c>
10004dcc:	e016      	b.n	10004dfc <usbd_open_edpt_pair+0x4c>
10004dce:	4620      	mov	r0, r4
10004dd0:	f898 1002 	ldrb.w	r1, [r8, #2]
10004dd4:	f899 a000 	ldrb.w	sl, [r9]
10004dd8:	f000 fe4e 	bl	10005a78 <tu_edpt_validate>
10004ddc:	b1d0      	cbz	r0, 10004e14 <usbd_open_edpt_pair+0x64>
10004dde:	4621      	mov	r1, r4
10004de0:	4650      	mov	r0, sl
10004de2:	f7ff fa1b 	bl	1000421c <dcd_edpt_open>
10004de6:	b1e0      	cbz	r0, 10004e22 <usbd_open_edpt_pair+0x72>
10004de8:	78a3      	ldrb	r3, [r4, #2]
10004dea:	f10b 0b01 	add.w	fp, fp, #1
10004dee:	09da      	lsrs	r2, r3, #7
10004df0:	d120      	bne.n	10004e34 <usbd_open_edpt_pair+0x84>
10004df2:	45ab      	cmp	fp, r5
10004df4:	703b      	strb	r3, [r7, #0]
10004df6:	d021      	beq.n	10004e3c <usbd_open_edpt_pair+0x8c>
10004df8:	7823      	ldrb	r3, [r4, #0]
10004dfa:	441c      	add	r4, r3
10004dfc:	7863      	ldrb	r3, [r4, #1]
10004dfe:	2b05      	cmp	r3, #5
10004e00:	d10f      	bne.n	10004e22 <usbd_open_edpt_pair+0x72>
10004e02:	78e1      	ldrb	r1, [r4, #3]
10004e04:	f001 0103 	and.w	r1, r1, #3
10004e08:	42b1      	cmp	r1, r6
10004e0a:	d10a      	bne.n	10004e22 <usbd_open_edpt_pair+0x72>
10004e0c:	78a3      	ldrb	r3, [r4, #2]
10004e0e:	f013 0f70 	tst.w	r3, #112	@ 0x70
10004e12:	d0dc      	beq.n	10004dce <usbd_open_edpt_pair+0x1e>
10004e14:	f04f 23e0 	mov.w	r3, #3758153728	@ 0xe000e000
10004e18:	f8d3 3df0 	ldr.w	r3, [r3, #3568]	@ 0xdf0
10004e1c:	07da      	lsls	r2, r3, #31
10004e1e:	d500      	bpl.n	10004e22 <usbd_open_edpt_pair+0x72>
10004e20:	be00      	bkpt	0x0000
10004e22:	f04f 23e0 	mov.w	r3, #3758153728	@ 0xe000e000
10004e26:	f8d3 3df0 	ldr.w	r3, [r3, #3568]	@ 0xdf0
10004e2a:	07db      	lsls	r3, r3, #31
10004e2c:	d409      	bmi.n	10004e42 <usbd_open_edpt_pair+0x92>
10004e2e:	2000      	movs	r0, #0
10004e30:	e8bd 8ff8 	ldmia.w	sp!, {r3, r4, r5, r6, r7, r8, r9, sl, fp, pc}
10004e34:	9a0b      	ldr	r2, [sp, #44]	@ 0x2c
10004e36:	45ab      	cmp	fp, r5
10004e38:	7013      	strb	r3, [r2, #0]
10004e3a:	d1dd      	bne.n	10004df8 <usbd_open_edpt_pair+0x48>
10004e3c:	2001      	movs	r0, #1
10004e3e:	e8bd 8ff8 	ldmia.w	sp!, {r3, r4, r5, r6, r7, r8, r9, sl, fp, pc}
10004e42:	be00      	bkpt	0x0000
10004e44:	e7f3      	b.n	10004e2e <usbd_open_edpt_pair+0x7e>
10004e46:	bf00      	nop
10004e48:	200011f4 	.word	0x200011f4
10004e4c:	200018b0 	.word	0x200018b0

10004e50 <usbd_edpt_open>:
10004e50:	788b      	ldrb	r3, [r1, #2]
10004e52:	f013 0f70 	tst.w	r3, #112	@ 0x70
10004e56:	d008      	beq.n	10004e6a <usbd_edpt_open+0x1a>
10004e58:	f04f 23e0 	mov.w	r3, #3758153728	@ 0xe000e000
10004e5c:	f8d3 3df0 	ldr.w	r3, [r3, #3568]	@ 0xdf0
10004e60:	07da      	lsls	r2, r3, #31
10004e62:	d500      	bpl.n	10004e66 <usbd_edpt_open+0x16>
10004e64:	be00      	bkpt	0x0000
10004e66:	2000      	movs	r0, #0
10004e68:	4770      	bx	lr
10004e6a:	b510      	push	{r4, lr}
10004e6c:	b082      	sub	sp, #8
10004e6e:	4608      	mov	r0, r1
10004e70:	9101      	str	r1, [sp, #4]
10004e72:	490c      	ldr	r1, [pc, #48]	@ (10004ea4 <usbd_edpt_open+0x54>)
10004e74:	4a0c      	ldr	r2, [pc, #48]	@ (10004ea8 <usbd_edpt_open+0x58>)
10004e76:	7889      	ldrb	r1, [r1, #2]
10004e78:	7814      	ldrb	r4, [r2, #0]
10004e7a:	f000 fdfd 	bl	10005a78 <tu_edpt_validate>
10004e7e:	b948      	cbnz	r0, 10004e94 <usbd_edpt_open+0x44>
10004e80:	f04f 23e0 	mov.w	r3, #3758153728	@ 0xe000e000
10004e84:	f8d3 3df0 	ldr.w	r3, [r3, #3568]	@ 0xdf0
10004e88:	07db      	lsls	r3, r3, #31
10004e8a:	d500      	bpl.n	10004e8e <usbd_edpt_open+0x3e>
10004e8c:	be00      	bkpt	0x0000
10004e8e:	2000      	movs	r0, #0
10004e90:	b002      	add	sp, #8
10004e92:	bd10      	pop	{r4, pc}
10004e94:	4620      	mov	r0, r4
10004e96:	9901      	ldr	r1, [sp, #4]
10004e98:	b002      	add	sp, #8
10004e9a:	e8bd 4010 	ldmia.w	sp!, {r4, lr}
10004e9e:	f7ff b9bd 	b.w	1000421c <dcd_edpt_open>
10004ea2:	bf00      	nop
10004ea4:	200018b0 	.word	0x200018b0
10004ea8:	200011f4 	.word	0x200011f4

10004eac <usbd_edpt_claim>:
10004eac:	460a      	mov	r2, r1
10004eae:	4b06      	ldr	r3, [pc, #24]	@ (10004ec8 <usbd_edpt_claim+0x1c>)
10004eb0:	4806      	ldr	r0, [pc, #24]	@ (10004ecc <usbd_edpt_claim+0x20>)
10004eb2:	6819      	ldr	r1, [r3, #0]
10004eb4:	09d3      	lsrs	r3, r2, #7
10004eb6:	3334      	adds	r3, #52	@ 0x34
10004eb8:	f002 027f 	and.w	r2, r2, #127	@ 0x7f
10004ebc:	eb03 0342 	add.w	r3, r3, r2, lsl #1
10004ec0:	4418      	add	r0, r3
10004ec2:	f000 bd8d 	b.w	100059e0 <tu_edpt_claim>
10004ec6:	bf00      	nop
10004ec8:	20001904 	.word	0x20001904
10004ecc:	200018b0 	.word	0x200018b0

10004ed0 <usbd_edpt_release>:
10004ed0:	460a      	mov	r2, r1
10004ed2:	4b06      	ldr	r3, [pc, #24]	@ (10004eec <usbd_edpt_release+0x1c>)
10004ed4:	4806      	ldr	r0, [pc, #24]	@ (10004ef0 <usbd_edpt_release+0x20>)
10004ed6:	6819      	ldr	r1, [r3, #0]
10004ed8:	09d3      	lsrs	r3, r2, #7
10004eda:	3334      	adds	r3, #52	@ 0x34
10004edc:	f002 027f 	and.w	r2, r2, #127	@ 0x7f
10004ee0:	eb03 0342 	add.w	r3, r3, r2, lsl #1
10004ee4:	4418      	add	r0, r3
10004ee6:	f000 bdab 	b.w	10005a40 <tu_edpt_release>
10004eea:	bf00      	nop
10004eec:	20001904 	.word	0x20001904
10004ef0:	200018b0 	.word	0x200018b0

10004ef4 <usbd_edpt_xfer>:
10004ef4:	b510      	push	{r4, lr}
10004ef6:	4819      	ldr	r0, [pc, #100]	@ (10004f5c <usbd_edpt_xfer+0x68>)
10004ef8:	f001 047f 	and.w	r4, r1, #127	@ 0x7f
10004efc:	eb00 0044 	add.w	r0, r0, r4, lsl #1
10004f00:	eb00 10d1 	add.w	r0, r0, r1, lsr #7
10004f04:	f890 c034 	ldrb.w	ip, [r0, #52]	@ 0x34
10004f08:	f01c 0f01 	tst.w	ip, #1
10004f0c:	d008      	beq.n	10004f20 <usbd_edpt_xfer+0x2c>
10004f0e:	f04f 23e0 	mov.w	r3, #3758153728	@ 0xe000e000
10004f12:	f8d3 3df0 	ldr.w	r3, [r3, #3568]	@ 0xdf0
10004f16:	07da      	lsls	r2, r3, #31
10004f18:	d500      	bpl.n	10004f1c <usbd_edpt_xfer+0x28>
10004f1a:	be00      	bkpt	0x0000
10004f1c:	2000      	movs	r0, #0
10004f1e:	bd10      	pop	{r4, pc}
10004f20:	f100 0430 	add.w	r4, r0, #48	@ 0x30
10004f24:	f894 c004 	ldrb.w	ip, [r4, #4]
10004f28:	480d      	ldr	r0, [pc, #52]	@ (10004f60 <usbd_edpt_xfer+0x6c>)
10004f2a:	f04c 0c01 	orr.w	ip, ip, #1
10004f2e:	7800      	ldrb	r0, [r0, #0]
10004f30:	f884 c004 	strb.w	ip, [r4, #4]
10004f34:	f7ff f9fa 	bl	1000432c <dcd_edpt_xfer>
10004f38:	2800      	cmp	r0, #0
10004f3a:	d1f0      	bne.n	10004f1e <usbd_edpt_xfer+0x2a>
10004f3c:	f04f 21e0 	mov.w	r1, #3758153728	@ 0xe000e000
10004f40:	7922      	ldrb	r2, [r4, #4]
10004f42:	f360 0200 	bfi	r2, r0, #0, #1
10004f46:	7122      	strb	r2, [r4, #4]
10004f48:	7922      	ldrb	r2, [r4, #4]
10004f4a:	f360 0282 	bfi	r2, r0, #2, #1
10004f4e:	7122      	strb	r2, [r4, #4]
10004f50:	f8d1 3df0 	ldr.w	r3, [r1, #3568]	@ 0xdf0
10004f54:	07db      	lsls	r3, r3, #31
10004f56:	d5e1      	bpl.n	10004f1c <usbd_edpt_xfer+0x28>
10004f58:	be00      	bkpt	0x0000
10004f5a:	e7df      	b.n	10004f1c <usbd_edpt_xfer+0x28>
10004f5c:	200018b0 	.word	0x200018b0
10004f60:	200011f4 	.word	0x200011f4

10004f64 <tud_control_status>:
10004f64:	f8df c030 	ldr.w	ip, [pc, #48]	@ 10004f98 <tud_control_status+0x34>
10004f68:	2300      	movs	r3, #0
10004f6a:	4662      	mov	r2, ip
10004f6c:	b510      	push	{r4, lr}
10004f6e:	468e      	mov	lr, r1
10004f70:	4604      	mov	r4, r0
10004f72:	6808      	ldr	r0, [r1, #0]
10004f74:	6849      	ldr	r1, [r1, #4]
10004f76:	f8cc 300c 	str.w	r3, [ip, #12]
10004f7a:	c203      	stmia	r2!, {r0, r1}
10004f7c:	f89e 1000 	ldrb.w	r1, [lr]
10004f80:	4620      	mov	r0, r4
10004f82:	e8bd 4010 	ldmia.w	sp!, {r4, lr}
10004f86:	f081 01ff 	eor.w	r1, r1, #255	@ 0xff
10004f8a:	461a      	mov	r2, r3
10004f8c:	f001 0180 	and.w	r1, r1, #128	@ 0x80
10004f90:	f8cc 3008 	str.w	r3, [ip, #8]
10004f94:	f7ff bfae 	b.w	10004ef4 <usbd_edpt_xfer>
10004f98:	20001870 	.word	0x20001870

10004f9c <tud_control_xfer>:
10004f9c:	f8df c0ac 	ldr.w	ip, [pc, #172]	@ 1000504c <tud_control_xfer+0xb0>
10004fa0:	b570      	push	{r4, r5, r6, lr}
10004fa2:	4615      	mov	r5, r2
10004fa4:	4662      	mov	r2, ip
10004fa6:	2400      	movs	r4, #0
10004fa8:	468e      	mov	lr, r1
10004faa:	4606      	mov	r6, r0
10004fac:	6808      	ldr	r0, [r1, #0]
10004fae:	6849      	ldr	r1, [r1, #4]
10004fb0:	b082      	sub	sp, #8
10004fb2:	c203      	stmia	r2!, {r0, r1}
10004fb4:	f8cc 5008 	str.w	r5, [ip, #8]
10004fb8:	f8ac 400e 	strh.w	r4, [ip, #14]
10004fbc:	f8be 2006 	ldrh.w	r2, [lr, #6]
10004fc0:	4293      	cmp	r3, r2
10004fc2:	bf28      	it	cs
10004fc4:	4613      	movcs	r3, r2
10004fc6:	f8ac 300c 	strh.w	r3, [ip, #12]
10004fca:	b18a      	cbz	r2, 10004ff0 <tud_control_xfer+0x54>
10004fcc:	b333      	cbz	r3, 1000501c <tud_control_xfer+0x80>
10004fce:	b1dd      	cbz	r5, 10005008 <tud_control_xfer+0x6c>
10004fd0:	f99c 2000 	ldrsb.w	r2, [ip]
10004fd4:	2b40      	cmp	r3, #64	@ 0x40
10004fd6:	bf28      	it	cs
10004fd8:	2340      	movcs	r3, #64	@ 0x40
10004fda:	2a00      	cmp	r2, #0
10004fdc:	db29      	blt.n	10005032 <tud_control_xfer+0x96>
10004fde:	4621      	mov	r1, r4
10004fe0:	4630      	mov	r0, r6
10004fe2:	4a19      	ldr	r2, [pc, #100]	@ (10005048 <tud_control_xfer+0xac>)
10004fe4:	f7ff ff86 	bl	10004ef4 <usbd_edpt_xfer>
10004fe8:	b170      	cbz	r0, 10005008 <tud_control_xfer+0x6c>
10004fea:	2001      	movs	r0, #1
10004fec:	b002      	add	sp, #8
10004fee:	bd70      	pop	{r4, r5, r6, pc}
10004ff0:	f89e 1000 	ldrb.w	r1, [lr]
10004ff4:	4613      	mov	r3, r2
10004ff6:	f081 01ff 	eor.w	r1, r1, #255	@ 0xff
10004ffa:	4630      	mov	r0, r6
10004ffc:	f001 0180 	and.w	r1, r1, #128	@ 0x80
10005000:	f7ff ff78 	bl	10004ef4 <usbd_edpt_xfer>
10005004:	2800      	cmp	r0, #0
10005006:	d1f0      	bne.n	10004fea <tud_control_xfer+0x4e>
10005008:	f04f 23e0 	mov.w	r3, #3758153728	@ 0xe000e000
1000500c:	f8d3 3df0 	ldr.w	r3, [r3, #3568]	@ 0xdf0
10005010:	07db      	lsls	r3, r3, #31
10005012:	d500      	bpl.n	10005016 <tud_control_xfer+0x7a>
10005014:	be00      	bkpt	0x0000
10005016:	2000      	movs	r0, #0
10005018:	b002      	add	sp, #8
1000501a:	bd70      	pop	{r4, r5, r6, pc}
1000501c:	461a      	mov	r2, r3
1000501e:	f89c 1000 	ldrb.w	r1, [ip]
10005022:	f001 0180 	and.w	r1, r1, #128	@ 0x80
10005026:	4630      	mov	r0, r6
10005028:	f7ff ff64 	bl	10004ef4 <usbd_edpt_xfer>
1000502c:	2800      	cmp	r0, #0
1000502e:	d1dc      	bne.n	10004fea <tud_control_xfer+0x4e>
10005030:	e7ea      	b.n	10005008 <tud_control_xfer+0x6c>
10005032:	461a      	mov	r2, r3
10005034:	4629      	mov	r1, r5
10005036:	4804      	ldr	r0, [pc, #16]	@ (10005048 <tud_control_xfer+0xac>)
10005038:	9301      	str	r3, [sp, #4]
1000503a:	f001 fa19 	bl	10006470 <memcpy>
1000503e:	2180      	movs	r1, #128	@ 0x80
10005040:	4a01      	ldr	r2, [pc, #4]	@ (10005048 <tud_control_xfer+0xac>)
10005042:	9b01      	ldr	r3, [sp, #4]
10005044:	e7ef      	b.n	10005026 <tud_control_xfer+0x8a>
10005046:	bf00      	nop
10005048:	20001830 	.word	0x20001830
1000504c:	20001870 	.word	0x20001870

10005050 <usbd_control_reset>:
10005050:	2200      	movs	r2, #0
10005052:	4b03      	ldr	r3, [pc, #12]	@ (10005060 <usbd_control_reset+0x10>)
10005054:	e9c3 2200 	strd	r2, r2, [r3]
10005058:	e9c3 2202 	strd	r2, r2, [r3, #8]
1000505c:	611a      	str	r2, [r3, #16]
1000505e:	4770      	bx	lr
10005060:	20001870 	.word	0x20001870

10005064 <usbd_control_set_complete_callback>:
10005064:	4b01      	ldr	r3, [pc, #4]	@ (1000506c <usbd_control_set_complete_callback+0x8>)
10005066:	6118      	str	r0, [r3, #16]
10005068:	4770      	bx	lr
1000506a:	bf00      	nop
1000506c:	20001870 	.word	0x20001870

10005070 <usbd_control_set_request>:
10005070:	4601      	mov	r1, r0
10005072:	4a05      	ldr	r2, [pc, #20]	@ (10005088 <usbd_control_set_request+0x18>)
10005074:	f04f 0c00 	mov.w	ip, #0
10005078:	4613      	mov	r3, r2
1000507a:	6800      	ldr	r0, [r0, #0]
1000507c:	6849      	ldr	r1, [r1, #4]
1000507e:	e9c2 cc02 	strd	ip, ip, [r2, #8]
10005082:	c303      	stmia	r3!, {r0, r1}
10005084:	4770      	bx	lr
10005086:	bf00      	nop
10005088:	20001870 	.word	0x20001870

1000508c <usbd_control_xfer_cb>:
1000508c:	b530      	push	{r4, r5, lr}
1000508e:	4c3e      	ldr	r4, [pc, #248]	@ (10005188 <usbd_control_xfer_cb+0xfc>)
10005090:	09c9      	lsrs	r1, r1, #7
10005092:	7822      	ldrb	r2, [r4, #0]
10005094:	4605      	mov	r5, r0
10005096:	ebb1 1fd2 	cmp.w	r1, r2, lsr #7
1000509a:	b083      	sub	sp, #12
1000509c:	d017      	beq.n	100050ce <usbd_control_xfer_cb+0x42>
1000509e:	b153      	cbz	r3, 100050b6 <usbd_control_xfer_cb+0x2a>
100050a0:	f04f 23e0 	mov.w	r3, #3758153728	@ 0xe000e000
100050a4:	f8d3 3df0 	ldr.w	r3, [r3, #3568]	@ 0xdf0
100050a8:	07db      	lsls	r3, r3, #31
100050aa:	d402      	bmi.n	100050b2 <usbd_control_xfer_cb+0x26>
100050ac:	2000      	movs	r0, #0
100050ae:	b003      	add	sp, #12
100050b0:	bd30      	pop	{r4, r5, pc}
100050b2:	be00      	bkpt	0x0000
100050b4:	e7fa      	b.n	100050ac <usbd_control_xfer_cb+0x20>
100050b6:	4621      	mov	r1, r4
100050b8:	f7ff f8a2 	bl	10004200 <dcd_edpt0_status_complete>
100050bc:	6923      	ldr	r3, [r4, #16]
100050be:	b11b      	cbz	r3, 100050c8 <usbd_control_xfer_cb+0x3c>
100050c0:	4622      	mov	r2, r4
100050c2:	2103      	movs	r1, #3
100050c4:	4628      	mov	r0, r5
100050c6:	4798      	blx	r3
100050c8:	2001      	movs	r0, #1
100050ca:	b003      	add	sp, #12
100050cc:	bd30      	pop	{r4, r5, pc}
100050ce:	f994 2000 	ldrsb.w	r2, [r4]
100050d2:	2a00      	cmp	r2, #0
100050d4:	db08      	blt.n	100050e8 <usbd_control_xfer_cb+0x5c>
100050d6:	68a0      	ldr	r0, [r4, #8]
100050d8:	2800      	cmp	r0, #0
100050da:	d0e7      	beq.n	100050ac <usbd_control_xfer_cb+0x20>
100050dc:	461a      	mov	r2, r3
100050de:	492b      	ldr	r1, [pc, #172]	@ (1000518c <usbd_control_xfer_cb+0x100>)
100050e0:	9301      	str	r3, [sp, #4]
100050e2:	f001 f9c5 	bl	10006470 <memcpy>
100050e6:	9b01      	ldr	r3, [sp, #4]
100050e8:	89e0      	ldrh	r0, [r4, #14]
100050ea:	68a1      	ldr	r1, [r4, #8]
100050ec:	88e2      	ldrh	r2, [r4, #6]
100050ee:	4418      	add	r0, r3
100050f0:	b280      	uxth	r0, r0
100050f2:	4419      	add	r1, r3
100050f4:	4282      	cmp	r2, r0
100050f6:	81e0      	strh	r0, [r4, #14]
100050f8:	60a1      	str	r1, [r4, #8]
100050fa:	d016      	beq.n	1000512a <usbd_control_xfer_cb+0x9e>
100050fc:	2b3f      	cmp	r3, #63	@ 0x3f
100050fe:	d914      	bls.n	1000512a <usbd_control_xfer_cb+0x9e>
10005100:	89a2      	ldrh	r2, [r4, #12]
10005102:	f994 4000 	ldrsb.w	r4, [r4]
10005106:	1a13      	subs	r3, r2, r0
10005108:	b29b      	uxth	r3, r3
1000510a:	2b40      	cmp	r3, #64	@ 0x40
1000510c:	bf28      	it	cs
1000510e:	2340      	movcs	r3, #64	@ 0x40
10005110:	2c00      	cmp	r4, #0
10005112:	db28      	blt.n	10005166 <usbd_control_xfer_cb+0xda>
10005114:	4290      	cmp	r0, r2
10005116:	f04f 0100 	mov.w	r1, #0
1000511a:	d032      	beq.n	10005182 <usbd_control_xfer_cb+0xf6>
1000511c:	4a1b      	ldr	r2, [pc, #108]	@ (1000518c <usbd_control_xfer_cb+0x100>)
1000511e:	4628      	mov	r0, r5
10005120:	f7ff fee8 	bl	10004ef4 <usbd_edpt_xfer>
10005124:	2800      	cmp	r0, #0
10005126:	d1cf      	bne.n	100050c8 <usbd_control_xfer_cb+0x3c>
10005128:	e7ba      	b.n	100050a0 <usbd_control_xfer_cb+0x14>
1000512a:	6923      	ldr	r3, [r4, #16]
1000512c:	b123      	cbz	r3, 10005138 <usbd_control_xfer_cb+0xac>
1000512e:	2102      	movs	r1, #2
10005130:	4628      	mov	r0, r5
10005132:	4a15      	ldr	r2, [pc, #84]	@ (10005188 <usbd_control_xfer_cb+0xfc>)
10005134:	4798      	blx	r3
10005136:	b168      	cbz	r0, 10005154 <usbd_control_xfer_cb+0xc8>
10005138:	2300      	movs	r3, #0
1000513a:	7821      	ldrb	r1, [r4, #0]
1000513c:	4628      	mov	r0, r5
1000513e:	f081 01ff 	eor.w	r1, r1, #255	@ 0xff
10005142:	461a      	mov	r2, r3
10005144:	f001 0180 	and.w	r1, r1, #128	@ 0x80
10005148:	f7ff fed4 	bl	10004ef4 <usbd_edpt_xfer>
1000514c:	2800      	cmp	r0, #0
1000514e:	d0a7      	beq.n	100050a0 <usbd_control_xfer_cb+0x14>
10005150:	2001      	movs	r0, #1
10005152:	e7ba      	b.n	100050ca <usbd_control_xfer_cb+0x3e>
10005154:	4601      	mov	r1, r0
10005156:	4628      	mov	r0, r5
10005158:	f7ff f8fc 	bl	10004354 <dcd_edpt_stall>
1000515c:	2180      	movs	r1, #128	@ 0x80
1000515e:	4628      	mov	r0, r5
10005160:	f7ff f8f8 	bl	10004354 <dcd_edpt_stall>
10005164:	e7b0      	b.n	100050c8 <usbd_control_xfer_cb+0x3c>
10005166:	4290      	cmp	r0, r2
10005168:	d008      	beq.n	1000517c <usbd_control_xfer_cb+0xf0>
1000516a:	461a      	mov	r2, r3
1000516c:	4807      	ldr	r0, [pc, #28]	@ (1000518c <usbd_control_xfer_cb+0x100>)
1000516e:	9301      	str	r3, [sp, #4]
10005170:	f001 f97e 	bl	10006470 <memcpy>
10005174:	2180      	movs	r1, #128	@ 0x80
10005176:	4a05      	ldr	r2, [pc, #20]	@ (1000518c <usbd_control_xfer_cb+0x100>)
10005178:	9b01      	ldr	r3, [sp, #4]
1000517a:	e7d0      	b.n	1000511e <usbd_control_xfer_cb+0x92>
1000517c:	2180      	movs	r1, #128	@ 0x80
1000517e:	2200      	movs	r2, #0
10005180:	e7cd      	b.n	1000511e <usbd_control_xfer_cb+0x92>
10005182:	460a      	mov	r2, r1
10005184:	e7cb      	b.n	1000511e <usbd_control_xfer_cb+0x92>
10005186:	bf00      	nop
10005188:	20001870 	.word	0x20001870
1000518c:	20001830 	.word	0x20001830

10005190 <_prep_out_transaction.isra.0>:
10005190:	b570      	push	{r4, r5, r6, lr}
10005192:	b082      	sub	sp, #8
10005194:	4604      	mov	r4, r0
10005196:	f7ff f99d 	bl	100044d4 <tud_mounted>
1000519a:	b908      	cbnz	r0, 100051a0 <_prep_out_transaction.isra.0+0x10>
1000519c:	b002      	add	sp, #8
1000519e:	bd70      	pop	{r4, r5, r6, pc}
100051a0:	f7ff f9a0 	bl	100044e4 <tud_suspended>
100051a4:	4602      	mov	r2, r0
100051a6:	2800      	cmp	r0, #0
100051a8:	d1f8      	bne.n	1000519c <_prep_out_transaction.isra.0+0xc>
100051aa:	23c8      	movs	r3, #200	@ 0xc8
100051ac:	fb04 f303 	mul.w	r3, r4, r3
100051b0:	4915      	ldr	r1, [pc, #84]	@ (10005208 <_prep_out_transaction.isra.0+0x78>)
100051b2:	4625      	mov	r5, r4
100051b4:	18cc      	adds	r4, r1, r3
100051b6:	78e0      	ldrb	r0, [r4, #3]
100051b8:	2800      	cmp	r0, #0
100051ba:	d0ef      	beq.n	1000519c <_prep_out_transaction.isra.0+0xc>
100051bc:	3310      	adds	r3, #16
100051be:	185e      	adds	r6, r3, r1
100051c0:	4630      	mov	r0, r6
100051c2:	9201      	str	r2, [sp, #4]
100051c4:	f000 fe02 	bl	10005dcc <tu_fifo_remaining>
100051c8:	283f      	cmp	r0, #63	@ 0x3f
100051ca:	d9e7      	bls.n	1000519c <_prep_out_transaction.isra.0+0xc>
100051cc:	78e1      	ldrb	r1, [r4, #3]
100051ce:	9801      	ldr	r0, [sp, #4]
100051d0:	f7ff fe6c 	bl	10004eac <usbd_edpt_claim>
100051d4:	2800      	cmp	r0, #0
100051d6:	d0e1      	beq.n	1000519c <_prep_out_transaction.isra.0+0xc>
100051d8:	4630      	mov	r0, r6
100051da:	f000 fdf7 	bl	10005dcc <tu_fifo_remaining>
100051de:	283f      	cmp	r0, #63	@ 0x3f
100051e0:	78e1      	ldrb	r1, [r4, #3]
100051e2:	d90a      	bls.n	100051fa <_prep_out_transaction.isra.0+0x6a>
100051e4:	2340      	movs	r3, #64	@ 0x40
100051e6:	f8df c024 	ldr.w	ip, [pc, #36]	@ 1000520c <_prep_out_transaction.isra.0+0x7c>
100051ea:	9801      	ldr	r0, [sp, #4]
100051ec:	eb0c 12c5 	add.w	r2, ip, r5, lsl #7
100051f0:	b002      	add	sp, #8
100051f2:	e8bd 4070 	ldmia.w	sp!, {r4, r5, r6, lr}
100051f6:	f7ff be7d 	b.w	10004ef4 <usbd_edpt_xfer>
100051fa:	9801      	ldr	r0, [sp, #4]
100051fc:	b002      	add	sp, #8
100051fe:	e8bd 4070 	ldmia.w	sp!, {r4, r5, r6, lr}
10005202:	f7ff be65 	b.w	10004ed0 <usbd_edpt_release>
10005206:	bf00      	nop
10005208:	20001408 	.word	0x20001408
1000520c:	200017ac 	.word	0x200017ac

10005210 <tud_cdc_n_connected>:
10005210:	b510      	push	{r4, lr}
10005212:	4604      	mov	r4, r0
10005214:	f7ff f95e 	bl	100044d4 <tud_mounted>
10005218:	b908      	cbnz	r0, 1000521e <tud_cdc_n_connected+0xe>
1000521a:	2000      	movs	r0, #0
1000521c:	bd10      	pop	{r4, pc}
1000521e:	f7ff f961 	bl	100044e4 <tud_suspended>
10005222:	2800      	cmp	r0, #0
10005224:	d1f9      	bne.n	1000521a <tud_cdc_n_connected+0xa>
10005226:	22c8      	movs	r2, #200	@ 0xc8
10005228:	4b03      	ldr	r3, [pc, #12]	@ (10005238 <tud_cdc_n_connected+0x28>)
1000522a:	fb02 3304 	mla	r3, r2, r4, r3
1000522e:	7918      	ldrb	r0, [r3, #4]
10005230:	f000 0001 	and.w	r0, r0, #1
10005234:	bd10      	pop	{r4, pc}
10005236:	bf00      	nop
10005238:	20001408 	.word	0x20001408

1000523c <tud_cdc_n_available>:
1000523c:	22c8      	movs	r2, #200	@ 0xc8
1000523e:	b508      	push	{r3, lr}
10005240:	4b02      	ldr	r3, [pc, #8]	@ (1000524c <tud_cdc_n_available+0x10>)
10005242:	fb02 3000 	mla	r0, r2, r0, r3
10005246:	f000 fda7 	bl	10005d98 <tu_fifo_count>
1000524a:	bd08      	pop	{r3, pc}
1000524c:	20001418 	.word	0x20001418

10005250 <tud_cdc_n_read>:
10005250:	f64f 73ff 	movw	r3, #65535	@ 0xffff
10005254:	e92d 41f0 	stmdb	sp!, {r4, r5, r6, r7, r8, lr}
10005258:	24c8      	movs	r4, #200	@ 0xc8
1000525a:	429a      	cmp	r2, r3
1000525c:	bf28      	it	cs
1000525e:	461a      	movcs	r2, r3
10005260:	fb00 f404 	mul.w	r4, r0, r4
10005264:	4d1b      	ldr	r5, [pc, #108]	@ (100052d4 <tud_cdc_n_read+0x84>)
10005266:	f104 0310 	add.w	r3, r4, #16
1000526a:	b082      	sub	sp, #8
1000526c:	4680      	mov	r8, r0
1000526e:	b292      	uxth	r2, r2
10005270:	1958      	adds	r0, r3, r5
10005272:	195f      	adds	r7, r3, r5
10005274:	f000 fe0a 	bl	10005e8c <tu_fifo_read_n>
10005278:	4606      	mov	r6, r0
1000527a:	f7ff f92b 	bl	100044d4 <tud_mounted>
1000527e:	b918      	cbnz	r0, 10005288 <tud_cdc_n_read+0x38>
10005280:	4630      	mov	r0, r6
10005282:	b002      	add	sp, #8
10005284:	e8bd 81f0 	ldmia.w	sp!, {r4, r5, r6, r7, r8, pc}
10005288:	f7ff f92c 	bl	100044e4 <tud_suspended>
1000528c:	2800      	cmp	r0, #0
1000528e:	d1f7      	bne.n	10005280 <tud_cdc_n_read+0x30>
10005290:	4425      	add	r5, r4
10005292:	78ea      	ldrb	r2, [r5, #3]
10005294:	2a00      	cmp	r2, #0
10005296:	d0f3      	beq.n	10005280 <tud_cdc_n_read+0x30>
10005298:	9001      	str	r0, [sp, #4]
1000529a:	4638      	mov	r0, r7
1000529c:	f000 fd96 	bl	10005dcc <tu_fifo_remaining>
100052a0:	283f      	cmp	r0, #63	@ 0x3f
100052a2:	d9ed      	bls.n	10005280 <tud_cdc_n_read+0x30>
100052a4:	9801      	ldr	r0, [sp, #4]
100052a6:	78e9      	ldrb	r1, [r5, #3]
100052a8:	f7ff fe00 	bl	10004eac <usbd_edpt_claim>
100052ac:	2800      	cmp	r0, #0
100052ae:	d0e7      	beq.n	10005280 <tud_cdc_n_read+0x30>
100052b0:	4638      	mov	r0, r7
100052b2:	f000 fd8b 	bl	10005dcc <tu_fifo_remaining>
100052b6:	283f      	cmp	r0, #63	@ 0x3f
100052b8:	78e9      	ldrb	r1, [r5, #3]
100052ba:	d907      	bls.n	100052cc <tud_cdc_n_read+0x7c>
100052bc:	4a06      	ldr	r2, [pc, #24]	@ (100052d8 <tud_cdc_n_read+0x88>)
100052be:	2340      	movs	r3, #64	@ 0x40
100052c0:	9801      	ldr	r0, [sp, #4]
100052c2:	eb02 12c8 	add.w	r2, r2, r8, lsl #7
100052c6:	f7ff fe15 	bl	10004ef4 <usbd_edpt_xfer>
100052ca:	e7d9      	b.n	10005280 <tud_cdc_n_read+0x30>
100052cc:	9801      	ldr	r0, [sp, #4]
100052ce:	f7ff fdff 	bl	10004ed0 <usbd_edpt_release>
100052d2:	e7d5      	b.n	10005280 <tud_cdc_n_read+0x30>
100052d4:	20001408 	.word	0x20001408
100052d8:	200017ac 	.word	0x200017ac

100052dc <tud_cdc_n_write_flush>:
100052dc:	b5f0      	push	{r4, r5, r6, r7, lr}
100052de:	b083      	sub	sp, #12
100052e0:	4605      	mov	r5, r0
100052e2:	f7ff f8f7 	bl	100044d4 <tud_mounted>
100052e6:	b910      	cbnz	r0, 100052ee <tud_cdc_n_write_flush+0x12>
100052e8:	2000      	movs	r0, #0
100052ea:	b003      	add	sp, #12
100052ec:	bdf0      	pop	{r4, r5, r6, r7, pc}
100052ee:	f7ff f8f9 	bl	100044e4 <tud_suspended>
100052f2:	4604      	mov	r4, r0
100052f4:	2800      	cmp	r0, #0
100052f6:	d1f7      	bne.n	100052e8 <tud_cdc_n_write_flush+0xc>
100052f8:	23c8      	movs	r3, #200	@ 0xc8
100052fa:	fb05 f303 	mul.w	r3, r5, r3
100052fe:	4a1a      	ldr	r2, [pc, #104]	@ (10005368 <tud_cdc_n_write_flush+0x8c>)
10005300:	f103 0124 	add.w	r1, r3, #36	@ 0x24
10005304:	188f      	adds	r7, r1, r2
10005306:	4638      	mov	r0, r7
10005308:	9300      	str	r3, [sp, #0]
1000530a:	f000 fd45 	bl	10005d98 <tu_fifo_count>
1000530e:	2800      	cmp	r0, #0
10005310:	d0ea      	beq.n	100052e8 <tud_cdc_n_write_flush+0xc>
10005312:	4a15      	ldr	r2, [pc, #84]	@ (10005368 <tud_cdc_n_write_flush+0x8c>)
10005314:	9b00      	ldr	r3, [sp, #0]
10005316:	4620      	mov	r0, r4
10005318:	18d6      	adds	r6, r2, r3
1000531a:	78b1      	ldrb	r1, [r6, #2]
1000531c:	f7ff fdc6 	bl	10004eac <usbd_edpt_claim>
10005320:	2800      	cmp	r0, #0
10005322:	d0e1      	beq.n	100052e8 <tud_cdc_n_write_flush+0xc>
10005324:	4911      	ldr	r1, [pc, #68]	@ (1000536c <tud_cdc_n_write_flush+0x90>)
10005326:	4638      	mov	r0, r7
10005328:	eb01 11c5 	add.w	r1, r1, r5, lsl #7
1000532c:	2240      	movs	r2, #64	@ 0x40
1000532e:	9100      	str	r1, [sp, #0]
10005330:	f000 fdac 	bl	10005e8c <tu_fifo_read_n>
10005334:	f896 c002 	ldrb.w	ip, [r6, #2]
10005338:	4603      	mov	r3, r0
1000533a:	b170      	cbz	r0, 1000535a <tud_cdc_n_write_flush+0x7e>
1000533c:	9001      	str	r0, [sp, #4]
1000533e:	4661      	mov	r1, ip
10005340:	4620      	mov	r0, r4
10005342:	9a00      	ldr	r2, [sp, #0]
10005344:	f7ff fdd6 	bl	10004ef4 <usbd_edpt_xfer>
10005348:	b958      	cbnz	r0, 10005362 <tud_cdc_n_write_flush+0x86>
1000534a:	f04f 23e0 	mov.w	r3, #3758153728	@ 0xe000e000
1000534e:	f8d3 3df0 	ldr.w	r3, [r3, #3568]	@ 0xdf0
10005352:	07db      	lsls	r3, r3, #31
10005354:	d5c8      	bpl.n	100052e8 <tud_cdc_n_write_flush+0xc>
10005356:	be00      	bkpt	0x0000
10005358:	e7c6      	b.n	100052e8 <tud_cdc_n_write_flush+0xc>
1000535a:	4661      	mov	r1, ip
1000535c:	f7ff fdb8 	bl	10004ed0 <usbd_edpt_release>
10005360:	e7c2      	b.n	100052e8 <tud_cdc_n_write_flush+0xc>
10005362:	9801      	ldr	r0, [sp, #4]
10005364:	e7c1      	b.n	100052ea <tud_cdc_n_write_flush+0xe>
10005366:	bf00      	nop
10005368:	20001408 	.word	0x20001408
1000536c:	200017ec 	.word	0x200017ec

10005370 <tud_cdc_n_write>:
10005370:	b570      	push	{r4, r5, r6, lr}
10005372:	4605      	mov	r5, r0
10005374:	f64f 70ff 	movw	r0, #65535	@ 0xffff
10005378:	23c8      	movs	r3, #200	@ 0xc8
1000537a:	4282      	cmp	r2, r0
1000537c:	bf28      	it	cs
1000537e:	4602      	movcs	r2, r0
10005380:	4c09      	ldr	r4, [pc, #36]	@ (100053a8 <tud_cdc_n_write+0x38>)
10005382:	b292      	uxth	r2, r2
10005384:	fb03 4405 	mla	r4, r3, r5, r4
10005388:	4620      	mov	r0, r4
1000538a:	f000 fe43 	bl	10006014 <tu_fifo_write_n>
1000538e:	4606      	mov	r6, r0
10005390:	4620      	mov	r0, r4
10005392:	f000 fd01 	bl	10005d98 <tu_fifo_count>
10005396:	283f      	cmp	r0, #63	@ 0x3f
10005398:	d801      	bhi.n	1000539e <tud_cdc_n_write+0x2e>
1000539a:	4630      	mov	r0, r6
1000539c:	bd70      	pop	{r4, r5, r6, pc}
1000539e:	4628      	mov	r0, r5
100053a0:	f7ff ff9c 	bl	100052dc <tud_cdc_n_write_flush>
100053a4:	4630      	mov	r0, r6
100053a6:	bd70      	pop	{r4, r5, r6, pc}
100053a8:	2000142c 	.word	0x2000142c

100053ac <tud_cdc_n_write_available>:
100053ac:	22c8      	movs	r2, #200	@ 0xc8
100053ae:	b508      	push	{r3, lr}
100053b0:	4b02      	ldr	r3, [pc, #8]	@ (100053bc <tud_cdc_n_write_available+0x10>)
100053b2:	fb02 3000 	mla	r0, r2, r0, r3
100053b6:	f000 fd09 	bl	10005dcc <tu_fifo_remaining>
100053ba:	bd08      	pop	{r3, pc}
100053bc:	2000142c 	.word	0x2000142c

100053c0 <cdcd_init>:
100053c0:	b570      	push	{r4, r5, r6, lr}
100053c2:	2400      	movs	r4, #0
100053c4:	b082      	sub	sp, #8
100053c6:	22c8      	movs	r2, #200	@ 0xc8
100053c8:	2100      	movs	r1, #0
100053ca:	4818      	ldr	r0, [pc, #96]	@ (1000542c <cdcd_init+0x6c>)
100053cc:	f001 f806 	bl	100063dc <memset>
100053d0:	23ff      	movs	r3, #255	@ 0xff
100053d2:	f44f 31e1 	mov.w	r1, #115200	@ 0x1c200
100053d6:	2208      	movs	r2, #8
100053d8:	4815      	ldr	r0, [pc, #84]	@ (10005430 <cdcd_init+0x70>)
100053da:	7004      	strb	r4, [r0, #0]
100053dc:	4813      	ldr	r0, [pc, #76]	@ (1000542c <cdcd_init+0x6c>)
100053de:	9400      	str	r4, [sp, #0]
100053e0:	4606      	mov	r6, r0
100053e2:	7143      	strb	r3, [r0, #5]
100053e4:	6081      	str	r1, [r0, #8]
100053e6:	7382      	strb	r2, [r0, #14]
100053e8:	f100 0138 	add.w	r1, r0, #56	@ 0x38
100053ec:	2301      	movs	r3, #1
100053ee:	2240      	movs	r2, #64	@ 0x40
100053f0:	3010      	adds	r0, #16
100053f2:	f000 fca1 	bl	10005d38 <tu_fifo_config>
100053f6:	2301      	movs	r3, #1
100053f8:	2240      	movs	r2, #64	@ 0x40
100053fa:	f106 0178 	add.w	r1, r6, #120	@ 0x78
100053fe:	9300      	str	r3, [sp, #0]
10005400:	f106 05b8 	add.w	r5, r6, #184	@ 0xb8
10005404:	f106 0024 	add.w	r0, r6, #36	@ 0x24
10005408:	f000 fc96 	bl	10005d38 <tu_fifo_config>
1000540c:	4628      	mov	r0, r5
1000540e:	f7fb fc0b 	bl	10000c28 <mutex_init>
10005412:	f106 00c0 	add.w	r0, r6, #192	@ 0xc0
10005416:	f7fb fc07 	bl	10000c28 <mutex_init>
1000541a:	f106 00c0 	add.w	r0, r6, #192	@ 0xc0
1000541e:	e9c6 4507 	strd	r4, r5, [r6, #28]
10005422:	e9c6 040c 	strd	r0, r4, [r6, #48]	@ 0x30
10005426:	b002      	add	sp, #8
10005428:	bd70      	pop	{r4, r5, r6, pc}
1000542a:	bf00      	nop
1000542c:	20001408 	.word	0x20001408
10005430:	2000182c 	.word	0x2000182c

10005434 <cdcd_deinit>:
10005434:	4b0a      	ldr	r3, [pc, #40]	@ (10005460 <cdcd_deinit+0x2c>)
10005436:	6b19      	ldr	r1, [r3, #48]	@ 0x30
10005438:	6a1a      	ldr	r2, [r3, #32]
1000543a:	b161      	cbz	r1, 10005456 <cdcd_deinit+0x22>
1000543c:	b13a      	cbz	r2, 1000544e <cdcd_deinit+0x1a>
1000543e:	2200      	movs	r2, #0
10005440:	e9c3 220c 	strd	r2, r2, [r3, #48]	@ 0x30
10005444:	61da      	str	r2, [r3, #28]
10005446:	2200      	movs	r2, #0
10005448:	621a      	str	r2, [r3, #32]
1000544a:	2001      	movs	r0, #1
1000544c:	4770      	bx	lr
1000544e:	2001      	movs	r0, #1
10005450:	e9c3 220c 	strd	r2, r2, [r3, #48]	@ 0x30
10005454:	4770      	bx	lr
10005456:	2a00      	cmp	r2, #0
10005458:	d0f7      	beq.n	1000544a <cdcd_deinit+0x16>
1000545a:	61d9      	str	r1, [r3, #28]
1000545c:	e7f3      	b.n	10005446 <cdcd_deinit+0x12>
1000545e:	bf00      	nop
10005460:	20001408 	.word	0x20001408

10005464 <cdcd_reset>:
10005464:	2200      	movs	r2, #0
10005466:	4910      	ldr	r1, [pc, #64]	@ (100054a8 <cdcd_reset+0x44>)
10005468:	b508      	push	{r3, lr}
1000546a:	4810      	ldr	r0, [pc, #64]	@ (100054ac <cdcd_reset+0x48>)
1000546c:	780b      	ldrb	r3, [r1, #0]
1000546e:	6002      	str	r2, [r0, #0]
10005470:	7102      	strb	r2, [r0, #4]
10005472:	07da      	lsls	r2, r3, #31
10005474:	d507      	bpl.n	10005486 <cdcd_reset+0x22>
10005476:	079b      	lsls	r3, r3, #30
10005478:	d50c      	bpl.n	10005494 <cdcd_reset+0x30>
1000547a:	e8bd 4008 	ldmia.w	sp!, {r3, lr}
1000547e:	2101      	movs	r1, #1
10005480:	480b      	ldr	r0, [pc, #44]	@ (100054b0 <cdcd_reset+0x4c>)
10005482:	f000 be8b 	b.w	1000619c <tu_fifo_set_overwritable>
10005486:	3010      	adds	r0, #16
10005488:	f000 fe6c 	bl	10006164 <tu_fifo_clear>
1000548c:	4906      	ldr	r1, [pc, #24]	@ (100054a8 <cdcd_reset+0x44>)
1000548e:	780b      	ldrb	r3, [r1, #0]
10005490:	079b      	lsls	r3, r3, #30
10005492:	d4f2      	bmi.n	1000547a <cdcd_reset+0x16>
10005494:	4806      	ldr	r0, [pc, #24]	@ (100054b0 <cdcd_reset+0x4c>)
10005496:	f000 fe65 	bl	10006164 <tu_fifo_clear>
1000549a:	e8bd 4008 	ldmia.w	sp!, {r3, lr}
1000549e:	2101      	movs	r1, #1
100054a0:	4803      	ldr	r0, [pc, #12]	@ (100054b0 <cdcd_reset+0x4c>)
100054a2:	f000 be7b 	b.w	1000619c <tu_fifo_set_overwritable>
100054a6:	bf00      	nop
100054a8:	2000182c 	.word	0x2000182c
100054ac:	20001408 	.word	0x20001408
100054b0:	2000142c 	.word	0x2000142c

100054b4 <cdcd_open>:
100054b4:	b570      	push	{r4, r5, r6, lr}
100054b6:	794b      	ldrb	r3, [r1, #5]
100054b8:	b084      	sub	sp, #16
100054ba:	2b02      	cmp	r3, #2
100054bc:	d102      	bne.n	100054c4 <cdcd_open+0x10>
100054be:	798b      	ldrb	r3, [r1, #6]
100054c0:	2b02      	cmp	r3, #2
100054c2:	d003      	beq.n	100054cc <cdcd_open+0x18>
100054c4:	2400      	movs	r4, #0
100054c6:	4620      	mov	r0, r4
100054c8:	b004      	add	sp, #16
100054ca:	bd70      	pop	{r4, r5, r6, pc}
100054cc:	4b2b      	ldr	r3, [pc, #172]	@ (1000557c <cdcd_open+0xc8>)
100054ce:	789b      	ldrb	r3, [r3, #2]
100054d0:	b13b      	cbz	r3, 100054e2 <cdcd_open+0x2e>
100054d2:	f04f 23e0 	mov.w	r3, #3758153728	@ 0xe000e000
100054d6:	f8d3 3df0 	ldr.w	r3, [r3, #3568]	@ 0xdf0
100054da:	07db      	lsls	r3, r3, #31
100054dc:	d5f2      	bpl.n	100054c4 <cdcd_open+0x10>
100054de:	be00      	bkpt	0x0000
100054e0:	e7f0      	b.n	100054c4 <cdcd_open+0x10>
100054e2:	788b      	ldrb	r3, [r1, #2]
100054e4:	4605      	mov	r5, r0
100054e6:	4825      	ldr	r0, [pc, #148]	@ (1000557c <cdcd_open+0xc8>)
100054e8:	7003      	strb	r3, [r0, #0]
100054ea:	780b      	ldrb	r3, [r1, #0]
100054ec:	4419      	add	r1, r3
100054ee:	f891 c001 	ldrb.w	ip, [r1, #1]
100054f2:	f1bc 0f24 	cmp.w	ip, #36	@ 0x24
100054f6:	bf08      	it	eq
100054f8:	2409      	moveq	r4, #9
100054fa:	d009      	beq.n	10005510 <cdcd_open+0x5c>
100054fc:	e03b      	b.n	10005576 <cdcd_open+0xc2>
100054fe:	780b      	ldrb	r3, [r1, #0]
10005500:	4419      	add	r1, r3
10005502:	f891 c001 	ldrb.w	ip, [r1, #1]
10005506:	4423      	add	r3, r4
10005508:	f1bc 0f24 	cmp.w	ip, #36	@ 0x24
1000550c:	b29c      	uxth	r4, r3
1000550e:	d107      	bne.n	10005520 <cdcd_open+0x6c>
10005510:	4294      	cmp	r4, r2
10005512:	d9f4      	bls.n	100054fe <cdcd_open+0x4a>
10005514:	2000      	movs	r0, #0
10005516:	f7ff fe3b 	bl	10005190 <_prep_out_transaction.isra.0>
1000551a:	4620      	mov	r0, r4
1000551c:	b004      	add	sp, #16
1000551e:	bd70      	pop	{r4, r5, r6, pc}
10005520:	4663      	mov	r3, ip
10005522:	f1bc 0f05 	cmp.w	ip, #5
10005526:	d016      	beq.n	10005556 <cdcd_open+0xa2>
10005528:	2b04      	cmp	r3, #4
1000552a:	d1f3      	bne.n	10005514 <cdcd_open+0x60>
1000552c:	794b      	ldrb	r3, [r1, #5]
1000552e:	2b0a      	cmp	r3, #10
10005530:	d1f0      	bne.n	10005514 <cdcd_open+0x60>
10005532:	4b13      	ldr	r3, [pc, #76]	@ (10005580 <cdcd_open+0xcc>)
10005534:	780a      	ldrb	r2, [r1, #0]
10005536:	9301      	str	r3, [sp, #4]
10005538:	3301      	adds	r3, #1
1000553a:	9300      	str	r3, [sp, #0]
1000553c:	2302      	movs	r3, #2
1000553e:	4616      	mov	r6, r2
10005540:	4411      	add	r1, r2
10005542:	4628      	mov	r0, r5
10005544:	461a      	mov	r2, r3
10005546:	f7ff fc33 	bl	10004db0 <usbd_open_edpt_pair>
1000554a:	2800      	cmp	r0, #0
1000554c:	d0c1      	beq.n	100054d2 <cdcd_open+0x1e>
1000554e:	340e      	adds	r4, #14
10005550:	1933      	adds	r3, r6, r4
10005552:	b29c      	uxth	r4, r3
10005554:	e7de      	b.n	10005514 <cdcd_open+0x60>
10005556:	4628      	mov	r0, r5
10005558:	9103      	str	r1, [sp, #12]
1000555a:	f7ff fc79 	bl	10004e50 <usbd_edpt_open>
1000555e:	9903      	ldr	r1, [sp, #12]
10005560:	2800      	cmp	r0, #0
10005562:	d0b6      	beq.n	100054d2 <cdcd_open+0x1e>
10005564:	788b      	ldrb	r3, [r1, #2]
10005566:	4a05      	ldr	r2, [pc, #20]	@ (1000557c <cdcd_open+0xc8>)
10005568:	7053      	strb	r3, [r2, #1]
1000556a:	780b      	ldrb	r3, [r1, #0]
1000556c:	191a      	adds	r2, r3, r4
1000556e:	4419      	add	r1, r3
10005570:	784b      	ldrb	r3, [r1, #1]
10005572:	b294      	uxth	r4, r2
10005574:	e7d8      	b.n	10005528 <cdcd_open+0x74>
10005576:	4663      	mov	r3, ip
10005578:	2409      	movs	r4, #9
1000557a:	e7d2      	b.n	10005522 <cdcd_open+0x6e>
1000557c:	20001408 	.word	0x20001408
10005580:	2000140a 	.word	0x2000140a

10005584 <cdcd_control_xfer_cb>:
10005584:	7813      	ldrb	r3, [r2, #0]
10005586:	f003 0360 	and.w	r3, r3, #96	@ 0x60
1000558a:	2b20      	cmp	r3, #32
1000558c:	d10b      	bne.n	100055a6 <cdcd_control_xfer_cb+0x22>
1000558e:	b500      	push	{lr}
10005590:	f8df c0bc 	ldr.w	ip, [pc, #188]	@ 10005650 <cdcd_control_xfer_cb+0xcc>
10005594:	8893      	ldrh	r3, [r2, #4]
10005596:	f89c e000 	ldrb.w	lr, [ip]
1000559a:	b083      	sub	sp, #12
1000559c:	459e      	cmp	lr, r3
1000559e:	d004      	beq.n	100055aa <cdcd_control_xfer_cb+0x26>
100055a0:	2000      	movs	r0, #0
100055a2:	b003      	add	sp, #12
100055a4:	bd00      	pop	{pc}
100055a6:	2000      	movs	r0, #0
100055a8:	4770      	bx	lr
100055aa:	7853      	ldrb	r3, [r2, #1]
100055ac:	3b20      	subs	r3, #32
100055ae:	2b03      	cmp	r3, #3
100055b0:	d8f6      	bhi.n	100055a0 <cdcd_control_xfer_cb+0x1c>
100055b2:	e8df f003 	tbb	[pc, r3]
100055b6:	272c      	.short	0x272c
100055b8:	020d      	.short	0x020d
100055ba:	2901      	cmp	r1, #1
100055bc:	d033      	beq.n	10005626 <cdcd_control_xfer_cb+0xa2>
100055be:	2903      	cmp	r1, #3
100055c0:	d122      	bne.n	10005608 <cdcd_control_xfer_cb+0x84>
100055c2:	4b1e      	ldr	r3, [pc, #120]	@ (1000563c <cdcd_control_xfer_cb+0xb8>)
100055c4:	b303      	cbz	r3, 10005608 <cdcd_control_xfer_cb+0x84>
100055c6:	2000      	movs	r0, #0
100055c8:	8851      	ldrh	r1, [r2, #2]
100055ca:	f3af 8000 	nop.w
100055ce:	e01b      	b.n	10005608 <cdcd_control_xfer_cb+0x84>
100055d0:	2901      	cmp	r1, #1
100055d2:	d028      	beq.n	10005626 <cdcd_control_xfer_cb+0xa2>
100055d4:	2903      	cmp	r1, #3
100055d6:	d117      	bne.n	10005608 <cdcd_control_xfer_cb+0x84>
100055d8:	8852      	ldrh	r2, [r2, #2]
100055da:	4819      	ldr	r0, [pc, #100]	@ (10005640 <cdcd_control_xfer_cb+0xbc>)
100055dc:	f002 0301 	and.w	r3, r2, #1
100055e0:	f083 0101 	eor.w	r1, r3, #1
100055e4:	9301      	str	r3, [sp, #4]
100055e6:	f88c 2004 	strb.w	r2, [ip, #4]
100055ea:	9200      	str	r2, [sp, #0]
100055ec:	f000 fdd6 	bl	1000619c <tu_fifo_set_overwritable>
100055f0:	4914      	ldr	r1, [pc, #80]	@ (10005644 <cdcd_control_xfer_cb+0xc0>)
100055f2:	b149      	cbz	r1, 10005608 <cdcd_control_xfer_cb+0x84>
100055f4:	9a00      	ldr	r2, [sp, #0]
100055f6:	2000      	movs	r0, #0
100055f8:	9901      	ldr	r1, [sp, #4]
100055fa:	f3c2 0240 	ubfx	r2, r2, #1, #1
100055fe:	f3af 8000 	nop.w
10005602:	e001      	b.n	10005608 <cdcd_control_xfer_cb+0x84>
10005604:	2901      	cmp	r1, #1
10005606:	d012      	beq.n	1000562e <cdcd_control_xfer_cb+0xaa>
10005608:	2001      	movs	r0, #1
1000560a:	b003      	add	sp, #12
1000560c:	bd00      	pop	{pc}
1000560e:	2901      	cmp	r1, #1
10005610:	d00d      	beq.n	1000562e <cdcd_control_xfer_cb+0xaa>
10005612:	2903      	cmp	r1, #3
10005614:	d1f8      	bne.n	10005608 <cdcd_control_xfer_cb+0x84>
10005616:	4b0c      	ldr	r3, [pc, #48]	@ (10005648 <cdcd_control_xfer_cb+0xc4>)
10005618:	2b00      	cmp	r3, #0
1000561a:	d0f5      	beq.n	10005608 <cdcd_control_xfer_cb+0x84>
1000561c:	2000      	movs	r0, #0
1000561e:	490b      	ldr	r1, [pc, #44]	@ (1000564c <cdcd_control_xfer_cb+0xc8>)
10005620:	f7fe fa36 	bl	10003a90 <tud_cdc_line_coding_cb>
10005624:	e7f0      	b.n	10005608 <cdcd_control_xfer_cb+0x84>
10005626:	4611      	mov	r1, r2
10005628:	f7ff fc9c 	bl	10004f64 <tud_control_status>
1000562c:	e7ec      	b.n	10005608 <cdcd_control_xfer_cb+0x84>
1000562e:	4611      	mov	r1, r2
10005630:	2307      	movs	r3, #7
10005632:	4a06      	ldr	r2, [pc, #24]	@ (1000564c <cdcd_control_xfer_cb+0xc8>)
10005634:	f7ff fcb2 	bl	10004f9c <tud_control_xfer>
10005638:	e7e6      	b.n	10005608 <cdcd_control_xfer_cb+0x84>
1000563a:	bf00      	nop
1000563c:	00000000 	.word	0x00000000
10005640:	2000142c 	.word	0x2000142c
10005644:	00000000 	.word	0x00000000
10005648:	10003a91 	.word	0x10003a91
1000564c:	20001410 	.word	0x20001410
10005650:	20001408 	.word	0x20001408

10005654 <cdcd_xfer_cb>:
10005654:	e92d 41f0 	stmdb	sp!, {r4, r5, r6, r7, r8, lr}
10005658:	4c35      	ldr	r4, [pc, #212]	@ (10005730 <cdcd_xfer_cb+0xdc>)
1000565a:	460d      	mov	r5, r1
1000565c:	78e2      	ldrb	r2, [r4, #3]
1000565e:	4607      	mov	r7, r0
10005660:	428a      	cmp	r2, r1
10005662:	461e      	mov	r6, r3
10005664:	b082      	sub	sp, #8
10005666:	d02f      	beq.n	100056c8 <cdcd_xfer_cb+0x74>
10005668:	78a3      	ldrb	r3, [r4, #2]
1000566a:	428b      	cmp	r3, r1
1000566c:	d009      	beq.n	10005682 <cdcd_xfer_cb+0x2e>
1000566e:	f04f 23e0 	mov.w	r3, #3758153728	@ 0xe000e000
10005672:	f8d3 3df0 	ldr.w	r3, [r3, #3568]	@ 0xdf0
10005676:	07db      	lsls	r3, r3, #31
10005678:	d424      	bmi.n	100056c4 <cdcd_xfer_cb+0x70>
1000567a:	2000      	movs	r0, #0
1000567c:	b002      	add	sp, #8
1000567e:	e8bd 81f0 	ldmia.w	sp!, {r4, r5, r6, r7, r8, pc}
10005682:	4b2c      	ldr	r3, [pc, #176]	@ (10005734 <cdcd_xfer_cb+0xe0>)
10005684:	b113      	cbz	r3, 1000568c <cdcd_xfer_cb+0x38>
10005686:	2000      	movs	r0, #0
10005688:	f3af 8000 	nop.w
1000568c:	2000      	movs	r0, #0
1000568e:	f7ff fe25 	bl	100052dc <tud_cdc_n_write_flush>
10005692:	2800      	cmp	r0, #0
10005694:	d147      	bne.n	10005726 <cdcd_xfer_cb+0xd2>
10005696:	4828      	ldr	r0, [pc, #160]	@ (10005738 <cdcd_xfer_cb+0xe4>)
10005698:	f000 fb7e 	bl	10005d98 <tu_fifo_count>
1000569c:	2800      	cmp	r0, #0
1000569e:	d142      	bne.n	10005726 <cdcd_xfer_cb+0xd2>
100056a0:	2e00      	cmp	r6, #0
100056a2:	d040      	beq.n	10005726 <cdcd_xfer_cb+0xd2>
100056a4:	f016 053f 	ands.w	r5, r6, #63	@ 0x3f
100056a8:	d13d      	bne.n	10005726 <cdcd_xfer_cb+0xd2>
100056aa:	4638      	mov	r0, r7
100056ac:	78a1      	ldrb	r1, [r4, #2]
100056ae:	f7ff fbfd 	bl	10004eac <usbd_edpt_claim>
100056b2:	2800      	cmp	r0, #0
100056b4:	d037      	beq.n	10005726 <cdcd_xfer_cb+0xd2>
100056b6:	462b      	mov	r3, r5
100056b8:	462a      	mov	r2, r5
100056ba:	4638      	mov	r0, r7
100056bc:	78a1      	ldrb	r1, [r4, #2]
100056be:	f7ff fc19 	bl	10004ef4 <usbd_edpt_xfer>
100056c2:	e030      	b.n	10005726 <cdcd_xfer_cb+0xd2>
100056c4:	be00      	bkpt	0x0000
100056c6:	e7d8      	b.n	1000567a <cdcd_xfer_cb+0x26>
100056c8:	b29a      	uxth	r2, r3
100056ca:	491c      	ldr	r1, [pc, #112]	@ (1000573c <cdcd_xfer_cb+0xe8>)
100056cc:	f104 0010 	add.w	r0, r4, #16
100056d0:	f000 fca0 	bl	10006014 <tu_fifo_write_n>
100056d4:	4b1a      	ldr	r3, [pc, #104]	@ (10005740 <cdcd_xfer_cb+0xec>)
100056d6:	b1d3      	cbz	r3, 1000570e <cdcd_xfer_cb+0xba>
100056d8:	7962      	ldrb	r2, [r4, #5]
100056da:	2aff      	cmp	r2, #255	@ 0xff
100056dc:	d017      	beq.n	1000570e <cdcd_xfer_cb+0xba>
100056de:	b1b6      	cbz	r6, 1000570e <cdcd_xfer_cb+0xba>
100056e0:	4b16      	ldr	r3, [pc, #88]	@ (1000573c <cdcd_xfer_cb+0xe8>)
100056e2:	eb03 0806 	add.w	r8, r3, r6
100056e6:	e002      	b.n	100056ee <cdcd_xfer_cb+0x9a>
100056e8:	4543      	cmp	r3, r8
100056ea:	d010      	beq.n	1000570e <cdcd_xfer_cb+0xba>
100056ec:	7962      	ldrb	r2, [r4, #5]
100056ee:	f813 1b01 	ldrb.w	r1, [r3], #1
100056f2:	4291      	cmp	r1, r2
100056f4:	d1f8      	bne.n	100056e8 <cdcd_xfer_cb+0x94>
100056f6:	4813      	ldr	r0, [pc, #76]	@ (10005744 <cdcd_xfer_cb+0xf0>)
100056f8:	9301      	str	r3, [sp, #4]
100056fa:	f000 fb5d 	bl	10005db8 <tu_fifo_empty>
100056fe:	9b01      	ldr	r3, [sp, #4]
10005700:	2800      	cmp	r0, #0
10005702:	d1f1      	bne.n	100056e8 <cdcd_xfer_cb+0x94>
10005704:	7961      	ldrb	r1, [r4, #5]
10005706:	f3af 8000 	nop.w
1000570a:	9b01      	ldr	r3, [sp, #4]
1000570c:	e7ec      	b.n	100056e8 <cdcd_xfer_cb+0x94>
1000570e:	4b0e      	ldr	r3, [pc, #56]	@ (10005748 <cdcd_xfer_cb+0xf4>)
10005710:	b11b      	cbz	r3, 1000571a <cdcd_xfer_cb+0xc6>
10005712:	480c      	ldr	r0, [pc, #48]	@ (10005744 <cdcd_xfer_cb+0xf0>)
10005714:	f000 fb50 	bl	10005db8 <tu_fifo_empty>
10005718:	b138      	cbz	r0, 1000572a <cdcd_xfer_cb+0xd6>
1000571a:	2000      	movs	r0, #0
1000571c:	f7ff fd38 	bl	10005190 <_prep_out_transaction.isra.0>
10005720:	78a3      	ldrb	r3, [r4, #2]
10005722:	42ab      	cmp	r3, r5
10005724:	d0ad      	beq.n	10005682 <cdcd_xfer_cb+0x2e>
10005726:	2001      	movs	r0, #1
10005728:	e7a8      	b.n	1000567c <cdcd_xfer_cb+0x28>
1000572a:	f3af 8000 	nop.w
1000572e:	e7f4      	b.n	1000571a <cdcd_xfer_cb+0xc6>
10005730:	20001408 	.word	0x20001408
10005734:	00000000 	.word	0x00000000
10005738:	2000142c 	.word	0x2000142c
1000573c:	200017ac 	.word	0x200017ac
10005740:	00000000 	.word	0x00000000
10005744:	20001418 	.word	0x20001418
10005748:	00000000 	.word	0x00000000

1000574c <vendord_init>:
1000574c:	b5f0      	push	{r4, r5, r6, r7, lr}
1000574e:	f44f 7213 	mov.w	r2, #588	@ 0x24c
10005752:	b085      	sub	sp, #20
10005754:	2100      	movs	r1, #0
10005756:	4812      	ldr	r0, [pc, #72]	@ (100057a0 <vendord_init+0x54>)
10005758:	f000 fe40 	bl	100063dc <memset>
1000575c:	2640      	movs	r6, #64	@ 0x40
1000575e:	2300      	movs	r3, #0
10005760:	f44f 7580 	mov.w	r5, #256	@ 0x100
10005764:	4f0e      	ldr	r7, [pc, #56]	@ (100057a0 <vendord_init+0x54>)
10005766:	4c0f      	ldr	r4, [pc, #60]	@ (100057a4 <vendord_init+0x58>)
10005768:	f507 72a6 	add.w	r2, r7, #332	@ 0x14c
1000576c:	4619      	mov	r1, r3
1000576e:	e9cd 4602 	strd	r4, r6, [sp, #8]
10005772:	9200      	str	r2, [sp, #0]
10005774:	9501      	str	r5, [sp, #4]
10005776:	461a      	mov	r2, r3
10005778:	f507 7094 	add.w	r0, r7, #296	@ 0x128
1000577c:	f000 f9d6 	bl	10005b2c <tu_edpt_stream_init>
10005780:	2300      	movs	r3, #0
10005782:	f107 0128 	add.w	r1, r7, #40	@ 0x28
10005786:	4434      	add	r4, r6
10005788:	9100      	str	r1, [sp, #0]
1000578a:	2201      	movs	r2, #1
1000578c:	4619      	mov	r1, r3
1000578e:	e9cd 4602 	strd	r4, r6, [sp, #8]
10005792:	9501      	str	r5, [sp, #4]
10005794:	1d38      	adds	r0, r7, #4
10005796:	f000 f9c9 	bl	10005b2c <tu_edpt_stream_init>
1000579a:	b005      	add	sp, #20
1000579c:	bdf0      	pop	{r4, r5, r6, r7, pc}
1000579e:	bf00      	nop
100057a0:	20001a4c 	.word	0x20001a4c
100057a4:	200019cc 	.word	0x200019cc

100057a8 <vendord_deinit>:
100057a8:	b508      	push	{r3, lr}
100057aa:	4804      	ldr	r0, [pc, #16]	@ (100057bc <vendord_deinit+0x14>)
100057ac:	f000 f9ea 	bl	10005b84 <tu_edpt_stream_deinit>
100057b0:	4803      	ldr	r0, [pc, #12]	@ (100057c0 <vendord_deinit+0x18>)
100057b2:	f000 f9e7 	bl	10005b84 <tu_edpt_stream_deinit>
100057b6:	2001      	movs	r0, #1
100057b8:	bd08      	pop	{r3, pc}
100057ba:	bf00      	nop
100057bc:	20001b74 	.word	0x20001b74
100057c0:	20001a50 	.word	0x20001a50

100057c4 <vendord_reset>:
100057c4:	b538      	push	{r3, r4, r5, lr}
100057c6:	2500      	movs	r5, #0
100057c8:	4c06      	ldr	r4, [pc, #24]	@ (100057e4 <vendord_reset+0x20>)
100057ca:	f504 7098 	add.w	r0, r4, #304	@ 0x130
100057ce:	7025      	strb	r5, [r4, #0]
100057d0:	f000 fcc8 	bl	10006164 <tu_fifo_clear>
100057d4:	f104 000c 	add.w	r0, r4, #12
100057d8:	f000 fcc4 	bl	10006164 <tu_fifo_clear>
100057dc:	f884 5129 	strb.w	r5, [r4, #297]	@ 0x129
100057e0:	7165      	strb	r5, [r4, #5]
100057e2:	bd38      	pop	{r3, r4, r5, pc}
100057e4:	20001a4c 	.word	0x20001a4c

100057e8 <vendord_open>:
100057e8:	e92d 43f8 	stmdb	sp!, {r3, r4, r5, r6, r7, r8, r9, lr}
100057ec:	794b      	ldrb	r3, [r1, #5]
100057ee:	2bff      	cmp	r3, #255	@ 0xff
100057f0:	d105      	bne.n	100057fe <vendord_open+0x16>
100057f2:	4f35      	ldr	r7, [pc, #212]	@ (100058c8 <vendord_open+0xe0>)
100057f4:	797e      	ldrb	r6, [r7, #5]
100057f6:	f897 3129 	ldrb.w	r3, [r7, #297]	@ 0x129
100057fa:	431e      	orrs	r6, r3
100057fc:	d002      	beq.n	10005804 <vendord_open+0x1c>
100057fe:	2000      	movs	r0, #0
10005800:	e8bd 83f8 	ldmia.w	sp!, {r3, r4, r5, r6, r7, r8, r9, pc}
10005804:	788b      	ldrb	r3, [r1, #2]
10005806:	780c      	ldrb	r4, [r1, #0]
10005808:	703b      	strb	r3, [r7, #0]
1000580a:	790b      	ldrb	r3, [r1, #4]
1000580c:	4681      	mov	r9, r0
1000580e:	4688      	mov	r8, r1
10005810:	440c      	add	r4, r1
10005812:	2b00      	cmp	r3, #0
10005814:	d034      	beq.n	10005880 <vendord_open+0x98>
10005816:	18a5      	adds	r5, r4, r2
10005818:	e003      	b.n	10005822 <vendord_open+0x3a>
1000581a:	42ac      	cmp	r4, r5
1000581c:	d230      	bcs.n	10005880 <vendord_open+0x98>
1000581e:	7823      	ldrb	r3, [r4, #0]
10005820:	441c      	add	r4, r3
10005822:	7863      	ldrb	r3, [r4, #1]
10005824:	2b05      	cmp	r3, #5
10005826:	d1f8      	bne.n	1000581a <vendord_open+0x32>
10005828:	42ac      	cmp	r4, r5
1000582a:	d229      	bcs.n	10005880 <vendord_open+0x98>
1000582c:	4621      	mov	r1, r4
1000582e:	4648      	mov	r0, r9
10005830:	f7ff fb0e 	bl	10004e50 <usbd_edpt_open>
10005834:	2800      	cmp	r0, #0
10005836:	d03e      	beq.n	100058b6 <vendord_open+0xce>
10005838:	78a3      	ldrb	r3, [r4, #2]
1000583a:	09db      	lsrs	r3, r3, #7
1000583c:	d125      	bne.n	1000588a <vendord_open+0xa2>
1000583e:	4823      	ldr	r0, [pc, #140]	@ (100058cc <vendord_open+0xe4>)
10005840:	f000 fc90 	bl	10006164 <tu_fifo_clear>
10005844:	78a3      	ldrb	r3, [r4, #2]
10005846:	f897 2128 	ldrb.w	r2, [r7, #296]	@ 0x128
1000584a:	f887 3129 	strb.w	r3, [r7, #297]	@ 0x129
1000584e:	88a3      	ldrh	r3, [r4, #4]
10005850:	4648      	mov	r0, r9
10005852:	f3c3 030a 	ubfx	r3, r3, #0, #11
10005856:	f5a3 7300 	sub.w	r3, r3, #512	@ 0x200
1000585a:	fab3 f383 	clz	r3, r3
1000585e:	095b      	lsrs	r3, r3, #5
10005860:	f363 0241 	bfi	r2, r3, #1, #1
10005864:	491a      	ldr	r1, [pc, #104]	@ (100058d0 <vendord_open+0xe8>)
10005866:	f887 2128 	strb.w	r2, [r7, #296]	@ 0x128
1000586a:	f000 f9fd 	bl	10005c68 <tu_edpt_stream_read_xfer>
1000586e:	b310      	cbz	r0, 100058b6 <vendord_open+0xce>
10005870:	7823      	ldrb	r3, [r4, #0]
10005872:	f898 2004 	ldrb.w	r2, [r8, #4]
10005876:	3601      	adds	r6, #1
10005878:	441c      	add	r4, r3
1000587a:	b2f3      	uxtb	r3, r6
1000587c:	429a      	cmp	r2, r3
1000587e:	d8d0      	bhi.n	10005822 <vendord_open+0x3a>
10005880:	eba4 0008 	sub.w	r0, r4, r8
10005884:	b280      	uxth	r0, r0
10005886:	e8bd 83f8 	ldmia.w	sp!, {r3, r4, r5, r6, r7, r8, r9, pc}
1000588a:	4812      	ldr	r0, [pc, #72]	@ (100058d4 <vendord_open+0xec>)
1000588c:	f000 fc6a 	bl	10006164 <tu_fifo_clear>
10005890:	78a3      	ldrb	r3, [r4, #2]
10005892:	793a      	ldrb	r2, [r7, #4]
10005894:	717b      	strb	r3, [r7, #5]
10005896:	88a3      	ldrh	r3, [r4, #4]
10005898:	490f      	ldr	r1, [pc, #60]	@ (100058d8 <vendord_open+0xf0>)
1000589a:	f3c3 030a 	ubfx	r3, r3, #0, #11
1000589e:	f5a3 7300 	sub.w	r3, r3, #512	@ 0x200
100058a2:	fab3 f383 	clz	r3, r3
100058a6:	095b      	lsrs	r3, r3, #5
100058a8:	f363 0241 	bfi	r2, r3, #1, #1
100058ac:	2000      	movs	r0, #0
100058ae:	713a      	strb	r2, [r7, #4]
100058b0:	f000 f9a0 	bl	10005bf4 <tu_edpt_stream_write_xfer>
100058b4:	e7dc      	b.n	10005870 <vendord_open+0x88>
100058b6:	f04f 23e0 	mov.w	r3, #3758153728	@ 0xe000e000
100058ba:	f8d3 3df0 	ldr.w	r3, [r3, #3568]	@ 0xdf0
100058be:	07db      	lsls	r3, r3, #31
100058c0:	d59d      	bpl.n	100057fe <vendord_open+0x16>
100058c2:	be00      	bkpt	0x0000
100058c4:	e79b      	b.n	100057fe <vendord_open+0x16>
100058c6:	bf00      	nop
100058c8:	20001a4c 	.word	0x20001a4c
100058cc:	20001b7c 	.word	0x20001b7c
100058d0:	20001b74 	.word	0x20001b74
100058d4:	20001a58 	.word	0x20001a58
100058d8:	20001a50 	.word	0x20001a50

100058dc <vendord_xfer_cb>:
100058dc:	b510      	push	{r4, lr}
100058de:	f8df c090 	ldr.w	ip, [pc, #144]	@ 10005970 <vendord_xfer_cb+0x94>
100058e2:	4604      	mov	r4, r0
100058e4:	f89c 2129 	ldrb.w	r2, [ip, #297]	@ 0x129
100058e8:	b082      	sub	sp, #8
100058ea:	428a      	cmp	r2, r1
100058ec:	d01a      	beq.n	10005924 <vendord_xfer_cb+0x48>
100058ee:	f89c 2005 	ldrb.w	r2, [ip, #5]
100058f2:	428a      	cmp	r2, r1
100058f4:	d002      	beq.n	100058fc <vendord_xfer_cb+0x20>
100058f6:	2000      	movs	r0, #0
100058f8:	b002      	add	sp, #8
100058fa:	bd10      	pop	{r4, pc}
100058fc:	4a17      	ldr	r2, [pc, #92]	@ (1000595c <vendord_xfer_cb+0x80>)
100058fe:	b12a      	cbz	r2, 1000590c <vendord_xfer_cb+0x30>
10005900:	b299      	uxth	r1, r3
10005902:	2000      	movs	r0, #0
10005904:	9301      	str	r3, [sp, #4]
10005906:	f3af 8000 	nop.w
1000590a:	9b01      	ldr	r3, [sp, #4]
1000590c:	4620      	mov	r0, r4
1000590e:	4914      	ldr	r1, [pc, #80]	@ (10005960 <vendord_xfer_cb+0x84>)
10005910:	9301      	str	r3, [sp, #4]
10005912:	f000 f96f 	bl	10005bf4 <tu_edpt_stream_write_xfer>
10005916:	b998      	cbnz	r0, 10005940 <vendord_xfer_cb+0x64>
10005918:	4620      	mov	r0, r4
1000591a:	9a01      	ldr	r2, [sp, #4]
1000591c:	4910      	ldr	r1, [pc, #64]	@ (10005960 <vendord_xfer_cb+0x84>)
1000591e:	f000 f933 	bl	10005b88 <tu_edpt_stream_write_zlp_if_needed>
10005922:	e00d      	b.n	10005940 <vendord_xfer_cb+0x64>
10005924:	f8bc 2134 	ldrh.w	r2, [ip, #308]	@ 0x134
10005928:	b96a      	cbnz	r2, 10005946 <vendord_xfer_cb+0x6a>
1000592a:	4a0e      	ldr	r2, [pc, #56]	@ (10005964 <vendord_xfer_cb+0x88>)
1000592c:	b122      	cbz	r2, 10005938 <vendord_xfer_cb+0x5c>
1000592e:	2000      	movs	r0, #0
10005930:	490d      	ldr	r1, [pc, #52]	@ (10005968 <vendord_xfer_cb+0x8c>)
10005932:	b29a      	uxth	r2, r3
10005934:	f3af 8000 	nop.w
10005938:	4620      	mov	r0, r4
1000593a:	490c      	ldr	r1, [pc, #48]	@ (1000596c <vendord_xfer_cb+0x90>)
1000593c:	f000 f994 	bl	10005c68 <tu_edpt_stream_read_xfer>
10005940:	2001      	movs	r0, #1
10005942:	b002      	add	sp, #8
10005944:	bd10      	pop	{r4, pc}
10005946:	b29a      	uxth	r2, r3
10005948:	f8dc 112c 	ldr.w	r1, [ip, #300]	@ 0x12c
1000594c:	f50c 7098 	add.w	r0, ip, #304	@ 0x130
10005950:	9301      	str	r3, [sp, #4]
10005952:	f000 fb5f 	bl	10006014 <tu_fifo_write_n>
10005956:	9b01      	ldr	r3, [sp, #4]
10005958:	e7e7      	b.n	1000592a <vendord_xfer_cb+0x4e>
1000595a:	bf00      	nop
1000595c:	00000000 	.word	0x00000000
10005960:	20001a50 	.word	0x20001a50
10005964:	00000000 	.word	0x00000000
10005968:	200019cc 	.word	0x200019cc
1000596c:	20001b74 	.word	0x20001b74
10005970:	20001a4c 	.word	0x20001a4c

10005974 <tusb_rhport_init>:
10005974:	b500      	push	{lr}
10005976:	b083      	sub	sp, #12
10005978:	b1d9      	cbz	r1, 100059b2 <tusb_rhport_init+0x3e>
1000597a:	2801      	cmp	r0, #1
1000597c:	d80e      	bhi.n	1000599c <tusb_rhport_init+0x28>
1000597e:	780b      	ldrb	r3, [r1, #0]
10005980:	b163      	cbz	r3, 1000599c <tusb_rhport_init+0x28>
10005982:	f8df c058 	ldr.w	ip, [pc, #88]	@ 100059dc <tusb_rhport_init+0x68>
10005986:	2b01      	cmp	r3, #1
10005988:	f80c 3000 	strb.w	r3, [ip, r0]
1000598c:	d002      	beq.n	10005994 <tusb_rhport_init+0x20>
1000598e:	2001      	movs	r0, #1
10005990:	b003      	add	sp, #12
10005992:	bd00      	pop	{pc}
10005994:	f7fe fdae 	bl	100044f4 <tud_rhport_init>
10005998:	2800      	cmp	r0, #0
1000599a:	d1f8      	bne.n	1000598e <tusb_rhport_init+0x1a>
1000599c:	f04f 23e0 	mov.w	r3, #3758153728	@ 0xe000e000
100059a0:	f8d3 3df0 	ldr.w	r3, [r3, #3568]	@ 0xdf0
100059a4:	07db      	lsls	r3, r3, #31
100059a6:	d402      	bmi.n	100059ae <tusb_rhport_init+0x3a>
100059a8:	2000      	movs	r0, #0
100059aa:	b003      	add	sp, #12
100059ac:	bd00      	pop	{pc}
100059ae:	be00      	bkpt	0x0000
100059b0:	e7fa      	b.n	100059a8 <tusb_rhport_init+0x34>
100059b2:	2201      	movs	r2, #1
100059b4:	4608      	mov	r0, r1
100059b6:	a901      	add	r1, sp, #4
100059b8:	f8ad 2004 	strh.w	r2, [sp, #4]
100059bc:	f7fe fd9a 	bl	100044f4 <tud_rhport_init>
100059c0:	2201      	movs	r2, #1
100059c2:	b938      	cbnz	r0, 100059d4 <tusb_rhport_init+0x60>
100059c4:	f04f 23e0 	mov.w	r3, #3758153728	@ 0xe000e000
100059c8:	f8d3 3df0 	ldr.w	r3, [r3, #3568]	@ 0xdf0
100059cc:	07da      	lsls	r2, r3, #31
100059ce:	d5ec      	bpl.n	100059aa <tusb_rhport_init+0x36>
100059d0:	be00      	bkpt	0x0000
100059d2:	e7ea      	b.n	100059aa <tusb_rhport_init+0x36>
100059d4:	4b01      	ldr	r3, [pc, #4]	@ (100059dc <tusb_rhport_init+0x68>)
100059d6:	701a      	strb	r2, [r3, #0]
100059d8:	e7e7      	b.n	100059aa <tusb_rhport_init+0x36>
100059da:	bf00      	nop
100059dc:	200018a4 	.word	0x200018a4

100059e0 <tu_edpt_claim>:
100059e0:	7803      	ldrb	r3, [r0, #0]
100059e2:	f013 0301 	ands.w	r3, r3, #1
100059e6:	d11e      	bne.n	10005a26 <tu_edpt_claim+0x46>
100059e8:	b530      	push	{r4, r5, lr}
100059ea:	4602      	mov	r2, r0
100059ec:	7800      	ldrb	r0, [r0, #0]
100059ee:	b083      	sub	sp, #12
100059f0:	4604      	mov	r4, r0
100059f2:	0740      	lsls	r0, r0, #29
100059f4:	d502      	bpl.n	100059fc <tu_edpt_claim+0x1c>
100059f6:	4618      	mov	r0, r3
100059f8:	b003      	add	sp, #12
100059fa:	bd30      	pop	{r4, r5, pc}
100059fc:	4608      	mov	r0, r1
100059fe:	460d      	mov	r5, r1
10005a00:	f04f 31ff 	mov.w	r1, #4294967295	@ 0xffffffff
10005a04:	9201      	str	r2, [sp, #4]
10005a06:	f000 fddf 	bl	100065c8 <__mutex_enter_timeout_ms_veneer>
10005a0a:	9a01      	ldr	r2, [sp, #4]
10005a0c:	7813      	ldrb	r3, [r2, #0]
10005a0e:	f013 0301 	ands.w	r3, r3, #1
10005a12:	d10b      	bne.n	10005a2c <tu_edpt_claim+0x4c>
10005a14:	7811      	ldrb	r1, [r2, #0]
10005a16:	0749      	lsls	r1, r1, #29
10005a18:	d40a      	bmi.n	10005a30 <tu_edpt_claim+0x50>
10005a1a:	7811      	ldrb	r1, [r2, #0]
10005a1c:	2301      	movs	r3, #1
10005a1e:	f041 0104 	orr.w	r1, r1, #4
10005a22:	7011      	strb	r1, [r2, #0]
10005a24:	e004      	b.n	10005a30 <tu_edpt_claim+0x50>
10005a26:	2300      	movs	r3, #0
10005a28:	4618      	mov	r0, r3
10005a2a:	4770      	bx	lr
10005a2c:	f3c4 0380 	ubfx	r3, r4, #2, #1
10005a30:	4628      	mov	r0, r5
10005a32:	9301      	str	r3, [sp, #4]
10005a34:	f000 fdd8 	bl	100065e8 <__mutex_exit_veneer>
10005a38:	9b01      	ldr	r3, [sp, #4]
10005a3a:	4618      	mov	r0, r3
10005a3c:	b003      	add	sp, #12
10005a3e:	bd30      	pop	{r4, r5, pc}

10005a40 <tu_edpt_release>:
10005a40:	b570      	push	{r4, r5, r6, lr}
10005a42:	460d      	mov	r5, r1
10005a44:	4604      	mov	r4, r0
10005a46:	f04f 31ff 	mov.w	r1, #4294967295	@ 0xffffffff
10005a4a:	4628      	mov	r0, r5
10005a4c:	f000 fdbc 	bl	100065c8 <__mutex_enter_timeout_ms_veneer>
10005a50:	7823      	ldrb	r3, [r4, #0]
10005a52:	f3c3 0680 	ubfx	r6, r3, #2, #1
10005a56:	075b      	lsls	r3, r3, #29
10005a58:	d508      	bpl.n	10005a6c <tu_edpt_release+0x2c>
10005a5a:	7823      	ldrb	r3, [r4, #0]
10005a5c:	f013 0301 	ands.w	r3, r3, #1
10005a60:	bf11      	iteee	ne
10005a62:	2600      	movne	r6, #0
10005a64:	7822      	ldrbeq	r2, [r4, #0]
10005a66:	f363 0282 	bfieq	r2, r3, #2, #1
10005a6a:	7022      	strbeq	r2, [r4, #0]
10005a6c:	4628      	mov	r0, r5
10005a6e:	f000 fdbb 	bl	100065e8 <__mutex_exit_veneer>
10005a72:	4630      	mov	r0, r6
10005a74:	bd70      	pop	{r4, r5, r6, pc}
10005a76:	bf00      	nop

10005a78 <tu_edpt_validate>:
10005a78:	78c3      	ldrb	r3, [r0, #3]
10005a7a:	8882      	ldrh	r2, [r0, #4]
10005a7c:	f003 0003 	and.w	r0, r3, #3
10005a80:	2802      	cmp	r0, #2
10005a82:	f3c2 020a 	ubfx	r2, r2, #0, #11
10005a86:	d015      	beq.n	10005ab4 <tu_edpt_validate+0x3c>
10005a88:	2803      	cmp	r0, #3
10005a8a:	d00a      	beq.n	10005aa2 <tu_edpt_validate+0x2a>
10005a8c:	2801      	cmp	r0, #1
10005a8e:	d11c      	bne.n	10005aca <tu_edpt_validate+0x52>
10005a90:	2902      	cmp	r1, #2
10005a92:	f240 33ff 	movw	r3, #1023	@ 0x3ff
10005a96:	bf08      	it	eq
10005a98:	f44f 6380 	moveq.w	r3, #1024	@ 0x400
10005a9c:	4293      	cmp	r3, r2
10005a9e:	d30d      	bcc.n	10005abc <tu_edpt_validate+0x44>
10005aa0:	4770      	bx	lr
10005aa2:	2902      	cmp	r1, #2
10005aa4:	bf14      	ite	ne
10005aa6:	2340      	movne	r3, #64	@ 0x40
10005aa8:	f44f 6380 	moveq.w	r3, #1024	@ 0x400
10005aac:	4293      	cmp	r3, r2
10005aae:	d305      	bcc.n	10005abc <tu_edpt_validate+0x44>
10005ab0:	2001      	movs	r0, #1
10005ab2:	4770      	bx	lr
10005ab4:	2902      	cmp	r1, #2
10005ab6:	d00a      	beq.n	10005ace <tu_edpt_validate+0x56>
10005ab8:	2a40      	cmp	r2, #64	@ 0x40
10005aba:	d9f9      	bls.n	10005ab0 <tu_edpt_validate+0x38>
10005abc:	f04f 23e0 	mov.w	r3, #3758153728	@ 0xe000e000
10005ac0:	f8d3 3df0 	ldr.w	r3, [r3, #3568]	@ 0xdf0
10005ac4:	07db      	lsls	r3, r3, #31
10005ac6:	d500      	bpl.n	10005aca <tu_edpt_validate+0x52>
10005ac8:	be00      	bkpt	0x0000
10005aca:	2000      	movs	r0, #0
10005acc:	4770      	bx	lr
10005ace:	f5b2 7f00 	cmp.w	r2, #512	@ 0x200
10005ad2:	d0ed      	beq.n	10005ab0 <tu_edpt_validate+0x38>
10005ad4:	e7f2      	b.n	10005abc <tu_edpt_validate+0x44>
10005ad6:	bf00      	nop

10005ad8 <tu_edpt_bind_driver>:
10005ad8:	440a      	add	r2, r1
10005ada:	4291      	cmp	r1, r2
10005adc:	d225      	bcs.n	10005b2a <tu_edpt_bind_driver+0x52>
10005ade:	f891 c001 	ldrb.w	ip, [r1, #1]
10005ae2:	f1bc 0f05 	cmp.w	ip, #5
10005ae6:	d005      	beq.n	10005af4 <tu_edpt_bind_driver+0x1c>
10005ae8:	f891 c000 	ldrb.w	ip, [r1]
10005aec:	4461      	add	r1, ip
10005aee:	428a      	cmp	r2, r1
10005af0:	d8f5      	bhi.n	10005ade <tu_edpt_bind_driver+0x6>
10005af2:	4770      	bx	lr
10005af4:	b500      	push	{lr}
10005af6:	f891 c002 	ldrb.w	ip, [r1, #2]
10005afa:	f00c 0e7f 	and.w	lr, ip, #127	@ 0x7f
10005afe:	eb00 0e4e 	add.w	lr, r0, lr, lsl #1
10005b02:	ea4f 1cdc 	mov.w	ip, ip, lsr #7
10005b06:	f80e 300c 	strb.w	r3, [lr, ip]
10005b0a:	f891 c000 	ldrb.w	ip, [r1]
10005b0e:	4461      	add	r1, ip
10005b10:	428a      	cmp	r2, r1
10005b12:	d909      	bls.n	10005b28 <tu_edpt_bind_driver+0x50>
10005b14:	f891 c001 	ldrb.w	ip, [r1, #1]
10005b18:	f1bc 0f05 	cmp.w	ip, #5
10005b1c:	d0eb      	beq.n	10005af6 <tu_edpt_bind_driver+0x1e>
10005b1e:	f891 c000 	ldrb.w	ip, [r1]
10005b22:	4461      	add	r1, ip
10005b24:	428a      	cmp	r2, r1
10005b26:	d8f5      	bhi.n	10005b14 <tu_edpt_bind_driver+0x3c>
10005b28:	bd00      	pop	{pc}
10005b2a:	4770      	bx	lr

10005b2c <tu_edpt_stream_init>:
10005b2c:	b570      	push	{r4, r5, r6, lr}
10005b2e:	b084      	sub	sp, #16
10005b30:	9300      	str	r3, [sp, #0]
10005b32:	f890 c000 	ldrb.w	ip, [r0]
10005b36:	4616      	mov	r6, r2
10005b38:	f361 0c00 	bfi	ip, r1, #0, #1
10005b3c:	f8bd 2024 	ldrh.w	r2, [sp, #36]	@ 0x24
10005b40:	4604      	mov	r4, r0
10005b42:	2301      	movs	r3, #1
10005b44:	9908      	ldr	r1, [sp, #32]
10005b46:	f800 cb08 	strb.w	ip, [r0], #8
10005b4a:	f8bd 502c 	ldrh.w	r5, [sp, #44]	@ 0x2c
10005b4e:	9203      	str	r2, [sp, #12]
10005b50:	f000 f8f2 	bl	10005d38 <tu_fifo_config>
10005b54:	9b08      	ldr	r3, [sp, #32]
10005b56:	b10b      	cbz	r3, 10005b5c <tu_edpt_stream_init+0x30>
10005b58:	9a03      	ldr	r2, [sp, #12]
10005b5a:	b92a      	cbnz	r2, 10005b68 <tu_edpt_stream_init+0x3c>
10005b5c:	2001      	movs	r0, #1
10005b5e:	9b0a      	ldr	r3, [sp, #40]	@ 0x28
10005b60:	8065      	strh	r5, [r4, #2]
10005b62:	6063      	str	r3, [r4, #4]
10005b64:	b004      	add	sp, #16
10005b66:	bd70      	pop	{r4, r5, r6, pc}
10005b68:	f104 001c 	add.w	r0, r4, #28
10005b6c:	9003      	str	r0, [sp, #12]
10005b6e:	f7fb f85b 	bl	10000c28 <mutex_init>
10005b72:	9803      	ldr	r0, [sp, #12]
10005b74:	b91e      	cbnz	r6, 10005b7e <tu_edpt_stream_init+0x52>
10005b76:	4633      	mov	r3, r6
10005b78:	e9c4 3005 	strd	r3, r0, [r4, #20]
10005b7c:	e7ee      	b.n	10005b5c <tu_edpt_stream_init+0x30>
10005b7e:	4603      	mov	r3, r0
10005b80:	2000      	movs	r0, #0
10005b82:	e7f9      	b.n	10005b78 <tu_edpt_stream_init+0x4c>

10005b84 <tu_edpt_stream_deinit>:
10005b84:	2001      	movs	r0, #1
10005b86:	4770      	bx	lr

10005b88 <tu_edpt_stream_write_zlp_if_needed>:
10005b88:	b570      	push	{r4, r5, r6, lr}
10005b8a:	4606      	mov	r6, r0
10005b8c:	4608      	mov	r0, r1
10005b8e:	f240 13ff 	movw	r3, #511	@ 0x1ff
10005b92:	460c      	mov	r4, r1
10005b94:	f810 1b08 	ldrb.w	r1, [r0], #8
10005b98:	b082      	sub	sp, #8
10005b9a:	f011 0f02 	tst.w	r1, #2
10005b9e:	9201      	str	r2, [sp, #4]
10005ba0:	bf0c      	ite	eq
10005ba2:	253f      	moveq	r5, #63	@ 0x3f
10005ba4:	461d      	movne	r5, r3
10005ba6:	f000 f8f7 	bl	10005d98 <tu_fifo_count>
10005baa:	9a01      	ldr	r2, [sp, #4]
10005bac:	b928      	cbnz	r0, 10005bba <tu_edpt_stream_write_zlp_if_needed+0x32>
10005bae:	b122      	cbz	r2, 10005bba <tu_edpt_stream_write_zlp_if_needed+0x32>
10005bb0:	4215      	tst	r5, r2
10005bb2:	d102      	bne.n	10005bba <tu_edpt_stream_write_zlp_if_needed+0x32>
10005bb4:	7823      	ldrb	r3, [r4, #0]
10005bb6:	07da      	lsls	r2, r3, #31
10005bb8:	d502      	bpl.n	10005bc0 <tu_edpt_stream_write_zlp_if_needed+0x38>
10005bba:	2000      	movs	r0, #0
10005bbc:	b002      	add	sp, #8
10005bbe:	bd70      	pop	{r4, r5, r6, pc}
10005bc0:	4630      	mov	r0, r6
10005bc2:	7861      	ldrb	r1, [r4, #1]
10005bc4:	f7ff f972 	bl	10004eac <usbd_edpt_claim>
10005bc8:	2800      	cmp	r0, #0
10005bca:	d0f6      	beq.n	10005bba <tu_edpt_stream_write_zlp_if_needed+0x32>
10005bcc:	7823      	ldrb	r3, [r4, #0]
10005bce:	f013 0301 	ands.w	r3, r3, #1
10005bd2:	d007      	beq.n	10005be4 <tu_edpt_stream_write_zlp_if_needed+0x5c>
10005bd4:	f04f 23e0 	mov.w	r3, #3758153728	@ 0xe000e000
10005bd8:	f8d3 3df0 	ldr.w	r3, [r3, #3568]	@ 0xdf0
10005bdc:	07db      	lsls	r3, r3, #31
10005bde:	d5ec      	bpl.n	10005bba <tu_edpt_stream_write_zlp_if_needed+0x32>
10005be0:	be00      	bkpt	0x0000
10005be2:	e7ea      	b.n	10005bba <tu_edpt_stream_write_zlp_if_needed+0x32>
10005be4:	461a      	mov	r2, r3
10005be6:	4630      	mov	r0, r6
10005be8:	7861      	ldrb	r1, [r4, #1]
10005bea:	f7ff f983 	bl	10004ef4 <usbd_edpt_xfer>
10005bee:	2800      	cmp	r0, #0
10005bf0:	d1e4      	bne.n	10005bbc <tu_edpt_stream_write_zlp_if_needed+0x34>
10005bf2:	e7ef      	b.n	10005bd4 <tu_edpt_stream_write_zlp_if_needed+0x4c>

10005bf4 <tu_edpt_stream_write_xfer>:
10005bf4:	b570      	push	{r4, r5, r6, lr}
10005bf6:	4605      	mov	r5, r0
10005bf8:	b082      	sub	sp, #8
10005bfa:	f101 0008 	add.w	r0, r1, #8
10005bfe:	460c      	mov	r4, r1
10005c00:	f000 f8ca 	bl	10005d98 <tu_fifo_count>
10005c04:	b110      	cbz	r0, 10005c0c <tu_edpt_stream_write_xfer+0x18>
10005c06:	7823      	ldrb	r3, [r4, #0]
10005c08:	07da      	lsls	r2, r3, #31
10005c0a:	d502      	bpl.n	10005c12 <tu_edpt_stream_write_xfer+0x1e>
10005c0c:	2000      	movs	r0, #0
10005c0e:	b002      	add	sp, #8
10005c10:	bd70      	pop	{r4, r5, r6, pc}
10005c12:	4628      	mov	r0, r5
10005c14:	7861      	ldrb	r1, [r4, #1]
10005c16:	f7ff f949 	bl	10004eac <usbd_edpt_claim>
10005c1a:	2800      	cmp	r0, #0
10005c1c:	d0f6      	beq.n	10005c0c <tu_edpt_stream_write_xfer+0x18>
10005c1e:	8862      	ldrh	r2, [r4, #2]
10005c20:	6861      	ldr	r1, [r4, #4]
10005c22:	f104 0008 	add.w	r0, r4, #8
10005c26:	f000 f931 	bl	10005e8c <tu_fifo_read_n>
10005c2a:	7822      	ldrb	r2, [r4, #0]
10005c2c:	4603      	mov	r3, r0
10005c2e:	f002 0201 	and.w	r2, r2, #1
10005c32:	b140      	cbz	r0, 10005c46 <tu_edpt_stream_write_xfer+0x52>
10005c34:	b172      	cbz	r2, 10005c54 <tu_edpt_stream_write_xfer+0x60>
10005c36:	f04f 23e0 	mov.w	r3, #3758153728	@ 0xe000e000
10005c3a:	f8d3 3df0 	ldr.w	r3, [r3, #3568]	@ 0xdf0
10005c3e:	07db      	lsls	r3, r3, #31
10005c40:	d5e4      	bpl.n	10005c0c <tu_edpt_stream_write_xfer+0x18>
10005c42:	be00      	bkpt	0x0000
10005c44:	e7e2      	b.n	10005c0c <tu_edpt_stream_write_xfer+0x18>
10005c46:	2a00      	cmp	r2, #0
10005c48:	d1e0      	bne.n	10005c0c <tu_edpt_stream_write_xfer+0x18>
10005c4a:	4628      	mov	r0, r5
10005c4c:	7861      	ldrb	r1, [r4, #1]
10005c4e:	f7ff f93f 	bl	10004ed0 <usbd_edpt_release>
10005c52:	e7db      	b.n	10005c0c <tu_edpt_stream_write_xfer+0x18>
10005c54:	9001      	str	r0, [sp, #4]
10005c56:	6862      	ldr	r2, [r4, #4]
10005c58:	4628      	mov	r0, r5
10005c5a:	7861      	ldrb	r1, [r4, #1]
10005c5c:	f7ff f94a 	bl	10004ef4 <usbd_edpt_xfer>
10005c60:	2800      	cmp	r0, #0
10005c62:	d0e8      	beq.n	10005c36 <tu_edpt_stream_write_xfer+0x42>
10005c64:	9801      	ldr	r0, [sp, #4]
10005c66:	e7d2      	b.n	10005c0e <tu_edpt_stream_write_xfer+0x1a>

10005c68 <tu_edpt_stream_read_xfer>:
10005c68:	e92d 41f0 	stmdb	sp!, {r4, r5, r6, r7, r8, lr}
10005c6c:	898a      	ldrh	r2, [r1, #12]
10005c6e:	460c      	mov	r4, r1
10005c70:	4605      	mov	r5, r0
10005c72:	780b      	ldrb	r3, [r1, #0]
10005c74:	b082      	sub	sp, #8
10005c76:	b92a      	cbnz	r2, 10005c84 <tu_edpt_stream_read_xfer+0x1c>
10005c78:	07de      	lsls	r6, r3, #31
10005c7a:	d537      	bpl.n	10005cec <tu_edpt_stream_read_xfer+0x84>
10005c7c:	2000      	movs	r0, #0
10005c7e:	b002      	add	sp, #8
10005c80:	e8bd 81f0 	ldmia.w	sp!, {r4, r5, r6, r7, r8, pc}
10005c84:	0799      	lsls	r1, r3, #30
10005c86:	f104 0008 	add.w	r0, r4, #8
10005c8a:	bf47      	ittee	mi
10005c8c:	f44f 487e 	movmi.w	r8, #65024	@ 0xfe00
10005c90:	f44f 7600 	movmi.w	r6, #512	@ 0x200
10005c94:	f64f 78c0 	movwpl	r8, #65472	@ 0xffc0
10005c98:	2640      	movpl	r6, #64	@ 0x40
10005c9a:	f000 f897 	bl	10005dcc <tu_fifo_remaining>
10005c9e:	4286      	cmp	r6, r0
10005ca0:	f104 0708 	add.w	r7, r4, #8
10005ca4:	d8ea      	bhi.n	10005c7c <tu_edpt_stream_read_xfer+0x14>
10005ca6:	7823      	ldrb	r3, [r4, #0]
10005ca8:	07da      	lsls	r2, r3, #31
10005caa:	d4e7      	bmi.n	10005c7c <tu_edpt_stream_read_xfer+0x14>
10005cac:	4628      	mov	r0, r5
10005cae:	7861      	ldrb	r1, [r4, #1]
10005cb0:	f7ff f8fc 	bl	10004eac <usbd_edpt_claim>
10005cb4:	2800      	cmp	r0, #0
10005cb6:	d0e1      	beq.n	10005c7c <tu_edpt_stream_read_xfer+0x14>
10005cb8:	4638      	mov	r0, r7
10005cba:	f000 f887 	bl	10005dcc <tu_fifo_remaining>
10005cbe:	7823      	ldrb	r3, [r4, #0]
10005cc0:	4286      	cmp	r6, r0
10005cc2:	f003 0301 	and.w	r3, r3, #1
10005cc6:	d82e      	bhi.n	10005d26 <tu_edpt_stream_read_xfer+0xbe>
10005cc8:	b9c3      	cbnz	r3, 10005cfc <tu_edpt_stream_read_xfer+0x94>
10005cca:	8863      	ldrh	r3, [r4, #2]
10005ccc:	ea08 0200 	and.w	r2, r8, r0
10005cd0:	4293      	cmp	r3, r2
10005cd2:	bf28      	it	cs
10005cd4:	4613      	movcs	r3, r2
10005cd6:	7861      	ldrb	r1, [r4, #1]
10005cd8:	2b00      	cmp	r3, #0
10005cda:	d02b      	beq.n	10005d34 <tu_edpt_stream_read_xfer+0xcc>
10005cdc:	6862      	ldr	r2, [r4, #4]
10005cde:	4628      	mov	r0, r5
10005ce0:	9301      	str	r3, [sp, #4]
10005ce2:	f7ff f907 	bl	10004ef4 <usbd_edpt_xfer>
10005ce6:	b148      	cbz	r0, 10005cfc <tu_edpt_stream_read_xfer+0x94>
10005ce8:	9801      	ldr	r0, [sp, #4]
10005cea:	e7c8      	b.n	10005c7e <tu_edpt_stream_read_xfer+0x16>
10005cec:	7849      	ldrb	r1, [r1, #1]
10005cee:	f7ff f8dd 	bl	10004eac <usbd_edpt_claim>
10005cf2:	2800      	cmp	r0, #0
10005cf4:	d0c2      	beq.n	10005c7c <tu_edpt_stream_read_xfer+0x14>
10005cf6:	7823      	ldrb	r3, [r4, #0]
10005cf8:	07d8      	lsls	r0, r3, #31
10005cfa:	d507      	bpl.n	10005d0c <tu_edpt_stream_read_xfer+0xa4>
10005cfc:	f04f 23e0 	mov.w	r3, #3758153728	@ 0xe000e000
10005d00:	f8d3 3df0 	ldr.w	r3, [r3, #3568]	@ 0xdf0
10005d04:	07db      	lsls	r3, r3, #31
10005d06:	d5b9      	bpl.n	10005c7c <tu_edpt_stream_read_xfer+0x14>
10005d08:	be00      	bkpt	0x0000
10005d0a:	e7b7      	b.n	10005c7c <tu_edpt_stream_read_xfer+0x14>
10005d0c:	8863      	ldrh	r3, [r4, #2]
10005d0e:	7861      	ldrb	r1, [r4, #1]
10005d10:	b13b      	cbz	r3, 10005d22 <tu_edpt_stream_read_xfer+0xba>
10005d12:	6862      	ldr	r2, [r4, #4]
10005d14:	4628      	mov	r0, r5
10005d16:	f7ff f8ed 	bl	10004ef4 <usbd_edpt_xfer>
10005d1a:	2800      	cmp	r0, #0
10005d1c:	d0ee      	beq.n	10005cfc <tu_edpt_stream_read_xfer+0x94>
10005d1e:	8860      	ldrh	r0, [r4, #2]
10005d20:	e7ad      	b.n	10005c7e <tu_edpt_stream_read_xfer+0x16>
10005d22:	461a      	mov	r2, r3
10005d24:	e7f6      	b.n	10005d14 <tu_edpt_stream_read_xfer+0xac>
10005d26:	2b00      	cmp	r3, #0
10005d28:	d1a8      	bne.n	10005c7c <tu_edpt_stream_read_xfer+0x14>
10005d2a:	4628      	mov	r0, r5
10005d2c:	7861      	ldrb	r1, [r4, #1]
10005d2e:	f7ff f8cf 	bl	10004ed0 <usbd_edpt_release>
10005d32:	e7a3      	b.n	10005c7c <tu_edpt_stream_read_xfer+0x14>
10005d34:	461a      	mov	r2, r3
10005d36:	e7d2      	b.n	10005cde <tu_edpt_stream_read_xfer+0x76>

10005d38 <tu_fifo_config>:
10005d38:	e92d 41f0 	stmdb	sp!, {r4, r5, r6, r7, r8, lr}
10005d3c:	f5b2 4f00 	cmp.w	r2, #32768	@ 0x8000
10005d40:	f89d 5018 	ldrb.w	r5, [sp, #24]
10005d44:	d824      	bhi.n	10005d90 <tu_fifo_config+0x58>
10005d46:	4604      	mov	r4, r0
10005d48:	68c0      	ldr	r0, [r0, #12]
10005d4a:	4698      	mov	r8, r3
10005d4c:	460f      	mov	r7, r1
10005d4e:	4616      	mov	r6, r2
10005d50:	b118      	cbz	r0, 10005d5a <tu_fifo_config+0x22>
10005d52:	f04f 31ff 	mov.w	r1, #4294967295	@ 0xffffffff
10005d56:	f000 fc37 	bl	100065c8 <__mutex_enter_timeout_ms_veneer>
10005d5a:	6920      	ldr	r0, [r4, #16]
10005d5c:	b118      	cbz	r0, 10005d66 <tu_fifo_config+0x2e>
10005d5e:	f04f 31ff 	mov.w	r1, #4294967295	@ 0xffffffff
10005d62:	f000 fc31 	bl	100065c8 <__mutex_enter_timeout_ms_veneer>
10005d66:	2200      	movs	r2, #0
10005d68:	f3c8 030e 	ubfx	r3, r8, #0, #15
10005d6c:	68e0      	ldr	r0, [r4, #12]
10005d6e:	ea43 33c5 	orr.w	r3, r3, r5, lsl #15
10005d72:	8162      	strh	r2, [r4, #10]
10005d74:	6027      	str	r7, [r4, #0]
10005d76:	80a6      	strh	r6, [r4, #4]
10005d78:	80e3      	strh	r3, [r4, #6]
10005d7a:	8122      	strh	r2, [r4, #8]
10005d7c:	b108      	cbz	r0, 10005d82 <tu_fifo_config+0x4a>
10005d7e:	f000 fc33 	bl	100065e8 <__mutex_exit_veneer>
10005d82:	6920      	ldr	r0, [r4, #16]
10005d84:	b108      	cbz	r0, 10005d8a <tu_fifo_config+0x52>
10005d86:	f000 fc2f 	bl	100065e8 <__mutex_exit_veneer>
10005d8a:	2001      	movs	r0, #1
10005d8c:	e8bd 81f0 	ldmia.w	sp!, {r4, r5, r6, r7, r8, pc}
10005d90:	2000      	movs	r0, #0
10005d92:	e8bd 81f0 	ldmia.w	sp!, {r4, r5, r6, r7, r8, pc}
10005d96:	bf00      	nop

10005d98 <tu_fifo_count>:
10005d98:	8903      	ldrh	r3, [r0, #8]
10005d9a:	8942      	ldrh	r2, [r0, #10]
10005d9c:	b29b      	uxth	r3, r3
10005d9e:	b292      	uxth	r2, r2
10005da0:	8880      	ldrh	r0, [r0, #4]
10005da2:	4293      	cmp	r3, r2
10005da4:	bf36      	itet	cc
10005da6:	ebc2 0240 	rsbcc	r2, r2, r0, lsl #1
10005daa:	1a9b      	subcs	r3, r3, r2
10005dac:	189b      	addcc	r3, r3, r2
10005dae:	b29b      	uxth	r3, r3
10005db0:	4298      	cmp	r0, r3
10005db2:	bf28      	it	cs
10005db4:	4618      	movcs	r0, r3
10005db6:	4770      	bx	lr

10005db8 <tu_fifo_empty>:
10005db8:	8902      	ldrh	r2, [r0, #8]
10005dba:	8943      	ldrh	r3, [r0, #10]
10005dbc:	b290      	uxth	r0, r2
10005dbe:	b29b      	uxth	r3, r3
10005dc0:	1ac0      	subs	r0, r0, r3
10005dc2:	fab0 f080 	clz	r0, r0
10005dc6:	0940      	lsrs	r0, r0, #5
10005dc8:	4770      	bx	lr
10005dca:	bf00      	nop

10005dcc <tu_fifo_remaining>:
10005dcc:	8903      	ldrh	r3, [r0, #8]
10005dce:	8942      	ldrh	r2, [r0, #10]
10005dd0:	b29b      	uxth	r3, r3
10005dd2:	8880      	ldrh	r0, [r0, #4]
10005dd4:	b292      	uxth	r2, r2
10005dd6:	4293      	cmp	r3, r2
10005dd8:	bf36      	itet	cc
10005dda:	ebc2 0240 	rsbcc	r2, r2, r0, lsl #1
10005dde:	1a9b      	subcs	r3, r3, r2
10005de0:	189b      	addcc	r3, r3, r2
10005de2:	b29b      	uxth	r3, r3
10005de4:	4298      	cmp	r0, r3
10005de6:	bf86      	itte	hi
10005de8:	1ac0      	subhi	r0, r0, r3
10005dea:	b280      	uxthhi	r0, r0
10005dec:	2000      	movls	r0, #0
10005dee:	4770      	bx	lr

10005df0 <tu_fifo_read>:
10005df0:	b530      	push	{r4, r5, lr}
10005df2:	4604      	mov	r4, r0
10005df4:	6900      	ldr	r0, [r0, #16]
10005df6:	460d      	mov	r5, r1
10005df8:	b083      	sub	sp, #12
10005dfa:	b118      	cbz	r0, 10005e04 <tu_fifo_read+0x14>
10005dfc:	f04f 31ff 	mov.w	r1, #4294967295	@ 0xffffffff
10005e00:	f000 fbe2 	bl	100065c8 <__mutex_enter_timeout_ms_veneer>
10005e04:	8922      	ldrh	r2, [r4, #8]
10005e06:	8961      	ldrh	r1, [r4, #10]
10005e08:	b292      	uxth	r2, r2
10005e0a:	b289      	uxth	r1, r1
10005e0c:	88a3      	ldrh	r3, [r4, #4]
10005e0e:	428a      	cmp	r2, r1
10005e10:	bf36      	itet	cc
10005e12:	ebc1 0043 	rsbcc	r0, r1, r3, lsl #1
10005e16:	1a50      	subcs	r0, r2, r1
10005e18:	1880      	addcc	r0, r0, r2
10005e1a:	b280      	uxth	r0, r0
10005e1c:	b368      	cbz	r0, 10005e7a <tu_fifo_read+0x8a>
10005e1e:	4283      	cmp	r3, r0
10005e20:	d209      	bcs.n	10005e36 <tu_fifo_read+0x46>
10005e22:	429a      	cmp	r2, r3
10005e24:	bf2c      	ite	cs
10005e26:	1ad2      	subcs	r2, r2, r3
10005e28:	18d2      	addcc	r2, r2, r3
10005e2a:	b291      	uxth	r1, r2
10005e2c:	428b      	cmp	r3, r1
10005e2e:	8161      	strh	r1, [r4, #10]
10005e30:	d803      	bhi.n	10005e3a <tu_fifo_read+0x4a>
10005e32:	1ac9      	subs	r1, r1, r3
10005e34:	b289      	uxth	r1, r1
10005e36:	428b      	cmp	r3, r1
10005e38:	d9fb      	bls.n	10005e32 <tu_fifo_read+0x42>
10005e3a:	88e2      	ldrh	r2, [r4, #6]
10005e3c:	6823      	ldr	r3, [r4, #0]
10005e3e:	f3c2 020e 	ubfx	r2, r2, #0, #15
10005e42:	fb02 3101 	mla	r1, r2, r1, r3
10005e46:	4628      	mov	r0, r5
10005e48:	f000 fb12 	bl	10006470 <memcpy>
10005e4c:	8962      	ldrh	r2, [r4, #10]
10005e4e:	88a3      	ldrh	r3, [r4, #4]
10005e50:	b292      	uxth	r2, r2
10005e52:	1c51      	adds	r1, r2, #1
10005e54:	b289      	uxth	r1, r1
10005e56:	428a      	cmp	r2, r1
10005e58:	f04f 0201 	mov.w	r2, #1
10005e5c:	d910      	bls.n	10005e80 <tu_fifo_read+0x90>
10005e5e:	2100      	movs	r1, #0
10005e60:	fa03 f002 	lsl.w	r0, r3, r2
10005e64:	1a09      	subs	r1, r1, r0
10005e66:	6920      	ldr	r0, [r4, #16]
10005e68:	8161      	strh	r1, [r4, #10]
10005e6a:	b118      	cbz	r0, 10005e74 <tu_fifo_read+0x84>
10005e6c:	9201      	str	r2, [sp, #4]
10005e6e:	f000 fbbb 	bl	100065e8 <__mutex_exit_veneer>
10005e72:	9a01      	ldr	r2, [sp, #4]
10005e74:	4610      	mov	r0, r2
10005e76:	b003      	add	sp, #12
10005e78:	bd30      	pop	{r4, r5, pc}
10005e7a:	4602      	mov	r2, r0
10005e7c:	8961      	ldrh	r1, [r4, #10]
10005e7e:	b289      	uxth	r1, r1
10005e80:	ebb1 0f43 	cmp.w	r1, r3, lsl #1
10005e84:	ea4f 0043 	mov.w	r0, r3, lsl #1
10005e88:	dbed      	blt.n	10005e66 <tu_fifo_read+0x76>
10005e8a:	e7eb      	b.n	10005e64 <tu_fifo_read+0x74>

10005e8c <tu_fifo_read_n>:
10005e8c:	e92d 41f0 	stmdb	sp!, {r4, r5, r6, r7, r8, lr}
10005e90:	4605      	mov	r5, r0
10005e92:	6900      	ldr	r0, [r0, #16]
10005e94:	4688      	mov	r8, r1
10005e96:	b082      	sub	sp, #8
10005e98:	b128      	cbz	r0, 10005ea6 <tu_fifo_read_n+0x1a>
10005e9a:	f04f 31ff 	mov.w	r1, #4294967295	@ 0xffffffff
10005e9e:	9200      	str	r2, [sp, #0]
10005ea0:	f000 fb92 	bl	100065c8 <__mutex_enter_timeout_ms_veneer>
10005ea4:	9a00      	ldr	r2, [sp, #0]
10005ea6:	8929      	ldrh	r1, [r5, #8]
10005ea8:	896b      	ldrh	r3, [r5, #10]
10005eaa:	b289      	uxth	r1, r1
10005eac:	b29b      	uxth	r3, r3
10005eae:	88ac      	ldrh	r4, [r5, #4]
10005eb0:	4299      	cmp	r1, r3
10005eb2:	bf36      	itet	cc
10005eb4:	ebc3 0644 	rsbcc	r6, r3, r4, lsl #1
10005eb8:	1ace      	subcs	r6, r1, r3
10005eba:	1876      	addcc	r6, r6, r1
10005ebc:	b2b6      	uxth	r6, r6
10005ebe:	2e00      	cmp	r6, #0
10005ec0:	d04b      	beq.n	10005f5a <tu_fifo_read_n+0xce>
10005ec2:	42b4      	cmp	r4, r6
10005ec4:	d341      	bcc.n	10005f4a <tu_fifo_read_n+0xbe>
10005ec6:	42b2      	cmp	r2, r6
10005ec8:	bf28      	it	cs
10005eca:	4632      	movcs	r2, r6
10005ecc:	429c      	cmp	r4, r3
10005ece:	b296      	uxth	r6, r2
10005ed0:	d803      	bhi.n	10005eda <tu_fifo_read_n+0x4e>
10005ed2:	1b1b      	subs	r3, r3, r4
10005ed4:	b29b      	uxth	r3, r3
10005ed6:	429c      	cmp	r4, r3
10005ed8:	d9fb      	bls.n	10005ed2 <tu_fifo_read_n+0x46>
10005eda:	f8b5 c006 	ldrh.w	ip, [r5, #6]
10005ede:	1ae0      	subs	r0, r4, r3
10005ee0:	6829      	ldr	r1, [r5, #0]
10005ee2:	b280      	uxth	r0, r0
10005ee4:	f3cc 020e 	ubfx	r2, ip, #0, #15
10005ee8:	4286      	cmp	r6, r0
10005eea:	4617      	mov	r7, r2
10005eec:	fb02 1103 	mla	r1, r2, r3, r1
10005ef0:	d925      	bls.n	10005f3e <tu_fifo_read_n+0xb2>
10005ef2:	fb10 f202 	smulbb	r2, r0, r2
10005ef6:	4640      	mov	r0, r8
10005ef8:	b292      	uxth	r2, r2
10005efa:	9301      	str	r3, [sp, #4]
10005efc:	9200      	str	r2, [sp, #0]
10005efe:	f000 fab7 	bl	10006470 <memcpy>
10005f02:	9b01      	ldr	r3, [sp, #4]
10005f04:	9a00      	ldr	r2, [sp, #0]
10005f06:	1b34      	subs	r4, r6, r4
10005f08:	4423      	add	r3, r4
10005f0a:	eb08 0002 	add.w	r0, r8, r2
10005f0e:	fb13 f207 	smulbb	r2, r3, r7
10005f12:	6829      	ldr	r1, [r5, #0]
10005f14:	b292      	uxth	r2, r2
10005f16:	f000 faab 	bl	10006470 <memcpy>
10005f1a:	896a      	ldrh	r2, [r5, #10]
10005f1c:	88ac      	ldrh	r4, [r5, #4]
10005f1e:	b292      	uxth	r2, r2
10005f20:	1993      	adds	r3, r2, r6
10005f22:	b29b      	uxth	r3, r3
10005f24:	429a      	cmp	r2, r3
10005f26:	d91a      	bls.n	10005f5e <tu_fifo_read_n+0xd2>
10005f28:	0062      	lsls	r2, r4, #1
10005f2a:	1a9b      	subs	r3, r3, r2
10005f2c:	6928      	ldr	r0, [r5, #16]
10005f2e:	816b      	strh	r3, [r5, #10]
10005f30:	b108      	cbz	r0, 10005f36 <tu_fifo_read_n+0xaa>
10005f32:	f000 fb59 	bl	100065e8 <__mutex_exit_veneer>
10005f36:	4630      	mov	r0, r6
10005f38:	b002      	add	sp, #8
10005f3a:	e8bd 81f0 	ldmia.w	sp!, {r4, r5, r6, r7, r8, pc}
10005f3e:	4640      	mov	r0, r8
10005f40:	fb06 f202 	mul.w	r2, r6, r2
10005f44:	f000 fa94 	bl	10006470 <memcpy>
10005f48:	e7e7      	b.n	10005f1a <tu_fifo_read_n+0x8e>
10005f4a:	42a1      	cmp	r1, r4
10005f4c:	bf2c      	ite	cs
10005f4e:	1b09      	subcs	r1, r1, r4
10005f50:	1909      	addcc	r1, r1, r4
10005f52:	b28b      	uxth	r3, r1
10005f54:	4626      	mov	r6, r4
10005f56:	816b      	strh	r3, [r5, #10]
10005f58:	e7b5      	b.n	10005ec6 <tu_fifo_read_n+0x3a>
10005f5a:	896b      	ldrh	r3, [r5, #10]
10005f5c:	b29b      	uxth	r3, r3
10005f5e:	ebb3 0f44 	cmp.w	r3, r4, lsl #1
10005f62:	ea4f 0244 	mov.w	r2, r4, lsl #1
10005f66:	dbe1      	blt.n	10005f2c <tu_fifo_read_n+0xa0>
10005f68:	e7df      	b.n	10005f2a <tu_fifo_read_n+0x9e>
10005f6a:	bf00      	nop

10005f6c <tu_fifo_write>:
10005f6c:	b570      	push	{r4, r5, r6, lr}
10005f6e:	4604      	mov	r4, r0
10005f70:	68c0      	ldr	r0, [r0, #12]
10005f72:	460e      	mov	r6, r1
10005f74:	b082      	sub	sp, #8
10005f76:	b118      	cbz	r0, 10005f80 <tu_fifo_write+0x14>
10005f78:	f04f 31ff 	mov.w	r1, #4294967295	@ 0xffffffff
10005f7c:	f000 fb24 	bl	100065c8 <__mutex_enter_timeout_ms_veneer>
10005f80:	8925      	ldrh	r5, [r4, #8]
10005f82:	8923      	ldrh	r3, [r4, #8]
10005f84:	8961      	ldrh	r1, [r4, #10]
10005f86:	b29b      	uxth	r3, r3
10005f88:	b289      	uxth	r1, r1
10005f8a:	88a2      	ldrh	r2, [r4, #4]
10005f8c:	428b      	cmp	r3, r1
10005f8e:	bf36      	itet	cc
10005f90:	ebc1 0142 	rsbcc	r1, r1, r2, lsl #1
10005f94:	1a5b      	subcs	r3, r3, r1
10005f96:	185b      	addcc	r3, r3, r1
10005f98:	b29b      	uxth	r3, r3
10005f9a:	429a      	cmp	r2, r3
10005f9c:	b2ad      	uxth	r5, r5
10005f9e:	d80b      	bhi.n	10005fb8 <tu_fifo_write+0x4c>
10005fa0:	79e1      	ldrb	r1, [r4, #7]
10005fa2:	09c9      	lsrs	r1, r1, #7
10005fa4:	d108      	bne.n	10005fb8 <tu_fifo_write+0x4c>
10005fa6:	68e0      	ldr	r0, [r4, #12]
10005fa8:	b118      	cbz	r0, 10005fb2 <tu_fifo_write+0x46>
10005faa:	9101      	str	r1, [sp, #4]
10005fac:	f000 fb1c 	bl	100065e8 <__mutex_exit_veneer>
10005fb0:	9901      	ldr	r1, [sp, #4]
10005fb2:	4608      	mov	r0, r1
10005fb4:	b002      	add	sp, #8
10005fb6:	bd70      	pop	{r4, r5, r6, pc}
10005fb8:	4295      	cmp	r5, r2
10005fba:	bf28      	it	cs
10005fbc:	462b      	movcs	r3, r5
10005fbe:	d317      	bcc.n	10005ff0 <tu_fifo_write+0x84>
10005fc0:	1a9b      	subs	r3, r3, r2
10005fc2:	b29b      	uxth	r3, r3
10005fc4:	4293      	cmp	r3, r2
10005fc6:	d2fb      	bcs.n	10005fc0 <tu_fifo_write+0x54>
10005fc8:	88e2      	ldrh	r2, [r4, #6]
10005fca:	6820      	ldr	r0, [r4, #0]
10005fcc:	f3c2 020e 	ubfx	r2, r2, #0, #15
10005fd0:	fb02 0003 	mla	r0, r2, r3, r0
10005fd4:	4631      	mov	r1, r6
10005fd6:	f000 fa4b 	bl	10006470 <memcpy>
10005fda:	1c6b      	adds	r3, r5, #1
10005fdc:	b29b      	uxth	r3, r3
10005fde:	429d      	cmp	r5, r3
10005fe0:	88a2      	ldrh	r2, [r4, #4]
10005fe2:	d911      	bls.n	10006008 <tu_fifo_write+0x9c>
10005fe4:	2300      	movs	r3, #0
10005fe6:	0051      	lsls	r1, r2, #1
10005fe8:	1a5b      	subs	r3, r3, r1
10005fea:	2101      	movs	r1, #1
10005fec:	8123      	strh	r3, [r4, #8]
10005fee:	e7da      	b.n	10005fa6 <tu_fifo_write+0x3a>
10005ff0:	88e2      	ldrh	r2, [r4, #6]
10005ff2:	6820      	ldr	r0, [r4, #0]
10005ff4:	f3c2 020e 	ubfx	r2, r2, #0, #15
10005ff8:	fb05 0002 	mla	r0, r5, r2, r0
10005ffc:	4631      	mov	r1, r6
10005ffe:	f000 fa37 	bl	10006470 <memcpy>
10006002:	3501      	adds	r5, #1
10006004:	88a2      	ldrh	r2, [r4, #4]
10006006:	b2ab      	uxth	r3, r5
10006008:	ebb3 0f42 	cmp.w	r3, r2, lsl #1
1000600c:	ea4f 0142 	mov.w	r1, r2, lsl #1
10006010:	dbeb      	blt.n	10005fea <tu_fifo_write+0x7e>
10006012:	e7e9      	b.n	10005fe8 <tu_fifo_write+0x7c>

10006014 <tu_fifo_write_n>:
10006014:	e92d 47f0 	stmdb	sp!, {r4, r5, r6, r7, r8, r9, sl, lr}
10006018:	4615      	mov	r5, r2
1000601a:	b082      	sub	sp, #8
1000601c:	2a00      	cmp	r2, #0
1000601e:	d04a      	beq.n	100060b6 <tu_fifo_write_n+0xa2>
10006020:	4604      	mov	r4, r0
10006022:	68c0      	ldr	r0, [r0, #12]
10006024:	4688      	mov	r8, r1
10006026:	b118      	cbz	r0, 10006030 <tu_fifo_write_n+0x1c>
10006028:	f04f 31ff 	mov.w	r1, #4294967295	@ 0xffffffff
1000602c:	f000 facc 	bl	100065c8 <__mutex_enter_timeout_ms_veneer>
10006030:	79e1      	ldrb	r1, [r4, #7]
10006032:	8926      	ldrh	r6, [r4, #8]
10006034:	8963      	ldrh	r3, [r4, #10]
10006036:	09c9      	lsrs	r1, r1, #7
10006038:	88a2      	ldrh	r2, [r4, #4]
1000603a:	b2b6      	uxth	r6, r6
1000603c:	b29b      	uxth	r3, r3
1000603e:	d13e      	bne.n	100060be <tu_fifo_write_n+0xaa>
10006040:	429e      	cmp	r6, r3
10006042:	bf36      	itet	cc
10006044:	ebc3 0342 	rsbcc	r3, r3, r2, lsl #1
10006048:	1af3      	subcs	r3, r6, r3
1000604a:	199b      	addcc	r3, r3, r6
1000604c:	b29b      	uxth	r3, r3
1000604e:	4293      	cmp	r3, r2
10006050:	d253      	bcs.n	100060fa <tu_fifo_write_n+0xe6>
10006052:	1ad3      	subs	r3, r2, r3
10006054:	b29b      	uxth	r3, r3
10006056:	42ab      	cmp	r3, r5
10006058:	bf28      	it	cs
1000605a:	462b      	movcs	r3, r5
1000605c:	b29d      	uxth	r5, r3
1000605e:	1973      	adds	r3, r6, r5
10006060:	f8b4 c006 	ldrh.w	ip, [r4, #6]
10006064:	fa1f f983 	uxth.w	r9, r3
10006068:	eba5 0a02 	sub.w	sl, r5, r2
1000606c:	4296      	cmp	r6, r2
1000606e:	4633      	mov	r3, r6
10006070:	d303      	bcc.n	1000607a <tu_fifo_write_n+0x66>
10006072:	1a9b      	subs	r3, r3, r2
10006074:	b29b      	uxth	r3, r3
10006076:	4293      	cmp	r3, r2
10006078:	d2fb      	bcs.n	10006072 <tu_fifo_write_n+0x5e>
1000607a:	1ad2      	subs	r2, r2, r3
1000607c:	b291      	uxth	r1, r2
1000607e:	6820      	ldr	r0, [r4, #0]
10006080:	f3cc 020e 	ubfx	r2, ip, #0, #15
10006084:	42a9      	cmp	r1, r5
10006086:	4617      	mov	r7, r2
10006088:	fb02 0003 	mla	r0, r2, r3, r0
1000608c:	d352      	bcc.n	10006134 <tu_fifo_write_n+0x120>
1000608e:	4641      	mov	r1, r8
10006090:	fb05 f202 	mul.w	r2, r5, r2
10006094:	f000 f9ec 	bl	10006470 <memcpy>
10006098:	88a3      	ldrh	r3, [r4, #4]
1000609a:	454e      	cmp	r6, r9
1000609c:	ea4f 0243 	mov.w	r2, r3, lsl #1
100060a0:	d802      	bhi.n	100060a8 <tu_fifo_write_n+0x94>
100060a2:	ebb9 0f43 	cmp.w	r9, r3, lsl #1
100060a6:	db01      	blt.n	100060ac <tu_fifo_write_n+0x98>
100060a8:	eba9 0902 	sub.w	r9, r9, r2
100060ac:	68e0      	ldr	r0, [r4, #12]
100060ae:	462a      	mov	r2, r5
100060b0:	f8a4 9008 	strh.w	r9, [r4, #8]
100060b4:	bb28      	cbnz	r0, 10006102 <tu_fifo_write_n+0xee>
100060b6:	4610      	mov	r0, r2
100060b8:	b002      	add	sp, #8
100060ba:	e8bd 87f0 	ldmia.w	sp!, {r4, r5, r6, r7, r8, r9, sl, pc}
100060be:	4295      	cmp	r5, r2
100060c0:	d227      	bcs.n	10006112 <tu_fifo_write_n+0xfe>
100060c2:	429e      	cmp	r6, r3
100060c4:	bf36      	itet	cc
100060c6:	ebc3 0142 	rsbcc	r1, r3, r2, lsl #1
100060ca:	1af1      	subcs	r1, r6, r3
100060cc:	1989      	addcc	r1, r1, r6
100060ce:	b289      	uxth	r1, r1
100060d0:	0050      	lsls	r0, r2, #1
100060d2:	4429      	add	r1, r5
100060d4:	1aaf      	subs	r7, r5, r2
100060d6:	4281      	cmp	r1, r0
100060d8:	46ba      	mov	sl, r7
100060da:	db08      	blt.n	100060ee <tu_fifo_write_n+0xda>
100060dc:	1899      	adds	r1, r3, r2
100060de:	b289      	uxth	r1, r1
100060e0:	1b4e      	subs	r6, r1, r5
100060e2:	b2b6      	uxth	r6, r6
100060e4:	42b3      	cmp	r3, r6
100060e6:	4689      	mov	r9, r1
100060e8:	d938      	bls.n	1000615c <tu_fifo_write_n+0x148>
100060ea:	1a30      	subs	r0, r6, r0
100060ec:	b286      	uxth	r6, r0
100060ee:	19ab      	adds	r3, r5, r6
100060f0:	fa1f f983 	uxth.w	r9, r3
100060f4:	f8b4 c006 	ldrh.w	ip, [r4, #6]
100060f8:	e7b8      	b.n	1000606c <tu_fifo_write_n+0x58>
100060fa:	2200      	movs	r2, #0
100060fc:	68e0      	ldr	r0, [r4, #12]
100060fe:	2800      	cmp	r0, #0
10006100:	d0d9      	beq.n	100060b6 <tu_fifo_write_n+0xa2>
10006102:	9200      	str	r2, [sp, #0]
10006104:	f000 fa70 	bl	100065e8 <__mutex_exit_veneer>
10006108:	9a00      	ldr	r2, [sp, #0]
1000610a:	4610      	mov	r0, r2
1000610c:	b002      	add	sp, #8
1000610e:	e8bd 87f0 	ldmia.w	sp!, {r4, r5, r6, r7, r8, r9, sl, pc}
10006112:	2a00      	cmp	r2, #0
10006114:	d0f2      	beq.n	100060fc <tu_fifo_write_n+0xe8>
10006116:	f8b4 c006 	ldrh.w	ip, [r4, #6]
1000611a:	1aad      	subs	r5, r5, r2
1000611c:	1899      	adds	r1, r3, r2
1000611e:	461e      	mov	r6, r3
10006120:	f3cc 030e 	ubfx	r3, ip, #0, #15
10006124:	fb03 8805 	mla	r8, r3, r5, r8
10006128:	f04f 0a00 	mov.w	sl, #0
1000612c:	4615      	mov	r5, r2
1000612e:	fa1f f981 	uxth.w	r9, r1
10006132:	e79b      	b.n	1000606c <tu_fifo_write_n+0x58>
10006134:	fb11 f202 	smulbb	r2, r1, r2
10006138:	4641      	mov	r1, r8
1000613a:	b292      	uxth	r2, r2
1000613c:	9301      	str	r3, [sp, #4]
1000613e:	9200      	str	r2, [sp, #0]
10006140:	f000 f996 	bl	10006470 <memcpy>
10006144:	9b01      	ldr	r3, [sp, #4]
10006146:	9a00      	ldr	r2, [sp, #0]
10006148:	4453      	add	r3, sl
1000614a:	fb13 f307 	smulbb	r3, r3, r7
1000614e:	eb08 0102 	add.w	r1, r8, r2
10006152:	6820      	ldr	r0, [r4, #0]
10006154:	b29a      	uxth	r2, r3
10006156:	f000 f98b 	bl	10006470 <memcpy>
1000615a:	e79d      	b.n	10006098 <tu_fifo_write_n+0x84>
1000615c:	42b0      	cmp	r0, r6
1000615e:	ddc4      	ble.n	100060ea <tu_fifo_write_n+0xd6>
10006160:	e7c8      	b.n	100060f4 <tu_fifo_write_n+0xe0>
10006162:	bf00      	nop

10006164 <tu_fifo_clear>:
10006164:	b510      	push	{r4, lr}
10006166:	4604      	mov	r4, r0
10006168:	68c0      	ldr	r0, [r0, #12]
1000616a:	b118      	cbz	r0, 10006174 <tu_fifo_clear+0x10>
1000616c:	f04f 31ff 	mov.w	r1, #4294967295	@ 0xffffffff
10006170:	f000 fa2a 	bl	100065c8 <__mutex_enter_timeout_ms_veneer>
10006174:	6920      	ldr	r0, [r4, #16]
10006176:	b118      	cbz	r0, 10006180 <tu_fifo_clear+0x1c>
10006178:	f04f 31ff 	mov.w	r1, #4294967295	@ 0xffffffff
1000617c:	f000 fa24 	bl	100065c8 <__mutex_enter_timeout_ms_veneer>
10006180:	2300      	movs	r3, #0
10006182:	68e0      	ldr	r0, [r4, #12]
10006184:	8163      	strh	r3, [r4, #10]
10006186:	8123      	strh	r3, [r4, #8]
10006188:	b108      	cbz	r0, 1000618e <tu_fifo_clear+0x2a>
1000618a:	f000 fa2d 	bl	100065e8 <__mutex_exit_veneer>
1000618e:	6920      	ldr	r0, [r4, #16]
10006190:	b108      	cbz	r0, 10006196 <tu_fifo_clear+0x32>
10006192:	f000 fa29 	bl	100065e8 <__mutex_exit_veneer>
10006196:	2001      	movs	r0, #1
10006198:	bd10      	pop	{r4, pc}
1000619a:	bf00      	nop

1000619c <tu_fifo_set_overwritable>:
1000619c:	b538      	push	{r3, r4, r5, lr}
1000619e:	4604      	mov	r4, r0
100061a0:	68c0      	ldr	r0, [r0, #12]
100061a2:	460d      	mov	r5, r1
100061a4:	b118      	cbz	r0, 100061ae <tu_fifo_set_overwritable+0x12>
100061a6:	f04f 31ff 	mov.w	r1, #4294967295	@ 0xffffffff
100061aa:	f000 fa0d 	bl	100065c8 <__mutex_enter_timeout_ms_veneer>
100061ae:	6920      	ldr	r0, [r4, #16]
100061b0:	b118      	cbz	r0, 100061ba <tu_fifo_set_overwritable+0x1e>
100061b2:	f04f 31ff 	mov.w	r1, #4294967295	@ 0xffffffff
100061b6:	f000 fa07 	bl	100065c8 <__mutex_enter_timeout_ms_veneer>
100061ba:	79e3      	ldrb	r3, [r4, #7]
100061bc:	68e0      	ldr	r0, [r4, #12]
100061be:	f365 13c7 	bfi	r3, r5, #7, #1
100061c2:	71e3      	strb	r3, [r4, #7]
100061c4:	b108      	cbz	r0, 100061ca <tu_fifo_set_overwritable+0x2e>
100061c6:	f000 fa0f 	bl	100065e8 <__mutex_exit_veneer>
100061ca:	6920      	ldr	r0, [r4, #16]
100061cc:	b108      	cbz	r0, 100061d2 <tu_fifo_set_overwritable+0x36>
100061ce:	f000 fa0b 	bl	100065e8 <__mutex_exit_veneer>
100061d2:	2001      	movs	r0, #1
100061d4:	bd38      	pop	{r3, r4, r5, pc}
100061d6:	bf00      	nop

100061d8 <_strtol_l.part.0>:
100061d8:	e92d 4ff0 	stmdb	sp!, {r4, r5, r6, r7, r8, r9, sl, fp, lr}
100061dc:	4690      	mov	r8, r2
100061de:	460e      	mov	r6, r1
100061e0:	468e      	mov	lr, r1
100061e2:	4683      	mov	fp, r0
100061e4:	461a      	mov	r2, r3
100061e6:	4970      	ldr	r1, [pc, #448]	@ (100063a8 <_strtol_l.part.0+0x1d0>)
100061e8:	4670      	mov	r0, lr
100061ea:	f81e 9b01 	ldrb.w	r9, [lr], #1
100061ee:	f811 3009 	ldrb.w	r3, [r1, r9]
100061f2:	f013 0308 	ands.w	r3, r3, #8
100061f6:	d1f7      	bne.n	100061e8 <_strtol_l.part.0+0x10>
100061f8:	f1b9 0f2d 	cmp.w	r9, #45	@ 0x2d
100061fc:	f022 0510 	bic.w	r5, r2, #16
10006200:	d061      	beq.n	100062c6 <_strtol_l.part.0+0xee>
10006202:	f1b9 0f2b 	cmp.w	r9, #43	@ 0x2b
10006206:	d010      	beq.n	1000622a <_strtol_l.part.0+0x52>
10006208:	b9ad      	cbnz	r5, 10006236 <_strtol_l.part.0+0x5e>
1000620a:	f1b9 0f30 	cmp.w	r9, #48	@ 0x30
1000620e:	f000 8090 	beq.w	10006332 <_strtol_l.part.0+0x15a>
10006212:	2a00      	cmp	r2, #0
10006214:	f000 8088 	beq.w	10006328 <_strtol_l.part.0+0x150>
10006218:	2210      	movs	r2, #16
1000621a:	f06f 4478 	mvn.w	r4, #4160749568	@ 0xf8000000
1000621e:	250f      	movs	r5, #15
10006220:	4617      	mov	r7, r2
10006222:	2300      	movs	r3, #0
10006224:	f06f 4a00 	mvn.w	sl, #2147483648	@ 0x80000000
10006228:	e00d      	b.n	10006246 <_strtol_l.part.0+0x6e>
1000622a:	f89e 9000 	ldrb.w	r9, [lr]
1000622e:	f100 0e02 	add.w	lr, r0, #2
10006232:	2d00      	cmp	r5, #0
10006234:	d063      	beq.n	100062fe <_strtol_l.part.0+0x126>
10006236:	f06f 4500 	mvn.w	r5, #2147483648	@ 0x80000000
1000623a:	4617      	mov	r7, r2
1000623c:	fbb5 f4f2 	udiv	r4, r5, r2
10006240:	46aa      	mov	sl, r5
10006242:	fb02 5514 	mls	r5, r2, r4, r5
10006246:	2100      	movs	r1, #0
10006248:	4608      	mov	r0, r1
1000624a:	e00e      	b.n	1000626a <_strtol_l.part.0+0x92>
1000624c:	f1a9 0c37 	sub.w	ip, r9, #55	@ 0x37
10006250:	4594      	cmp	ip, r2
10006252:	da1d      	bge.n	10006290 <_strtol_l.part.0+0xb8>
10006254:	3101      	adds	r1, #1
10006256:	d004      	beq.n	10006262 <_strtol_l.part.0+0x8a>
10006258:	42a0      	cmp	r0, r4
1000625a:	d802      	bhi.n	10006262 <_strtol_l.part.0+0x8a>
1000625c:	d125      	bne.n	100062aa <_strtol_l.part.0+0xd2>
1000625e:	45ac      	cmp	ip, r5
10006260:	dd23      	ble.n	100062aa <_strtol_l.part.0+0xd2>
10006262:	f04f 31ff 	mov.w	r1, #4294967295	@ 0xffffffff
10006266:	f81e 9b01 	ldrb.w	r9, [lr], #1
1000626a:	f1a9 0c30 	sub.w	ip, r9, #48	@ 0x30
1000626e:	f1bc 0f09 	cmp.w	ip, #9
10006272:	d9ed      	bls.n	10006250 <_strtol_l.part.0+0x78>
10006274:	f1a9 0c41 	sub.w	ip, r9, #65	@ 0x41
10006278:	f1bc 0f19 	cmp.w	ip, #25
1000627c:	d9e6      	bls.n	1000624c <_strtol_l.part.0+0x74>
1000627e:	f1a9 0c61 	sub.w	ip, r9, #97	@ 0x61
10006282:	f1bc 0f19 	cmp.w	ip, #25
10006286:	d803      	bhi.n	10006290 <_strtol_l.part.0+0xb8>
10006288:	f1a9 0c57 	sub.w	ip, r9, #87	@ 0x57
1000628c:	4594      	cmp	ip, r2
1000628e:	dbe1      	blt.n	10006254 <_strtol_l.part.0+0x7c>
10006290:	1c4a      	adds	r2, r1, #1
10006292:	d00e      	beq.n	100062b2 <_strtol_l.part.0+0xda>
10006294:	b103      	cbz	r3, 10006298 <_strtol_l.part.0+0xc0>
10006296:	4240      	negs	r0, r0
10006298:	f1b8 0f00 	cmp.w	r8, #0
1000629c:	d003      	beq.n	100062a6 <_strtol_l.part.0+0xce>
1000629e:	2900      	cmp	r1, #0
100062a0:	d158      	bne.n	10006354 <_strtol_l.part.0+0x17c>
100062a2:	f8c8 6000 	str.w	r6, [r8]
100062a6:	e8bd 8ff0 	ldmia.w	sp!, {r4, r5, r6, r7, r8, r9, sl, fp, pc}
100062aa:	fb07 c000 	mla	r0, r7, r0, ip
100062ae:	2101      	movs	r1, #1
100062b0:	e7d9      	b.n	10006266 <_strtol_l.part.0+0x8e>
100062b2:	2322      	movs	r3, #34	@ 0x22
100062b4:	f8cb 3000 	str.w	r3, [fp]
100062b8:	f1b8 0f00 	cmp.w	r8, #0
100062bc:	d04c      	beq.n	10006358 <_strtol_l.part.0+0x180>
100062be:	f10e 36ff 	add.w	r6, lr, #4294967295	@ 0xffffffff
100062c2:	4650      	mov	r0, sl
100062c4:	e7ed      	b.n	100062a2 <_strtol_l.part.0+0xca>
100062c6:	f89e 9000 	ldrb.w	r9, [lr]
100062ca:	f100 0e02 	add.w	lr, r0, #2
100062ce:	b965      	cbnz	r5, 100062ea <_strtol_l.part.0+0x112>
100062d0:	f1b9 0f30 	cmp.w	r9, #48	@ 0x30
100062d4:	d043      	beq.n	1000635e <_strtol_l.part.0+0x186>
100062d6:	2a00      	cmp	r2, #0
100062d8:	d150      	bne.n	1000637c <_strtol_l.part.0+0x1a4>
100062da:	220a      	movs	r2, #10
100062dc:	4c33      	ldr	r4, [pc, #204]	@ (100063ac <_strtol_l.part.0+0x1d4>)
100062de:	2508      	movs	r5, #8
100062e0:	2301      	movs	r3, #1
100062e2:	4617      	mov	r7, r2
100062e4:	f04f 4a00 	mov.w	sl, #2147483648	@ 0x80000000
100062e8:	e7ad      	b.n	10006246 <_strtol_l.part.0+0x6e>
100062ea:	f04f 4100 	mov.w	r1, #2147483648	@ 0x80000000
100062ee:	4617      	mov	r7, r2
100062f0:	2301      	movs	r3, #1
100062f2:	468a      	mov	sl, r1
100062f4:	fbb1 f4f2 	udiv	r4, r1, r2
100062f8:	fb02 1514 	mls	r5, r2, r4, r1
100062fc:	e7a3      	b.n	10006246 <_strtol_l.part.0+0x6e>
100062fe:	f1b9 0f30 	cmp.w	r9, #48	@ 0x30
10006302:	d186      	bne.n	10006212 <_strtol_l.part.0+0x3a>
10006304:	7883      	ldrb	r3, [r0, #2]
10006306:	f003 03df 	and.w	r3, r3, #223	@ 0xdf
1000630a:	2b58      	cmp	r3, #88	@ 0x58
1000630c:	d11e      	bne.n	1000634c <_strtol_l.part.0+0x174>
1000630e:	2210      	movs	r2, #16
10006310:	f890 9003 	ldrb.w	r9, [r0, #3]
10006314:	f100 0e04 	add.w	lr, r0, #4
10006318:	4617      	mov	r7, r2
1000631a:	f06f 4500 	mvn.w	r5, #2147483648	@ 0x80000000
1000631e:	fbb5 f4f7 	udiv	r4, r5, r7
10006322:	fb07 5514 	mls	r5, r7, r4, r5
10006326:	e77c      	b.n	10006222 <_strtol_l.part.0+0x4a>
10006328:	220a      	movs	r2, #10
1000632a:	4c20      	ldr	r4, [pc, #128]	@ (100063ac <_strtol_l.part.0+0x1d4>)
1000632c:	2507      	movs	r5, #7
1000632e:	4617      	mov	r7, r2
10006330:	e777      	b.n	10006222 <_strtol_l.part.0+0x4a>
10006332:	f89e 3000 	ldrb.w	r3, [lr]
10006336:	f003 03df 	and.w	r3, r3, #223	@ 0xdf
1000633a:	2b58      	cmp	r3, #88	@ 0x58
1000633c:	d106      	bne.n	1000634c <_strtol_l.part.0+0x174>
1000633e:	2210      	movs	r2, #16
10006340:	f89e 9001 	ldrb.w	r9, [lr, #1]
10006344:	f100 0e03 	add.w	lr, r0, #3
10006348:	4617      	mov	r7, r2
1000634a:	e7e6      	b.n	1000631a <_strtol_l.part.0+0x142>
1000634c:	bb2a      	cbnz	r2, 1000639a <_strtol_l.part.0+0x1c2>
1000634e:	2208      	movs	r2, #8
10006350:	4617      	mov	r7, r2
10006352:	e7e2      	b.n	1000631a <_strtol_l.part.0+0x142>
10006354:	4682      	mov	sl, r0
10006356:	e7b2      	b.n	100062be <_strtol_l.part.0+0xe6>
10006358:	4650      	mov	r0, sl
1000635a:	e8bd 8ff0 	ldmia.w	sp!, {r4, r5, r6, r7, r8, r9, sl, fp, pc}
1000635e:	7883      	ldrb	r3, [r0, #2]
10006360:	f003 03df 	and.w	r3, r3, #223	@ 0xdf
10006364:	2b58      	cmp	r3, #88	@ 0x58
10006366:	d011      	beq.n	1000638c <_strtol_l.part.0+0x1b4>
10006368:	b1d2      	cbz	r2, 100063a0 <_strtol_l.part.0+0x1c8>
1000636a:	2210      	movs	r2, #16
1000636c:	4617      	mov	r7, r2
1000636e:	f04f 4100 	mov.w	r1, #2147483648	@ 0x80000000
10006372:	2301      	movs	r3, #1
10006374:	fbb1 f4f7 	udiv	r4, r1, r7
10006378:	468a      	mov	sl, r1
1000637a:	e764      	b.n	10006246 <_strtol_l.part.0+0x6e>
1000637c:	2210      	movs	r2, #16
1000637e:	f04f 6400 	mov.w	r4, #134217728	@ 0x8000000
10006382:	2301      	movs	r3, #1
10006384:	f04f 4a00 	mov.w	sl, #2147483648	@ 0x80000000
10006388:	4617      	mov	r7, r2
1000638a:	e75c      	b.n	10006246 <_strtol_l.part.0+0x6e>
1000638c:	2210      	movs	r2, #16
1000638e:	f890 9003 	ldrb.w	r9, [r0, #3]
10006392:	f100 0e04 	add.w	lr, r0, #4
10006396:	4617      	mov	r7, r2
10006398:	e7e9      	b.n	1000636e <_strtol_l.part.0+0x196>
1000639a:	2210      	movs	r2, #16
1000639c:	4617      	mov	r7, r2
1000639e:	e7bc      	b.n	1000631a <_strtol_l.part.0+0x142>
100063a0:	2208      	movs	r2, #8
100063a2:	4617      	mov	r7, r2
100063a4:	e7e3      	b.n	1000636e <_strtol_l.part.0+0x196>
100063a6:	bf00      	nop
100063a8:	10006de5 	.word	0x10006de5
100063ac:	0ccccccc 	.word	0x0ccccccc

100063b0 <strtol>:
100063b0:	2a24      	cmp	r2, #36	@ 0x24
100063b2:	d80a      	bhi.n	100063ca <strtol+0x1a>
100063b4:	2a01      	cmp	r2, #1
100063b6:	d008      	beq.n	100063ca <strtol+0x1a>
100063b8:	f8df c01c 	ldr.w	ip, [pc, #28]	@ 100063d8 <strtol+0x28>
100063bc:	4613      	mov	r3, r2
100063be:	460a      	mov	r2, r1
100063c0:	4601      	mov	r1, r0
100063c2:	f8dc 0000 	ldr.w	r0, [ip]
100063c6:	f7ff bf07 	b.w	100061d8 <_strtol_l.part.0>
100063ca:	b510      	push	{r4, lr}
100063cc:	f000 f84a 	bl	10006464 <__errno>
100063d0:	2316      	movs	r3, #22
100063d2:	6003      	str	r3, [r0, #0]
100063d4:	2000      	movs	r0, #0
100063d6:	bd10      	pop	{r4, pc}
100063d8:	200011f8 	.word	0x200011f8

100063dc <memset>:
100063dc:	b530      	push	{r4, r5, lr}
100063de:	0784      	lsls	r4, r0, #30
100063e0:	4686      	mov	lr, r0
100063e2:	4603      	mov	r3, r0
100063e4:	d006      	beq.n	100063f4 <memset+0x18>
100063e6:	b3a2      	cbz	r2, 10006452 <memset+0x76>
100063e8:	f803 1b01 	strb.w	r1, [r3], #1
100063ec:	0798      	lsls	r0, r3, #30
100063ee:	f102 32ff 	add.w	r2, r2, #4294967295	@ 0xffffffff
100063f2:	d1f8      	bne.n	100063e6 <memset+0xa>
100063f4:	2a03      	cmp	r2, #3
100063f6:	d926      	bls.n	10006446 <memset+0x6a>
100063f8:	fa5f fc81 	uxtb.w	ip, r1
100063fc:	2a0f      	cmp	r2, #15
100063fe:	eb0c 2c0c 	add.w	ip, ip, ip, lsl #8
10006402:	eb0c 400c 	add.w	r0, ip, ip, lsl #16
10006406:	d92a      	bls.n	1000645e <memset+0x82>
10006408:	f022 0c0f 	bic.w	ip, r2, #15
1000640c:	449c      	add	ip, r3
1000640e:	e9c3 0000 	strd	r0, r0, [r3]
10006412:	e9c3 0002 	strd	r0, r0, [r3, #8]
10006416:	3310      	adds	r3, #16
10006418:	4563      	cmp	r3, ip
1000641a:	d1f8      	bne.n	1000640e <memset+0x32>
1000641c:	f012 0f0c 	tst.w	r2, #12
10006420:	f002 050f 	and.w	r5, r2, #15
10006424:	d017      	beq.n	10006456 <memset+0x7a>
10006426:	ea4f 0c95 	mov.w	ip, r5, lsr #2
1000642a:	461a      	mov	r2, r3
1000642c:	f10c 34ff 	add.w	r4, ip, #4294967295	@ 0xffffffff
10006430:	eb03 0c8c 	add.w	ip, r3, ip, lsl #2
10006434:	f842 0b04 	str.w	r0, [r2], #4
10006438:	4562      	cmp	r2, ip
1000643a:	d1fb      	bne.n	10006434 <memset+0x58>
1000643c:	3304      	adds	r3, #4
1000643e:	f005 0203 	and.w	r2, r5, #3
10006442:	eb03 0384 	add.w	r3, r3, r4, lsl #2
10006446:	b122      	cbz	r2, 10006452 <memset+0x76>
10006448:	441a      	add	r2, r3
1000644a:	f803 1b01 	strb.w	r1, [r3], #1
1000644e:	429a      	cmp	r2, r3
10006450:	d1fb      	bne.n	1000644a <memset+0x6e>
10006452:	4670      	mov	r0, lr
10006454:	bd30      	pop	{r4, r5, pc}
10006456:	462a      	mov	r2, r5
10006458:	2a00      	cmp	r2, #0
1000645a:	d1f5      	bne.n	10006448 <memset+0x6c>
1000645c:	e7f9      	b.n	10006452 <memset+0x76>
1000645e:	4615      	mov	r5, r2
10006460:	e7e1      	b.n	10006426 <memset+0x4a>
10006462:	bf00      	nop

10006464 <__errno>:
10006464:	4b01      	ldr	r3, [pc, #4]	@ (1000646c <__errno+0x8>)
10006466:	6818      	ldr	r0, [r3, #0]
10006468:	4770      	bx	lr
1000646a:	bf00      	nop
1000646c:	200011f8 	.word	0x200011f8

10006470 <memcpy>:
10006470:	4684      	mov	ip, r0
10006472:	ea41 0300 	orr.w	r3, r1, r0
10006476:	f013 0303 	ands.w	r3, r3, #3
1000647a:	d149      	bne.n	10006510 <memcpy+0xa0>
1000647c:	3a40      	subs	r2, #64	@ 0x40
1000647e:	d323      	bcc.n	100064c8 <memcpy+0x58>
10006480:	680b      	ldr	r3, [r1, #0]
10006482:	6003      	str	r3, [r0, #0]
10006484:	684b      	ldr	r3, [r1, #4]
10006486:	6043      	str	r3, [r0, #4]
10006488:	688b      	ldr	r3, [r1, #8]
1000648a:	6083      	str	r3, [r0, #8]
1000648c:	68cb      	ldr	r3, [r1, #12]
1000648e:	60c3      	str	r3, [r0, #12]
10006490:	690b      	ldr	r3, [r1, #16]
10006492:	6103      	str	r3, [r0, #16]
10006494:	694b      	ldr	r3, [r1, #20]
10006496:	6143      	str	r3, [r0, #20]
10006498:	698b      	ldr	r3, [r1, #24]
1000649a:	6183      	str	r3, [r0, #24]
1000649c:	69cb      	ldr	r3, [r1, #28]
1000649e:	61c3      	str	r3, [r0, #28]
100064a0:	6a0b      	ldr	r3, [r1, #32]
100064a2:	6203      	str	r3, [r0, #32]
100064a4:	6a4b      	ldr	r3, [r1, #36]	@ 0x24
100064a6:	6243      	str	r3, [r0, #36]	@ 0x24
100064a8:	6a8b      	ldr	r3, [r1, #40]	@ 0x28
100064aa:	6283      	str	r3, [r0, #40]	@ 0x28
100064ac:	6acb      	ldr	r3, [r1, #44]	@ 0x2c
100064ae:	62c3      	str	r3, [r0, #44]	@ 0x2c
100064b0:	6b0b      	ldr	r3, [r1, #48]	@ 0x30
100064b2:	6303      	str	r3, [r0, #48]	@ 0x30
100064b4:	6b4b      	ldr	r3, [r1, #52]	@ 0x34
100064b6:	6343      	str	r3, [r0, #52]	@ 0x34
100064b8:	6b8b      	ldr	r3, [r1, #56]	@ 0x38
100064ba:	6383      	str	r3, [r0, #56]	@ 0x38
100064bc:	6bcb      	ldr	r3, [r1, #60]	@ 0x3c
100064be:	63c3      	str	r3, [r0, #60]	@ 0x3c
100064c0:	3040      	adds	r0, #64	@ 0x40
100064c2:	3140      	adds	r1, #64	@ 0x40
100064c4:	3a40      	subs	r2, #64	@ 0x40
100064c6:	d2db      	bcs.n	10006480 <memcpy+0x10>
100064c8:	3230      	adds	r2, #48	@ 0x30
100064ca:	d30b      	bcc.n	100064e4 <memcpy+0x74>
100064cc:	680b      	ldr	r3, [r1, #0]
100064ce:	6003      	str	r3, [r0, #0]
100064d0:	684b      	ldr	r3, [r1, #4]
100064d2:	6043      	str	r3, [r0, #4]
100064d4:	688b      	ldr	r3, [r1, #8]
100064d6:	6083      	str	r3, [r0, #8]
100064d8:	68cb      	ldr	r3, [r1, #12]
100064da:	60c3      	str	r3, [r0, #12]
100064dc:	3010      	adds	r0, #16
100064de:	3110      	adds	r1, #16
100064e0:	3a10      	subs	r2, #16
100064e2:	d2f3      	bcs.n	100064cc <memcpy+0x5c>
100064e4:	320c      	adds	r2, #12
100064e6:	d305      	bcc.n	100064f4 <memcpy+0x84>
100064e8:	f851 3b04 	ldr.w	r3, [r1], #4
100064ec:	f840 3b04 	str.w	r3, [r0], #4
100064f0:	3a04      	subs	r2, #4
100064f2:	d2f9      	bcs.n	100064e8 <memcpy+0x78>
100064f4:	3204      	adds	r2, #4
100064f6:	d008      	beq.n	1000650a <memcpy+0x9a>
100064f8:	07d2      	lsls	r2, r2, #31
100064fa:	bf1c      	itt	ne
100064fc:	f811 3b01 	ldrbne.w	r3, [r1], #1
10006500:	f800 3b01 	strbne.w	r3, [r0], #1
10006504:	d301      	bcc.n	1000650a <memcpy+0x9a>
10006506:	880b      	ldrh	r3, [r1, #0]
10006508:	8003      	strh	r3, [r0, #0]
1000650a:	4660      	mov	r0, ip
1000650c:	4770      	bx	lr
1000650e:	bf00      	nop
10006510:	2a08      	cmp	r2, #8
10006512:	d313      	bcc.n	1000653c <memcpy+0xcc>
10006514:	078b      	lsls	r3, r1, #30
10006516:	d0b1      	beq.n	1000647c <memcpy+0xc>
10006518:	f010 0303 	ands.w	r3, r0, #3
1000651c:	d0ae      	beq.n	1000647c <memcpy+0xc>
1000651e:	f1c3 0304 	rsb	r3, r3, #4
10006522:	1ad2      	subs	r2, r2, r3
10006524:	07db      	lsls	r3, r3, #31
10006526:	bf1c      	itt	ne
10006528:	f811 3b01 	ldrbne.w	r3, [r1], #1
1000652c:	f800 3b01 	strbne.w	r3, [r0], #1
10006530:	d3a4      	bcc.n	1000647c <memcpy+0xc>
10006532:	f831 3b02 	ldrh.w	r3, [r1], #2
10006536:	f820 3b02 	strh.w	r3, [r0], #2
1000653a:	e79f      	b.n	1000647c <memcpy+0xc>
1000653c:	3a04      	subs	r2, #4
1000653e:	d3d9      	bcc.n	100064f4 <memcpy+0x84>
10006540:	3a01      	subs	r2, #1
10006542:	f811 3b01 	ldrb.w	r3, [r1], #1
10006546:	f800 3b01 	strb.w	r3, [r0], #1
1000654a:	d2f9      	bcs.n	10006540 <memcpy+0xd0>
1000654c:	780b      	ldrb	r3, [r1, #0]
1000654e:	7003      	strb	r3, [r0, #0]
10006550:	784b      	ldrb	r3, [r1, #1]
10006552:	7043      	strb	r3, [r0, #1]
10006554:	788b      	ldrb	r3, [r1, #2]
10006556:	7083      	strb	r3, [r0, #2]
10006558:	4660      	mov	r0, ip
1000655a:	4770      	bx	lr

1000655c <strlen>:
1000655c:	f020 0103 	bic.w	r1, r0, #3
10006560:	f010 0003 	ands.w	r0, r0, #3
10006564:	f1c0 0000 	rsb	r0, r0, #0
10006568:	f851 3b04 	ldr.w	r3, [r1], #4
1000656c:	f100 0c04 	add.w	ip, r0, #4
10006570:	ea4f 0ccc 	mov.w	ip, ip, lsl #3
10006574:	f06f 0200 	mvn.w	r2, #0
10006578:	bf1c      	itt	ne
1000657a:	fa22 f20c 	lsrne.w	r2, r2, ip
1000657e:	4313      	orrne	r3, r2
10006580:	f04f 0c01 	mov.w	ip, #1
10006584:	ea4c 2c0c 	orr.w	ip, ip, ip, lsl #8
10006588:	ea4c 4c0c 	orr.w	ip, ip, ip, lsl #16
1000658c:	eba3 020c 	sub.w	r2, r3, ip
10006590:	ea22 0203 	bic.w	r2, r2, r3
10006594:	ea12 12cc 	ands.w	r2, r2, ip, lsl #7
10006598:	bf04      	itt	eq
1000659a:	f851 3b04 	ldreq.w	r3, [r1], #4
1000659e:	3004      	addeq	r0, #4
100065a0:	d0f4      	beq.n	1000658c <strlen+0x30>
100065a2:	f1c2 0100 	rsb	r1, r2, #0
100065a6:	ea02 0201 	and.w	r2, r2, r1
100065aa:	fab2 f282 	clz	r2, r2
100065ae:	f1c2 021f 	rsb	r2, r2, #31
100065b2:	eb00 00d2 	add.w	r0, r0, r2, lsr #3
100065b6:	4770      	bx	lr

100065b8 <_fini>:
100065b8:	b5f8      	push	{r3, r4, r5, r6, r7, lr}
100065ba:	bf00      	nop
100065bc:	0000      	movs	r0, r0
	...

100065c0 <__e15_is_bulkin_ep_veneer>:
100065c0:	f85f f000 	ldr.w	pc, [pc]	@ 100065c4 <__e15_is_bulkin_ep_veneer+0x4>
100065c4:	20000a55 	.word	0x20000a55

100065c8 <__mutex_enter_timeout_ms_veneer>:
100065c8:	f85f f000 	ldr.w	pc, [pc]	@ 100065cc <__mutex_enter_timeout_ms_veneer+0x4>
100065cc:	20000235 	.word	0x20000235

100065d0 <__hw_endpoint_start_next_buffer_veneer>:
100065d0:	f85f f000 	ldr.w	pc, [pc]	@ 100065d4 <__hw_endpoint_start_next_buffer_veneer+0x4>
100065d4:	20000af9 	.word	0x20000af9

100065d8 <__e15_is_critical_frame_period_veneer>:
100065d8:	f85f f000 	ldr.w	pc, [pc]	@ 100065dc <__e15_is_critical_frame_period_veneer+0x4>
100065dc:	20000a7d 	.word	0x20000a7d

100065e0 <____aeabi_uldivmod_veneer>:
100065e0:	f85f f000 	ldr.w	pc, [pc]	@ 100065e4 <____aeabi_uldivmod_veneer+0x4>
100065e4:	20000db1 	.word	0x20000db1

100065e8 <__mutex_exit_veneer>:
100065e8:	f85f f000 	ldr.w	pc, [pc]	@ 100065ec <__mutex_exit_veneer+0x4>
100065ec:	2000026d 	.word	0x2000026d

100065f0 <___hw_endpoint_buffer_control_update32_veneer>:
100065f0:	f85f f000 	ldr.w	pc, [pc]	@ 100065f4 <___hw_endpoint_buffer_control_update32_veneer+0x4>
100065f4:	20000ab1 	.word	0x20000ab1

100065f8 <__mutex_try_enter_block_until_veneer>:
100065f8:	f85f f000 	ldr.w	pc, [pc]	@ 100065fc <__mutex_try_enter_block_until_veneer+0x4>
100065fc:	200001cd 	.word	0x200001cd

10006600 <__mutex_try_enter_veneer>:
10006600:	f85f f000 	ldr.w	pc, [pc]	@ 10006604 <__mutex_try_enter_veneer+0x4>
10006604:	20000111 	.word	0x20000111

10006608 <__reset_non_control_endpoints_veneer>:
10006608:	f85f f000 	ldr.w	pc, [pc]	@ 1000660c <__reset_non_control_endpoints_veneer+0x4>
1000660c:	200002a9 	.word	0x200002a9

10006610 <__pre_init_runtime_init_bootrom_reset>:
10006610:	10001a5d                                ]...

10006614 <__pre_init_runtime_init_early_resets>:
10006614:	100019d5                                ....

10006618 <__pre_init_runtime_init_usb_power_down>:
10006618:	10001a05                                ....

1000661c <__pre_init_runtime_init_clocks>:
1000661c:	10001aa5                                ....

10006620 <__pre_init_runtime_init_post_clock_resets>:
10006620:	10001a3d                                =...

10006624 <__pre_init_runtime_init_boot_locks_reset>:
10006624:	1000195d                                ]...

10006628 <__pre_init_runtime_init_spin_locks_reset>:
10006628:	10001a85                                ....

1000662c <__pre_init_runtime_init_bootrom_locking_enable>:
1000662c:	10001949                                I...

10006630 <__pre_init_runtime_init_mutex>:
10006630:	10000bdd                                ....

10006634 <__pre_init_runtime_init_install_ram_vector_table>:
10006634:	10001a89                                ....

10006638 <__pre_init_runtime_init_default_alarm_pool>:
10006638:	10000f9d                                ....

1000663c <__pre_init_first_per_core_initializer>:
1000663c:	100019a5                                ....

10006640 <__pre_init_runtime_init_per_core_bootrom_reset>:
10006640:	10001a71                                q...

10006644 <__pre_init_runtime_init_per_core_enable_coprocessors>:
10006644:	10001a21                                !...

10006648 <__pre_init_spinlock_set_extexclall>:
10006648:	10000789                                ....

1000664c <__pre_init_runtime_init_per_core_irq_priorities>:
1000664c:	100007b1                                ....

10006650 <__frame_dummy_init_array_entry>:
10006650:	10000219 10003f75                       ....u?..

Disassembly of section .data:

20000110 <mutex_try_enter>:
20000110:	4603      	mov	r3, r0
20000112:	b500      	push	{lr}
20000114:	6802      	ldr	r2, [r0, #0]
20000116:	f3ef 8c10 	mrs	ip, PRIMASK
2000011a:	b672      	cpsid	i
2000011c:	e8d2 efcf 	ldaexb	lr, [r2]
20000120:	2001      	movs	r0, #1
20000122:	f1be 0f00 	cmp.w	lr, #0
20000126:	d1f9      	bne.n	2000011c <mutex_try_enter+0xc>
20000128:	e8c2 0f4e 	strexb	lr, r0, [r2]
2000012c:	f1be 0f00 	cmp.w	lr, #0
20000130:	d1f4      	bne.n	2000011c <mutex_try_enter+0xc>
20000132:	f3bf 8f5f 	dmb	sy
20000136:	f993 2004 	ldrsb.w	r2, [r3, #4]
2000013a:	2a00      	cmp	r2, #0
2000013c:	db09      	blt.n	20000152 <mutex_try_enter+0x42>
2000013e:	b101      	cbz	r1, 20000142 <mutex_try_enter+0x32>
20000140:	600a      	str	r2, [r1, #0]
20000142:	2000      	movs	r0, #0
20000144:	2200      	movs	r2, #0
20000146:	681b      	ldr	r3, [r3, #0]
20000148:	e8c3 2f8f 	stlb	r2, [r3]
2000014c:	f38c 8810 	msr	PRIMASK, ip
20000150:	bd00      	pop	{pc}
20000152:	f04f 4250 	mov.w	r2, #3489660928	@ 0xd0000000
20000156:	6812      	ldr	r2, [r2, #0]
20000158:	2001      	movs	r0, #1
2000015a:	711a      	strb	r2, [r3, #4]
2000015c:	e7f2      	b.n	20000144 <mutex_try_enter+0x34>
2000015e:	bf00      	nop

20000160 <mutex_enter_block_until>:
20000160:	f04f 4150 	mov.w	r1, #3489660928	@ 0xd0000000
20000164:	e92d 41f0 	stmdb	sp!, {r4, r5, r6, r7, r8, lr}
20000168:	461f      	mov	r7, r3
2000016a:	680b      	ldr	r3, [r1, #0]
2000016c:	4604      	mov	r4, r0
2000016e:	4616      	mov	r6, r2
20000170:	2500      	movs	r5, #0
20000172:	4698      	mov	r8, r3
20000174:	e008      	b.n	20000188 <mutex_enter_block_until+0x28>
20000176:	e8c3 5f8f 	stlb	r5, [r3]
2000017a:	f382 8810 	msr	PRIMASK, r2
2000017e:	4630      	mov	r0, r6
20000180:	4639      	mov	r1, r7
20000182:	f000 ffe5 	bl	20001150 <__best_effort_wfe_or_timeout_veneer>
20000186:	b9e8      	cbnz	r0, 200001c4 <mutex_enter_block_until+0x64>
20000188:	6823      	ldr	r3, [r4, #0]
2000018a:	f3ef 8210 	mrs	r2, PRIMASK
2000018e:	b672      	cpsid	i
20000190:	e8d3 0fcf 	ldaexb	r0, [r3]
20000194:	2101      	movs	r1, #1
20000196:	2800      	cmp	r0, #0
20000198:	d1fa      	bne.n	20000190 <mutex_enter_block_until+0x30>
2000019a:	e8c3 1f40 	strexb	r0, r1, [r3]
2000019e:	2800      	cmp	r0, #0
200001a0:	d1f6      	bne.n	20000190 <mutex_enter_block_until+0x30>
200001a2:	f3bf 8f5f 	dmb	sy
200001a6:	f994 1004 	ldrsb.w	r1, [r4, #4]
200001aa:	6823      	ldr	r3, [r4, #0]
200001ac:	2900      	cmp	r1, #0
200001ae:	dae2      	bge.n	20000176 <mutex_enter_block_until+0x16>
200001b0:	2100      	movs	r1, #0
200001b2:	f884 8004 	strb.w	r8, [r4, #4]
200001b6:	e8c3 1f8f 	stlb	r1, [r3]
200001ba:	f382 8810 	msr	PRIMASK, r2
200001be:	2001      	movs	r0, #1
200001c0:	e8bd 81f0 	ldmia.w	sp!, {r4, r5, r6, r7, r8, pc}
200001c4:	2000      	movs	r0, #0
200001c6:	e8bd 81f0 	ldmia.w	sp!, {r4, r5, r6, r7, r8, pc}
200001ca:	bf00      	nop

200001cc <mutex_try_enter_block_until>:
200001cc:	b510      	push	{r4, lr}
200001ce:	6801      	ldr	r1, [r0, #0]
200001d0:	f3ef 8e10 	mrs	lr, PRIMASK
200001d4:	b672      	cpsid	i
200001d6:	e8d1 cfcf 	ldaexb	ip, [r1]
200001da:	2401      	movs	r4, #1
200001dc:	f1bc 0f00 	cmp.w	ip, #0
200001e0:	d1f9      	bne.n	200001d6 <mutex_try_enter_block_until+0xa>
200001e2:	e8c1 4f4c 	strexb	ip, r4, [r1]
200001e6:	f1bc 0f00 	cmp.w	ip, #0
200001ea:	d1f4      	bne.n	200001d6 <mutex_try_enter_block_until+0xa>
200001ec:	f3bf 8f5f 	dmb	sy
200001f0:	f990 c004 	ldrsb.w	ip, [r0, #4]
200001f4:	6804      	ldr	r4, [r0, #0]
200001f6:	f1bc 0f00 	cmp.w	ip, #0
200001fa:	db10      	blt.n	2000021e <mutex_try_enter_block_until+0x52>
200001fc:	2100      	movs	r1, #0
200001fe:	e8c4 1f8f 	stlb	r1, [r4]
20000202:	f38e 8810 	msr	PRIMASK, lr
20000206:	f04f 4450 	mov.w	r4, #3489660928	@ 0xd0000000
2000020a:	f994 4000 	ldrsb.w	r4, [r4]
2000020e:	4564      	cmp	r4, ip
20000210:	d101      	bne.n	20000216 <mutex_try_enter_block_until+0x4a>
20000212:	4608      	mov	r0, r1
20000214:	bd10      	pop	{r4, pc}
20000216:	e8bd 4010 	ldmia.w	sp!, {r4, lr}
2000021a:	f7ff bfa1 	b.w	20000160 <mutex_enter_block_until>
2000021e:	f04f 4250 	mov.w	r2, #3489660928	@ 0xd0000000
20000222:	6812      	ldr	r2, [r2, #0]
20000224:	2300      	movs	r3, #0
20000226:	7102      	strb	r2, [r0, #4]
20000228:	e8c4 3f8f 	stlb	r3, [r4]
2000022c:	f38e 8810 	msr	PRIMASK, lr
20000230:	2001      	movs	r0, #1
20000232:	bd10      	pop	{r4, pc}

20000234 <mutex_enter_timeout_ms>:
20000234:	b570      	push	{r4, r5, r6, lr}
20000236:	4605      	mov	r5, r0
20000238:	460c      	mov	r4, r1
2000023a:	f000 ff85 	bl	20001148 <__time_us_64_veneer>
2000023e:	4602      	mov	r2, r0
20000240:	460b      	mov	r3, r1
20000242:	f44f 707a 	mov.w	r0, #1000	@ 0x3e8
20000246:	f04f 3eff 	mov.w	lr, #4294967295	@ 0xffffffff
2000024a:	f06f 4c00 	mvn.w	ip, #2147483648	@ 0x80000000
2000024e:	fbe4 2300 	umlal	r2, r3, r4, r0
20000252:	4596      	cmp	lr, r2
20000254:	eb7c 0103 	sbcs.w	r1, ip, r3
20000258:	bf38      	it	cc
2000025a:	4672      	movcc	r2, lr
2000025c:	4628      	mov	r0, r5
2000025e:	e8bd 4070 	ldmia.w	sp!, {r4, r5, r6, lr}
20000262:	bf38      	it	cc
20000264:	4663      	movcc	r3, ip
20000266:	f7ff bf7b 	b.w	20000160 <mutex_enter_block_until>
2000026a:	bf00      	nop

2000026c <mutex_exit>:
2000026c:	6803      	ldr	r3, [r0, #0]
2000026e:	f3ef 8210 	mrs	r2, PRIMASK
20000272:	b672      	cpsid	i
20000274:	e8d3 cfcf 	ldaexb	ip, [r3]
20000278:	2101      	movs	r1, #1
2000027a:	f1bc 0f00 	cmp.w	ip, #0
2000027e:	d1f9      	bne.n	20000274 <mutex_exit+0x8>
20000280:	e8c3 1f4c 	strexb	ip, r1, [r3]
20000284:	f1bc 0f00 	cmp.w	ip, #0
20000288:	d1f4      	bne.n	20000274 <mutex_exit+0x8>
2000028a:	f3bf 8f5f 	dmb	sy
2000028e:	f04f 0cff 	mov.w	ip, #255	@ 0xff
20000292:	2300      	movs	r3, #0
20000294:	6801      	ldr	r1, [r0, #0]
20000296:	f880 c004 	strb.w	ip, [r0, #4]
2000029a:	e8c1 3f8f 	stlb	r3, [r1]
2000029e:	f382 8810 	msr	PRIMASK, r2
200002a2:	bf40      	sev
200002a4:	4770      	bx	lr
200002a6:	bf00      	nop

200002a8 <reset_non_control_endpoints>:
200002a8:	2100      	movs	r1, #0
200002aa:	b508      	push	{r3, lr}
200002ac:	4b13      	ldr	r3, [pc, #76]	@ (200002fc <reset_non_control_endpoints+0x54>)
200002ae:	f44f 7270 	mov.w	r2, #960	@ 0x3c0
200002b2:	6099      	str	r1, [r3, #8]
200002b4:	4812      	ldr	r0, [pc, #72]	@ (20000300 <reset_non_control_endpoints+0x58>)
200002b6:	60d9      	str	r1, [r3, #12]
200002b8:	6119      	str	r1, [r3, #16]
200002ba:	6159      	str	r1, [r3, #20]
200002bc:	6199      	str	r1, [r3, #24]
200002be:	61d9      	str	r1, [r3, #28]
200002c0:	6219      	str	r1, [r3, #32]
200002c2:	6259      	str	r1, [r3, #36]	@ 0x24
200002c4:	6299      	str	r1, [r3, #40]	@ 0x28
200002c6:	62d9      	str	r1, [r3, #44]	@ 0x2c
200002c8:	6319      	str	r1, [r3, #48]	@ 0x30
200002ca:	6359      	str	r1, [r3, #52]	@ 0x34
200002cc:	6399      	str	r1, [r3, #56]	@ 0x38
200002ce:	63d9      	str	r1, [r3, #60]	@ 0x3c
200002d0:	6419      	str	r1, [r3, #64]	@ 0x40
200002d2:	6459      	str	r1, [r3, #68]	@ 0x44
200002d4:	6499      	str	r1, [r3, #72]	@ 0x48
200002d6:	64d9      	str	r1, [r3, #76]	@ 0x4c
200002d8:	6519      	str	r1, [r3, #80]	@ 0x50
200002da:	6559      	str	r1, [r3, #84]	@ 0x54
200002dc:	6599      	str	r1, [r3, #88]	@ 0x58
200002de:	65d9      	str	r1, [r3, #92]	@ 0x5c
200002e0:	6619      	str	r1, [r3, #96]	@ 0x60
200002e2:	6659      	str	r1, [r3, #100]	@ 0x64
200002e4:	6699      	str	r1, [r3, #104]	@ 0x68
200002e6:	66d9      	str	r1, [r3, #108]	@ 0x6c
200002e8:	6719      	str	r1, [r3, #112]	@ 0x70
200002ea:	6759      	str	r1, [r3, #116]	@ 0x74
200002ec:	6799      	str	r1, [r3, #120]	@ 0x78
200002ee:	67d9      	str	r1, [r3, #124]	@ 0x7c
200002f0:	f000 ff1a 	bl	20001128 <__memset_veneer>
200002f4:	4b03      	ldr	r3, [pc, #12]	@ (20000304 <reset_non_control_endpoints+0x5c>)
200002f6:	4a04      	ldr	r2, [pc, #16]	@ (20000308 <reset_non_control_endpoints+0x60>)
200002f8:	601a      	str	r2, [r3, #0]
200002fa:	bd08      	pop	{r3, pc}
200002fc:	50100000 	.word	0x50100000
20000300:	20001d44 	.word	0x20001d44
20000304:	2000210c 	.word	0x2000210c
20000308:	50100180 	.word	0x50100180

2000030c <hw_handle_buff_status>:
2000030c:	e92d 47f0 	stmdb	sp!, {r4, r5, r6, r7, r8, r9, sl, lr}
20000310:	4b1e      	ldr	r3, [pc, #120]	@ (2000038c <hw_handle_buff_status+0x80>)
20000312:	b084      	sub	sp, #16
20000314:	f8d3 a058 	ldr.w	sl, [r3, #88]	@ 0x58
20000318:	f1ba 0f00 	cmp.w	sl, #0
2000031c:	d021      	beq.n	20000362 <hw_handle_buff_status+0x56>
2000031e:	2400      	movs	r4, #0
20000320:	2501      	movs	r5, #1
20000322:	f44f 69e0 	mov.w	r9, #1792	@ 0x700
20000326:	f8df 806c 	ldr.w	r8, [pc, #108]	@ 20000394 <hw_handle_buff_status+0x88>
2000032a:	4f19      	ldr	r7, [pc, #100]	@ (20000390 <hw_handle_buff_status+0x84>)
2000032c:	e005      	b.n	2000033a <hw_handle_buff_status+0x2e>
2000032e:	3401      	adds	r4, #1
20000330:	b2e4      	uxtb	r4, r4
20000332:	2c20      	cmp	r4, #32
20000334:	ea4f 0545 	mov.w	r5, r5, lsl #1
20000338:	d013      	beq.n	20000362 <hw_handle_buff_status+0x56>
2000033a:	ea1a 0f05 	tst.w	sl, r5
2000033e:	d0f6      	beq.n	2000032e <hw_handle_buff_status+0x22>
20000340:	43e3      	mvns	r3, r4
20000342:	f004 06fe 	and.w	r6, r4, #254	@ 0xfe
20000346:	f003 0301 	and.w	r3, r3, #1
2000034a:	441e      	add	r6, r3
2000034c:	eb07 1646 	add.w	r6, r7, r6, lsl #5
20000350:	4630      	mov	r0, r6
20000352:	f8c8 5058 	str.w	r5, [r8, #88]	@ 0x58
20000356:	f000 fc01 	bl	20000b5c <hw_endpoint_xfer_continue>
2000035a:	b928      	cbnz	r0, 20000368 <hw_handle_buff_status+0x5c>
2000035c:	ea3a 0a05 	bics.w	sl, sl, r5
20000360:	d1e5      	bne.n	2000032e <hw_handle_buff_status+0x22>
20000362:	b004      	add	sp, #16
20000364:	e8bd 87f0 	ldmia.w	sp!, {r4, r5, r6, r7, r8, r9, sl, pc}
20000368:	78b3      	ldrb	r3, [r6, #2]
2000036a:	8af2      	ldrh	r2, [r6, #22]
2000036c:	f88d 3008 	strb.w	r3, [sp, #8]
20000370:	2300      	movs	r3, #0
20000372:	a801      	add	r0, sp, #4
20000374:	2101      	movs	r1, #1
20000376:	f8ad 9004 	strh.w	r9, [sp, #4]
2000037a:	9203      	str	r2, [sp, #12]
2000037c:	f88d 3009 	strb.w	r3, [sp, #9]
20000380:	f000 fc0a 	bl	20000b98 <dcd_event_handler>
20000384:	4630      	mov	r0, r6
20000386:	f000 fb8d 	bl	20000aa4 <hw_endpoint_reset_transfer>
2000038a:	e7e7      	b.n	2000035c <hw_handle_buff_status+0x50>
2000038c:	50110000 	.word	0x50110000
20000390:	20001d04 	.word	0x20001d04
20000394:	50113000 	.word	0x50113000

20000398 <dcd_rp2040_irq>:
20000398:	b570      	push	{r4, r5, r6, lr}
2000039a:	4bb2      	ldr	r3, [pc, #712]	@ (20000664 <dcd_rp2040_irq+0x2cc>)
2000039c:	b086      	sub	sp, #24
2000039e:	f8d3 4098 	ldr.w	r4, [r3, #152]	@ 0x98
200003a2:	f414 3500 	ands.w	r5, r4, #131072	@ 0x20000
200003a6:	d074      	beq.n	20000492 <dcd_rp2040_irq+0xfa>
200003a8:	4aaf      	ldr	r2, [pc, #700]	@ (20000668 <dcd_rp2040_irq+0x2d0>)
200003aa:	4bb0      	ldr	r3, [pc, #704]	@ (2000066c <dcd_rp2040_irq+0x2d4>)
200003ac:	6a90      	ldr	r0, [r2, #40]	@ 0x28
200003ae:	f893 203b 	ldrb.w	r2, [r3, #59]	@ 0x3b
200003b2:	49af      	ldr	r1, [pc, #700]	@ (20000670 <dcd_rp2040_irq+0x2d8>)
200003b4:	2a02      	cmp	r2, #2
200003b6:	6008      	str	r0, [r1, #0]
200003b8:	f000 80e6 	beq.w	20000588 <dcd_rp2040_irq+0x1f0>
200003bc:	2500      	movs	r5, #0
200003be:	f893 207b 	ldrb.w	r2, [r3, #123]	@ 0x7b
200003c2:	2a02      	cmp	r2, #2
200003c4:	f000 81b2 	beq.w	2000072c <dcd_rp2040_irq+0x394>
200003c8:	f893 20bb 	ldrb.w	r2, [r3, #187]	@ 0xbb
200003cc:	2a02      	cmp	r2, #2
200003ce:	f000 81a2 	beq.w	20000716 <dcd_rp2040_irq+0x37e>
200003d2:	f893 20fb 	ldrb.w	r2, [r3, #251]	@ 0xfb
200003d6:	2a02      	cmp	r2, #2
200003d8:	f000 8192 	beq.w	20000700 <dcd_rp2040_irq+0x368>
200003dc:	f893 213b 	ldrb.w	r2, [r3, #315]	@ 0x13b
200003e0:	2a02      	cmp	r2, #2
200003e2:	f000 8181 	beq.w	200006e8 <dcd_rp2040_irq+0x350>
200003e6:	f893 217b 	ldrb.w	r2, [r3, #379]	@ 0x17b
200003ea:	2a02      	cmp	r2, #2
200003ec:	f000 8171 	beq.w	200006d2 <dcd_rp2040_irq+0x33a>
200003f0:	f893 21bb 	ldrb.w	r2, [r3, #443]	@ 0x1bb
200003f4:	2a02      	cmp	r2, #2
200003f6:	f000 8161 	beq.w	200006bc <dcd_rp2040_irq+0x324>
200003fa:	f893 21fb 	ldrb.w	r2, [r3, #507]	@ 0x1fb
200003fe:	2a02      	cmp	r2, #2
20000400:	f000 8150 	beq.w	200006a4 <dcd_rp2040_irq+0x30c>
20000404:	f893 223b 	ldrb.w	r2, [r3, #571]	@ 0x23b
20000408:	2a02      	cmp	r2, #2
2000040a:	f000 813f 	beq.w	2000068c <dcd_rp2040_irq+0x2f4>
2000040e:	f893 227b 	ldrb.w	r2, [r3, #635]	@ 0x27b
20000412:	2a02      	cmp	r2, #2
20000414:	f000 811a 	beq.w	2000064c <dcd_rp2040_irq+0x2b4>
20000418:	f893 22bb 	ldrb.w	r2, [r3, #699]	@ 0x2bb
2000041c:	2a02      	cmp	r2, #2
2000041e:	f000 8109 	beq.w	20000634 <dcd_rp2040_irq+0x29c>
20000422:	f893 22fb 	ldrb.w	r2, [r3, #763]	@ 0x2fb
20000426:	2a02      	cmp	r2, #2
20000428:	f000 80f8 	beq.w	2000061c <dcd_rp2040_irq+0x284>
2000042c:	f893 233b 	ldrb.w	r2, [r3, #827]	@ 0x33b
20000430:	2a02      	cmp	r2, #2
20000432:	f000 80e7 	beq.w	20000604 <dcd_rp2040_irq+0x26c>
20000436:	f893 237b 	ldrb.w	r2, [r3, #891]	@ 0x37b
2000043a:	2a02      	cmp	r2, #2
2000043c:	f000 80b7 	beq.w	200005ae <dcd_rp2040_irq+0x216>
20000440:	f893 23bb 	ldrb.w	r2, [r3, #955]	@ 0x3bb
20000444:	2a02      	cmp	r2, #2
20000446:	f000 817c 	beq.w	20000742 <dcd_rp2040_irq+0x3aa>
2000044a:	f893 23fb 	ldrb.w	r2, [r3, #1019]	@ 0x3fb
2000044e:	2a02      	cmp	r2, #2
20000450:	f000 80c7 	beq.w	200005e2 <dcd_rp2040_irq+0x24a>
20000454:	b93d      	cbnz	r5, 20000466 <dcd_rp2040_irq+0xce>
20000456:	4b87      	ldr	r3, [pc, #540]	@ (20000674 <dcd_rp2040_irq+0x2dc>)
20000458:	781b      	ldrb	r3, [r3, #0]
2000045a:	b923      	cbnz	r3, 20000466 <dcd_rp2040_irq+0xce>
2000045c:	f44f 3200 	mov.w	r2, #131072	@ 0x20000
20000460:	4b85      	ldr	r3, [pc, #532]	@ (20000678 <dcd_rp2040_irq+0x2e0>)
20000462:	f8c3 2090 	str.w	r2, [r3, #144]	@ 0x90
20000466:	f44f 7240 	mov.w	r2, #768	@ 0x300
2000046a:	4b7e      	ldr	r3, [pc, #504]	@ (20000664 <dcd_rp2040_irq+0x2cc>)
2000046c:	2101      	movs	r1, #1
2000046e:	6c9b      	ldr	r3, [r3, #72]	@ 0x48
20000470:	a803      	add	r0, sp, #12
20000472:	f3c3 030a 	ubfx	r3, r3, #0, #11
20000476:	9304      	str	r3, [sp, #16]
20000478:	f8ad 200c 	strh.w	r2, [sp, #12]
2000047c:	f000 fb8c 	bl	20000b98 <dcd_event_handler>
20000480:	06e3      	lsls	r3, r4, #27
20000482:	f44f 3500 	mov.w	r5, #131072	@ 0x20000
20000486:	4e7d      	ldr	r6, [pc, #500]	@ (2000067c <dcd_rp2040_irq+0x2e4>)
20000488:	d507      	bpl.n	2000049a <dcd_rp2040_irq+0x102>
2000048a:	f7ff ff3f 	bl	2000030c <hw_handle_buff_status>
2000048e:	4635      	mov	r5, r6
20000490:	e003      	b.n	2000049a <dcd_rp2040_irq+0x102>
20000492:	06e3      	lsls	r3, r4, #27
20000494:	f04f 0610 	mov.w	r6, #16
20000498:	d4f7      	bmi.n	2000048a <dcd_rp2040_irq+0xf2>
2000049a:	03e0      	lsls	r0, r4, #15
2000049c:	d51d      	bpl.n	200004da <dcd_rp2040_irq+0x142>
2000049e:	4873      	ldr	r0, [pc, #460]	@ (2000066c <dcd_rp2040_irq+0x2d4>)
200004a0:	2602      	movs	r6, #2
200004a2:	7e83      	ldrb	r3, [r0, #26]
200004a4:	f445 3580 	orr.w	r5, r5, #65536	@ 0x10000
200004a8:	bb33      	cbnz	r3, 200004f8 <dcd_rp2040_irq+0x160>
200004aa:	f04f 0301 	mov.w	r3, #1
200004ae:	2e01      	cmp	r6, #1
200004b0:	70c3      	strb	r3, [r0, #3]
200004b2:	f100 0020 	add.w	r0, r0, #32
200004b6:	d11b      	bne.n	200004f0 <dcd_rp2040_irq+0x158>
200004b8:	f44f 62c0 	mov.w	r2, #1536	@ 0x600
200004bc:	4b70      	ldr	r3, [pc, #448]	@ (20000680 <dcd_rp2040_irq+0x2e8>)
200004be:	f8ad 200c 	strh.w	r2, [sp, #12]
200004c2:	e893 0003 	ldmia.w	r3, {r0, r1}
200004c6:	e9cd 0104 	strd	r0, r1, [sp, #16]
200004ca:	4631      	mov	r1, r6
200004cc:	a803      	add	r0, sp, #12
200004ce:	f000 fb63 	bl	20000b98 <dcd_event_handler>
200004d2:	f44f 3200 	mov.w	r2, #131072	@ 0x20000
200004d6:	4b68      	ldr	r3, [pc, #416]	@ (20000678 <dcd_rp2040_irq+0x2e0>)
200004d8:	651a      	str	r2, [r3, #80]	@ 0x50
200004da:	04e1      	lsls	r1, r4, #19
200004dc:	d43e      	bmi.n	2000055c <dcd_rp2040_irq+0x1c4>
200004de:	0462      	lsls	r2, r4, #17
200004e0:	d42e      	bmi.n	20000540 <dcd_rp2040_irq+0x1a8>
200004e2:	0423      	lsls	r3, r4, #16
200004e4:	d41d      	bmi.n	20000522 <dcd_rp2040_irq+0x18a>
200004e6:	42a5      	cmp	r5, r4
200004e8:	f040 81bb 	bne.w	20000862 <dcd_rp2040_irq+0x4ca>
200004ec:	b006      	add	sp, #24
200004ee:	bd70      	pop	{r4, r5, r6, pc}
200004f0:	7e83      	ldrb	r3, [r0, #26]
200004f2:	2601      	movs	r6, #1
200004f4:	2b00      	cmp	r3, #0
200004f6:	d0d8      	beq.n	200004aa <dcd_rp2040_irq+0x112>
200004f8:	4b62      	ldr	r3, [pc, #392]	@ (20000684 <dcd_rp2040_irq+0x2ec>)
200004fa:	4a5a      	ldr	r2, [pc, #360]	@ (20000664 <dcd_rp2040_irq+0x2cc>)
200004fc:	661e      	str	r6, [r3, #96]	@ 0x60
200004fe:	6e53      	ldr	r3, [r2, #100]	@ 0x64
20000500:	ea36 0303 	bics.w	r3, r6, r3
20000504:	d1fb      	bne.n	200004fe <dcd_rp2040_irq+0x166>
20000506:	f44f 5240 	mov.w	r2, #12288	@ 0x3000
2000050a:	2100      	movs	r1, #0
2000050c:	9001      	str	r0, [sp, #4]
2000050e:	f000 facf 	bl	20000ab0 <_hw_endpoint_buffer_control_update32>
20000512:	9801      	ldr	r0, [sp, #4]
20000514:	f000 fac6 	bl	20000aa4 <hw_endpoint_reset_transfer>
20000518:	4b57      	ldr	r3, [pc, #348]	@ (20000678 <dcd_rp2040_irq+0x2e0>)
2000051a:	9801      	ldr	r0, [sp, #4]
2000051c:	665e      	str	r6, [r3, #100]	@ 0x64
2000051e:	661e      	str	r6, [r3, #96]	@ 0x60
20000520:	e7c3      	b.n	200004aa <dcd_rp2040_irq+0x112>
20000522:	f44f 63a0 	mov.w	r3, #1280	@ 0x500
20000526:	2101      	movs	r1, #1
20000528:	a803      	add	r0, sp, #12
2000052a:	f8ad 300c 	strh.w	r3, [sp, #12]
2000052e:	f000 fb33 	bl	20000b98 <dcd_event_handler>
20000532:	f44f 6200 	mov.w	r2, #2048	@ 0x800
20000536:	4b50      	ldr	r3, [pc, #320]	@ (20000678 <dcd_rp2040_irq+0x2e0>)
20000538:	f445 4500 	orr.w	r5, r5, #32768	@ 0x8000
2000053c:	651a      	str	r2, [r3, #80]	@ 0x50
2000053e:	e7d2      	b.n	200004e6 <dcd_rp2040_irq+0x14e>
20000540:	f44f 6380 	mov.w	r3, #1024	@ 0x400
20000544:	2101      	movs	r1, #1
20000546:	a803      	add	r0, sp, #12
20000548:	f8ad 300c 	strh.w	r3, [sp, #12]
2000054c:	f000 fb24 	bl	20000b98 <dcd_event_handler>
20000550:	2210      	movs	r2, #16
20000552:	4b49      	ldr	r3, [pc, #292]	@ (20000678 <dcd_rp2040_irq+0x2e0>)
20000554:	f445 4580 	orr.w	r5, r5, #16384	@ 0x4000
20000558:	651a      	str	r2, [r3, #80]	@ 0x50
2000055a:	e7c2      	b.n	200004e2 <dcd_rp2040_irq+0x14a>
2000055c:	2600      	movs	r6, #0
2000055e:	4b41      	ldr	r3, [pc, #260]	@ (20000664 <dcd_rp2040_irq+0x2cc>)
20000560:	f445 5580 	orr.w	r5, r5, #4096	@ 0x1000
20000564:	601e      	str	r6, [r3, #0]
20000566:	f7ff fe9f 	bl	200002a8 <reset_non_control_endpoints>
2000056a:	f44f 7380 	mov.w	r3, #256	@ 0x100
2000056e:	2101      	movs	r1, #1
20000570:	a803      	add	r0, sp, #12
20000572:	f8ad 300c 	strh.w	r3, [sp, #12]
20000576:	f88d 6010 	strb.w	r6, [sp, #16]
2000057a:	f000 fb0d 	bl	20000b98 <dcd_event_handler>
2000057e:	f44f 2200 	mov.w	r2, #524288	@ 0x80000
20000582:	4b3d      	ldr	r3, [pc, #244]	@ (20000678 <dcd_rp2040_irq+0x2e0>)
20000584:	651a      	str	r2, [r3, #80]	@ 0x50
20000586:	e7aa      	b.n	200004de <dcd_rp2040_irq+0x146>
20000588:	f893 503a 	ldrb.w	r5, [r3, #58]	@ 0x3a
2000058c:	2d00      	cmp	r5, #0
2000058e:	f43f af16 	beq.w	200003be <dcd_rp2040_irq+0x26>
20000592:	f893 203c 	ldrb.w	r2, [r3, #60]	@ 0x3c
20000596:	2a00      	cmp	r2, #0
20000598:	f43f af11 	beq.w	200003be <dcd_rp2040_irq+0x26>
2000059c:	2200      	movs	r2, #0
2000059e:	f103 0020 	add.w	r0, r3, #32
200005a2:	f883 203c 	strb.w	r2, [r3, #60]	@ 0x3c
200005a6:	f000 faa7 	bl	20000af8 <hw_endpoint_start_next_buffer>
200005aa:	4b30      	ldr	r3, [pc, #192]	@ (2000066c <dcd_rp2040_irq+0x2d4>)
200005ac:	e707      	b.n	200003be <dcd_rp2040_irq+0x26>
200005ae:	f893 637a 	ldrb.w	r6, [r3, #890]	@ 0x37a
200005b2:	2e00      	cmp	r6, #0
200005b4:	f43f af44 	beq.w	20000440 <dcd_rp2040_irq+0xa8>
200005b8:	f893 237c 	ldrb.w	r2, [r3, #892]	@ 0x37c
200005bc:	2a00      	cmp	r2, #0
200005be:	f040 8140 	bne.w	20000842 <dcd_rp2040_irq+0x4aa>
200005c2:	f893 23bb 	ldrb.w	r2, [r3, #955]	@ 0x3bb
200005c6:	2a02      	cmp	r2, #2
200005c8:	f040 80c4 	bne.w	20000754 <dcd_rp2040_irq+0x3bc>
200005cc:	f893 23ba 	ldrb.w	r2, [r3, #954]	@ 0x3ba
200005d0:	2a00      	cmp	r2, #0
200005d2:	f040 80bb 	bne.w	2000074c <dcd_rp2040_irq+0x3b4>
200005d6:	f893 23fb 	ldrb.w	r2, [r3, #1019]	@ 0x3fb
200005da:	2a02      	cmp	r2, #2
200005dc:	f47f af43 	bne.w	20000466 <dcd_rp2040_irq+0xce>
200005e0:	4635      	mov	r5, r6
200005e2:	f893 23fa 	ldrb.w	r2, [r3, #1018]	@ 0x3fa
200005e6:	2a00      	cmp	r2, #0
200005e8:	f43f af34 	beq.w	20000454 <dcd_rp2040_irq+0xbc>
200005ec:	f893 23fc 	ldrb.w	r2, [r3, #1020]	@ 0x3fc
200005f0:	2a00      	cmp	r2, #0
200005f2:	f43f af38 	beq.w	20000466 <dcd_rp2040_irq+0xce>
200005f6:	2200      	movs	r2, #0
200005f8:	4823      	ldr	r0, [pc, #140]	@ (20000688 <dcd_rp2040_irq+0x2f0>)
200005fa:	f883 23fc 	strb.w	r2, [r3, #1020]	@ 0x3fc
200005fe:	f000 fa7b 	bl	20000af8 <hw_endpoint_start_next_buffer>
20000602:	e730      	b.n	20000466 <dcd_rp2040_irq+0xce>
20000604:	f893 633a 	ldrb.w	r6, [r3, #826]	@ 0x33a
20000608:	2e00      	cmp	r6, #0
2000060a:	f43f af14 	beq.w	20000436 <dcd_rp2040_irq+0x9e>
2000060e:	f893 233c 	ldrb.w	r2, [r3, #828]	@ 0x33c
20000612:	2a00      	cmp	r2, #0
20000614:	f040 80a9 	bne.w	2000076a <dcd_rp2040_irq+0x3d2>
20000618:	4635      	mov	r5, r6
2000061a:	e70c      	b.n	20000436 <dcd_rp2040_irq+0x9e>
2000061c:	f893 62fa 	ldrb.w	r6, [r3, #762]	@ 0x2fa
20000620:	2e00      	cmp	r6, #0
20000622:	f43f af03 	beq.w	2000042c <dcd_rp2040_irq+0x94>
20000626:	f893 22fc 	ldrb.w	r2, [r3, #764]	@ 0x2fc
2000062a:	2a00      	cmp	r2, #0
2000062c:	f040 80af 	bne.w	2000078e <dcd_rp2040_irq+0x3f6>
20000630:	4635      	mov	r5, r6
20000632:	e6fb      	b.n	2000042c <dcd_rp2040_irq+0x94>
20000634:	f893 62ba 	ldrb.w	r6, [r3, #698]	@ 0x2ba
20000638:	2e00      	cmp	r6, #0
2000063a:	f43f aef2 	beq.w	20000422 <dcd_rp2040_irq+0x8a>
2000063e:	f893 22bc 	ldrb.w	r2, [r3, #700]	@ 0x2bc
20000642:	2a00      	cmp	r2, #0
20000644:	f040 809a 	bne.w	2000077c <dcd_rp2040_irq+0x3e4>
20000648:	4635      	mov	r5, r6
2000064a:	e6ea      	b.n	20000422 <dcd_rp2040_irq+0x8a>
2000064c:	f893 627a 	ldrb.w	r6, [r3, #634]	@ 0x27a
20000650:	2e00      	cmp	r6, #0
20000652:	f43f aee1 	beq.w	20000418 <dcd_rp2040_irq+0x80>
20000656:	f893 227c 	ldrb.w	r2, [r3, #636]	@ 0x27c
2000065a:	2a00      	cmp	r2, #0
2000065c:	f040 80cd 	bne.w	200007fa <dcd_rp2040_irq+0x462>
20000660:	4635      	mov	r5, r6
20000662:	e6d9      	b.n	20000418 <dcd_rp2040_irq+0x80>
20000664:	50110000 	.word	0x50110000
20000668:	400b0000 	.word	0x400b0000
2000066c:	20001d04 	.word	0x20001d04
20000670:	20001cfc 	.word	0x20001cfc
20000674:	20002176 	.word	0x20002176
20000678:	50113000 	.word	0x50113000
2000067c:	00020010 	.word	0x00020010
20000680:	50100000 	.word	0x50100000
20000684:	50112000 	.word	0x50112000
20000688:	200020e4 	.word	0x200020e4
2000068c:	f893 623a 	ldrb.w	r6, [r3, #570]	@ 0x23a
20000690:	2e00      	cmp	r6, #0
20000692:	f43f aebc 	beq.w	2000040e <dcd_rp2040_irq+0x76>
20000696:	f893 223c 	ldrb.w	r2, [r3, #572]	@ 0x23c
2000069a:	2a00      	cmp	r2, #0
2000069c:	f040 80a4 	bne.w	200007e8 <dcd_rp2040_irq+0x450>
200006a0:	4635      	mov	r5, r6
200006a2:	e6b4      	b.n	2000040e <dcd_rp2040_irq+0x76>
200006a4:	f893 61fa 	ldrb.w	r6, [r3, #506]	@ 0x1fa
200006a8:	2e00      	cmp	r6, #0
200006aa:	f43f aeab 	beq.w	20000404 <dcd_rp2040_irq+0x6c>
200006ae:	f893 21fc 	ldrb.w	r2, [r3, #508]	@ 0x1fc
200006b2:	2a00      	cmp	r2, #0
200006b4:	f040 808f 	bne.w	200007d6 <dcd_rp2040_irq+0x43e>
200006b8:	4635      	mov	r5, r6
200006ba:	e6a3      	b.n	20000404 <dcd_rp2040_irq+0x6c>
200006bc:	f893 61ba 	ldrb.w	r6, [r3, #442]	@ 0x1ba
200006c0:	2e00      	cmp	r6, #0
200006c2:	f43f ae9a 	beq.w	200003fa <dcd_rp2040_irq+0x62>
200006c6:	f893 21bc 	ldrb.w	r2, [r3, #444]	@ 0x1bc
200006ca:	2a00      	cmp	r2, #0
200006cc:	d17a      	bne.n	200007c4 <dcd_rp2040_irq+0x42c>
200006ce:	4635      	mov	r5, r6
200006d0:	e693      	b.n	200003fa <dcd_rp2040_irq+0x62>
200006d2:	f893 617a 	ldrb.w	r6, [r3, #378]	@ 0x17a
200006d6:	2e00      	cmp	r6, #0
200006d8:	f43f ae8a 	beq.w	200003f0 <dcd_rp2040_irq+0x58>
200006dc:	f893 217c 	ldrb.w	r2, [r3, #380]	@ 0x17c
200006e0:	2a00      	cmp	r2, #0
200006e2:	d166      	bne.n	200007b2 <dcd_rp2040_irq+0x41a>
200006e4:	4635      	mov	r5, r6
200006e6:	e683      	b.n	200003f0 <dcd_rp2040_irq+0x58>
200006e8:	f893 613a 	ldrb.w	r6, [r3, #314]	@ 0x13a
200006ec:	2e00      	cmp	r6, #0
200006ee:	f43f ae7a 	beq.w	200003e6 <dcd_rp2040_irq+0x4e>
200006f2:	f893 213c 	ldrb.w	r2, [r3, #316]	@ 0x13c
200006f6:	2a00      	cmp	r2, #0
200006f8:	f040 8091 	bne.w	2000081e <dcd_rp2040_irq+0x486>
200006fc:	4635      	mov	r5, r6
200006fe:	e672      	b.n	200003e6 <dcd_rp2040_irq+0x4e>
20000700:	f893 60fa 	ldrb.w	r6, [r3, #250]	@ 0xfa
20000704:	2e00      	cmp	r6, #0
20000706:	f43f ae69 	beq.w	200003dc <dcd_rp2040_irq+0x44>
2000070a:	f893 20fc 	ldrb.w	r2, [r3, #252]	@ 0xfc
2000070e:	2a00      	cmp	r2, #0
20000710:	d17c      	bne.n	2000080c <dcd_rp2040_irq+0x474>
20000712:	4635      	mov	r5, r6
20000714:	e662      	b.n	200003dc <dcd_rp2040_irq+0x44>
20000716:	f893 60ba 	ldrb.w	r6, [r3, #186]	@ 0xba
2000071a:	2e00      	cmp	r6, #0
2000071c:	f43f ae59 	beq.w	200003d2 <dcd_rp2040_irq+0x3a>
20000720:	f893 20bc 	ldrb.w	r2, [r3, #188]	@ 0xbc
20000724:	2a00      	cmp	r2, #0
20000726:	d13b      	bne.n	200007a0 <dcd_rp2040_irq+0x408>
20000728:	4635      	mov	r5, r6
2000072a:	e652      	b.n	200003d2 <dcd_rp2040_irq+0x3a>
2000072c:	f893 607a 	ldrb.w	r6, [r3, #122]	@ 0x7a
20000730:	2e00      	cmp	r6, #0
20000732:	f43f ae49 	beq.w	200003c8 <dcd_rp2040_irq+0x30>
20000736:	f893 207c 	ldrb.w	r2, [r3, #124]	@ 0x7c
2000073a:	2a00      	cmp	r2, #0
2000073c:	d178      	bne.n	20000830 <dcd_rp2040_irq+0x498>
2000073e:	4635      	mov	r5, r6
20000740:	e642      	b.n	200003c8 <dcd_rp2040_irq+0x30>
20000742:	f893 23ba 	ldrb.w	r2, [r3, #954]	@ 0x3ba
20000746:	2a00      	cmp	r2, #0
20000748:	f43f ae7f 	beq.w	2000044a <dcd_rp2040_irq+0xb2>
2000074c:	f893 23bc 	ldrb.w	r2, [r3, #956]	@ 0x3bc
20000750:	2a00      	cmp	r2, #0
20000752:	d17e      	bne.n	20000852 <dcd_rp2040_irq+0x4ba>
20000754:	f893 23fb 	ldrb.w	r2, [r3, #1019]	@ 0x3fb
20000758:	2a02      	cmp	r2, #2
2000075a:	f47f ae84 	bne.w	20000466 <dcd_rp2040_irq+0xce>
2000075e:	f893 23fa 	ldrb.w	r2, [r3, #1018]	@ 0x3fa
20000762:	2a00      	cmp	r2, #0
20000764:	f43f ae7f 	beq.w	20000466 <dcd_rp2040_irq+0xce>
20000768:	e740      	b.n	200005ec <dcd_rp2040_irq+0x254>
2000076a:	2200      	movs	r2, #0
2000076c:	483f      	ldr	r0, [pc, #252]	@ (2000086c <dcd_rp2040_irq+0x4d4>)
2000076e:	f883 233c 	strb.w	r2, [r3, #828]	@ 0x33c
20000772:	4635      	mov	r5, r6
20000774:	f000 f9c0 	bl	20000af8 <hw_endpoint_start_next_buffer>
20000778:	4b3d      	ldr	r3, [pc, #244]	@ (20000870 <dcd_rp2040_irq+0x4d8>)
2000077a:	e65c      	b.n	20000436 <dcd_rp2040_irq+0x9e>
2000077c:	2200      	movs	r2, #0
2000077e:	483d      	ldr	r0, [pc, #244]	@ (20000874 <dcd_rp2040_irq+0x4dc>)
20000780:	f883 22bc 	strb.w	r2, [r3, #700]	@ 0x2bc
20000784:	4635      	mov	r5, r6
20000786:	f000 f9b7 	bl	20000af8 <hw_endpoint_start_next_buffer>
2000078a:	4b39      	ldr	r3, [pc, #228]	@ (20000870 <dcd_rp2040_irq+0x4d8>)
2000078c:	e649      	b.n	20000422 <dcd_rp2040_irq+0x8a>
2000078e:	2200      	movs	r2, #0
20000790:	4839      	ldr	r0, [pc, #228]	@ (20000878 <dcd_rp2040_irq+0x4e0>)
20000792:	f883 22fc 	strb.w	r2, [r3, #764]	@ 0x2fc
20000796:	4635      	mov	r5, r6
20000798:	f000 f9ae 	bl	20000af8 <hw_endpoint_start_next_buffer>
2000079c:	4b34      	ldr	r3, [pc, #208]	@ (20000870 <dcd_rp2040_irq+0x4d8>)
2000079e:	e645      	b.n	2000042c <dcd_rp2040_irq+0x94>
200007a0:	2200      	movs	r2, #0
200007a2:	4836      	ldr	r0, [pc, #216]	@ (2000087c <dcd_rp2040_irq+0x4e4>)
200007a4:	f883 20bc 	strb.w	r2, [r3, #188]	@ 0xbc
200007a8:	4635      	mov	r5, r6
200007aa:	f000 f9a5 	bl	20000af8 <hw_endpoint_start_next_buffer>
200007ae:	4b30      	ldr	r3, [pc, #192]	@ (20000870 <dcd_rp2040_irq+0x4d8>)
200007b0:	e60f      	b.n	200003d2 <dcd_rp2040_irq+0x3a>
200007b2:	2200      	movs	r2, #0
200007b4:	4832      	ldr	r0, [pc, #200]	@ (20000880 <dcd_rp2040_irq+0x4e8>)
200007b6:	f883 217c 	strb.w	r2, [r3, #380]	@ 0x17c
200007ba:	4635      	mov	r5, r6
200007bc:	f000 f99c 	bl	20000af8 <hw_endpoint_start_next_buffer>
200007c0:	4b2b      	ldr	r3, [pc, #172]	@ (20000870 <dcd_rp2040_irq+0x4d8>)
200007c2:	e615      	b.n	200003f0 <dcd_rp2040_irq+0x58>
200007c4:	2200      	movs	r2, #0
200007c6:	482f      	ldr	r0, [pc, #188]	@ (20000884 <dcd_rp2040_irq+0x4ec>)
200007c8:	f883 21bc 	strb.w	r2, [r3, #444]	@ 0x1bc
200007cc:	4635      	mov	r5, r6
200007ce:	f000 f993 	bl	20000af8 <hw_endpoint_start_next_buffer>
200007d2:	4b27      	ldr	r3, [pc, #156]	@ (20000870 <dcd_rp2040_irq+0x4d8>)
200007d4:	e611      	b.n	200003fa <dcd_rp2040_irq+0x62>
200007d6:	2200      	movs	r2, #0
200007d8:	482b      	ldr	r0, [pc, #172]	@ (20000888 <dcd_rp2040_irq+0x4f0>)
200007da:	f883 21fc 	strb.w	r2, [r3, #508]	@ 0x1fc
200007de:	4635      	mov	r5, r6
200007e0:	f000 f98a 	bl	20000af8 <hw_endpoint_start_next_buffer>
200007e4:	4b22      	ldr	r3, [pc, #136]	@ (20000870 <dcd_rp2040_irq+0x4d8>)
200007e6:	e60d      	b.n	20000404 <dcd_rp2040_irq+0x6c>
200007e8:	2200      	movs	r2, #0
200007ea:	4828      	ldr	r0, [pc, #160]	@ (2000088c <dcd_rp2040_irq+0x4f4>)
200007ec:	f883 223c 	strb.w	r2, [r3, #572]	@ 0x23c
200007f0:	4635      	mov	r5, r6
200007f2:	f000 f981 	bl	20000af8 <hw_endpoint_start_next_buffer>
200007f6:	4b1e      	ldr	r3, [pc, #120]	@ (20000870 <dcd_rp2040_irq+0x4d8>)
200007f8:	e609      	b.n	2000040e <dcd_rp2040_irq+0x76>
200007fa:	2200      	movs	r2, #0
200007fc:	4824      	ldr	r0, [pc, #144]	@ (20000890 <dcd_rp2040_irq+0x4f8>)
200007fe:	f883 227c 	strb.w	r2, [r3, #636]	@ 0x27c
20000802:	4635      	mov	r5, r6
20000804:	f000 f978 	bl	20000af8 <hw_endpoint_start_next_buffer>
20000808:	4b19      	ldr	r3, [pc, #100]	@ (20000870 <dcd_rp2040_irq+0x4d8>)
2000080a:	e605      	b.n	20000418 <dcd_rp2040_irq+0x80>
2000080c:	2200      	movs	r2, #0
2000080e:	4821      	ldr	r0, [pc, #132]	@ (20000894 <dcd_rp2040_irq+0x4fc>)
20000810:	f883 20fc 	strb.w	r2, [r3, #252]	@ 0xfc
20000814:	4635      	mov	r5, r6
20000816:	f000 f96f 	bl	20000af8 <hw_endpoint_start_next_buffer>
2000081a:	4b15      	ldr	r3, [pc, #84]	@ (20000870 <dcd_rp2040_irq+0x4d8>)
2000081c:	e5de      	b.n	200003dc <dcd_rp2040_irq+0x44>
2000081e:	2200      	movs	r2, #0
20000820:	481d      	ldr	r0, [pc, #116]	@ (20000898 <dcd_rp2040_irq+0x500>)
20000822:	f883 213c 	strb.w	r2, [r3, #316]	@ 0x13c
20000826:	4635      	mov	r5, r6
20000828:	f000 f966 	bl	20000af8 <hw_endpoint_start_next_buffer>
2000082c:	4b10      	ldr	r3, [pc, #64]	@ (20000870 <dcd_rp2040_irq+0x4d8>)
2000082e:	e5da      	b.n	200003e6 <dcd_rp2040_irq+0x4e>
20000830:	2200      	movs	r2, #0
20000832:	481a      	ldr	r0, [pc, #104]	@ (2000089c <dcd_rp2040_irq+0x504>)
20000834:	f883 207c 	strb.w	r2, [r3, #124]	@ 0x7c
20000838:	4635      	mov	r5, r6
2000083a:	f000 f95d 	bl	20000af8 <hw_endpoint_start_next_buffer>
2000083e:	4b0c      	ldr	r3, [pc, #48]	@ (20000870 <dcd_rp2040_irq+0x4d8>)
20000840:	e5c2      	b.n	200003c8 <dcd_rp2040_irq+0x30>
20000842:	2200      	movs	r2, #0
20000844:	4816      	ldr	r0, [pc, #88]	@ (200008a0 <dcd_rp2040_irq+0x508>)
20000846:	f883 237c 	strb.w	r2, [r3, #892]	@ 0x37c
2000084a:	f000 f955 	bl	20000af8 <hw_endpoint_start_next_buffer>
2000084e:	4b08      	ldr	r3, [pc, #32]	@ (20000870 <dcd_rp2040_irq+0x4d8>)
20000850:	e6b7      	b.n	200005c2 <dcd_rp2040_irq+0x22a>
20000852:	2200      	movs	r2, #0
20000854:	4813      	ldr	r0, [pc, #76]	@ (200008a4 <dcd_rp2040_irq+0x50c>)
20000856:	f883 23bc 	strb.w	r2, [r3, #956]	@ 0x3bc
2000085a:	f000 f94d 	bl	20000af8 <hw_endpoint_start_next_buffer>
2000085e:	4b04      	ldr	r3, [pc, #16]	@ (20000870 <dcd_rp2040_irq+0x4d8>)
20000860:	e778      	b.n	20000754 <dcd_rp2040_irq+0x3bc>
20000862:	4811      	ldr	r0, [pc, #68]	@ (200008a8 <dcd_rp2040_irq+0x510>)
20000864:	ea85 0104 	eor.w	r1, r5, r4
20000868:	f000 fc6a 	bl	20001140 <__panic_veneer>
2000086c:	20002024 	.word	0x20002024
20000870:	20001d04 	.word	0x20001d04
20000874:	20001fa4 	.word	0x20001fa4
20000878:	20001fe4 	.word	0x20001fe4
2000087c:	20001da4 	.word	0x20001da4
20000880:	20001e64 	.word	0x20001e64
20000884:	20001ea4 	.word	0x20001ea4
20000888:	20001ee4 	.word	0x20001ee4
2000088c:	20001f24 	.word	0x20001f24
20000890:	20001f64 	.word	0x20001f64
20000894:	20001de4 	.word	0x20001de4
20000898:	20001e24 	.word	0x20001e24
2000089c:	20001d64 	.word	0x20001d64
200008a0:	20002064 	.word	0x20002064
200008a4:	200020a4 	.word	0x200020a4
200008a8:	10006a84 	.word	0x10006a84

200008ac <prepare_ep_buffer>:
200008ac:	e92d 43f0 	stmdb	sp!, {r4, r5, r6, r7, r8, r9, lr}
200008b0:	8a82      	ldrh	r2, [r0, #20]
200008b2:	f8b0 e018 	ldrh.w	lr, [r0, #24]
200008b6:	4603      	mov	r3, r0
200008b8:	4596      	cmp	lr, r2
200008ba:	78c0      	ldrb	r0, [r0, #3]
200008bc:	bf28      	it	cs
200008be:	4696      	movcs	lr, r2
200008c0:	1e04      	subs	r4, r0, #0
200008c2:	bf18      	it	ne
200008c4:	2401      	movne	r4, #1
200008c6:	f080 0001 	eor.w	r0, r0, #1
200008ca:	460d      	mov	r5, r1
200008cc:	eba2 020e 	sub.w	r2, r2, lr
200008d0:	7859      	ldrb	r1, [r3, #1]
200008d2:	70d8      	strb	r0, [r3, #3]
200008d4:	b292      	uxth	r2, r2
200008d6:	f44e 6080 	orr.w	r0, lr, #1024	@ 0x400
200008da:	829a      	strh	r2, [r3, #20]
200008dc:	ea40 3044 	orr.w	r0, r0, r4, lsl #13
200008e0:	bba1      	cbnz	r1, 2000094c <prepare_ep_buffer+0xa0>
200008e2:	6919      	ldr	r1, [r3, #16]
200008e4:	f1be 0f00 	cmp.w	lr, #0
200008e8:	d02c      	beq.n	20000944 <prepare_ep_buffer+0x98>
200008ea:	f10e 34ff 	add.w	r4, lr, #4294967295	@ 0xffffffff
200008ee:	68da      	ldr	r2, [r3, #12]
200008f0:	2c05      	cmp	r4, #5
200008f2:	46a1      	mov	r9, r4
200008f4:	eb02 1885 	add.w	r8, r2, r5, lsl #6
200008f8:	d92f      	bls.n	2000095a <prepare_ep_buffer+0xae>
200008fa:	eba8 0401 	sub.w	r4, r8, r1
200008fe:	3c01      	subs	r4, #1
20000900:	2c02      	cmp	r4, #2
20000902:	46c4      	mov	ip, r8
20000904:	460a      	mov	r2, r1
20000906:	d928      	bls.n	2000095a <prepare_ep_buffer+0xae>
20000908:	ea4f 079e 	mov.w	r7, lr, lsr #2
2000090c:	eb01 0687 	add.w	r6, r1, r7, lsl #2
20000910:	f852 4b04 	ldr.w	r4, [r2], #4
20000914:	4296      	cmp	r6, r2
20000916:	f84c 4b04 	str.w	r4, [ip], #4
2000091a:	d1f9      	bne.n	20000910 <prepare_ep_buffer+0x64>
2000091c:	ebbe 0f87 	cmp.w	lr, r7, lsl #2
20000920:	d00e      	beq.n	20000940 <prepare_ep_buffer+0x94>
20000922:	f811 2027 	ldrb.w	r2, [r1, r7, lsl #2]
20000926:	ebb9 0187 	subs.w	r1, r9, r7, lsl #2
2000092a:	f808 2027 	strb.w	r2, [r8, r7, lsl #2]
2000092e:	eb08 0287 	add.w	r2, r8, r7, lsl #2
20000932:	d005      	beq.n	20000940 <prepare_ep_buffer+0x94>
20000934:	7874      	ldrb	r4, [r6, #1]
20000936:	2901      	cmp	r1, #1
20000938:	7054      	strb	r4, [r2, #1]
2000093a:	d001      	beq.n	20000940 <prepare_ep_buffer+0x94>
2000093c:	78b1      	ldrb	r1, [r6, #2]
2000093e:	7091      	strb	r1, [r2, #2]
20000940:	6919      	ldr	r1, [r3, #16]
20000942:	8a9a      	ldrh	r2, [r3, #20]
20000944:	4471      	add	r1, lr
20000946:	6119      	str	r1, [r3, #16]
20000948:	f440 4000 	orr.w	r0, r0, #32768	@ 0x8000
2000094c:	b90a      	cbnz	r2, 20000952 <prepare_ep_buffer+0xa6>
2000094e:	f440 4080 	orr.w	r0, r0, #16384	@ 0x4000
20000952:	b105      	cbz	r5, 20000956 <prepare_ep_buffer+0xaa>
20000954:	0400      	lsls	r0, r0, #16
20000956:	e8bd 83f0 	ldmia.w	sp!, {r4, r5, r6, r7, r8, r9, pc}
2000095a:	f108 32ff 	add.w	r2, r8, #4294967295	@ 0xffffffff
2000095e:	eb01 060e 	add.w	r6, r1, lr
20000962:	f811 4b01 	ldrb.w	r4, [r1], #1
20000966:	42b1      	cmp	r1, r6
20000968:	f802 4f01 	strb.w	r4, [r2, #1]!
2000096c:	d1f9      	bne.n	20000962 <prepare_ep_buffer+0xb6>
2000096e:	e7e7      	b.n	20000940 <prepare_ep_buffer+0x94>

20000970 <sync_ep_buffer>:
20000970:	6883      	ldr	r3, [r0, #8]
20000972:	e92d 41f0 	stmdb	sp!, {r4, r5, r6, r7, r8, lr}
20000976:	4605      	mov	r5, r0
20000978:	6818      	ldr	r0, [r3, #0]
2000097a:	b101      	cbz	r1, 2000097e <sync_ep_buffer+0xe>
2000097c:	0c00      	lsrs	r0, r0, #16
2000097e:	786a      	ldrb	r2, [r5, #1]
20000980:	f3c0 0009 	ubfx	r0, r0, #0, #10
20000984:	b94a      	cbnz	r2, 2000099a <sync_ep_buffer+0x2a>
20000986:	8aeb      	ldrh	r3, [r5, #22]
20000988:	4403      	add	r3, r0
2000098a:	82eb      	strh	r3, [r5, #22]
2000098c:	8b2b      	ldrh	r3, [r5, #24]
2000098e:	4283      	cmp	r3, r0
20000990:	bf84      	itt	hi
20000992:	2300      	movhi	r3, #0
20000994:	82ab      	strhhi	r3, [r5, #20]
20000996:	e8bd 81f0 	ldmia.w	sp!, {r4, r5, r6, r7, r8, pc}
2000099a:	f8d5 c010 	ldr.w	ip, [r5, #16]
2000099e:	b388      	cbz	r0, 20000a04 <sync_ep_buffer+0x94>
200009a0:	1e42      	subs	r2, r0, #1
200009a2:	68eb      	ldr	r3, [r5, #12]
200009a4:	2a05      	cmp	r2, #5
200009a6:	4616      	mov	r6, r2
200009a8:	eb03 1e81 	add.w	lr, r3, r1, lsl #6
200009ac:	d931      	bls.n	20000a12 <sync_ep_buffer+0xa2>
200009ae:	0189      	lsls	r1, r1, #6
200009b0:	1c4c      	adds	r4, r1, #1
200009b2:	441c      	add	r4, r3
200009b4:	ebac 0404 	sub.w	r4, ip, r4
200009b8:	2c02      	cmp	r4, #2
200009ba:	4662      	mov	r2, ip
200009bc:	d929      	bls.n	20000a12 <sync_ep_buffer+0xa2>
200009be:	f400 717f 	and.w	r1, r0, #1020	@ 0x3fc
200009c2:	4673      	mov	r3, lr
200009c4:	460f      	mov	r7, r1
200009c6:	ea4f 0890 	mov.w	r8, r0, lsr #2
200009ca:	185c      	adds	r4, r3, r1
200009cc:	f853 1b04 	ldr.w	r1, [r3], #4
200009d0:	42a3      	cmp	r3, r4
200009d2:	f842 1b04 	str.w	r1, [r2], #4
200009d6:	d1f9      	bne.n	200009cc <sync_ep_buffer+0x5c>
200009d8:	42b8      	cmp	r0, r7
200009da:	d011      	beq.n	20000a00 <sync_ep_buffer+0x90>
200009dc:	f81e 3028 	ldrb.w	r3, [lr, r8, lsl #2]
200009e0:	44be      	add	lr, r7
200009e2:	f80c 3028 	strb.w	r3, [ip, r8, lsl #2]
200009e6:	1bf3      	subs	r3, r6, r7
200009e8:	44bc      	add	ip, r7
200009ea:	d009      	beq.n	20000a00 <sync_ep_buffer+0x90>
200009ec:	f89e 2001 	ldrb.w	r2, [lr, #1]
200009f0:	2b01      	cmp	r3, #1
200009f2:	f88c 2001 	strb.w	r2, [ip, #1]
200009f6:	d003      	beq.n	20000a00 <sync_ep_buffer+0x90>
200009f8:	f89e 3002 	ldrb.w	r3, [lr, #2]
200009fc:	f88c 3002 	strb.w	r3, [ip, #2]
20000a00:	f8d5 c010 	ldr.w	ip, [r5, #16]
20000a04:	8aea      	ldrh	r2, [r5, #22]
20000a06:	eb0c 0300 	add.w	r3, ip, r0
20000a0a:	4402      	add	r2, r0
20000a0c:	82ea      	strh	r2, [r5, #22]
20000a0e:	612b      	str	r3, [r5, #16]
20000a10:	e7bc      	b.n	2000098c <sync_ep_buffer+0x1c>
20000a12:	f10c 3cff 	add.w	ip, ip, #4294967295	@ 0xffffffff
20000a16:	eb0e 0200 	add.w	r2, lr, r0
20000a1a:	f81e 3b01 	ldrb.w	r3, [lr], #1
20000a1e:	4572      	cmp	r2, lr
20000a20:	f80c 3f01 	strb.w	r3, [ip, #1]!
20000a24:	d1f9      	bne.n	20000a1a <sync_ep_buffer+0xaa>
20000a26:	e7eb      	b.n	20000a00 <sync_ep_buffer+0x90>

20000a28 <_hw_endpoint_xfer_sync>:
20000a28:	b510      	push	{r4, lr}
20000a2a:	4604      	mov	r4, r0
20000a2c:	6883      	ldr	r3, [r0, #8]
20000a2e:	2100      	movs	r1, #0
20000a30:	681b      	ldr	r3, [r3, #0]
20000a32:	f7ff ff9d 	bl	20000970 <sync_ep_buffer>
20000a36:	6863      	ldr	r3, [r4, #4]
20000a38:	681b      	ldr	r3, [r3, #0]
20000a3a:	005b      	lsls	r3, r3, #1
20000a3c:	d502      	bpl.n	20000a44 <_hw_endpoint_xfer_sync+0x1c>
20000a3e:	8b23      	ldrh	r3, [r4, #24]
20000a40:	4283      	cmp	r3, r0
20000a42:	d000      	beq.n	20000a46 <_hw_endpoint_xfer_sync+0x1e>
20000a44:	bd10      	pop	{r4, pc}
20000a46:	4620      	mov	r0, r4
20000a48:	e8bd 4010 	ldmia.w	sp!, {r4, lr}
20000a4c:	2101      	movs	r1, #1
20000a4e:	f7ff bf8f 	b.w	20000970 <sync_ep_buffer>
20000a52:	bf00      	nop

20000a54 <e15_is_bulkin_ep>:
20000a54:	4b08      	ldr	r3, [pc, #32]	@ (20000a78 <e15_is_bulkin_ep+0x24>)
20000a56:	6c1b      	ldr	r3, [r3, #64]	@ 0x40
20000a58:	f013 0302 	ands.w	r3, r3, #2
20000a5c:	d102      	bne.n	20000a64 <e15_is_bulkin_ep+0x10>
20000a5e:	7882      	ldrb	r2, [r0, #2]
20000a60:	09d2      	lsrs	r2, r2, #7
20000a62:	d101      	bne.n	20000a68 <e15_is_bulkin_ep+0x14>
20000a64:	2000      	movs	r0, #0
20000a66:	4770      	bx	lr
20000a68:	7ec0      	ldrb	r0, [r0, #27]
20000a6a:	f1a0 0002 	sub.w	r0, r0, #2
20000a6e:	fab0 f080 	clz	r0, r0
20000a72:	0940      	lsrs	r0, r0, #5
20000a74:	4770      	bx	lr
20000a76:	bf00      	nop
20000a78:	50110000 	.word	0x50110000

20000a7c <e15_is_critical_frame_period>:
20000a7c:	b508      	push	{r3, lr}
20000a7e:	f7ff ffe9 	bl	20000a54 <e15_is_bulkin_ep>
20000a82:	b150      	cbz	r0, 20000a9a <e15_is_critical_frame_period+0x1e>
20000a84:	4a05      	ldr	r2, [pc, #20]	@ (20000a9c <e15_is_critical_frame_period+0x20>)
20000a86:	4b06      	ldr	r3, [pc, #24]	@ (20000aa0 <e15_is_critical_frame_period+0x24>)
20000a88:	6a90      	ldr	r0, [r2, #40]	@ 0x28
20000a8a:	681b      	ldr	r3, [r3, #0]
20000a8c:	f5a0 7048 	sub.w	r0, r0, #800	@ 0x320
20000a90:	1ac0      	subs	r0, r0, r3
20000a92:	28c6      	cmp	r0, #198	@ 0xc6
20000a94:	bf8c      	ite	hi
20000a96:	2000      	movhi	r0, #0
20000a98:	2001      	movls	r0, #1
20000a9a:	bd08      	pop	{r3, pc}
20000a9c:	400b0000 	.word	0x400b0000
20000aa0:	20001cfc 	.word	0x20001cfc

20000aa4 <hw_endpoint_reset_transfer>:
20000aa4:	2300      	movs	r3, #0
20000aa6:	e9c0 3304 	strd	r3, r3, [r0, #16]
20000aaa:	7683      	strb	r3, [r0, #26]
20000aac:	4770      	bx	lr
20000aae:	bf00      	nop

20000ab0 <_hw_endpoint_buffer_control_update32>:
20000ab0:	b508      	push	{r3, lr}
20000ab2:	6883      	ldr	r3, [r0, #8]
20000ab4:	b119      	cbz	r1, 20000abe <_hw_endpoint_buffer_control_update32+0xe>
20000ab6:	f8d3 c000 	ldr.w	ip, [r3]
20000aba:	ea01 010c 	and.w	r1, r1, ip
20000abe:	b18a      	cbz	r2, 20000ae4 <_hw_endpoint_buffer_control_update32+0x34>
20000ac0:	4311      	orrs	r1, r2
20000ac2:	0552      	lsls	r2, r2, #21
20000ac4:	d50e      	bpl.n	20000ae4 <_hw_endpoint_buffer_control_update32+0x34>
20000ac6:	681a      	ldr	r2, [r3, #0]
20000ac8:	0552      	lsls	r2, r2, #21
20000aca:	d40d      	bmi.n	20000ae8 <_hw_endpoint_buffer_control_update32+0x38>
20000acc:	4a08      	ldr	r2, [pc, #32]	@ (20000af0 <_hw_endpoint_buffer_control_update32+0x40>)
20000ace:	f421 6c80 	bic.w	ip, r1, #1024	@ 0x400
20000ad2:	f8c3 c000 	str.w	ip, [r3]
20000ad6:	6c12      	ldr	r2, [r2, #64]	@ 0x40
20000ad8:	0792      	lsls	r2, r2, #30
20000ada:	d403      	bmi.n	20000ae4 <_hw_endpoint_buffer_control_update32+0x34>
20000adc:	230c      	movs	r3, #12
20000ade:	3b03      	subs	r3, #3
20000ae0:	d2fd      	bcs.n	20000ade <_hw_endpoint_buffer_control_update32+0x2e>
20000ae2:	6883      	ldr	r3, [r0, #8]
20000ae4:	6019      	str	r1, [r3, #0]
20000ae6:	bd08      	pop	{r3, pc}
20000ae8:	7881      	ldrb	r1, [r0, #2]
20000aea:	4802      	ldr	r0, [pc, #8]	@ (20000af4 <_hw_endpoint_buffer_control_update32+0x44>)
20000aec:	f000 fb28 	bl	20001140 <__panic_veneer>
20000af0:	50110000 	.word	0x50110000
20000af4:	10006a98 	.word	0x10006a98

20000af8 <hw_endpoint_start_next_buffer>:
20000af8:	b530      	push	{r4, r5, lr}
20000afa:	6843      	ldr	r3, [r0, #4]
20000afc:	2100      	movs	r1, #0
20000afe:	b083      	sub	sp, #12
20000b00:	4605      	mov	r5, r0
20000b02:	681c      	ldr	r4, [r3, #0]
20000b04:	f7ff fed2 	bl	200008ac <prepare_ep_buffer>
20000b08:	4b13      	ldr	r3, [pc, #76]	@ (20000b58 <hw_endpoint_start_next_buffer+0x60>)
20000b0a:	f440 5280 	orr.w	r2, r0, #4096	@ 0x1000
20000b0e:	6c19      	ldr	r1, [r3, #64]	@ 0x40
20000b10:	78ab      	ldrb	r3, [r5, #2]
20000b12:	0789      	lsls	r1, r1, #30
20000b14:	d50e      	bpl.n	20000b34 <hw_endpoint_start_next_buffer+0x3c>
20000b16:	065b      	lsls	r3, r3, #25
20000b18:	d00e      	beq.n	20000b38 <hw_endpoint_start_next_buffer+0x40>
20000b1a:	f024 44a0 	bic.w	r4, r4, #1342177280	@ 0x50000000
20000b1e:	f044 5400 	orr.w	r4, r4, #536870912	@ 0x20000000
20000b22:	2100      	movs	r1, #0
20000b24:	4628      	mov	r0, r5
20000b26:	686b      	ldr	r3, [r5, #4]
20000b28:	601c      	str	r4, [r3, #0]
20000b2a:	b003      	add	sp, #12
20000b2c:	e8bd 4030 	ldmia.w	sp!, {r4, r5, lr}
20000b30:	f7ff bfbe 	b.w	20000ab0 <_hw_endpoint_buffer_control_update32>
20000b34:	09db      	lsrs	r3, r3, #7
20000b36:	d0f0      	beq.n	20000b1a <hw_endpoint_start_next_buffer+0x22>
20000b38:	8aab      	ldrh	r3, [r5, #20]
20000b3a:	2b00      	cmp	r3, #0
20000b3c:	d0ed      	beq.n	20000b1a <hw_endpoint_start_next_buffer+0x22>
20000b3e:	2101      	movs	r1, #1
20000b40:	4628      	mov	r0, r5
20000b42:	9201      	str	r2, [sp, #4]
20000b44:	f7ff feb2 	bl	200008ac <prepare_ep_buffer>
20000b48:	9a01      	ldr	r2, [sp, #4]
20000b4a:	f024 5400 	bic.w	r4, r4, #536870912	@ 0x20000000
20000b4e:	4302      	orrs	r2, r0
20000b50:	f044 44a0 	orr.w	r4, r4, #1342177280	@ 0x50000000
20000b54:	e7e5      	b.n	20000b22 <hw_endpoint_start_next_buffer+0x2a>
20000b56:	bf00      	nop
20000b58:	50110000 	.word	0x50110000

20000b5c <hw_endpoint_xfer_continue>:
20000b5c:	b538      	push	{r3, r4, r5, lr}
20000b5e:	7e85      	ldrb	r5, [r0, #26]
20000b60:	4604      	mov	r4, r0
20000b62:	b195      	cbz	r5, 20000b8a <hw_endpoint_xfer_continue+0x2e>
20000b64:	f7ff ff60 	bl	20000a28 <_hw_endpoint_xfer_sync>
20000b68:	8aa3      	ldrh	r3, [r4, #20]
20000b6a:	b90b      	cbnz	r3, 20000b70 <hw_endpoint_xfer_continue+0x14>
20000b6c:	4628      	mov	r0, r5
20000b6e:	bd38      	pop	{r3, r4, r5, pc}
20000b70:	4620      	mov	r0, r4
20000b72:	f7ff ff83 	bl	20000a7c <e15_is_critical_frame_period>
20000b76:	b120      	cbz	r0, 20000b82 <hw_endpoint_xfer_continue+0x26>
20000b78:	2301      	movs	r3, #1
20000b7a:	7723      	strb	r3, [r4, #28]
20000b7c:	2500      	movs	r5, #0
20000b7e:	4628      	mov	r0, r5
20000b80:	bd38      	pop	{r3, r4, r5, pc}
20000b82:	4620      	mov	r0, r4
20000b84:	f7ff ffb8 	bl	20000af8 <hw_endpoint_start_next_buffer>
20000b88:	e7f8      	b.n	20000b7c <hw_endpoint_xfer_continue+0x20>
20000b8a:	7881      	ldrb	r1, [r0, #2]
20000b8c:	4801      	ldr	r0, [pc, #4]	@ (20000b94 <hw_endpoint_xfer_continue+0x38>)
20000b8e:	f000 fad7 	bl	20001140 <__panic_veneer>
20000b92:	bf00      	nop
20000b94:	10006ab8 	.word	0x10006ab8

20000b98 <dcd_event_handler>:
20000b98:	b570      	push	{r4, r5, r6, lr}
20000b9a:	7843      	ldrb	r3, [r0, #1]
20000b9c:	4604      	mov	r4, r0
20000b9e:	3b02      	subs	r3, #2
20000ba0:	460e      	mov	r6, r1
20000ba2:	b086      	sub	sp, #24
20000ba4:	2b04      	cmp	r3, #4
20000ba6:	d813      	bhi.n	20000bd0 <dcd_event_handler+0x38>
20000ba8:	e8df f003 	tbb	[pc, r3]
20000bac:	72694903 	.word	0x72694903
20000bb0:	44          	.byte	0x44
20000bb1:	00          	.byte	0x00
20000bb2:	2100      	movs	r1, #0
20000bb4:	4b78      	ldr	r3, [pc, #480]	@ (20000d98 <dcd_event_handler+0x200>)
20000bb6:	781a      	ldrb	r2, [r3, #0]
20000bb8:	f022 0201 	bic.w	r2, r2, #1
20000bbc:	701a      	strb	r2, [r3, #0]
20000bbe:	781a      	ldrb	r2, [r3, #0]
20000bc0:	f022 0202 	bic.w	r2, r2, #2
20000bc4:	701a      	strb	r2, [r3, #0]
20000bc6:	7059      	strb	r1, [r3, #1]
20000bc8:	781a      	ldrb	r2, [r3, #0]
20000bca:	f361 0282 	bfi	r2, r1, #2, #1
20000bce:	701a      	strb	r2, [r3, #0]
20000bd0:	4b72      	ldr	r3, [pc, #456]	@ (20000d9c <dcd_event_handler+0x204>)
20000bd2:	681b      	ldr	r3, [r3, #0]
20000bd4:	695a      	ldr	r2, [r3, #20]
20000bd6:	f3ef 8010 	mrs	r0, PRIMASK
20000bda:	b672      	cpsid	i
20000bdc:	e8d2 cfcf 	ldaexb	ip, [r2]
20000be0:	2101      	movs	r1, #1
20000be2:	f1bc 0f00 	cmp.w	ip, #0
20000be6:	d1f9      	bne.n	20000bdc <dcd_event_handler+0x44>
20000be8:	e8c2 1f4c 	strexb	ip, r1, [r2]
20000bec:	f1bc 0f00 	cmp.w	ip, #0
20000bf0:	d1f4      	bne.n	20000bdc <dcd_event_handler+0x44>
20000bf2:	f3bf 8f5f 	dmb	sy
20000bf6:	4621      	mov	r1, r4
20000bf8:	6198      	str	r0, [r3, #24]
20000bfa:	4618      	mov	r0, r3
20000bfc:	9301      	str	r3, [sp, #4]
20000bfe:	f000 fa97 	bl	20001130 <__tu_fifo_write_veneer>
20000c02:	9b01      	ldr	r3, [sp, #4]
20000c04:	2200      	movs	r2, #0
20000c06:	6959      	ldr	r1, [r3, #20]
20000c08:	e8c1 2f8f 	stlb	r2, [r1]
20000c0c:	699b      	ldr	r3, [r3, #24]
20000c0e:	f383 8810 	msr	PRIMASK, r3
20000c12:	b940      	cbnz	r0, 20000c26 <dcd_event_handler+0x8e>
20000c14:	f04f 23e0 	mov.w	r3, #3758153728	@ 0xe000e000
20000c18:	f8d3 3df0 	ldr.w	r3, [r3, #3568]	@ 0xdf0
20000c1c:	07db      	lsls	r3, r3, #31
20000c1e:	d507      	bpl.n	20000c30 <dcd_event_handler+0x98>
20000c20:	be00      	bkpt	0x0000
20000c22:	b006      	add	sp, #24
20000c24:	bd70      	pop	{r4, r5, r6, pc}
20000c26:	4632      	mov	r2, r6
20000c28:	7861      	ldrb	r1, [r4, #1]
20000c2a:	7820      	ldrb	r0, [r4, #0]
20000c2c:	f000 fa84 	bl	20001138 <__tud_event_hook_cb_veneer>
20000c30:	b006      	add	sp, #24
20000c32:	bd70      	pop	{r4, r5, r6, pc}
20000c34:	4a5a      	ldr	r2, [pc, #360]	@ (20000da0 <dcd_event_handler+0x208>)
20000c36:	7813      	ldrb	r3, [r2, #0]
20000c38:	3301      	adds	r3, #1
20000c3a:	7013      	strb	r3, [r2, #0]
20000c3c:	e7c8      	b.n	20000bd0 <dcd_event_handler+0x38>
20000c3e:	2300      	movs	r3, #0
20000c40:	4a58      	ldr	r2, [pc, #352]	@ (20000da4 <dcd_event_handler+0x20c>)
20000c42:	7810      	ldrb	r0, [r2, #0]
20000c44:	461a      	mov	r2, r3
20000c46:	e013      	b.n	20000c70 <dcd_event_handler+0xd8>
20000c48:	4a57      	ldr	r2, [pc, #348]	@ (20000da8 <dcd_event_handler+0x210>)
20000c4a:	6812      	ldr	r2, [r2, #0]
20000c4c:	eb12 1243 	adds.w	r2, r2, r3, lsl #5
20000c50:	d008      	beq.n	20000c64 <dcd_event_handler+0xcc>
20000c52:	69d2      	ldr	r2, [r2, #28]
20000c54:	b132      	cbz	r2, 20000c64 <dcd_event_handler+0xcc>
20000c56:	7820      	ldrb	r0, [r4, #0]
20000c58:	6861      	ldr	r1, [r4, #4]
20000c5a:	9301      	str	r3, [sp, #4]
20000c5c:	4790      	blx	r2
20000c5e:	4b51      	ldr	r3, [pc, #324]	@ (20000da4 <dcd_event_handler+0x20c>)
20000c60:	7818      	ldrb	r0, [r3, #0]
20000c62:	9b01      	ldr	r3, [sp, #4]
20000c64:	3301      	adds	r3, #1
20000c66:	b2db      	uxtb	r3, r3
20000c68:	1c41      	adds	r1, r0, #1
20000c6a:	4299      	cmp	r1, r3
20000c6c:	461a      	mov	r2, r3
20000c6e:	db18      	blt.n	20000ca2 <dcd_event_handler+0x10a>
20000c70:	4298      	cmp	r0, r3
20000c72:	d8e9      	bhi.n	20000c48 <dcd_event_handler+0xb0>
20000c74:	494d      	ldr	r1, [pc, #308]	@ (20000dac <dcd_event_handler+0x214>)
20000c76:	1a12      	subs	r2, r2, r0
20000c78:	eb01 1242 	add.w	r2, r1, r2, lsl #5
20000c7c:	e7e9      	b.n	20000c52 <dcd_event_handler+0xba>
20000c7e:	4b46      	ldr	r3, [pc, #280]	@ (20000d98 <dcd_event_handler+0x200>)
20000c80:	781a      	ldrb	r2, [r3, #0]
20000c82:	07d2      	lsls	r2, r2, #31
20000c84:	d5d4      	bpl.n	20000c30 <dcd_event_handler+0x98>
20000c86:	781a      	ldrb	r2, [r3, #0]
20000c88:	f042 0204 	orr.w	r2, r2, #4
20000c8c:	701a      	strb	r2, [r3, #0]
20000c8e:	e79f      	b.n	20000bd0 <dcd_event_handler+0x38>
20000c90:	4b41      	ldr	r3, [pc, #260]	@ (20000d98 <dcd_event_handler+0x200>)
20000c92:	781a      	ldrb	r2, [r3, #0]
20000c94:	07d5      	lsls	r5, r2, #31
20000c96:	d5cb      	bpl.n	20000c30 <dcd_event_handler+0x98>
20000c98:	781a      	ldrb	r2, [r3, #0]
20000c9a:	f022 0204 	bic.w	r2, r2, #4
20000c9e:	701a      	strb	r2, [r3, #0]
20000ca0:	e796      	b.n	20000bd0 <dcd_event_handler+0x38>
20000ca2:	4b3d      	ldr	r3, [pc, #244]	@ (20000d98 <dcd_event_handler+0x200>)
20000ca4:	781a      	ldrb	r2, [r3, #0]
20000ca6:	0750      	lsls	r0, r2, #29
20000ca8:	d433      	bmi.n	20000d12 <dcd_event_handler+0x17a>
20000caa:	78db      	ldrb	r3, [r3, #3]
20000cac:	07da      	lsls	r2, r3, #31
20000cae:	d5bf      	bpl.n	20000c30 <dcd_event_handler+0x98>
20000cb0:	2203      	movs	r2, #3
20000cb2:	4b3a      	ldr	r3, [pc, #232]	@ (20000d9c <dcd_event_handler+0x204>)
20000cb4:	7820      	ldrb	r0, [r4, #0]
20000cb6:	6861      	ldr	r1, [r4, #4]
20000cb8:	681b      	ldr	r3, [r3, #0]
20000cba:	f88d 000c 	strb.w	r0, [sp, #12]
20000cbe:	f88d 200d 	strb.w	r2, [sp, #13]
20000cc2:	695a      	ldr	r2, [r3, #20]
20000cc4:	9104      	str	r1, [sp, #16]
20000cc6:	f3ef 8110 	mrs	r1, PRIMASK
20000cca:	b672      	cpsid	i
20000ccc:	e8d2 4fcf 	ldaexb	r4, [r2]
20000cd0:	2001      	movs	r0, #1
20000cd2:	2c00      	cmp	r4, #0
20000cd4:	d1fa      	bne.n	20000ccc <dcd_event_handler+0x134>
20000cd6:	e8c2 0f44 	strexb	r4, r0, [r2]
20000cda:	2c00      	cmp	r4, #0
20000cdc:	d1f6      	bne.n	20000ccc <dcd_event_handler+0x134>
20000cde:	f3bf 8f5f 	dmb	sy
20000ce2:	6199      	str	r1, [r3, #24]
20000ce4:	4618      	mov	r0, r3
20000ce6:	a903      	add	r1, sp, #12
20000ce8:	9301      	str	r3, [sp, #4]
20000cea:	f000 fa21 	bl	20001130 <__tu_fifo_write_veneer>
20000cee:	9b01      	ldr	r3, [sp, #4]
20000cf0:	2200      	movs	r2, #0
20000cf2:	6959      	ldr	r1, [r3, #20]
20000cf4:	e8c1 2f8f 	stlb	r2, [r1]
20000cf8:	699b      	ldr	r3, [r3, #24]
20000cfa:	f383 8810 	msr	PRIMASK, r3
20000cfe:	2800      	cmp	r0, #0
20000d00:	d088      	beq.n	20000c14 <dcd_event_handler+0x7c>
20000d02:	4632      	mov	r2, r6
20000d04:	f89d 100d 	ldrb.w	r1, [sp, #13]
20000d08:	f89d 000c 	ldrb.w	r0, [sp, #12]
20000d0c:	f000 fa14 	bl	20001138 <__tud_event_hook_cb_veneer>
20000d10:	e78e      	b.n	20000c30 <dcd_event_handler+0x98>
20000d12:	2500      	movs	r5, #0
20000d14:	2005      	movs	r0, #5
20000d16:	7819      	ldrb	r1, [r3, #0]
20000d18:	e9cd 5504 	strd	r5, r5, [sp, #16]
20000d1c:	f021 0104 	bic.w	r1, r1, #4
20000d20:	9503      	str	r5, [sp, #12]
20000d22:	7019      	strb	r1, [r3, #0]
20000d24:	f88d 000d 	strb.w	r0, [sp, #13]
20000d28:	4a1c      	ldr	r2, [pc, #112]	@ (20000d9c <dcd_event_handler+0x204>)
20000d2a:	7821      	ldrb	r1, [r4, #0]
20000d2c:	6812      	ldr	r2, [r2, #0]
20000d2e:	f88d 100c 	strb.w	r1, [sp, #12]
20000d32:	6951      	ldr	r1, [r2, #20]
20000d34:	f3ef 8010 	mrs	r0, PRIMASK
20000d38:	b672      	cpsid	i
20000d3a:	e8d1 efcf 	ldaexb	lr, [r1]
20000d3e:	f05f 0c01 	movs.w	ip, #1
20000d42:	f1be 0f00 	cmp.w	lr, #0
20000d46:	d1f8      	bne.n	20000d3a <dcd_event_handler+0x1a2>
20000d48:	e8c1 cf4e 	strexb	lr, ip, [r1]
20000d4c:	f1be 0f00 	cmp.w	lr, #0
20000d50:	d1f3      	bne.n	20000d3a <dcd_event_handler+0x1a2>
20000d52:	f3bf 8f5f 	dmb	sy
20000d56:	6190      	str	r0, [r2, #24]
20000d58:	a903      	add	r1, sp, #12
20000d5a:	4610      	mov	r0, r2
20000d5c:	9201      	str	r2, [sp, #4]
20000d5e:	f000 f9e7 	bl	20001130 <__tu_fifo_write_veneer>
20000d62:	9a01      	ldr	r2, [sp, #4]
20000d64:	6951      	ldr	r1, [r2, #20]
20000d66:	e8c1 5f8f 	stlb	r5, [r1]
20000d6a:	6992      	ldr	r2, [r2, #24]
20000d6c:	f382 8810 	msr	PRIMASK, r2
20000d70:	4b09      	ldr	r3, [pc, #36]	@ (20000d98 <dcd_event_handler+0x200>)
20000d72:	b938      	cbnz	r0, 20000d84 <dcd_event_handler+0x1ec>
20000d74:	f04f 22e0 	mov.w	r2, #3758153728	@ 0xe000e000
20000d78:	f8d2 2df0 	ldr.w	r2, [r2, #3568]	@ 0xdf0
20000d7c:	07d1      	lsls	r1, r2, #31
20000d7e:	d594      	bpl.n	20000caa <dcd_event_handler+0x112>
20000d80:	be00      	bkpt	0x0000
20000d82:	e792      	b.n	20000caa <dcd_event_handler+0x112>
20000d84:	4632      	mov	r2, r6
20000d86:	f89d 100d 	ldrb.w	r1, [sp, #13]
20000d8a:	f89d 000c 	ldrb.w	r0, [sp, #12]
20000d8e:	f000 f9d3 	bl	20001138 <__tud_event_hook_cb_veneer>
20000d92:	4b01      	ldr	r3, [pc, #4]	@ (20000d98 <dcd_event_handler+0x200>)
20000d94:	e789      	b.n	20000caa <dcd_event_handler+0x112>
20000d96:	bf00      	nop
20000d98:	200018b0 	.word	0x200018b0
20000d9c:	20001908 	.word	0x20001908
20000da0:	20002177 	.word	0x20002177
20000da4:	20002175 	.word	0x20002175
20000da8:	200017a8 	.word	0x200017a8
20000dac:	10006da4 	.word	0x10006da4

20000db0 <__aeabi_uldivmod>:
20000db0:	b953      	cbnz	r3, 20000dc8 <__aeabi_uldivmod+0x18>
20000db2:	b94a      	cbnz	r2, 20000dc8 <__aeabi_uldivmod+0x18>
20000db4:	2900      	cmp	r1, #0
20000db6:	bf08      	it	eq
20000db8:	2800      	cmpeq	r0, #0
20000dba:	bf1c      	itt	ne
20000dbc:	f04f 31ff 	movne.w	r1, #4294967295	@ 0xffffffff
20000dc0:	f04f 30ff 	movne.w	r0, #4294967295	@ 0xffffffff
20000dc4:	f000 b9ac 	b.w	20001120 <__aeabi_idiv0>
20000dc8:	f1ad 0c08 	sub.w	ip, sp, #8
20000dcc:	e96d ce04 	strd	ip, lr, [sp, #-16]!
20000dd0:	f000 f806 	bl	20000de0 <__udivmoddi4>
20000dd4:	f8dd e004 	ldr.w	lr, [sp, #4]
20000dd8:	e9dd 2302 	ldrd	r2, r3, [sp, #8]
20000ddc:	b004      	add	sp, #16
20000dde:	4770      	bx	lr

20000de0 <__udivmoddi4>:
20000de0:	e92d 47f0 	stmdb	sp!, {r4, r5, r6, r7, r8, r9, sl, lr}
20000de4:	4606      	mov	r6, r0
20000de6:	b082      	sub	sp, #8
20000de8:	4617      	mov	r7, r2
20000dea:	4608      	mov	r0, r1
20000dec:	9a0a      	ldr	r2, [sp, #40]	@ 0x28
20000dee:	46b4      	mov	ip, r6
20000df0:	460d      	mov	r5, r1
20000df2:	2b00      	cmp	r3, #0
20000df4:	d14d      	bne.n	20000e92 <__udivmoddi4+0xb2>
20000df6:	428f      	cmp	r7, r1
20000df8:	46be      	mov	lr, r7
20000dfa:	d965      	bls.n	20000ec8 <__udivmoddi4+0xe8>
20000dfc:	fab7 f187 	clz	r1, r7
20000e00:	b149      	cbz	r1, 20000e16 <__udivmoddi4+0x36>
20000e02:	f1c1 0320 	rsb	r3, r1, #32
20000e06:	408d      	lsls	r5, r1
20000e08:	fa07 fe01 	lsl.w	lr, r7, r1
20000e0c:	fa06 fc01 	lsl.w	ip, r6, r1
20000e10:	fa26 f303 	lsr.w	r3, r6, r3
20000e14:	431d      	orrs	r5, r3
20000e16:	ea4f 461e 	mov.w	r6, lr, lsr #16
20000e1a:	fa1f f08e 	uxth.w	r0, lr
20000e1e:	ea4f 431c 	mov.w	r3, ip, lsr #16
20000e22:	fbb5 f4f6 	udiv	r4, r5, r6
20000e26:	fb06 5514 	mls	r5, r6, r4, r5
20000e2a:	ea43 4305 	orr.w	r3, r3, r5, lsl #16
20000e2e:	fb04 f500 	mul.w	r5, r4, r0
20000e32:	429d      	cmp	r5, r3
20000e34:	d906      	bls.n	20000e44 <__udivmoddi4+0x64>
20000e36:	eb1e 0303 	adds.w	r3, lr, r3
20000e3a:	d202      	bcs.n	20000e42 <__udivmoddi4+0x62>
20000e3c:	429d      	cmp	r5, r3
20000e3e:	f200 814c 	bhi.w	200010da <__udivmoddi4+0x2fa>
20000e42:	3c01      	subs	r4, #1
20000e44:	1b5b      	subs	r3, r3, r5
20000e46:	fa1f fc8c 	uxth.w	ip, ip
20000e4a:	fbb3 f5f6 	udiv	r5, r3, r6
20000e4e:	fb06 3315 	mls	r3, r6, r5, r3
20000e52:	fb05 f000 	mul.w	r0, r5, r0
20000e56:	ea4c 4c03 	orr.w	ip, ip, r3, lsl #16
20000e5a:	4560      	cmp	r0, ip
20000e5c:	d90a      	bls.n	20000e74 <__udivmoddi4+0x94>
20000e5e:	eb1e 0c0c 	adds.w	ip, lr, ip
20000e62:	bf2c      	ite	cs
20000e64:	2301      	movcs	r3, #1
20000e66:	2300      	movcc	r3, #0
20000e68:	4560      	cmp	r0, ip
20000e6a:	d902      	bls.n	20000e72 <__udivmoddi4+0x92>
20000e6c:	2b00      	cmp	r3, #0
20000e6e:	f000 8137 	beq.w	200010e0 <__udivmoddi4+0x300>
20000e72:	3d01      	subs	r5, #1
20000e74:	ebac 0c00 	sub.w	ip, ip, r0
20000e78:	ea45 4004 	orr.w	r0, r5, r4, lsl #16
20000e7c:	2400      	movs	r4, #0
20000e7e:	b122      	cbz	r2, 20000e8a <__udivmoddi4+0xaa>
20000e80:	fa2c f301 	lsr.w	r3, ip, r1
20000e84:	2100      	movs	r1, #0
20000e86:	e9c2 3100 	strd	r3, r1, [r2]
20000e8a:	4621      	mov	r1, r4
20000e8c:	b002      	add	sp, #8
20000e8e:	e8bd 87f0 	ldmia.w	sp!, {r4, r5, r6, r7, r8, r9, sl, pc}
20000e92:	428b      	cmp	r3, r1
20000e94:	d908      	bls.n	20000ea8 <__udivmoddi4+0xc8>
20000e96:	b10a      	cbz	r2, 20000e9c <__udivmoddi4+0xbc>
20000e98:	e9c2 6100 	strd	r6, r1, [r2]
20000e9c:	2400      	movs	r4, #0
20000e9e:	4620      	mov	r0, r4
20000ea0:	4621      	mov	r1, r4
20000ea2:	b002      	add	sp, #8
20000ea4:	e8bd 87f0 	ldmia.w	sp!, {r4, r5, r6, r7, r8, r9, sl, pc}
20000ea8:	fab3 f483 	clz	r4, r3
20000eac:	2c00      	cmp	r4, #0
20000eae:	d14d      	bne.n	20000f4c <__udivmoddi4+0x16c>
20000eb0:	428b      	cmp	r3, r1
20000eb2:	f0c0 8105 	bcc.w	200010c0 <__udivmoddi4+0x2e0>
20000eb6:	42b7      	cmp	r7, r6
20000eb8:	f240 8102 	bls.w	200010c0 <__udivmoddi4+0x2e0>
20000ebc:	4620      	mov	r0, r4
20000ebe:	2a00      	cmp	r2, #0
20000ec0:	d0e3      	beq.n	20000e8a <__udivmoddi4+0xaa>
20000ec2:	e9c2 c500 	strd	ip, r5, [r2]
20000ec6:	e7e0      	b.n	20000e8a <__udivmoddi4+0xaa>
20000ec8:	2f00      	cmp	r7, #0
20000eca:	f000 80a2 	beq.w	20001012 <__udivmoddi4+0x232>
20000ece:	4619      	mov	r1, r3
20000ed0:	fab7 f387 	clz	r3, r7
20000ed4:	2b00      	cmp	r3, #0
20000ed6:	f040 80b4 	bne.w	20001042 <__udivmoddi4+0x262>
20000eda:	1bc3      	subs	r3, r0, r7
20000edc:	fa1f f88e 	uxth.w	r8, lr
20000ee0:	0c3f      	lsrs	r7, r7, #16
20000ee2:	2401      	movs	r4, #1
20000ee4:	ea4f 401c 	mov.w	r0, ip, lsr #16
20000ee8:	fbb3 f5f7 	udiv	r5, r3, r7
20000eec:	fb07 3315 	mls	r3, r7, r5, r3
20000ef0:	ea40 4303 	orr.w	r3, r0, r3, lsl #16
20000ef4:	fb08 f005 	mul.w	r0, r8, r5
20000ef8:	4298      	cmp	r0, r3
20000efa:	d90a      	bls.n	20000f12 <__udivmoddi4+0x132>
20000efc:	eb1e 0303 	adds.w	r3, lr, r3
20000f00:	bf2c      	ite	cs
20000f02:	2601      	movcs	r6, #1
20000f04:	2600      	movcc	r6, #0
20000f06:	4298      	cmp	r0, r3
20000f08:	d902      	bls.n	20000f10 <__udivmoddi4+0x130>
20000f0a:	2e00      	cmp	r6, #0
20000f0c:	f000 80e2 	beq.w	200010d4 <__udivmoddi4+0x2f4>
20000f10:	3d01      	subs	r5, #1
20000f12:	1a1b      	subs	r3, r3, r0
20000f14:	fa1f fc8c 	uxth.w	ip, ip
20000f18:	fbb3 f0f7 	udiv	r0, r3, r7
20000f1c:	fb07 3310 	mls	r3, r7, r0, r3
20000f20:	ea4c 4c03 	orr.w	ip, ip, r3, lsl #16
20000f24:	fb08 f300 	mul.w	r3, r8, r0
20000f28:	4563      	cmp	r3, ip
20000f2a:	d90a      	bls.n	20000f42 <__udivmoddi4+0x162>
20000f2c:	eb1e 0c0c 	adds.w	ip, lr, ip
20000f30:	bf2c      	ite	cs
20000f32:	2601      	movcs	r6, #1
20000f34:	2600      	movcc	r6, #0
20000f36:	4563      	cmp	r3, ip
20000f38:	d902      	bls.n	20000f40 <__udivmoddi4+0x160>
20000f3a:	2e00      	cmp	r6, #0
20000f3c:	f000 80c7 	beq.w	200010ce <__udivmoddi4+0x2ee>
20000f40:	3801      	subs	r0, #1
20000f42:	ebac 0c03 	sub.w	ip, ip, r3
20000f46:	ea40 4005 	orr.w	r0, r0, r5, lsl #16
20000f4a:	e798      	b.n	20000e7e <__udivmoddi4+0x9e>
20000f4c:	f1c4 0820 	rsb	r8, r4, #32
20000f50:	40a3      	lsls	r3, r4
20000f52:	fa06 fa04 	lsl.w	sl, r6, r4
20000f56:	40a1      	lsls	r1, r4
20000f58:	fa27 fc08 	lsr.w	ip, r7, r8
20000f5c:	fa20 f008 	lsr.w	r0, r0, r8
20000f60:	fa07 f904 	lsl.w	r9, r7, r4
20000f64:	ea4c 0c03 	orr.w	ip, ip, r3
20000f68:	fa26 f308 	lsr.w	r3, r6, r8
20000f6c:	ea4f 461c 	mov.w	r6, ip, lsr #16
20000f70:	430b      	orrs	r3, r1
20000f72:	fa1f fe8c 	uxth.w	lr, ip
20000f76:	0c19      	lsrs	r1, r3, #16
20000f78:	fbb0 f7f6 	udiv	r7, r0, r6
20000f7c:	fb06 0017 	mls	r0, r6, r7, r0
20000f80:	ea41 4100 	orr.w	r1, r1, r0, lsl #16
20000f84:	fb07 f00e 	mul.w	r0, r7, lr
20000f88:	4288      	cmp	r0, r1
20000f8a:	d90a      	bls.n	20000fa2 <__udivmoddi4+0x1c2>
20000f8c:	eb1c 0101 	adds.w	r1, ip, r1
20000f90:	bf2c      	ite	cs
20000f92:	2501      	movcs	r5, #1
20000f94:	2500      	movcc	r5, #0
20000f96:	4288      	cmp	r0, r1
20000f98:	d902      	bls.n	20000fa0 <__udivmoddi4+0x1c0>
20000f9a:	2d00      	cmp	r5, #0
20000f9c:	f000 80b2 	beq.w	20001104 <__udivmoddi4+0x324>
20000fa0:	3f01      	subs	r7, #1
20000fa2:	1a09      	subs	r1, r1, r0
20000fa4:	b29b      	uxth	r3, r3
20000fa6:	fbb1 f0f6 	udiv	r0, r1, r6
20000faa:	fb06 1110 	mls	r1, r6, r0, r1
20000fae:	fb00 fe0e 	mul.w	lr, r0, lr
20000fb2:	ea43 4301 	orr.w	r3, r3, r1, lsl #16
20000fb6:	459e      	cmp	lr, r3
20000fb8:	d90a      	bls.n	20000fd0 <__udivmoddi4+0x1f0>
20000fba:	eb1c 0303 	adds.w	r3, ip, r3
20000fbe:	bf2c      	ite	cs
20000fc0:	2101      	movcs	r1, #1
20000fc2:	2100      	movcc	r1, #0
20000fc4:	459e      	cmp	lr, r3
20000fc6:	d902      	bls.n	20000fce <__udivmoddi4+0x1ee>
20000fc8:	2900      	cmp	r1, #0
20000fca:	f000 809e 	beq.w	2000110a <__udivmoddi4+0x32a>
20000fce:	3801      	subs	r0, #1
20000fd0:	ea40 4007 	orr.w	r0, r0, r7, lsl #16
20000fd4:	eba3 030e 	sub.w	r3, r3, lr
20000fd8:	fba0 e109 	umull	lr, r1, r0, r9
20000fdc:	428b      	cmp	r3, r1
20000fde:	4676      	mov	r6, lr
20000fe0:	460f      	mov	r7, r1
20000fe2:	d302      	bcc.n	20000fea <__udivmoddi4+0x20a>
20000fe4:	d107      	bne.n	20000ff6 <__udivmoddi4+0x216>
20000fe6:	45f2      	cmp	sl, lr
20000fe8:	d205      	bcs.n	20000ff6 <__udivmoddi4+0x216>
20000fea:	ebbe 0609 	subs.w	r6, lr, r9
20000fee:	eb61 010c 	sbc.w	r1, r1, ip
20000ff2:	3801      	subs	r0, #1
20000ff4:	460f      	mov	r7, r1
20000ff6:	b152      	cbz	r2, 2000100e <__udivmoddi4+0x22e>
20000ff8:	ebba 0106 	subs.w	r1, sl, r6
20000ffc:	eb63 0307 	sbc.w	r3, r3, r7
20001000:	fa03 f508 	lsl.w	r5, r3, r8
20001004:	40e1      	lsrs	r1, r4
20001006:	40e3      	lsrs	r3, r4
20001008:	430d      	orrs	r5, r1
2000100a:	e9c2 5300 	strd	r5, r3, [r2]
2000100e:	2400      	movs	r4, #0
20001010:	e73b      	b.n	20000e8a <__udivmoddi4+0xaa>
20001012:	0873      	lsrs	r3, r6, #1
20001014:	46b8      	mov	r8, r7
20001016:	0849      	lsrs	r1, r1, #1
20001018:	9701      	str	r7, [sp, #4]
2000101a:	ea43 73c0 	orr.w	r3, r3, r0, lsl #31
2000101e:	ea4f 7cc6 	mov.w	ip, r6, lsl #31
20001022:	0c1c      	lsrs	r4, r3, #16
20001024:	b29b      	uxth	r3, r3
20001026:	ea44 4401 	orr.w	r4, r4, r1, lsl #16
2000102a:	ea43 4304 	orr.w	r3, r3, r4, lsl #16
2000102e:	fbb4 f4f7 	udiv	r4, r4, r7
20001032:	fbb1 f5f7 	udiv	r5, r1, r7
20001036:	211f      	movs	r1, #31
20001038:	9801      	ldr	r0, [sp, #4]
2000103a:	ea44 4405 	orr.w	r4, r4, r5, lsl #16
2000103e:	1a1b      	subs	r3, r3, r0
20001040:	e750      	b.n	20000ee4 <__udivmoddi4+0x104>
20001042:	4619      	mov	r1, r3
20001044:	fa07 fe03 	lsl.w	lr, r7, r3
20001048:	f1c3 0320 	rsb	r3, r3, #32
2000104c:	fa00 f401 	lsl.w	r4, r0, r1
20001050:	ea4f 471e 	mov.w	r7, lr, lsr #16
20001054:	40d8      	lsrs	r0, r3
20001056:	fa26 f303 	lsr.w	r3, r6, r3
2000105a:	fa1f f88e 	uxth.w	r8, lr
2000105e:	fa06 fc01 	lsl.w	ip, r6, r1
20001062:	4323      	orrs	r3, r4
20001064:	fbb0 f5f7 	udiv	r5, r0, r7
20001068:	0c1c      	lsrs	r4, r3, #16
2000106a:	fb07 0015 	mls	r0, r7, r5, r0
2000106e:	ea44 4000 	orr.w	r0, r4, r0, lsl #16
20001072:	fb05 f408 	mul.w	r4, r5, r8
20001076:	4284      	cmp	r4, r0
20001078:	d94a      	bls.n	20001110 <__udivmoddi4+0x330>
2000107a:	eb1e 0000 	adds.w	r0, lr, r0
2000107e:	bf2c      	ite	cs
20001080:	2601      	movcs	r6, #1
20001082:	2600      	movcc	r6, #0
20001084:	4284      	cmp	r4, r0
20001086:	d900      	bls.n	2000108a <__udivmoddi4+0x2aa>
20001088:	b38e      	cbz	r6, 200010ee <__udivmoddi4+0x30e>
2000108a:	1b00      	subs	r0, r0, r4
2000108c:	3d01      	subs	r5, #1
2000108e:	fbb0 f4f7 	udiv	r4, r0, r7
20001092:	fb04 f608 	mul.w	r6, r4, r8
20001096:	46a1      	mov	r9, r4
20001098:	9601      	str	r6, [sp, #4]
2000109a:	fb07 0019 	mls	r0, r7, r9, r0
2000109e:	b29b      	uxth	r3, r3
200010a0:	9e01      	ldr	r6, [sp, #4]
200010a2:	ea43 4300 	orr.w	r3, r3, r0, lsl #16
200010a6:	42b3      	cmp	r3, r6
200010a8:	d2c6      	bcs.n	20001038 <__udivmoddi4+0x258>
200010aa:	eb1e 0303 	adds.w	r3, lr, r3
200010ae:	bf2c      	ite	cs
200010b0:	2001      	movcs	r0, #1
200010b2:	2000      	movcc	r0, #0
200010b4:	42b3      	cmp	r3, r6
200010b6:	d200      	bcs.n	200010ba <__udivmoddi4+0x2da>
200010b8:	b1a8      	cbz	r0, 200010e6 <__udivmoddi4+0x306>
200010ba:	f109 34ff 	add.w	r4, r9, #4294967295	@ 0xffffffff
200010be:	e7bb      	b.n	20001038 <__udivmoddi4+0x258>
200010c0:	ebb6 0c07 	subs.w	ip, r6, r7
200010c4:	eb60 0303 	sbc.w	r3, r0, r3
200010c8:	2001      	movs	r0, #1
200010ca:	461d      	mov	r5, r3
200010cc:	e6f7      	b.n	20000ebe <__udivmoddi4+0xde>
200010ce:	44f4      	add	ip, lr
200010d0:	3802      	subs	r0, #2
200010d2:	e736      	b.n	20000f42 <__udivmoddi4+0x162>
200010d4:	3d02      	subs	r5, #2
200010d6:	4473      	add	r3, lr
200010d8:	e71b      	b.n	20000f12 <__udivmoddi4+0x132>
200010da:	3c02      	subs	r4, #2
200010dc:	4473      	add	r3, lr
200010de:	e6b1      	b.n	20000e44 <__udivmoddi4+0x64>
200010e0:	44f4      	add	ip, lr
200010e2:	3d02      	subs	r5, #2
200010e4:	e6c6      	b.n	20000e74 <__udivmoddi4+0x94>
200010e6:	f1a9 0402 	sub.w	r4, r9, #2
200010ea:	4473      	add	r3, lr
200010ec:	e7a4      	b.n	20001038 <__udivmoddi4+0x258>
200010ee:	ebae 0404 	sub.w	r4, lr, r4
200010f2:	3d02      	subs	r5, #2
200010f4:	4420      	add	r0, r4
200010f6:	fbb0 f4f7 	udiv	r4, r0, r7
200010fa:	fb04 f608 	mul.w	r6, r4, r8
200010fe:	46a1      	mov	r9, r4
20001100:	9601      	str	r6, [sp, #4]
20001102:	e7ca      	b.n	2000109a <__udivmoddi4+0x2ba>
20001104:	3f02      	subs	r7, #2
20001106:	4461      	add	r1, ip
20001108:	e74b      	b.n	20000fa2 <__udivmoddi4+0x1c2>
2000110a:	3802      	subs	r0, #2
2000110c:	4463      	add	r3, ip
2000110e:	e75f      	b.n	20000fd0 <__udivmoddi4+0x1f0>
20001110:	1b00      	subs	r0, r0, r4
20001112:	fbb0 f4f7 	udiv	r4, r0, r7
20001116:	fb04 f608 	mul.w	r6, r4, r8
2000111a:	46a1      	mov	r9, r4
2000111c:	9601      	str	r6, [sp, #4]
2000111e:	e7bc      	b.n	2000109a <__udivmoddi4+0x2ba>

20001120 <__aeabi_idiv0>:
20001120:	4770      	bx	lr
20001122:	bf00      	nop
20001124:	0000      	movs	r0, r0
	...

20001128 <__memset_veneer>:
20001128:	f85f f000 	ldr.w	pc, [pc]	@ 2000112c <__memset_veneer+0x4>
2000112c:	100063dd 	.word	0x100063dd

20001130 <__tu_fifo_write_veneer>:
20001130:	f85f f000 	ldr.w	pc, [pc]	@ 20001134 <__tu_fifo_write_veneer+0x4>
20001134:	10005f6d 	.word	0x10005f6d

20001138 <__tud_event_hook_cb_veneer>:
20001138:	f85f f000 	ldr.w	pc, [pc]	@ 2000113c <__tud_event_hook_cb_veneer+0x4>
2000113c:	100044b5 	.word	0x100044b5

20001140 <__panic_veneer>:
20001140:	f85f f000 	ldr.w	pc, [pc]	@ 20001144 <__panic_veneer+0x4>
20001144:	10000641 	.word	0x10000641

20001148 <__time_us_64_veneer>:
20001148:	f85f f000 	ldr.w	pc, [pc]	@ 2000114c <__time_us_64_veneer+0x4>
2000114c:	10001609 	.word	0x10001609

20001150 <__best_effort_wfe_or_timeout_veneer>:
20001150:	f85f f000 	ldr.w	pc, [pc]	@ 20001154 <__best_effort_wfe_or_timeout_veneer+0x4>
20001154:	100013bd 	.word	0x100013bd

20001158 <current_addr>:
20001158:	ffffffff                                ....

2000115c <striped_spin_lock_num>:
2000115c:	00000010                                ....

20001160 <irq_handler_chain_slots>:
20001160:	00000000 	.word	0x00000000
20001164:	00010000 	.word	0x00010000
	...
20001170:	00020000 	.word	0x00020000
	...
2000117c:	00030000 	.word	0x00030000
	...
20001188:	00ff0000 	.word	0x00ff0000
2000118c:	00000000 	.word	0x00000000

20001190 <irq_handler_chain_first_slot>:
20001190:	b501      	push	{r0, lr}
20001192:	6848      	ldr	r0, [r1, #4]
20001194:	3101      	adds	r1, #1
20001196:	468e      	mov	lr, r1
20001198:	4700      	bx	r0

2000119a <irq_handler_chain_remove_tail>:
2000119a:	4670      	mov	r0, lr
2000119c:	3809      	subs	r0, #9
2000119e:	4901      	ldr	r1, [pc, #4]	@ (200011a4 <irq_handler_chain_remove_tail+0xa>)
200011a0:	4788      	blx	r1
200011a2:	bd01      	pop	{r0, pc}
200011a4:	10000ad9 	.word	0x10000ad9

200011a8 <default_alarm_pool>:
	...
200011bc:	200014d0                                ... 

200011c0 <stdio_usb>:
200011c0:	10003c15 10003bc1 10003b39 10003aa9     .<...;..9;...:..
200011d0:	00000000 00000100                       ........

200011d8 <_usbd_qdef>:
200011d8:	2000190c 000c0010 00000000 00000000     ... ............
	...

200011f4 <_usbd_rhport>:
200011f4:	000000ff                                ....

200011f8 <_impure_ptr>:
200011f8:	20001200 00000000                       ... ....

20001200 <_impure_data>:
20001200:	00000000 20001670 200016d8 20001740     ....p.. ... @.. 
	...
20001298:	00000001 00000000 abcd330e e66d1234     .........3..4.m.
200012a8:	0005deec 0000000b 00000000 00000000     ................
	...

20001400 <print_mutex>:
	...
